+0,-1.36595
+0.00037,-1.4912
+0.00074,-1.65279
+0.00112,-1.88688
+0.0015,-2.31298
+0.00204,-2.70721
+0.00237,-2.60507
+0.00275,-2.77133
+0.00313,-2.94958
+0.00349,-2.98096
+0.004,-2.62646
+0.00437,-2.8448
+0.00475,-2.99469
+0.00512,-2.92068
+0.0055,-2.76106
+0.00599,-2.78817
+0.00637,-2.51041
+0.00734,-2.4255
+0.00757,-2.51366
+0.00799,-2.41493
+0.00837,-2.73472
+0.00875,-2.76063
+0.00912,-2.83331
+0.00949,-2.97575
+0.01,-2.85848
+0.01037,-2.83723
+0.01074,-2.95691
+0.01125,-3.02642
+0.0117,-2.85067
+0.012,-2.96024
+0.01237,-2.81437
+0.01275,-2.88454
+0.01312,-2.79734
+0.0135,-2.61697
+0.01399,-2.89796
+0.01437,-2.64648
+0.01475,-2.69678
+0.01512,-2.79289
+0.0155,-2.78433
+0.016,-2.80805
+0.01637,-3.08374
+0.01675,-3.03262
+0.01712,-2.87166
+0.0175,-2.99159
+0.018,-2.95386
+0.01837,-3.15706
+0.01874,-3.20339
+0.01913,-3.13376
+0.0195,-3.18667
+0.01999,-3.15737
+0.02037,-3.07844
+0.02075,-2.94584
+0.02112,-3.05497
+0.0215,-2.90161
+0.02199,-2.9155
+0.02238,-2.64731
+0.02275,-2.56684
+0.02312,-2.34233
+0.02349,-2.34428
+0.024,-2.14124
+0.02438,-1.91135
+0.02474,-1.88293
+0.02512,-1.91834
+0.0255,-2.03161
+0.026,-2.00619
+0.02637,-2.3741
+0.02675,-2.39984
+0.02713,-2.70474
+0.0275,-2.59114
+0.028,-2.70141
+0.02837,-2.89778
+0.02874,-3.00143
+0.02914,-3.1838
+0.0295,-3.50876
+0.03,-3.50215
+0.03038,-3.46018
+0.03075,-3.57467
+0.03112,-3.57932
+0.03149,-3.74839
+0.032,-3.91686
+0.03237,-3.70635
+0.03275,-3.56102
+0.03312,-3.32363
+0.03351,-3.33876
+0.034,-3.38891
+0.03437,-3.48828
+0.03474,-3.38855
+0.03513,-3.32531
+0.0355,-3.29513
+0.036,-3.27346
+0.03637,-3.43755
+0.03675,-3.61165
+0.03712,-3.84575
+0.0375,-3.57002
+0.03799,-3.50077
+0.03838,-3.40986
+0.03875,-3.53618
+0.03912,-3.33189
+0.03949,-3.36299
+0.04,-3.24512
+0.04037,-3.27632
+0.04075,-3.02111
+0.04112,-2.91529
+0.04151,-2.9946
+0.042,-2.89219
+0.04237,-2.69209
+0.04275,-2.55913
+0.04312,-2.70422
+0.0435,-2.6532
+0.044,-2.54554
+0.04437,-2.54639
+0.04475,-2.77367
+0.04513,-2.76818
+0.0455,-2.82705
+0.046,-2.96752
+0.04638,-3.18152
+0.04675,-3.35886
+0.04712,-3.40122
+0.04749,-3.38151
+0.048,-3.44157
+0.04838,-3.43397
+0.04874,-3.41946
+0.04913,-3.40197
+0.0495,-3.37412
+0.05,-3.28817
+0.05037,-3.22813
+0.05074,-3.11629
+0.05112,-3.25551
+0.0515,-3.50809
+0.052,-3.72151
+0.05238,-3.53472
+0.05275,-3.65261
+0.05313,-3.67585
+0.0535,-3.61542
+0.054,-3.55388
+0.05437,-3.43256
+0.05475,-3.41972
+0.05526,-3.45131
+0.05552,-3.2006
+0.056,-3.20998
+0.05637,-3.37956
+0.05675,-3.30225
+0.05713,-3.26385
+0.0575,-3.25368
+0.058,-3.27627
+0.05838,-3.32032
+0.05875,-3.40284
+0.05912,-3.31351
+0.05949,-3.11847
+0.06001,-2.97577
+0.06037,-2.90968
+0.06075,-2.95704
+0.06112,-3.04719
+0.06151,-3.0225
+0.06187,-3.00709
+0.06237,-3.03697
+0.06275,-2.82607
+0.06313,-2.59041
+0.0635,-2.71787
+0.06387,-2.80184
+0.06437,-2.85463
+0.06476,-2.80732
+0.06513,-2.77851
+0.06663,-2.54552
+0.06681,-2.34097
+0.06707,-2.31705
+0.06727,-2.36421
+0.06754,-2.51007
+0.06787,-2.63224
+0.06837,-2.53238
+0.06876,-2.66962
+0.06913,-2.47977
+0.06951,-2.27254
+0.06988,-2.39128
+0.07038,-2.59964
+0.07075,-2.65421
+0.07112,-2.69244
+0.0715,-2.65793
+0.07201,-2.82014
+0.07237,-2.98134
+0.07276,-2.78602
+0.07313,-2.85113
+0.07351,-3.03882
+0.074,-3.20861
+0.07438,-2.94532
+0.07475,-2.73792
+0.07512,-2.75665
+0.07551,-2.69313
+0.076,-2.61826
+0.07638,-2.50571
+0.07675,-2.46732
+0.07713,-2.60293
+0.0775,-2.65918
+0.07808,-2.42806
+0.07837,-2.66093
+0.07876,-2.66427
+0.07913,-2.71924
+0.0795,-2.65303
+0.08001,-2.49989
+0.08038,-2.62356
+0.08075,-2.47559
+0.08112,-2.49707
+0.08152,-2.31152
+0.08187,-2.21963
+0.08238,-2.27321
+0.08275,-2.43884
+0.08313,-2.23609
+0.08351,-2.28179
+0.08387,-2.1909
+0.08438,-2.0782
+0.08475,-2.27125
+0.08512,-1.98138
+0.08552,-1.80529
+0.08588,-1.94849
+0.08638,-1.75554
+0.08675,-1.65981
+0.08712,-1.70211
+0.08763,-1.73445
+0.08789,-1.54215
+0.08838,-1.46452
+0.08876,-1.38684
+0.08913,-1.45748
+0.08951,-1.51721
+0.08989,-1.46461
+0.09038,-1.61233
+0.09075,-1.43963
+0.09113,-1.53978
+0.09152,-1.43141
+0.09201,-1.50605
+0.09238,-1.39177
+0.09275,-1.15728
+0.09313,-1.14155
+0.09352,-1.13936
+0.094,-1.25693
+0.09438,-1.15113
+0.09476,-1.18311
+0.09513,-1.1101
+0.09551,-1.17931
+0.09588,-1.22082
+0.09638,-1.06633
+0.09676,-1.23554
+0.09713,-1.05729
+0.0975,-1.05031
+0.09801,-0.790833
+0.09838,-0.849347
+0.09875,-0.897823
+0.09913,-0.820867
+0.09951,-0.582143
+0.09988,-0.471728
+0.10038,-0.34839
+0.10076,-0.184542
+0.10113,-0.332889
+0.10151,-0.353333
+0.10187,-0.627979
+0.10239,-0.689674
+0.10276,-0.276206
+0.10313,+0.108638
+0.1035,+0.0147485
+0.10388,+0.0509594
+0.10444,-0.0409853
+0.10475,-0.00668058
+0.10513,+0.307114
+0.10551,+0.337815
+0.10588,+0.641165
+0.10638,+0.928615
+0.10676,+0.774028
+0.10713,+0.351502
+0.1075,+0.566168
+0.10787,+0.405483
+0.10838,+0.302618
+0.10875,+0.279588
+0.10974,+0.244189
+0.10993,+0.342581
+0.11038,+0.31446
+0.11075,+0.294579
+0.11113,+0.254536
+0.1115,+0.574288
+0.11187,+0.350711
+0.11238,+0.604597
+0.11275,+0.595909
+0.11312,+0.58342
+0.1135,+0.606801
+0.11388,+0.773595
+0.11439,+0.699657
+0.11475,+0.979248
+0.11513,+1.2573
+0.1155,+1.18694
+0.11587,+1.20603
+0.11638,+1.08715
+0.11675,+1.18352
+0.11726,+1.37135
+0.11752,+1.56854
+0.11787,+1.67669
+0.11837,+1.84277
+0.11876,+1.75433
+0.11913,+1.60443
+0.1195,+1.6098
+0.11987,+1.88846
+0.12038,+2.15086
+0.12075,+2.17407
+0.12113,+2.14055
+0.1215,+1.81643
+0.12188,+1.63955
+0.12238,+1.84881
+0.12275,+1.98954
+0.12312,+2.0248
+0.12351,+1.97134
+0.12388,+1.80342
+0.12437,+1.70697
+0.12476,+1.81563
+0.12513,+1.78281
+0.12554,+2.02081
+0.1259,+2.39504
+0.12643,+2.33702
+0.12678,+2.37819
+0.12716,+2.30734
+0.12757,+2.49965
+0.12805,+2.47571
+0.12842,+2.61895
+0.12879,+2.57373
+0.12918,+2.71303
+0.12955,+2.65472
+0.12991,+2.28467
+0.13041,+2.1741
+0.13076,+2.10561
+0.13117,+2.25996
+0.13156,+2.26183
+0.13191,+2.46366
+0.13243,+2.45809
+0.13279,+2.5044
+0.13316,+2.38233
+0.13354,+2.56552
+0.13391,+2.8297
+0.13444,+2.59102
+0.13479,+2.46103
+0.13516,+2.45705
+0.13554,+2.62293
+0.13591,+2.66283
+0.13643,+2.49012
+0.13679,+2.80011
+0.13717,+2.90843
+0.13754,+2.89542
+0.13803,+2.9654
+0.1384,+3.22331
+0.13877,+3.32194
+0.13914,+3.10634
+0.13954,+3.27187
+0.1399,+3.38588
+0.14043,+3.58987
+0.14078,+3.56642
+0.14117,+3.57936
+0.14154,+3.58859
+0.14191,+3.54528
+0.14241,+3.90637
+0.1428,+3.9406
+0.14317,+4.24757
+0.14355,+4.28843
+0.14391,+4.52538
+0.14443,+4.66487
+0.14479,+4.78157
+0.14517,+4.94896
+0.14554,+5.13505
+0.14591,+5.34586
+0.14642,+5.46431
+0.14678,+5.59144
+0.14715,+5.6282
+0.14766,+5.48531
+0.14802,+5.55641
+0.14841,+5.74324
+0.14878,+5.78275
+0.14917,+5.84627
+0.14954,+5.84079
+0.14993,+5.96868
+0.15041,+5.66977
+0.15079,+5.83565
+0.15116,+5.90282
+0.15155,+6.01677
+0.15191,+5.62173
+0.15244,+5.73817
+0.15279,+5.76358
+0.15316,+5.65217
+0.15354,+5.63459
+0.1539,+5.65616
+0.15443,+5.98051
+0.1548,+6.1713
+0.15516,+6.25908
+0.15554,+6.19077
+0.15592,+6.41097
+0.15643,+6.33236
+0.15679,+6.47755
+0.15717,+6.73246
+0.15757,+6.99009
+0.15791,+7.20594
+0.1584,+7.22015
+0.15877,+6.81095
+0.15914,+6.74224
+0.15954,+7.00943
+0.15991,+7.26513
+0.16042,+7.22052
+0.16079,+7.09699
+0.16117,+7.31328
+0.16153,+7.25325
+0.1619,+6.91643
+0.16243,+6.88639
+0.16279,+7.21895
+0.16316,+7.5744
+0.16355,+7.47538
+0.16392,+7.77747
+0.16442,+7.93178
+0.16479,+7.97715
+0.16517,+8.02569
+0.16555,+8.32093
+0.16592,+8.36661
+0.16643,+8.55486
+0.16679,+8.70965
+0.16717,+8.58981
+0.16755,+8.7448
+0.16792,+8.49493
+0.16843,+8.44542
+0.1688,+8.57726
+0.16916,+8.37183
+0.16952,+8.33815
+0.1699,+8.65013
+0.17041,+8.66454
+0.17078,+8.51644
+0.17115,+8.64033
+0.17154,+8.69683
+0.17192,+8.59444
+0.17242,+8.56215
+0.17279,+8.6499
+0.17315,+8.91952
+0.17355,+8.708
+0.17392,+8.60403
+0.17442,+8.66504
+0.17479,+8.86312
+0.17517,+8.9047
+0.17554,+8.95563
+0.17591,+9.1546
+0.17642,+9.43312
+0.1768,+9.47351
+0.17717,+9.29162
+0.17754,+9.5857
+0.17806,+9.72748
+0.17843,+9.79268
+0.1788,+9.81414
+0.17917,+9.93787
+0.17954,+9.87456
+0.17992,+9.87371
+0.18042,+9.89406
+0.18078,+10.1506
+0.18115,+10.2354
+0.18154,+10.1036
+0.1819,+10.0291
+0.18242,+9.83645
+0.18278,+10.0705
+0.18313,+10.158
+0.18351,+10.3661
+0.18388,+10.6157
+0.18438,+10.7509
+0.18476,+10.4265
+0.18513,+10.6939
+0.18552,+10.9003
+0.18589,+11.0113
+0.18638,+11.5806
+0.18675,+11.638
+0.18714,+11.7211
+0.18752,+11.6507
+0.18788,+11.6452
+0.18851,+11.8056
+0.18878,+11.9096
+0.18914,+11.7367
+0.18951,+11.7443
+0.18988,+11.8493
+0.19039,+11.5053
+0.19077,+11.4859
+0.19113,+11.361
+0.19151,+11.4148
+0.19189,+11.2288
+0.19239,+10.9317
+0.19276,+11.1359
+0.19314,+11.2336
+0.19353,+11.087
+0.19388,+11.263
+0.19438,+11.2616
+0.19475,+11.2144
+0.19514,+11.2722
+0.19552,+11.4739
+0.19588,+11.6469
+0.19639,+11.7591
+0.19676,+11.6983
+0.19713,+11.7085
+0.19752,+11.784
+0.19788,+11.5135
+0.19838,+11.5155
+0.19876,+11.4141
+0.19914,+11.2675
+0.19952,+11.048
+0.19988,+11.2296
+0.20039,+11.2547
+0.20076,+11.2181
+0.20114,+7.43148
+0.20152,+7.49769
+0.20188,+7.54147
+0.20238,+7.86987
+0.20275,+7.88484
+0.20314,+7.94903
+0.20351,+8.06173
+0.20388,+8.15443
+0.20439,+8.29708
+0.20476,+8.39252
+0.20514,+8.18148
+0.20552,+8.35095
+0.20588,+8.47989
+0.20639,+8.22426
+0.20684,+8.37078
+0.20714,+8.47079
+0.20751,+8.39895
+0.20789,+8.42636
+0.20839,+8.36255
+0.20876,+8.55807
+0.20914,+8.70211
+0.20952,+8.8782
+0.20989,+8.94299
+0.21039,+9.10196
+0.21076,+9.22819
+0.21114,+9.19663
+0.21214,+9.41588
+0.21242,+9.43211
+0.21259,+9.59443
+0.21289,+9.64019
+0.21315,+9.67232
+0.21351,+9.40143
+0.21387,+9.31185
+0.21437,+9.42092
+0.21475,+9.50192
+0.21513,+9.37185
+0.2155,+9.35265
+0.21588,+9.38922
+0.21638,+9.34648
+0.21676,+9.316
+0.21713,+9.39621
+0.21751,+9.49882
+0.21787,+9.56197
+0.21838,+9.4983
+0.21876,+9.32648
+0.21913,+9.26868
+0.2195,+9.28764
+0.21988,+9.33406
+0.22039,+9.28828
+0.22076,+9.25776
+0.22113,+9.10541
+0.22151,+9.19004
+0.22188,+9.09536
+0.22238,+9.0891
+0.22275,+9.14586
+0.22313,+9.31551
+0.22351,+9.24274
+0.22388,+9.20473
+0.22438,+9.09906
+0.22475,+9.05382
+0.22513,+9.11535
+0.22551,+8.92504
+0.22588,+8.79103
+0.22638,+8.72226
+0.22675,+8.72572
+0.22713,+8.61556
+0.2275,+8.49747
+0.22788,+8.46195
+0.22838,+8.38947
+0.22875,+8.27965
+0.22913,+8.10675
+0.22951,+8.1502
+0.22987,+8.14458
+0.23039,+8.07605
+0.23075,+7.93116
+0.23113,+7.956
+0.2315,+7.75017
+0.23187,+7.53754
+0.23238,+7.47979
+0.23275,+7.2118
+0.23313,+7.18721
+0.2335,+6.98852
+0.23388,+6.86341
+0.23438,+6.68602
+0.23476,+6.53418
+0.23513,+6.38094
+0.23551,+6.31284
+0.23588,+6.27377
+0.23638,+6.16915
+0.23675,+6.19089
+0.23713,+5.99218
+0.23751,+5.81802
+0.23789,+5.66965
+0.23838,+5.5043
+0.23876,+5.13624
+0.23913,+4.80881
+0.23951,+4.58739
+0.23988,+4.46689
+0.24038,+4.31974
+0.24075,+4.19373
+0.24113,+3.92016
+0.24151,+3.79509
+0.24187,+3.7281
+0.24238,+3.48246
+0.24276,+3.59047
+0.24313,+3.44397
+0.24351,+3.37668
+0.24388,+3.18246
+0.24438,+3.03397
+0.24475,+2.74834
+0.24513,+2.60835
+0.24551,+2.41413
+0.24589,+2.11401
+0.24638,+2.08406
+0.24675,+1.88268
+0.24713,+1.73764
+0.24751,+1.61375
+0.24788,+1.39509
+0.24838,+1.13593
+0.24875,+1.05478
+0.24913,+0.952582
+0.24951,+0.847017
+0.24988,+0.753657
+0.25039,+0.458589
+0.25076,+0.313851
+0.25113,+0.258706
+0.2515,+0.0574475
+0.25188,-0.0870776
+0.25238,-0.232146
+0.25276,-0.483716
+0.25313,-0.639366
+0.25351,-0.799841
+0.25388,-0.996179
+0.25438,-1.06771
+0.25476,-1.3252
+0.25514,-1.7908
+0.25551,-2.07743
+0.25588,-2.41807
+0.25639,-2.54943
+0.25676,-2.80791
+0.25713,-3.18541
+0.25751,-3.45269
+0.25787,-3.73447
+0.25839,-4.07022
+0.25876,-4.43537
+0.25913,-4.45429
+0.25951,-4.71708
+0.25988,-4.8429
+0.26039,-5.12033
+0.26076,-5.21466
+0.26113,-5.19298
+0.26152,-5.58755
+0.26188,-5.68735
+0.26239,-5.83362
+0.26276,-5.9813
+0.26314,-6.16183
+0.26351,-6.16987
+0.26388,-6.26851
+0.26438,-6.51855
+0.26476,-6.66886
+0.26513,-6.88501
+0.26551,-6.84125
+0.26589,-6.99129
+0.26651,-7.00143
+0.26677,-7.10595
+0.26713,-7.24802
+0.2675,-7.48492
+0.26787,-7.71315
+0.26838,-7.67585
+0.26875,-7.73493
+0.26913,-7.81253
+0.26951,-7.98268
+0.26988,-8.0503
+0.2704,-8.23966
+0.27076,-8.18665
+0.27113,-8.1624
+0.27151,-8.28538
+0.27188,-8.36252
+0.27241,-8.56827
+0.27276,-8.76249
+0.27313,-8.93555
+0.27351,-9.04522
+0.27389,-9.20292
+0.27438,-9.25816
+0.27475,-9.54649
+0.27514,-9.70878
+0.27551,-9.79367
+0.27588,-9.99983
+0.27638,-10.1295
+0.27676,-10.279
+0.27713,-10.466
+0.27751,-10.6341
+0.27788,-10.775
+0.27839,-11.1181
+0.27876,-11.1986
+0.27913,-11.4357
+0.27963,-11.6152
+0.28001,-11.6862
+0.28039,-11.7801
+0.28076,-11.9059
+0.28114,-12.0572
+0.28152,-12.159
+0.28188,-12.4568
+0.28239,-12.5445
+0.28276,-12.6163
+0.28313,-12.712
+0.2835,-12.7211
+0.28389,-12.7751
+0.28438,-12.8821
+0.28476,-12.901
+0.28526,-12.9329
+0.28589,-13.0131
+0.28615,-12.9775
+0.28641,-13.0121
+0.28688,-13.0686
+0.28726,-13.0816
+0.28751,-13.1653
+0.28788,-13.1934
+0.28838,-13.3084
+0.28875,-13.3524
+0.28914,-13.3317
+0.28951,-13.1229
+0.28988,-13.0872
+0.29039,-13.0778
+0.29076,-13.0947
+0.29113,-13.1279
+0.29151,-13.1315
+0.29189,-13.2415
+0.29238,-13.1959
+0.29276,-13.3039
+0.29313,-13.4205
+0.29351,-13.6414
+0.29389,-13.758
+0.29439,-13.8734
+0.29476,-14.0876
+0.29514,-14.3355
+0.29551,-14.5692
+0.29588,-14.7039
+0.29638,-14.9239
+0.29676,-15.1969
+0.29713,-15.3543
+0.29752,-15.5878
+0.29789,-15.9042
+0.29825,-16.0838
+0.29876,-16.2588
+0.29914,-16.448
+0.29964,-16.5478
+0.29991,-16.7876
+0.3004,-17.089
+0.30076,-17.2565
+0.30113,-17.4287
+0.30152,-17.7598
+0.30189,-17.898
+0.30226,-18.1213
+0.30276,-18.2321
+0.30314,-18.4267
+0.30351,-18.7427
+0.30388,-19.003
+0.30425,-19.1139
+0.30476,-19.2934
+0.30514,-19.6143
+0.30551,-19.7623
+0.30588,-20.0659
+0.30625,-20.2393
+0.30676,-20.5405
+0.30713,-20.7343
+0.30751,-20.9671
+0.30789,-21.1017
+0.30838,-21.3563
+0.30875,-21.5854
+0.30914,-21.8418
+0.30953,-22.1421
+0.30989,-22.2428
+0.31041,-22.5222
+0.31077,-22.7311
+0.31114,-22.9375
+0.31151,-23.1323
+0.31189,-23.4342
+0.31226,-23.608
+0.31276,-23.852
+0.31313,-23.9708
+0.31351,-24.0104
+0.31454,-24.2545
+0.31477,-24.423
+0.31495,-24.5902
+0.31516,-24.8134
+0.31551,-24.9255
+0.31588,-25.0907
+0.31625,-25.2194
+0.31676,-25.3705
+0.31713,-25.4428
+0.31751,-25.5304
+0.31788,-25.5421
+0.31826,-25.6307
+0.31876,-25.7651
+0.31914,-25.8206
+0.3195,-25.9572
+0.3199,-25.929
+0.3204,-26.0981
+0.32076,-25.9901
+0.32113,-26.0514
+0.32151,-26.1592
+0.32189,-26.2767
+0.32226,-26.317
+0.32276,-26.3488
+0.32313,-26.3326
+0.32351,-26.2847
+0.32387,-26.3488
+0.32438,-26.1942
+0.32475,-26.4012
+0.32513,-26.6075
+0.32551,-26.7338
+0.32589,-26.8164
+0.32638,-26.9583
+0.32676,-27.056
+0.32713,-27.1563
+0.32751,-27.323
+0.32789,-27.4516
+0.32825,-27.693
+0.32875,-27.7467
+0.32913,-27.7141
+0.32951,-27.8056
+0.33001,-27.8937
+0.33039,-28.0118
+0.33076,-28.1303
+0.33113,-28.3291
+0.33151,-28.5137
+0.33188,-28.6912
+0.33238,-28.7846
+0.33275,-28.7602
+0.33314,-28.9591
+0.33352,-28.9932
+0.33389,-29.0042
+0.33425,-28.9951
+0.33475,-29.0098
+0.33514,-28.9572
+0.33551,-28.9944
+0.33589,-28.8179
+0.33638,-28.856
+0.33676,-28.987
+0.33714,-28.9512
+0.33751,-28.8791
+0.33789,-28.9371
+0.33839,-28.99
+0.33876,-28.9359
+0.33913,-29.0246
+0.33951,-28.8872
+0.33988,-29.0008
+0.34051,-28.9463
+0.34078,-28.8115
+0.34114,-28.7902
+0.34151,-28.7937
+0.34188,-28.6041
+0.34225,-28.3964
+0.34276,-28.4015
+0.34313,-28.135
+0.34351,-27.9597
+0.34389,-27.7202
+0.34426,-27.5184
+0.34476,-27.3769
+0.34513,-26.9955
+0.34552,-26.7107
+0.34589,-26.619
+0.34626,-26.4527
+0.34675,-26.1689
+0.34714,-25.9897
+0.34751,-25.6887
+0.3479,-25.4237
+0.34826,-25.0896
+0.34877,-24.9026
+0.34914,-24.6685
+0.34951,-24.4437
+0.34988,-24.1361
+0.35025,-23.8457
+0.35077,-23.5655
+0.35113,-23.3201
+0.35151,-23.1708
+0.35188,-22.8786
+0.35225,-22.7342
+0.35276,-22.5081
+0.35313,-22.4284
+0.35352,-22.2462
+0.35389,-22.1487
+0.35426,-22.0007
+0.35476,-21.8349
+0.35514,-21.7327
+0.35551,-21.7859
+0.35588,-21.8667
+0.35638,-21.8467
+0.35676,-21.7393
+0.35713,-21.658
+0.35751,-21.6616
+0.35789,-21.5826
+0.35825,-21.6575
+0.35877,-21.7339
+0.35914,-21.7406
+0.35951,-21.5382
+0.35989,-21.4725
+0.3604,-21.5672
+0.36077,-21.7008
+0.36114,-21.7838
+0.36151,-21.8191
+0.36189,-21.925
+0.36225,-22.052
+0.36276,-22.2566
+0.36314,-22.464
+0.36351,-22.7261
+0.36389,-23.0148
+0.36439,-23.0672
+0.36476,-23.177
+0.36513,-23.3671
+0.36551,-23.734
+0.36589,-24.1409
+0.36626,-24.3792
+0.36676,-24.4586
+0.36713,-24.7543
+0.36752,-25.1044
+0.36791,-25.284
+0.36826,-25.5927
+0.36876,-26.0109
+0.36913,-26.367
+0.36952,-26.6905
+0.36989,-26.8468
+0.37026,-27.1754
+0.3709,-27.6461
+0.37116,-27.9594
+0.37152,-28.1635
+0.37188,-28.4357
+0.37239,-28.7808
+0.37277,-29.0227
+0.37314,-29.3849
+0.37351,-29.67
+0.37389,-30.0024
+0.37429,-30.2993
+0.37478,-30.545
+0.37514,-30.7383
+0.37551,-31.0454
+0.37588,-31.3916
+0.37625,-31.6014
+0.37676,-31.7394
+0.37713,-31.7711
+0.37752,-31.7841
+0.37789,-31.9146
+0.37826,-31.8657
+0.37876,-31.9415
+0.37914,-31.8902
+0.37951,-31.659
+0.37988,-31.515
+0.3804,-31.3582
+0.38077,-31.203
+0.38114,-30.9967
+0.38151,-30.8228
+0.38189,-30.481
+0.38226,-30.3181
+0.38276,-29.9067
+0.38313,-29.5556
+0.38351,-29.2826
+0.38389,-28.8695
+0.38426,-28.524
+0.38476,-28.1152
+0.38514,-27.6969
+0.38552,-27.1337
+0.38589,-26.619
+0.38626,-26.0413
+0.38677,-25.5774
+0.38714,-25.0864
+0.38751,-24.6755
+0.38788,-24.1854
+0.38839,-23.5837
+0.38877,-23.1417
+0.38914,-22.6077
+0.38952,-22.195
+0.38989,-21.7624
+0.39025,-21.3469
+0.39089,-20.9038
+0.39115,-20.5313
+0.39151,-20.0559
+0.39189,-19.5969
+0.39226,-19.1731
+0.39276,-18.7324
+0.39314,-18.3148
+0.39352,-17.9053
+0.39389,-17.5013
+0.39426,-17.0498
+0.39476,-16.628
+0.39514,-16.2193
+0.39552,-15.8287
+0.39589,-15.586
+0.39639,-15.352
+0.39677,-15.0655
+0.39714,-14.8255
+0.39752,-14.7501
+0.39789,-14.488
+0.39826,-14.2998
+0.39876,-14.0052
+0.39914,-13.8389
+0.39951,-13.6927
+0.3999,-13.4538
+0.40026,-13.2634
+0.40077,-12.9608
+0.4014,-20.1696
+0.40166,-20.0155
+0.40189,-19.846
+0.40226,-19.933
+0.40276,-19.8087
+0.40314,-19.7921
+0.40351,-19.7262
+0.40388,-19.6747
+0.40439,-19.6838
+0.40477,-19.7327
+0.40514,-19.7349
+0.40551,-19.7683
+0.4059,-19.7858
+0.40626,-19.6688
+0.40676,-19.8703
+0.40715,-19.9435
+0.40752,-19.9391
+0.40789,-19.9425
+0.40826,-19.984
+0.40877,-19.9542
+0.40914,-20.1128
+0.40952,-19.9602
+0.40989,-20.2233
+0.41027,-20.3734
+0.41077,-20.4394
+0.41115,-20.6775
+0.41152,-20.8308
+0.4119,-20.8865
+0.41239,-20.958
+0.41277,-21.0543
+0.41314,-21.0722
+0.41352,-21.191
+0.41389,-20.9831
+0.41426,-20.9411
+0.41477,-20.9507
+0.41514,-20.6401
+0.41551,-20.6633
+0.41589,-20.6372
+0.41705,-20.6035
+0.41733,-20.6383
+0.41756,-20.4149
+0.4179,-20.2127
+0.41827,-20.1307
+0.41877,-19.9137
+0.41915,-19.6002
+0.41952,-19.4651
+0.4199,-19.1619
+0.42027,-18.9652
+0.42078,-18.5696
+0.42115,-17.9388
+0.42154,-17.5705
+0.4219,-17.1638
+0.42227,-16.7812
+0.42277,-16.3049
+0.42315,-15.9085
+0.42353,-15.3982
+0.42391,-14.7704
+0.42427,-14.2154
+0.42477,-13.8241
+0.42514,-13.5641
+0.42553,-13.1085
+0.42591,-12.8536
+0.42627,-12.5209
+0.42677,-12.0326
+0.42715,-11.5929
+0.42752,-11.1597
+0.4279,-10.8301
+0.42827,-10.4344
+0.42878,-10.0033
+0.42915,-9.55789
+0.42952,-9.32898
+0.4299,-9.00978
+0.43026,-8.63706
+0.43079,-8.64649
+0.43115,-8.60866
+0.43152,-8.52931
+0.4319,-8.52602
+0.43227,-8.52445
+0.43277,-8.52271
+0.43314,-8.68571
+0.43352,-8.78676
+0.4339,-8.83722
+0.43427,-9.1805
+0.43478,-9.36388
+0.43515,-9.37849
+0.43552,-9.79723
+0.4359,-10.1298
+0.43627,-10.448
+0.43678,-10.9124
+0.43715,-11.353
+0.43752,-11.8802
+0.4379,-12.3549
+0.43827,-12.6741
+0.43877,-13.0844
+0.43915,-13.7843
+0.43952,-14.2
+0.43991,-14.7767
+0.44027,-15.4147
+0.44078,-15.9997
+0.44114,-16.5291
+0.44166,-17.1439
+0.44192,-17.8149
+0.44227,-18.4179
+0.44277,-19.1347
+0.44315,-19.6605
+0.44353,-20.3371
+0.4439,-20.932
+0.44427,-21.4551
+0.44477,-21.9615
+0.44515,-22.5232
+0.44553,-22.851
+0.4459,-23.0935
+0.44627,-23.5398
+0.44678,-23.943
+0.44715,-24.3258
+0.44752,-24.5474
+0.4479,-24.7662
+0.44828,-24.8509
+0.44878,-25.0953
+0.44915,-25.3138
+0.44952,-25.356
+0.4499,-25.7337
+0.45028,-25.699
+0.45078,-25.656
+0.45115,-25.6633
+0.45152,-25.6777
+0.4519,-25.5312
+0.45227,-25.5277
+0.45277,-25.2203
+0.45315,-24.8711
+0.45353,-24.7401
+0.45391,-24.2842
+0.45428,-24.0067
+0.45478,-23.7061
+0.45515,-23.2105
+0.45553,-22.6232
+0.4559,-22.0121
+0.45628,-21.3851
+0.45678,-20.9725
+0.45715,-20.4201
+0.45753,-19.7512
+0.4579,-19.296
+0.45827,-18.7828
+0.45878,-18.0464
+0.45915,-17.5745
+0.45953,-17.0361
+0.4599,-16.6441
+0.46028,-16.1996
+0.46078,-15.7136
+0.46115,-15.1153
+0.46153,-14.585
+0.46191,-14.1216
+0.46228,-13.5288
+0.46277,-13.1651
+0.46315,-12.7291
+0.46353,-12.4847
+0.4639,-12.0348
+0.46427,-11.713
+0.46478,-11.3953
+0.46515,-11.2834
+0.46553,-11.2167
+0.4659,-10.896
+0.46627,-10.8098
+0.46678,-10.6782
+0.46715,-10.4361
+0.46752,-10.2112
+0.4679,-10.1624
+0.46828,-9.97522
+0.46878,-9.7371
+0.46915,-9.61743
+0.46953,-9.47495
+0.4699,-9.41045
+0.47027,-9.45935
+0.47077,-9.33486
+0.47116,-9.35214
+0.47153,-9.3271
+0.47203,-9.23444
+0.47229,-9.3458
+0.47279,-9.38375
+0.47317,-9.42454
+0.47353,-9.35319
+0.4739,-9.23839
+0.47428,-9.03086
+0.47478,-8.98667
+0.47515,-8.94116
+0.47553,-8.8958
+0.47591,-8.7685
+0.47628,-8.6371
+0.4768,-8.53954
+0.47716,-8.22385
+0.47753,-8.07835
+0.4779,-7.96847
+0.47828,-7.76468
+0.47878,-7.4845
+0.47915,-7.29214
+0.47953,-6.997
+0.47998,-6.77963
+0.48028,-6.37538
+0.48077,-6.13209
+0.48116,-5.94646
+0.48153,-5.75157
+0.48192,-5.43226
+0.48228,-5.19943
+0.48278,-4.91046
+0.48315,-4.5225
+0.48352,-4.06748
+0.48391,-3.68253
+0.48428,-3.27281
+0.48477,-2.7782
+0.48516,-2.29766
+0.48553,-1.64942
+0.48591,-1.14884
+0.48628,-0.577496
+0.48678,-0.0160054
+0.48715,+0.582995
+0.48753,+1.19511
+0.4879,+1.80369
+0.48828,+2.37642
+0.48878,+2.90167
+0.48915,+3.42721
+0.48954,+3.85427
+0.48991,+4.50909
+0.49029,+5.0936
+0.49077,+5.57219
+0.49116,+6.06656
+0.49152,+6.48729
+0.49191,+7.02648
+0.49228,+7.49854
+0.49278,+8.25352
+0.49315,+8.8956
+0.49353,+9.60743
+0.49391,+10.1796
+0.49428,+10.9034
+0.49478,+11.5983
+0.49515,+12.3584
+0.49553,+13.0017
+0.49591,+13.612
+0.49628,+14.4864
+0.49677,+15.048
+0.49716,+15.7236
+0.49753,+16.2606
+0.4979,+16.9605
+0.49828,+17.4329
+0.49878,+18.0333
+0.49916,+18.6642
+0.49953,+19.257
+0.49991,+19.6913
+0.50027,+20.0902
+0.50079,+20.3291
+0.50115,+20.6338
+0.50153,+21.0757
+0.50191,+21.2498
+0.50241,+21.3951
+0.50278,+21.5523
+0.50316,+21.5597
+0.50353,+21.6849
+0.50391,+21.7469
+0.50428,+21.8904
+0.50478,+22.1426
+0.50516,+22.2828
+0.50554,+22.3841
+0.5059,+22.1955
+0.50629,+22.1498
+0.50678,+22.0036
+0.50716,+21.8859
+0.50753,+21.5509
+0.50791,+21.502
+0.50829,+21.104
+0.50878,+20.8209
+0.50916,+20.5806
+0.50955,+20.2506
+0.5099,+20.1389
+0.51029,+20.1108
+0.51078,+19.9476
+0.51115,+19.7835
+0.51152,+19.645
+0.51191,+19.4624
+0.51228,+19.3074
+0.5129,+19.0481
+0.51316,+18.889
+0.51353,+18.6862
+0.51391,+18.6553
+0.51429,+18.4691
+0.51478,+18.4443
+0.51516,+18.3113
+0.51553,+18.3222
+0.5159,+18.158
+0.51627,+17.9336
+0.51679,+17.8312
+0.51715,+17.7091
+0.51753,+17.5541
+0.51791,+17.251
+0.51828,+17.2321
+0.51934,+17.0312
+0.51953,+16.7731
+0.51974,+16.5498
+0.51996,+16.5149
+0.52029,+16.357
+0.52079,+16.4607
+0.52116,+16.367
+0.52153,+16.2688
+0.5219,+16.2019
+0.52228,+15.9897
+0.52278,+15.9136
+0.52316,+15.891
+0.52353,+15.9627
+0.52392,+15.8481
+0.52428,+16.0237
+0.52478,+15.908
+0.52518,+15.8272
+0.52554,+15.8804
+0.52591,+15.9627
+0.52628,+15.9036
+0.52678,+15.8658
+0.52722,+16.1024
+0.52753,+16.0316
+0.52791,+16.0166
+0.52828,+15.9255
+0.52878,+15.9646
+0.52916,+16.0279
+0.52953,+16.0572
+0.52991,+16.2814
+0.53029,+16.5548
+0.53082,+16.6559
+0.53115,+16.6031
+0.53153,+16.87
+0.53191,+17.1512
+0.53228,+17.365
+0.53278,+17.5324
+0.53316,+17.7689
+0.53353,+17.8951
+0.5339,+17.7507
+0.53429,+17.8059
+0.53478,+18.0203
+0.53515,+18.1182
+0.53553,+17.9647
+0.53609,+18.0509
+0.53629,+18.0282
+0.53678,+18.0195
+0.53715,+17.9884
+0.53754,+18.0048
+0.53791,+18.0363
+0.53828,+17.9682
+0.53878,+17.8573
+0.53915,+17.8941
+0.53953,+17.9195
+0.53991,+17.7342
+0.54028,+17.6488
+0.54079,+17.5495
+0.54115,+17.4693
+0.54153,+17.3375
+0.5419,+17.3461
+0.54229,+17.0486
+0.54278,+16.9571
+0.54316,+16.5335
+0.54354,+16.4714
+0.54391,+16.2772
+0.54429,+16.2394
+0.54478,+15.9192
+0.54516,+15.6366
+0.54557,+15.3264
+0.54594,+15.0396
+0.5463,+14.8836
+0.54666,+14.5659
+0.54716,+14.5375
+0.54753,+14.1406
+0.54792,+13.9731
+0.54829,+13.5282
+0.54865,+13.3232
+0.54916,+13.0856
+0.54954,+12.8489
+0.54993,+12.6502
+0.55028,+12.515
+0.55078,+12.2483
+0.55122,+11.9104
+0.55153,+11.7314
+0.5519,+11.5279
+0.55229,+11.349
+0.55265,+11.1026
+0.55317,+10.9205
+0.55363,+10.81
+0.55404,+10.5792
+0.55429,+10.3845
+0.55478,+10.1666
+0.55516,+10.1853
+0.55553,+10.0728
+0.55591,+9.89033
+0.55628,+9.77951
+0.55678,+9.81286
+0.55715,+9.57921
+0.55754,+9.47129
+0.5579,+9.28602
+0.5583,+9.03564
+0.55882,+8.90455
+0.55916,+8.72019
+0.55953,+8.66213
+0.5599,+8.45143
+0.56029,+8.51513
+0.56078,+8.39691
+0.56116,+8.33388
+0.56153,+8.20158
+0.5619,+8.10802
+0.56228,+8.14423
+0.56265,+8.15566
+0.56327,+8.10506
+0.56354,+8.09671
+0.56391,+8.19178
+0.56428,+8.02715
+0.56466,+8.08939
+0.56516,+8.24904
+0.56554,+8.42253
+0.5659,+8.49678
+0.56629,+8.63595
+0.56665,+8.8146
+0.56716,+9.06296
+0.56753,+9.06417
+0.56791,+9.24441
+0.56829,+9.39382
+0.56865,+9.42575
+0.56916,+9.47632
+0.56954,+9.69304
+0.5699,+9.95664
+0.57028,+10.0648
+0.57079,+10.2983
+0.57116,+10.3573
+0.57153,+10.5038
+0.57191,+10.5665
+0.57229,+10.7161
+0.57265,+11.0235
+0.57329,+11.3388
+0.57355,+11.4288
+0.57391,+11.7199
+0.57429,+12.0751
+0.57479,+12.2499
+0.57516,+12.3635
+0.57553,+12.6655
+0.57591,+13.0066
+0.57629,+13.4346
+0.57665,+13.619
+0.57716,+13.7662
+0.57754,+13.9772
+0.57791,+14.0883
+0.57829,+14.06
+0.57865,+14.2029
+0.57918,+14.4695
+0.57953,+14.5409
+0.57992,+14.792
+0.58029,+14.8488
+0.58078,+15.0122
+0.58141,+15.1855
+0.58162,+15.2276
+0.58191,+15.4414
+0.58228,+15.7387
+0.58265,+15.9894
+0.58317,+16.2419
+0.58354,+16.5571
+0.58408,+16.4355
+0.58433,+16.6103
+0.58465,+16.6527
+0.58516,+16.7245
+0.58554,+17.0729
+0.58591,+17.818
+0.58629,+17.8351
+0.58666,+17.7937
+0.58732,+17.8523
+0.58759,+17.9294
+0.58792,+18.5637
+0.58829,+18.4671
+0.58866,+18.4695
+0.58917,+18.5102
+0.58954,+18.2994
+0.58991,+17.4836
+0.59029,+17.3985
+0.59078,+17.2683
+0.59116,+17.0045
+0.5916,+16.9737
+0.59191,+16.3559
+0.59228,+16.2445
+0.59266,+16.0339
+0.59316,+15.8069
+0.59354,+15.5362
+0.59391,+16.1585
+0.5943,+15.9823
+0.59466,+15.8719
+0.59517,+15.6518
+0.59554,+15.1756
+0.59592,+14.8626
+0.59629,+15.0091
+0.59665,+14.8582
+0.59744,+14.5436
+0.59766,+14.4074
+0.59793,+13.3534
+0.59828,+13.1732
+0.59866,+12.7318
+0.59916,+12.5558
+0.59954,+12.1993
+0.59991,+11.8137
+0.60028,+11.059
+0.60078,+10.6965
+0.60116,+10.3081
+0.60154,+8.96365
+0.60202,+8.72827
+0.60228,+8.44399
+0.60265,+8.23588
+0.60316,+7.96378
+0.60354,+7.91344
+0.60412,+7.7142
+0.60433,+7.54405
+0.60465,+7.35855
+0.60516,+7.36399
+0.60554,+7.17021
+0.60591,+7.01633
+0.60628,+6.91682
+0.60666,+6.82403
+0.60716,+6.69539
+0.60754,+6.57448
+0.60791,+6.62071
+0.60829,+6.51635
+0.60865,+6.4758
+0.60916,+6.32632
+0.60954,+6.1746
+0.60991,+6.12826
+0.61029,+6.04486
+0.61079,+6.11731
+0.61118,+6.04846
+0.61154,+6.05924
+0.61192,+6.10871
+0.61228,+6.37324
+0.61266,+6.51545
+0.61316,+6.74022
+0.61354,+6.95492
+0.61396,+7.0921
+0.6143,+7.32553
+0.61466,+7.57083
+0.61516,+8.00205
+0.61554,+8.354
+0.61592,+8.65315
+0.61629,+8.94482
+0.61666,+9.26595
+0.61717,+9.48189
+0.61754,+9.9764
+0.61806,+10.3564
+0.61829,+10.7667
+0.61866,+11.1839
+0.61916,+11.4515
+0.61954,+11.8209
+0.61991,+12.1575
+0.62038,+12.3435
+0.62078,+12.7068
+0.62174,+12.9543
+0.62192,+13.0608
+0.62209,+13.4132
+0.62237,+13.5498
+0.62267,+13.6945
+0.62317,+13.7999
+0.62354,+13.8166
+0.62393,+13.8502
+0.62429,+14.032
+0.62466,+14.0871
+0.62517,+14.2397
+0.6256,+14.3345
+0.62592,+14.2855
+0.6263,+14.3031
+0.62666,+14.347
+0.62717,+14.3431
+0.62754,+14.4043
+0.62793,+14.3739
+0.6283,+14.2171
+0.62869,+13.9865
+0.62917,+13.8401
+0.62955,+13.7981
+0.62991,+13.6572
+0.63029,+13.5398
+0.63079,+13.4134
+0.63117,+13.3972
+0.63154,+13.1562
+0.63192,+13.0226
+0.6323,+12.7834
+0.63267,+12.7023
+0.63317,+12.5677
+0.63354,+12.4572
+0.63391,+12.3539
+0.63442,+12.1835
+0.63479,+11.9426
+0.63521,+11.8026
+0.63556,+11.6892
+0.63592,+11.5999
+0.6363,+11.6242
+0.63667,+11.4653
+0.63728,+11.5688
+0.63754,+11.4308
+0.63792,+11.4111
+0.63829,+11.4793
+0.63866,+11.4357
+0.63917,+11.2605
+0.63959,+11.3433
+0.63992,+11.5468
+0.6403,+11.602
+0.6408,+11.8456
+0.64117,+11.947
+0.64155,+12.2172
+0.64192,+12.468
+0.6423,+12.6652
+0.64267,+12.955
+0.64317,+13.4173
+0.64354,+13.7303
+0.64393,+13.9474
+0.6443,+14.2037
+0.6448,+14.3804
+0.64517,+14.5832
+0.64555,+14.7207
+0.64592,+14.9778
+0.64629,+15.3179
+0.64667,+15.5064
+0.64717,+15.6607
+0.64754,+15.9483
+0.64791,+16.1708
+0.6483,+16.4957
+0.64867,+16.8372
+0.64936,+17.0931
+0.64959,+17.3614
+0.64992,+17.6322
+0.6503,+17.7999
+0.6508,+18.1244
+0.65117,+18.3199
+0.65154,+18.3283
+0.65192,+18.4285
+0.6523,+18.5575
+0.65267,+18.5848
+0.65317,+18.8761
+0.65354,+18.9396
+0.65557,+18.9017
+0.65581,+18.9075
+0.65601,+18.9946
+0.65629,+18.9374
+0.65674,+18.9939
+0.65717,+18.8705
+0.65755,+18.682
+0.65792,+18.5643
+0.65829,+18.1587
+0.65878,+18.0209
+0.65927,+17.7907
+0.65955,+17.469
+0.65993,+17.252
+0.6603,+17.1159
+0.66079,+16.7698
+0.66117,+16.2326
+0.66163,+15.9658
+0.66192,+15.79
+0.6623,+15.6238
+0.66267,+14.995
+0.66317,+14.4256
+0.66354,+13.9309
+0.66392,+13.2464
+0.6643,+12.8366
+0.66467,+12.3549
+0.66517,+12.1832
+0.66555,+11.7422
+0.66592,+11.0333
+0.6663,+10.323
+0.66667,+10.0912
+0.66717,+9.87034
+0.66755,+9.58663
+0.66792,+9.31981
+0.66829,+8.91654
+0.66867,+8.64181
+0.66917,+8.37206
+0.66979,+8.00701
+0.66998,+7.9024
+0.67031,+7.91044
+0.6708,+7.63598
+0.67117,+7.32377
+0.67155,+7.05382
+0.67192,+6.66498
+0.6723,+6.29976
+0.67267,+5.96878
+0.67317,+5.57438
+0.67355,+5.28963
+0.67408,+4.94856
+0.67437,+4.64921
+0.67467,+4.33737
+0.67518,+4.19471
+0.67555,+4.12464
+0.67593,+4.3615
+0.6763,+4.20298
+0.67666,+4.13547
+0.67718,+4.12521
+0.67756,+4.03445
+0.67792,+3.93051
+0.67829,+3.70185
+0.67867,+3.68017
+0.67934,+3.70127
+0.67963,+3.6294
+0.67992,+3.29678
+0.6803,+3.27554
+0.68067,+3.22876
+0.68117,+3.3781
+0.68157,+3.52827
+0.68192,+3.57101
+0.68229,+3.71562
+0.68279,+4.25994
+0.68317,+4.22734
+0.68355,+4.28778
+0.68392,+4.35915
+0.6843,+4.55611
+0.6848,+4.75876
+0.68517,+4.83464
+0.68565,+5.03115
+0.68592,+5.18835
+0.68632,+5.21833
+0.68667,+4.96344
+0.68717,+5.03575
+0.68755,+5.18171
+0.68816,+5.50848
+0.68837,+5.68543
+0.68867,+6.05066
+0.68917,+6.12846
+0.68955,+6.46743
+0.68993,+6.91186
+0.69031,+7.5479
+0.69067,+7.80453
+0.69142,+8.29203
+0.69159,+8.7042
+0.69193,+9.13836
+0.6923,+9.53683
+0.69268,+9.44991
+0.69317,+9.89196
+0.69355,+9.82064
+0.69393,+9.85689
+0.6943,+9.74835
+0.69466,+10.2256
+0.6953,+10.5631
+0.6957,+11.0155
+0.69593,+11.3715
+0.69631,+11.9238
+0.69668,+12.5647
+0.69718,+12.6399
+0.69756,+13.0105
+0.69816,+13.6168
+0.69843,+13.74
+0.69868,+13.7502
+0.69917,+13.7521
+0.69956,+13.6099
+0.69992,+13.8391
+0.7003,+13.627
+0.70067,+13.6063
+0.70117,+13.7627
+0.70157,+13.824
+0.70192,+13.6684
+0.7023,+14.0044
+0.70267,+14.0675
+0.70317,+14.2173
+0.70355,+14.2918
+0.70392,+14.4619
+0.7043,+14.4096
+0.70467,+14.5838
+0.70517,+14.7379
+0.70559,+14.7336
+0.70592,+14.8541
+0.7063,+14.8674
+0.70667,+15.036
+0.70718,+14.9468
+0.70755,+14.8985
+0.70796,+14.3687
+0.7083,+14.3936
+0.70867,+14.135
+0.70918,+14.094
+0.70956,+14.1582
+0.70996,+14.0015
+0.71031,+13.9436
+0.71067,+13.7511
+0.71118,+13.6186
+0.71155,+13.5799
+0.71193,+13.6046
+0.7123,+13.6481
+0.71267,+13.6199
+0.71318,+13.4366
+0.71356,+13.2861
+0.71393,+13.1499
+0.7143,+13.0925
+0.71468,+13.0646
+0.71518,+13.586
+0.71555,+13.6118
+0.71601,+13.5505
+0.7163,+13.5173
+0.71668,+13.5547
+0.71717,+13.9698
+0.71755,+14.0107
+0.71792,+14.0948
+0.7183,+14.0288
+0.71872,+14.2736
+0.71918,+13.8128
+0.71955,+13.681
+0.72005,+13.6421
+0.72033,+13.3297
+0.72067,+13.1851
+0.72118,+13.1284
+0.72155,+13.1726
+0.72192,+13.1583
+0.7223,+12.9313
+0.72268,+12.4804
+0.72318,+12.2096
+0.72414,+12.4164
+0.72441,+12.4657
+0.72492,+12.4136
+0.72517,+12.1925
+0.72555,+11.4705
+0.72603,+10.9859
+0.72629,+10.4794
+0.72667,+10.3583
+0.72718,+9.82329
+0.72755,+9.63523
+0.72793,+8.77808
+0.72829,+8.29612
+0.72899,+7.67896
+0.72926,+7.38779
+0.72956,+6.68136
+0.72992,+6.33921
+0.73029,+5.86358
+0.73067,+5.18498
+0.73118,+4.80724
+0.73154,+3.99561
+0.73192,+3.4097
+0.73229,+2.51989
+0.73268,+2.01669
+0.73318,+1.11274
+0.73358,+0.454548
+0.73396,-0.407356
+0.7343,-1.32112
+0.73467,-2.15569
+0.73517,-2.97946
+0.73555,-3.93374
+0.73595,-4.82931
+0.7363,-5.80341
+0.73667,-6.64483
+0.73717,-7.53787
+0.73755,-8.23739
+0.73792,-9.08793
+0.73838,-9.7314
+0.73867,-10.5719
+0.73917,-11.3753
+0.73955,-11.9727
+0.73992,-12.6201
+0.7403,-13.1915
+0.74067,-13.901
+0.74118,-14.4382
+0.74156,-15.048
+0.74193,-15.5888
+0.7423,-16.2163
+0.74267,-16.525
+0.74319,-16.9502
+0.74355,-17.2806
+0.74405,-17.514
+0.74431,-17.7494
+0.74467,-17.8604
+0.74517,-17.8864
+0.74555,-17.8698
+0.74595,-17.8139
+0.7463,-17.6971
+0.74668,-17.5782
+0.74718,-17.4546
+0.74755,-17.2508
+0.74792,-17.068
+0.74833,-16.8164
+0.74867,-16.5347
+0.74918,-16.3636
+0.74955,-15.9978
+0.74993,-15.7458
+0.7503,-15.2925
+0.75067,-15.1071
+0.75118,-14.6797
+0.75155,-14.2107
+0.75193,-13.6752
+0.7523,-13.1915
+0.75267,-12.7258
+0.75317,-12.2697
+0.75355,-11.8796
+0.75392,-11.2925
+0.7543,-10.9293
+0.75469,-10.3762
+0.7552,-10.0011
+0.75554,-9.72936
+0.75593,-9.51813
+0.7563,-9.40169
+0.75676,-9.20137
+0.75717,-8.95578
+0.75755,-8.71687
+0.75793,-8.60412
+0.7583,-8.26549
+0.75869,-8.08301
+0.75917,-7.92757
+0.75956,-7.76456
+0.75993,-7.29685
+0.7603,-6.82694
+0.76067,-6.72462
+0.76117,-6.44043
+0.76156,-6.17982
+0.76192,-5.89188
+0.7623,-5.67195
+0.76275,-5.40438
+0.76318,-4.96971
+0.76355,-4.56931
+0.76392,-4.49885
+0.76431,-4.22512
+0.76468,-3.76487
+0.76518,-3.43699
+0.76555,-3.19672
+0.76613,-2.88283
+0.76634,-2.66414
+0.76681,-2.36913
+0.76717,-2.10394
+0.76755,-1.78893
+0.76793,-1.47263
+0.7683,-1.21849
+0.76871,-0.803327
+0.76917,-0.487181
+0.76956,-0.047665
+0.76993,+0.467589
+0.7703,+0.816545
+0.77067,+1.33756
+0.77118,+1.79775
+0.77154,+2.23781
+0.77193,+2.6159
+0.7723,+2.99518
+0.77268,+3.32566
+0.77318,+3.81582
+0.77355,+4.28704
+0.77392,+4.61477
+0.7743,+5.16188
+0.77467,+5.56076
+0.77517,+6.15547
+0.77556,+6.72823
+0.77593,+7.3841
+0.7763,+8.12992
+0.77668,+8.79036
+0.77718,+9.44758
+0.77756,+10.1685
+0.77818,+10.8677
+0.77842,+11.6358
+0.77867,+12.4127
+0.77918,+13.1984
+0.77963,+14.0144
+0.77992,+14.9191
+0.7803,+15.6697
+0.78093,+16.569
+0.78119,+17.5675
+0.78156,+18.4695
+0.78193,+19.5303
+0.7823,+20.6397
+0.78285,+21.6526
+0.78317,+22.4838
+0.78355,+23.4348
+0.78395,+24.239
+0.7843,+25.2037
+0.78468,+26.2247
+0.78518,+26.9055
+0.78556,+27.7457
+0.78592,+28.3112
+0.78643,+28.7476
+0.7868,+29.3137
+0.78718,+29.8036
+0.78755,+30.1531
+0.78792,+30.6851
+0.78831,+31.0534
+0.78867,+31.3075
+0.78917,+31.4909
+0.78956,+31.6671
+0.78994,+31.8025
+0.79031,+31.9297
+0.79067,+32.0125
+0.79117,+32.1059
+0.79155,+32.291
+0.79194,+32.1711
+0.79231,+32.1099
+0.79268,+31.9437
+0.79319,+31.904
+0.79355,+31.7314
+0.79392,+31.4748
+0.79431,+31.3503
+0.79468,+31.0879
+0.79518,+30.8822
+0.79555,+30.5167
+0.79592,+30.0819
+0.79656,+29.6247
+0.79684,+29.3111
+0.79718,+29.1353
+0.79756,+28.9265
+0.79803,+28.7782
+0.79852,+28.4231
+0.79873,+28.1829
+0.79918,+27.8704
+0.79955,+27.7469
+0.79993,+27.7348
+0.8003,+27.6916
+0.80067,+27.6137
+0.80118,+27.3917
+0.80156,+27.2855
+0.80192,+27.2205
+0.8023,+27.242
+0.80278,+27.0664
+0.80317,+27.1805
+0.80355,+27.2303
+0.80393,+27.509
+0.80431,+27.8448
+0.80474,+28.1678
+0.80518,+28.3967
+0.80556,+28.7026
+0.80593,+29.0019
+0.80643,+29.1515
+0.80674,+29.4331
+0.80718,+29.7708
+0.80755,+29.9556
+0.80792,+30.1661
+0.8083,+30.9547
+0.80902,+31.1988
+0.80922,+31.5321
+0.80955,+31.663
+0.80993,+32.514
+0.8103,+33.38
+0.81067,+34.3642
+0.81118,+34.328
+0.81155,+34.3996
+0.81196,+35.1707
+0.8123,+35.2196
+0.81274,+35.9566
+0.81292,+36.7614
+0.81316,+37.602
+0.81356,+37.7054
+0.81393,+38.1319
+0.81431,+38.4042
+0.815,+38.7633
+0.81529,+39.9202
+0.81556,+39.5392
+0.81593,+40.0146
+0.8163,+40.2215
+0.81669,+39.2232
+0.81718,+39.471
+0.81756,+39.7692
+0.81797,+39.8998
+0.81831,+38.6688
+0.81868,+38.7209
+0.81905,+38.0072
+0.81955,+38.0427
+0.81993,+37.5799
+0.8203,+36.3178
+0.82068,+37.2077
+0.82127,+35.7176
+0.82156,+35.4885
+0.82193,+33.7723
+0.8223,+33.8825
+0.82275,+33.4272
+0.82318,+32.8307
+0.82355,+31.489
+0.82409,+30.3551
+0.82432,+29.3108
+0.82467,+27.3936
+0.82518,+26.4641
+0.82556,+23.9695
+0.82654,+23.3731
+0.82673,+21.6652
+0.82718,+19.9723
+0.82757,+18.2509
+0.82792,+16.9536
+0.8283,+15.1239
+0.82875,+13.9711
+0.82917,+12.6118
+0.82984,+11.2005
+0.83009,+9.85768
+0.8303,+8.23599
+0.83067,+7.04091
+0.83119,+5.6491
+0.8316,+4.32167
+0.83193,+3.0411
+0.8323,+1.75252
+0.83268,+0.441118
+0.83305,-0.929335
+0.83355,-2.1957
+0.83392,-3.45253
+0.83431,-4.87973
+0.83468,-6.17312
+0.83505,-7.5794
+0.83555,-8.90672
+0.83595,-10.1395
+0.8363,-11.3277
+0.8368,-12.4363
+0.83718,-13.4431
+0.83756,-14.5495
+0.83793,-15.5326
+0.8383,-16.5167
+0.83868,-17.4796
+0.83918,-18.2499
+0.83955,-19.0407
+0.83993,-19.7018
+0.8403,-20.3679
+0.84099,-20.9839
+0.84123,-21.5988
+0.84156,-22.0878
+0.84193,-22.415
+0.8423,-22.6619
+0.84268,-22.9885
+0.84305,-22.9815
+0.84355,-22.9098
+0.84392,-22.8812
+0.84431,-22.7569
+0.84468,-22.5387
+0.84518,-22.0677
+0.84555,-21.3974
+0.84592,-20.6796
+0.8463,-20.0644
+0.8467,-19.0874
+0.84738,-18.1884
+0.84759,-17.0096
+0.84793,-15.7922
+0.8483,-14.4728
+0.84868,-12.9461
+0.84921,-11.4342
+0.84957,-9.98699
+0.84993,-8.5293
+0.8503,-6.78448
+0.85068,-5.01938
+0.85104,-3.35107
+0.85155,-1.6974
+0.85193,-0.0280622
+0.8523,+1.79444
+0.85267,+3.47658
+0.85305,+5.17997
+0.85355,+6.92687
+0.85393,+8.67388
+0.85431,+10.3679
+0.85468,+12.0401
+0.85505,+13.7436
+0.85555,+15.2574
+0.85593,+17.046
+0.8563,+18.6657
+0.85668,+20.2671
+0.85706,+21.9221
+0.85756,+23.4659
+0.85793,+25.0197
+0.8583,+26.5262
+0.85868,+27.8239
+0.85908,+29.3658
+0.85956,+30.9718
+0.85993,+32.3215
+0.8603,+33.7283
+0.86086,+34.9228
+0.86107,+36.0446
+0.86156,+37.1665
+0.86193,+38.2468
+0.8623,+39.3478
+0.86268,+40.415
+0.86305,+41.1516
+0.86355,+41.9091
+0.86393,+42.7281
+0.8643,+43.2748
+0.86468,+44.0628
+0.86505,+44.7253
+0.86556,+45.2616
+0.86593,+45.7526
+0.8663,+46.0664
+0.86668,+46.3307
+0.86718,+46.6032
+0.86755,+46.8581
+0.86792,+46.8126
+0.86831,+46.8742
+0.86895,+46.732
+0.86914,+46.5584
+0.86956,+46.4513
+0.86993,+46.2191
+0.8703,+45.9062
+0.87067,+45.7316
+0.87105,+46.0596
+0.87156,+46.2795
+0.87193,+46.5202
+0.8723,+46.6269
+0.87272,+46.7906
+0.87305,+46.7134
+0.87356,+46.5922
+0.874,+45.6313
+0.87431,+44.8246
+0.87468,+43.6818
+0.87506,+41.3584
+0.87555,+38.9354
+0.87593,+36.5414
+0.8763,+34.0871
+0.87682,+31.5917
+0.87713,+29.603
+0.87769,+27.0619
+0.87796,+25.2258
+0.87831,+23.3167
+0.87868,+21.6877
+0.87906,+20.3122
+0.87958,+18.8959
+0.87994,+17.4404
+0.8803,+16.0774
+0.88081,+14.2022
+0.8812,+12.3203
+0.88163,+10.8471
+0.88201,+9.2981
+0.88231,+7.66424
+0.88268,+5.96388
+0.88305,+4.53482
+0.88356,+3.05277
+0.88393,+1.49087
+0.8843,-0.165845
+0.88469,-1.46378
+0.88505,-3.10092
+0.88556,-4.78122
+0.88594,-6.25583
+0.88631,-7.8415
+0.88668,-9.42533
+0.88707,-11.0133
+0.88756,-12.4445
+0.88799,-14.0233
+0.88832,-15.5039
+0.88868,-16.8846
+0.88905,-18.251
+0.88956,-19.6458
+0.88993,-21.117
+0.89031,-22.3595
+0.89068,-23.8496
+0.89105,-25.2216
+0.89167,-26.6156
+0.89193,-27.7259
+0.89231,-28.7563
+0.89268,-29.723
+0.89305,-30.6763
+0.89356,-31.3703
+0.89412,-32.0134
+0.89433,-32.651
+0.89469,-32.8823
+0.89505,-33.1465
+0.89556,-33.2839
+0.89597,-33.3372
+0.8963,-33.3475
+0.89667,-33.2156
+0.89705,-32.8366
+0.89757,-32.4538
+0.89793,-31.68
+0.89831,-30.762
+0.89868,-29.6045
+0.89915,-28.1336
+0.89955,-26.5688
+0.89993,-24.2863
+0.90031,-21.7729
+0.90068,-19.0439
+0.90105,-16.2518
+0.9018,-13.0667
+0.90207,-9.67862
+0.90236,-6.07573
+0.90268,-2.45601
+0.90306,+1.1665
+0.90356,+4.98581
+0.90393,+8.53336
+0.90431,+12.0378
+0.90468,+15.6234
+0.90509,+19.0149
+0.90556,+22.2752
+0.90593,+25.2371
+0.9063,+28.045
+0.90669,+30.5132
+0.90705,+32.8673
+0.90755,+34.9163
+0.90806,+36.554
+0.90832,+37.9559
+0.90868,+39.0018
+0.90905,+40.0191
+0.90956,+40.6843
+0.91004,+41.3099
+0.91031,+41.6144
+0.91069,+41.8144
+0.91106,+41.8992
+0.91156,+41.758
+0.91194,+41.5306
+0.91231,+40.7495
+0.91268,+39.8369
+0.91305,+38.9293
+0.91357,+37.9779
+0.91393,+37.1794
+0.91431,+36.613
+0.91468,+35.9495
+0.91506,+35.1479
+0.91556,+34.3788
+0.91593,+33.4066
+0.91631,+33.1175
+0.91669,+32.742
+0.91706,+32.114
+0.91756,+31.6388
+0.91793,+30.6474
+0.91831,+29.4631
+0.91892,+28.287
+0.91914,+27.1569
+0.91956,+25.8686
+0.91993,+24.8226
+0.9203,+23.5013
+0.92069,+22.0684
+0.92108,+20.8673
+0.92156,+19.5913
+0.92194,+18.3028
+0.92266,+16.8977
+0.92284,+15.774
+0.92321,+14.5438
+0.92364,+13.5288
+0.92416,+12.5387
+0.92435,+11.6893
+0.92469,+10.9624
+0.92506,+10.1886
+0.92556,+9.50026
+0.92593,+9.1866
+0.92631,+8.96866
+0.92668,+8.73325
+0.92706,+8.7473
+0.92756,+8.91115
+0.92794,+9.07471
+0.92895,+9.4013
+0.92913,+9.95405
+0.92956,+10.64
+0.92993,+11.4864
+0.9303,+12.2471
+0.93068,+13.2831
+0.93105,+14.317
+0.93155,+15.3401
+0.93193,+16.2909
+0.93231,+17.4709
+0.93269,+18.6054
+0.93305,+19.6535
+0.93357,+20.5981
+0.93393,+21.4945
+0.93456,+22.3864
+0.93486,+23.1008
+0.93507,+23.7271
+0.93556,+24.3575
+0.93593,+24.7778
+0.9363,+25.0451
+0.93669,+25.1147
+0.93706,+25.2606
+0.93756,+25.3293
+0.93793,+25.1568
+0.93831,+24.8533
+0.93869,+24.3431
+0.93905,+23.7947
+0.93956,+23.1841
+0.93994,+22.5043
+0.94031,+21.7587
+0.9407,+20.9163
+0.94106,+19.8162
+0.94156,+18.9058
+0.94193,+17.873
+0.9423,+16.8741
+0.94269,+15.7493
+0.94305,+14.5884
+0.94356,+13.501
+0.94393,+12.3396
+0.94431,+11.1473
+0.94469,+9.90511
+0.94506,+8.82385
+0.94556,+7.44697
+0.94594,+6.19284
+0.9463,+4.72237
+0.94668,+3.48307
+0.94705,+2.15105
+0.94755,+0.657795
+0.94794,-0.577599
+0.94831,-1.97573
+0.94868,-3.33764
+0.94905,-4.7569
+0.94956,-6.06324
+0.94993,-7.46099
+0.9503,-8.97267
+0.95069,-10.458
+0.95106,-11.7612
+0.95156,-13.1118
+0.95227,-14.8324
+0.95246,-16.2984
+0.95271,-17.7852
+0.95306,-19.2332
+0.95356,-20.7922
+0.95393,-22.4441
+0.9543,-23.7883
+0.95469,-25.1809
+0.95506,-26.6647
+0.95556,-28.1635
+0.95596,-29.3457
+0.95631,-30.7795
+0.95669,-32.1216
+0.95711,-33.4284
+0.95757,-34.7721
+0.95794,-35.943
+0.95831,-37.0506
+0.95869,-38.1355
+0.95905,-39.2742
+0.95957,-40.1134
+0.95994,-41.004
+0.96031,-41.6032
+0.96069,-42.2531
+0.96105,-42.7299
+0.96156,-42.8793
+0.96193,-43.1009
+0.96231,-42.9191
+0.96276,-42.6107
+0.96305,-42.2713
+0.96356,-41.7884
+0.96422,-40.9976
+0.96445,-40.1499
+0.9647,-38.9891
+0.96505,-37.695
+0.96557,-36.3445
+0.96594,-34.7254
+0.96631,-33.1599
+0.96683,-31.4074
+0.96708,-29.5223
+0.96756,-27.6675
+0.96818,-25.6415
+0.96841,-23.5886
+0.9688,-21.5071
+0.96909,-19.3549
+0.96956,-17.361
+0.96993,-15.0918
+0.97031,-13.0363
+0.97083,-11.0406
+0.97106,-8.88461
+0.97156,-6.83278
+0.97193,-4.90878
+0.97232,-3.03239
+0.97269,-1.20338
+0.97305,+0.56207
+0.97359,+2.31003
+0.97405,+3.77938
+0.97431,+5.29722
+0.97469,+6.72229
+0.97506,+7.96556
+0.97557,+9.1434
+0.97594,+10.1119
+0.97631,+11.0443
+0.97669,+12.0331
+0.97706,+12.6248
+0.97756,+13.2688
+0.97794,+13.846
+0.97831,+14.2931
+0.97869,+14.6074
+0.97905,+14.978
+0.97956,+15.2584
+0.97994,+15.6249
+0.98031,+15.7671
+0.9807,+15.8036
+0.98106,+15.9013
+0.98156,+16.0593
+0.98213,+16.1451
+0.98234,+16.0768
+0.98269,+16.009
+0.98306,+15.8134
+0.98356,+15.4737
+0.98398,+15.2149
+0.98431,+14.846
+0.98468,+14.5748
+0.98506,+14.1745
+0.98557,+13.4992
+0.98602,+12.8292
+0.98631,+12.1522
+0.98669,+11.0932
+0.98707,+10.0391
+0.98756,+9.37252
+0.98793,+8.15288
+0.98831,+7.21548
+0.98882,+5.9299
+0.98911,+4.80096
+0.98956,+3.6652
+0.98995,+2.4901
+0.99032,+1.27476
+0.99069,+0.286226
+0.99106,-0.616589
+0.99178,-1.85676
+0.99198,-2.85034
+0.99234,-4.06661
+0.99269,-5.08651
+0.99306,-6.12424
+0.99386,-7.05535
+0.99408,-8.09007
+0.99432,-8.97734
+0.99469,-9.73551
+0.99506,-10.7393
+0.99557,-11.5358
+0.99594,-12.3055
+0.99631,-12.9394
+0.99668,-13.6542
+0.99707,-14.2432
+0.99757,-14.8001
+0.99794,-15.1493
+0.99831,-15.5194
+0.99869,-15.8712
+0.9994,-15.9509
+0.99964,-16.0377
+0.99994,-16.0171
+1.00032,-15.7916
+1.00105,-15.5211
+1.00132,-15.2823
+1.00156,-14.988
+1.00218,-14.5343
+1.00257,-13.9344
+1.00276,-13.3258
+1.00306,-12.7664
+1.00356,-10.752
+1.00394,-10.1139
+1.00431,-9.38066
+1.00469,-8.62273
+1.00506,-7.7388
+1.00557,-6.74732
+1.00594,-5.80401
+1.00631,-4.99641
+1.00669,-3.97705
+1.00707,-2.97322
+1.00756,-1.9349
+1.00794,-0.88523
+1.00831,+0.094463
+1.0087,+1.10398
+1.00916,+2.0567
+1.00956,+3.13697
+1.00996,+4.04801
+1.01032,+5.06018
+1.0107,+6.12452
+1.01106,+7.16302
+1.01158,+7.87751
+1.01194,+8.88744
+1.01232,+9.75912
+1.01269,+10.6074
+1.01307,+11.4372
+1.01357,+12.1541
+1.01394,+13.0442
+1.01431,+13.9288
+1.01469,+14.6893
+1.01508,+15.5101
+1.01557,+16.3829
+1.01595,+17.1381
+1.01639,+17.8495
+1.01671,+18.7188
+1.01707,+19.4685
+1.01757,+20.0871
+1.01794,+20.726
+1.01831,+21.127
+1.01869,+21.6724
+1.0192,+22.2065
+1.01957,+22.6879
+1.01994,+23.1476
+1.02033,+23.6173
+1.0207,+23.914
+1.02107,+24.4306
+1.02157,+24.8153
+1.02194,+25.0675
+1.02264,+25.4187
+1.02284,+25.5452
+1.02308,+25.6576
+1.02356,+25.779
+1.02394,+25.8217
+1.02432,+25.8491
+1.02469,+25.8774
+1.02506,+25.7271
+1.02556,+25.5533
+1.02594,+25.3259
+1.02632,+25.1867
+1.02669,+25.0417
+1.02707,+24.665
+1.02757,+24.3375
+1.02793,+23.6308
+1.02831,+23.1068
+1.02869,+22.5059
+1.02908,+21.4081
+1.02957,+20.5228
+1.02994,+19.5547
+1.03032,+18.4154
+1.03134,+17.2732
+1.03159,+16.2938
+1.03208,+15.185
+1.03227,+14.7926
+1.03274,+13.9261
+1.03294,+12.8012
+1.03312,+12.1282
+1.03357,+11.3819
+1.03394,+10.6235
+1.03431,+9.78363
+1.03469,+9.15136
+1.03507,+8.35237
+1.03557,+7.63237
+1.03595,+6.33249
+1.03632,+5.19725
+1.03669,+4.422
+1.03707,+3.59994
+1.03757,+2.6343
+1.03794,+1.72974
+1.03831,+1.03016
+1.03879,+0.0475187
+1.03907,-0.690652
+1.03981,-1.50288
+1.04,-2.01689
+1.04032,-2.68539
+1.04069,-3.41151
+1.04107,-4.0555
+1.04159,-4.57227
+1.04194,-5.06636
+1.04232,-5.70878
+1.04269,-6.40858
+1.04307,-7.07514
+1.04357,-7.71651
+1.04394,-8.39591
+1.04431,-8.82132
+1.0447,-9.32958
+1.04528,-9.70946
+1.04557,-10.2614
+1.04594,-10.701
+1.04632,-11.0949
+1.04669,-11.3539
+1.04707,-11.5254
+1.04771,-11.8165
+1.04798,-12.2348
+1.04832,-12.5711
+1.04878,-12.9167
+1.04907,-13.3668
+1.04958,-13.492
+1.04994,-13.719
+1.05032,-13.9705
+1.0507,-14.2952
+1.05108,-14.7062
+1.05157,-14.8692
+1.05194,-14.9717
+1.05231,-15.0629
+1.0527,-15.1666
+1.05308,-15.187
+1.05357,-15.2703
+1.05395,-15.4542
+1.05432,-15.5116
+1.05469,-15.5273
+1.05508,-15.6904
+1.05557,-15.7504
+1.05603,-15.7442
+1.05643,-15.8683
+1.05669,-15.7929
+1.05708,-15.8755
+1.05758,-15.7687
+1.05795,-15.6163
+1.05832,-15.5968
+1.05876,-15.3922
+1.05908,-15.1583
+1.05957,-15.1651
+1.06108,-15.0699
+1.06135,-14.9561
+1.06163,-14.9155
+1.06191,-14.7644
+1.06213,-14.8837
+1.06234,-14.9171
+1.06269,-14.7173
+1.06307,-14.7868
+1.06345,-14.6776
+1.06394,-14.4276
+1.06433,-14.2688
+1.0647,-14.2506
+1.06507,-14.2438
+1.06545,-14.2177
+1.06594,-14.1882
+1.06632,-14.1822
+1.06669,-14.3586
+1.06706,-14.3354
+1.06744,-14.5034
+1.06795,-14.7011
+1.06832,-15.0014
+1.0689,-15.0692
+1.06916,-15.3263
+1.06945,-15.4425
+1.06994,-15.5695
+1.07032,-15.7094
+1.07083,-15.8383
+1.0712,-16.0603
+1.07156,-16.2538
+1.07195,-16.4143
+1.07232,-16.5127
+1.07269,-16.7742
+1.07308,-16.7475
+1.07345,-16.9428
+1.07394,-17.1751
+1.07432,-17.3437
+1.0747,-17.5175
+1.07507,-17.6657
+1.07544,-17.6695
+1.07595,-17.833
+1.0765,-17.9103
+1.0767,-18.1805
+1.07707,-18.5208
+1.07744,-18.858
+1.07797,-18.9664
+1.07832,-19.0943
+1.07886,-19.0986
+1.07909,-19.3863
+1.07945,-19.7616
+1.07994,-19.9177
+1.08032,-20.0491
+1.0807,-19.9992
+1.08107,-19.9764
+1.08157,-19.9372
+1.08194,-20.0364
+1.08232,-20.2055
+1.08287,-20.524
+1.08314,-20.4603
+1.08345,-20.3961
+1.08395,-20.4771
+1.08433,-20.6476
+1.08482,-20.8379
+1.08509,-21.0891
+1.08558,-21.1397
+1.08595,-21.2394
+1.08632,-21.4673
+1.08669,-21.4975
+1.08708,-21.7243
+1.08745,-21.8599
+1.08794,-22.1759
+1.08833,-22.2678
+1.0887,-22.4006
+1.08908,-22.4453
+1.08944,-22.6095
+1.08995,-22.781
+1.09032,-22.8228
+1.09069,-22.9009
+1.09118,-22.9126
+1.09157,-23.1892
+1.092,-22.9996
+1.09232,-23.0624
+1.0927,-23.1927
+1.09308,-23.1156
+1.09344,-23.2539
+1.09398,-23.3427
+1.09432,-23.2818
+1.0947,-23.2734
+1.09508,-23.1821
+1.09557,-22.9144
+1.09597,-22.9321
+1.09632,-22.8981
+1.0967,-22.7207
+1.0971,-22.6038
+1.09744,-22.4597
+1.09795,-22.3051
+1.09832,-22.1744
+1.0987,-22.0413
+1.09907,-22.0904
+1.09944,-21.8386
+1.09995,-21.5889
+1.10032,-21.2986
+1.10069,-21.0092
+1.10108,-20.7286
+1.1016,-20.3996
+1.10195,-19.8367
+1.10234,-19.4769
+1.10269,-18.9737
+1.10307,-18.46
+1.10357,-18.1298
+1.10395,-17.7913
+1.10433,-17.2778
+1.1047,-16.7731
+1.10509,-16.2381
+1.10544,-15.7327
+1.10595,-15.2725
+1.10633,-14.713
+1.1067,-14.1828
+1.10708,-13.4472
+1.10745,-12.8079
+1.10795,-11.9709
+1.10832,-11.4116
+1.1087,-10.6807
+1.10908,-10.0697
+1.10945,-9.26496
+1.10995,-8.66353
+1.11032,-7.79279
+1.11073,-7.10329
+1.11108,-6.31219
+1.11144,-5.56641
+1.11207,-4.91598
+1.11234,-4.15294
+1.1127,-3.43505
+1.11308,-2.68225
+1.11358,-1.97572
+1.11402,-1.11881
+1.11449,-0.408619
+1.11478,+0.380077
+1.11507,+1.01282
+1.11544,+1.62594
+1.11596,+2.29667
+1.11632,+2.93552
+1.1167,+3.71039
+1.11708,+4.41314
+1.11745,+5.05388
+1.11795,+5.65764
+1.11832,+6.35618
+1.1187,+7.0184
+1.11907,+7.68197
+1.11945,+8.46525
+1.11996,+9.29604
+1.12032,+10.0535
+1.1207,+10.7357
+1.12108,+11.502
+1.12145,+12.2198
+1.12195,+12.8937
+1.12233,+13.6879
+1.1227,+14.347
+1.12308,+14.9764
+1.12345,+15.5585
+1.12395,+16.1178
+1.12432,+16.4746
+1.12471,+16.9492
+1.12508,+17.1137
+1.12545,+17.7889
+1.12595,+18.1158
+1.12632,+18.2195
+1.12671,+18.7412
+1.12708,+19.0557
+1.12744,+19.6412
+1.12795,+19.8013
+1.12832,+20.7158
+1.1289,+21.0159
+1.12913,+22.0469
+1.12944,+22.6195
+1.12995,+23.1758
+1.13033,+23.5685
+1.1307,+23.7157
+1.13108,+24.0239
+1.13145,+24.6098
+1.13195,+25.1614
+1.13233,+25.1435
+1.1327,+25.9352
+1.13374,+25.7326
+1.13402,+26.1713
+1.1342,+26.4595
+1.13441,+26.9192
+1.13477,+27.2733
+1.13507,+27.5805
+1.13545,+27.431
+1.13595,+27.706
+1.13633,+28.288
+1.13671,+28.0518
+1.13708,+28.4187
+1.13774,+28.1286
+1.13795,+28.2861
+1.13834,+28.395
+1.13871,+28.5288
+1.13908,+28.7053
+1.13945,+28.9819
+1.13996,+29.0629
+1.14033,+28.8082
+1.1407,+29.016
+1.14111,+29.1666
+1.14146,+29.6099
+1.14196,+29.6692
+1.14245,+29.7106
+1.14272,+29.7464
+1.14308,+29.8183
+1.14345,+29.6266
+1.14395,+29.4947
+1.14432,+29.5114
+1.1447,+29.2519
+1.14507,+29.041
+1.14546,+28.573
+1.14595,+28.4323
+1.14633,+28.1936
+1.1467,+28.1159
+1.14708,+28.0062
+1.14745,+28.0135
+1.14795,+27.9891
+1.14838,+27.7954
+1.1487,+27.8141
+1.14908,+27.7155
+1.14946,+27.58
+1.14996,+27.5873
+1.15033,+27.5881
+1.1507,+27.3564
+1.15108,+27.2228
+1.15145,+26.9018
+1.15195,+26.8176
+1.15233,+26.7445
+1.1527,+26.4809
+1.15308,+26.1939
+1.15346,+25.9897
+1.15396,+25.6438
+1.15433,+25.2746
+1.1547,+25.0134
+1.15508,+24.7309
+1.15549,+24.5374
+1.15596,+24.13
+1.15659,+23.7424
+1.15708,+23.5695
+1.15734,+23.237
+1.1576,+22.9706
+1.15796,+22.5972
+1.15833,+22.4716
+1.1587,+22.2575
+1.15907,+22.0223
+1.15945,+21.7219
+1.15995,+21.4703
+1.16033,+21.3436
+1.16071,+20.9654
+1.16117,+20.8594
+1.16145,+20.5244
+1.16195,+20.3655
+1.16233,+20.047
+1.16271,+19.7691
+1.16308,+19.6437
+1.16345,+19.4748
+1.16396,+19.2248
+1.16433,+18.8432
+1.1647,+18.7511
+1.16508,+18.4907
+1.16545,+18.2447
+1.16595,+18.0494
+1.16633,+17.7364
+1.1667,+17.4085
+1.16708,+16.9533
+1.16746,+16.5593
+1.16795,+16.2737
+1.16833,+16.0927
+1.16871,+15.7631
+1.1691,+15.5795
+1.16945,+15.4287
+1.16996,+15.1723
+1.17033,+14.8939
+1.17077,+14.8006
+1.17107,+14.6297
+1.17146,+14.5564
+1.17195,+14.2629
+1.17233,+14.0393
+1.17283,+13.8026
+1.17309,+13.4919
+1.17345,+13.2237
+1.17396,+12.9094
+1.17433,+12.7717
+1.1747,+12.5418
+1.17508,+12.2739
+1.17545,+11.9125
+1.176,+11.7008
+1.17634,+11.4002
+1.17671,+11.2154
+1.17708,+10.9189
+1.17746,+10.7493
+1.17796,+10.572
+1.17833,+10.4013
+1.17874,+10.1741
+1.17908,+9.98734
+1.17945,+9.80284
+1.17996,+9.59652
+1.18033,+9.41457
+1.1807,+9.12948
+1.18109,+8.95895
+1.18146,+8.69034
+1.18195,+8.60247
+1.18233,+8.32866
+1.18271,+8.09931
+1.18308,+7.92873
+1.18346,+7.68396
+1.18396,+7.5844
+1.18433,+7.36329
+1.18471,+7.24444
+1.1853,+7.12432
+1.1855,+6.82021
+1.18601,+6.56604
+1.18637,+6.45036
+1.18674,+6.22351
+1.18712,+6.00103
+1.18751,+5.83947
+1.18801,+5.62559
+1.18837,+5.38788
+1.18874,+5.19935
+1.18913,+5.04974
+1.1895,+5.06545
+1.19,+4.94965
+1.19036,+4.90357
+1.19071,+4.89457
+1.19112,+4.74777
+1.19149,+4.72849
+1.19201,+4.61424
+1.19238,+4.56324
+1.19274,+4.41367
+1.19327,+4.23157
+1.19349,+4.07709
+1.194,+3.99328
+1.19438,+3.95642
+1.19475,+3.95628
+1.19513,+3.85318
+1.1955,+3.72841
+1.19605,+3.6486
+1.19639,+3.572
+1.19674,+3.57959
+1.19713,+3.46111
+1.19749,+3.32943
+1.1981,+3.19154
+1.19839,+2.87628
+1.19873,+2.57646
+1.1991,+2.63554
+1.19947,+2.58677
+1.2,+2.51277
+1.20037,+2.37077
+1.20075,+2.28937
+1.20112,+2.30373
+1.20149,+2.22312
+1.202,+2.10491
+1.20237,+2.05964
+1.20274,+2.04604
+1.20317,+1.79384
+1.20356,+1.71757
+1.20401,+1.65669
+1.20437,+1.6113
+1.20475,+1.53867
+1.20513,+1.44481
+1.2055,+1.36753
+1.20601,+1.19942
+1.20638,+1.09024
+1.20674,+1.0513
+1.20711,+1.10153
+1.20747,+1.00222
+1.20797,+0.906826
+1.20847,+0.869573
+1.20878,+0.730417
+1.20912,+0.667252
+1.20949,+0.627639
+1.21001,+0.710125
+1.21036,+0.584504
+1.21074,+0.507457
+1.21113,+0.386869
+1.2115,+0.373258
+1.21201,+0.278556
+1.21237,+0.286489
+1.21274,+0.278245
+1.21327,+0.127936
+1.21362,+0.139734
+1.21399,+0.0387134
+1.21437,+0.180554
+1.21477,+0.0844712
+1.21513,+0.0305435
+1.21549,-0.0654099
+1.21601,-0.0262622
+1.2165,-0.172677
+1.21676,-0.121867
+1.21712,+0.0433331
+1.21756,+0.267798
+1.21801,+0.343424
+1.21835,+0.295472
+1.21873,+0.511263
+1.2191,+0.519397
+1.21948,+0.514909
+1.22,+0.523873
+1.22036,+0.616428
+1.22084,+0.490551
+1.22115,+0.345431
+1.22149,+0.072399
+1.22199,-0.0485151
+1.22236,-0.214989
+1.22275,-0.492677
+1.22326,-0.375265
+1.2235,-0.420771
+1.22402,-0.482129
+1.22436,-0.537482
+1.22483,-0.526041
+1.22514,-0.482979
+1.22549,-0.554351
+1.226,-0.458635
+1.22638,-0.388522
+1.22675,-0.337403
+1.22713,-0.48437
+1.22749,-0.500561
+1.22801,-0.489429
+1.22838,-0.561324
+1.22875,-0.599656
+1.22912,-0.583268
+1.2295,-0.603509
+1.23016,-0.587515
+1.23043,-0.560143
+1.23078,-0.524892
+1.23112,-0.484422
+1.23149,-0.532433
+1.23201,-0.345258
+1.23238,-0.31135
+1.23275,-0.379067
+1.23314,-0.491401
+1.23349,-0.379635
+1.234,-0.506036
+1.23437,-0.635734
+1.23475,-0.839998
+1.23512,-0.791375
+1.23614,-0.720951
+1.23641,-0.896807
+1.23664,-0.810652
+1.23689,-0.838545
+1.23716,-0.77123
+1.2375,-0.841784
+1.23801,-0.755318
+1.23838,-0.750836
+1.23876,-0.595358
+1.23913,-0.645566
+1.2395,-0.574276
+1.24002,-0.592032
+1.24037,-0.727988
+1.24074,-0.675674
+1.24111,-0.686402
+1.24148,-0.710222
+1.24216,-0.727615
+1.24237,-0.745743
+1.24274,-0.692325
+1.24312,-0.736628
+1.24346,-0.692834
+1.24397,-0.715355
+1.24434,-0.650121
+1.24496,-0.623603
+1.24525,-0.630521
+1.24548,-0.605503
+1.24597,-0.696713
+1.24635,-0.4674
+1.24672,-0.581984
+1.24709,-0.630078
+1.24746,-0.697261
+1.24797,-0.515442
+1.24835,-0.427855
+1.24872,-0.582232
+1.24909,-0.753079
+1.24948,-0.679125
+1.24997,-0.638776
+1.25035,-0.751177
+1.25099,-0.624047
+1.25126,-0.488153
+1.25149,-0.558707
+1.25185,-0.855833
+1.25234,-0.996051
+1.25271,-0.955883
+1.25309,-0.785717
+1.25359,-0.874383
+1.25397,-0.922851
+1.25434,-1.03936
+1.25472,-1.05831
+1.25509,-1.23582
+1.25547,-1.36619
+1.25597,-1.34194
+1.25635,-1.40278
+1.25672,-1.38616
+1.25709,-1.622
+1.25748,-1.71215
+1.25796,-1.76022
+1.25834,-1.65293
+1.25871,-1.71684
+1.2591,-1.71871
+1.25947,-1.64722
+1.25997,-1.54473
+1.26034,-1.49899
+1.26071,-1.59326
+1.2611,-1.56168
+1.26147,-1.60625
+1.26197,-1.47487
+1.26235,-1.61184
+1.26271,-1.68037
+1.26309,-1.5253
+1.26354,-1.48222
+1.26397,-1.61548
+1.26434,-1.63176
+1.26473,-1.54734
+1.26509,-1.57439
+1.26547,-1.30399
+1.26597,-1.49783
+1.26635,-1.5035
+1.26672,-1.58375
+1.26723,-1.80412
+1.26756,-1.92552
+1.26796,-1.86995
+1.26834,-1.96532
+1.26872,-1.98384
+1.26909,-1.89256
+1.26948,-2.14541
+1.27003,-2.26723
+1.27035,-2.33454
+1.27072,-2.35129
+1.27123,-2.39737
+1.27149,-2.38964
+1.27197,-2.48814
+1.27234,-2.37696
+1.27271,-2.25622
+1.27309,-2.12278
+1.27347,-2.13528
+1.27396,-1.98752
+1.27435,-1.98301
+1.27472,-1.88223
+1.27509,-1.85246
+1.27546,-1.82827
+1.27586,-1.83859
+1.27635,-1.95793
+1.27672,-2.03431
+1.27719,-2.22805
+1.27747,-2.14029
+1.27797,-2.20447
+1.27835,-1.98171
+1.27873,-2.03449
+1.2791,-1.94585
+1.27948,-2.04188
+1.27997,-2.05742
+1.28035,-1.93966
+1.28072,-2.08535
+1.28109,-2.03347
+1.28147,-2.27286
+1.28197,-2.33643
+1.28234,-2.57003
+1.28272,-2.62098
+1.2831,-2.77021
+1.28347,-2.79174
+1.28397,-2.64148
+1.28434,-2.71074
+1.28472,-2.72589
+1.28509,-2.76302
+1.28547,-2.61676
+1.28597,-2.68034
+1.28634,-2.72018
+1.28672,-2.67211
+1.28709,-2.65983
+1.28773,-2.55912
+1.28854,-2.64823
+1.28882,-2.75229
+1.28909,-2.85522
+1.28936,-2.94044
+1.28973,-2.94803
+1.28999,-2.88121
+1.29034,-2.79066
+1.29072,-2.99631
+1.29125,-3.06592
+1.29153,-3.30406
+1.29185,-3.26524
+1.29235,-3.25794
+1.29292,-3.1003
+1.29314,-3.17501
+1.29348,-3.3257
+1.29398,-3.40762
+1.29444,-3.47876
+1.29474,-3.36345
+1.29512,-3.29948
+1.29547,-3.05744
+1.29597,-3.18153
+1.29635,-3.14195
+1.29673,-3.26111
+1.29709,-3.23286
+1.29748,-3.24437
+1.29797,-3.26981
+1.29834,-3.29832
+1.29872,-3.37216
+1.29909,-3.44184
+1.29947,-3.55184
+1.29985,-3.57912
+1.30036,-3.73594
+1.30076,-3.6599
+1.3011,-3.68067
+1.30147,-3.75526
+1.30208,-3.57019
+1.30235,-3.6467
+1.30272,-3.64299
+1.30309,-3.68026
+1.30347,-3.8282
+1.30388,-3.76428
+1.30435,-3.79301
+1.30472,-3.89579
+1.30509,-3.90662
+1.30548,-3.83184
+1.30584,-3.93312
+1.30634,-3.95734
+1.30672,-3.96823
+1.3071,-3.92554
+1.30747,-3.99284
+1.30784,-4.16297
+1.30834,-4.16692
+1.30872,-4.31813
+1.30909,-4.39137
+1.30978,-4.43608
+1.30996,-4.57492
+1.31035,-4.59138
+1.31084,-4.81039
+1.31109,-4.9563
+1.31147,-4.96445
+1.31184,-4.99008
+1.31235,-5.15505
+1.31272,-5.15475
+1.31309,-5.17539
+1.31348,-5.22471
+1.31385,-5.20113
+1.31445,-5.25147
+1.31472,-5.0663
+1.31509,-5.11519
+1.31547,-5.13876
+1.31584,-5.22274
+1.31635,-5.24237
+1.317,-5.21656
+1.31719,-5.28747
+1.31749,-5.28947
+1.31784,-5.39191
+1.31835,-5.48435
+1.31872,-5.7326
+1.3191,-5.75052
+1.31947,-5.67795
+1.31984,-5.62905
+1.32035,-5.57355
+1.32072,-5.70687
+1.3211,-5.76768
+1.32147,-5.93556
+1.32184,-5.91596
+1.32235,-5.93451
+1.32272,-5.85883
+1.32312,-5.98224
+1.32348,-6.20369
+1.32384,-6.38236
+1.32448,-6.46114
+1.32498,-6.44459
+1.32516,-6.47782
+1.32548,-6.49873
+1.32584,-6.63683
+1.32634,-6.70737
+1.32673,-6.76579
+1.3271,-6.84515
+1.32747,-6.88818
+1.32785,-6.99479
+1.32835,-7.02549
+1.32872,-7.081
+1.3291,-7.1241
+1.32947,-7.30391
+1.32984,-7.37595
+1.33035,-7.45092
+1.33073,-7.46799
+1.3311,-7.45652
+1.33147,-7.45933
+1.33184,-7.36934
+1.33235,-7.3892
+1.33272,-7.53134
+1.3331,-7.62385
+1.33349,-7.53843
+1.33385,-7.63048
+1.33435,-7.75159
+1.33473,-7.93186
+1.3351,-8.00444
+1.3355,-8.1644
+1.33612,-8.32259
+1.33637,-8.42745
+1.33672,-8.45451
+1.3371,-8.54473
+1.33748,-8.6229
+1.33854,-8.6921
+1.33875,-8.67783
+1.33894,-8.66885
+1.33914,-8.67412
+1.33948,-8.73299
+1.33984,-8.70884
+1.34034,-8.78774
+1.34072,-8.8173
+1.3411,-8.86112
+1.34147,-8.94126
+1.34195,-8.93391
+1.34235,-8.98785
+1.34272,-9.15521
+1.34311,-9.24026
+1.34347,-9.25135
+1.34385,-9.3272
+1.34435,-9.39015
+1.34472,-9.46238
+1.34509,-9.62042
+1.34548,-9.67321
+1.34584,-9.73343
+1.34635,-9.89391
+1.3469,-9.85956
+1.34711,-9.91233
+1.34777,-9.81115
+1.34795,-9.9228
+1.34835,-10.0181
+1.34872,-9.97889
+1.3491,-9.90117
+1.34947,-10.0217
+1.34991,-10.0419
+1.35034,-9.99745
+1.35071,-9.92852
+1.3511,-10.0742
+1.35147,-10.3614
+1.35185,-10.3101
+1.35235,-10.2038
+1.35273,-10.3569
+1.3531,-10.5217
+1.35347,-10.5759
+1.35384,-10.6137
+1.35435,-10.6197
+1.35473,-10.9564
+1.35523,-10.9836
+1.3555,-10.9354
+1.35584,-11.1333
+1.35636,-11.3834
+1.35672,-11.458
+1.3571,-11.4472
+1.35748,-11.4886
+1.35785,-11.6555
+1.35835,-11.7577
+1.3588,-11.6188
+1.3591,-11.6074
+1.35948,-11.6523
+1.35997,-11.6478
+1.36034,-11.5602
+1.36072,-11.6016
+1.3611,-11.6147
+1.36151,-11.6899
+1.36184,-11.6055
+1.36235,-11.8296
+1.36272,-12.0221
+1.36309,-12.1696
+1.36348,-12.2135
+1.36392,-12.2487
+1.36443,-12.2728
+1.36472,-12.2467
+1.3651,-12.2697
+1.36548,-12.2151
+1.36584,-12.4388
+1.36635,-12.3108
+1.36673,-12.2943
+1.3671,-12.3434
+1.36747,-12.2259
+1.36785,-12.2298
+1.36835,-12.3393
+1.36872,-12.4005
+1.36909,-12.4497
+1.36948,-12.5237
+1.36984,-12.4895
+1.37035,-12.5075
+1.37073,-12.4859
+1.3711,-12.5094
+1.37147,-12.7275
+1.37185,-12.8846
+1.37235,-12.9138
+1.37272,-12.9966
+1.37309,-13.087
+1.37348,-13.1698
+1.37392,-13.2028
+1.37435,-13.2993
+1.37472,-13.4561
+1.37518,-13.4225
+1.37547,-13.4243
+1.37585,-13.3945
+1.37635,-13.3982
+1.37672,-13.4666
+1.3771,-13.4018
+1.37748,-13.3953
+1.37785,-13.3217
+1.37836,-13.3938
+1.37872,-13.4005
+1.3791,-13.3528
+1.37948,-13.3622
+1.37984,-13.4352
+1.38035,-13.4598
+1.38072,-13.4109
+1.3811,-13.5136
+1.38148,-13.4135
+1.38184,-13.5055
+1.38236,-13.5573
+1.38272,-13.5281
+1.38319,-13.4953
+1.38352,-13.5936
+1.38384,-13.5036
+1.38435,-13.5668
+1.38472,-13.7174
+1.38509,-13.6866
+1.3856,-13.8211
+1.38599,-13.9744
+1.38635,-13.9359
+1.38672,-13.9288
+1.38709,-14.1184
+1.38747,-14.1037
+1.38784,-14.1944
+1.38835,-14.292
+1.38873,-14.1825
+1.3891,-14.2463
+1.38948,-14.2469
+1.38985,-14.0902
+1.39035,-14.0337
+1.39072,-14.0216
+1.39111,-14.0319
+1.39147,-14.0621
+1.39185,-14.1292
+1.39235,-14.0735
+1.39273,-14.2052
+1.3931,-14.1975
+1.39348,-14.1122
+1.39384,-14.1368
+1.39435,-14.1277
+1.39473,-14.1097
+1.3951,-14.0937
+1.39547,-14.1125
+1.39587,-13.9965
+1.39635,-14.0682
+1.39672,-14.053
+1.3971,-14.0949
+1.39747,-14.2727
+1.39786,-14.2688
+1.39835,-14.256
+1.39873,-14.3318
+1.3991,-14.3601
+1.39948,-14.3525
+1.39985,-14.4781
+1.40036,-14.48
+1.40073,-14.4955
+1.4011,-14.5748
+1.40148,-14.6089
+1.40215,-14.8013
+1.40242,-14.9623
+1.40272,-15.0053
+1.4031,-14.9092
+1.40357,-15.0022
+1.40416,-15.1928
+1.40443,-15.1974
+1.40472,-15.1185
+1.40509,-15.0172
+1.4056,-14.9496
+1.40597,-14.7969
+1.40635,-14.7849
+1.40672,-14.7887
+1.4071,-14.9036
+1.40748,-14.8456
+1.40785,-14.9181
+1.40835,-14.9808
+1.40897,-14.9929
+1.40917,-14.9852
+1.40958,-14.9808
+1.40985,-15.0883
+1.41035,-15.0954
+1.41073,-15.1332
+1.4111,-15.1974
+1.41149,-15.2351
+1.41185,-15.2498
+1.41235,-15.2003
+1.41272,-15.1964
+1.41311,-15.2165
+1.41348,-15.3597
+1.41385,-15.3206
+1.41435,-15.2249
+1.41472,-15.1919
+1.4151,-15.1484
+1.41548,-15.1726
+1.41585,-15.0289
+1.41635,-15.0937
+1.41687,-15.1012
+1.41712,-15.1015
+1.41747,-14.9936
+1.41784,-15.0584
+1.41836,-15.0871
+1.41873,-15.0519
+1.4191,-15.0371
+1.41949,-14.9552
+1.41985,-14.9401
+1.42035,-14.812
+1.42077,-14.914
+1.4211,-14.8405
+1.42149,-14.8487
+1.42185,-14.7608
+1.42235,-14.8061
+1.42272,-14.853
+1.4231,-14.8558
+1.42348,-14.9047
+1.42385,-15.0603
+1.42435,-15.0019
+1.42473,-15.0108
+1.42511,-15.0803
+1.42548,-15.0846
+1.42585,-15.0902
+1.42636,-15.1783
+1.42673,-15.2004
+1.4271,-15.1617
+1.42748,-15.1359
+1.42785,-15.0942
+1.42835,-15.1829
+1.42872,-15.0505
+1.42911,-15.1519
+1.42949,-15.2131
+1.42987,-15.295
+1.43039,-15.1991
+1.43075,-15.2035
+1.43113,-15.2919
+1.43148,-15.2208
+1.43185,-15.1087
+1.43235,-15.0802
+1.43276,-15.1334
+1.43322,-15.0066
+1.43351,-14.9296
+1.43386,-14.8559
+1.43435,-14.8335
+1.43472,-14.7772
+1.4351,-14.6837
+1.43548,-14.8129
+1.436,-14.8258
+1.43636,-14.7839
+1.43673,-14.7217
+1.43711,-14.6721
+1.43749,-14.6711
+1.43785,-14.7843
+1.43836,-14.8619
+1.43873,-14.7213
+1.43953,-14.8145
+1.43973,-14.8303
+1.44,-14.9181
+1.44094,-14.9422
+1.44123,-14.9643
+1.44151,-14.9768
+1.44192,-14.9211
+1.44235,-14.7977
+1.44273,-14.6891
+1.4431,-14.9775
+1.44347,-14.858
+1.44385,-14.7368
+1.44435,-14.6037
+1.44473,-14.6495
+1.4451,-14.7341
+1.44549,-14.6839
+1.44585,-14.6841
+1.44636,-14.6628
+1.44673,-14.7149
+1.4471,-14.4666
+1.44749,-14.5142
+1.44785,-14.4745
+1.44859,-14.3501
+1.44913,-14.3043
+1.44931,-14.1084
+1.44953,-14.1795
+1.44985,-14.0688
+1.45036,-14.207
+1.45074,-14.1208
+1.45125,-14.2012
+1.4515,-14.1188
+1.45191,-14.1674
+1.45235,-14.3184
+1.45273,-14.2774
+1.45314,-14.3351
+1.45349,-14.3233
+1.45386,-14.3925
+1.45436,-14.1493
+1.45485,-13.8896
+1.45513,-13.8885
+1.45548,-13.9647
+1.45586,-13.8931
+1.45635,-13.8744
+1.45673,-13.9125
+1.45711,-13.9012
+1.45749,-13.8605
+1.45791,-13.7627
+1.45836,-13.7495
+1.45873,-13.9784
+1.4591,-13.9851
+1.45948,-13.9221
+1.45985,-13.9747
+1.46036,-13.9286
+1.46073,-13.872
+1.46111,-13.8263
+1.46152,-13.7298
+1.46185,-13.838
+1.46236,-13.8656
+1.46273,-13.905
+1.46311,-13.8227
+1.46347,-13.7421
+1.46386,-13.5863
+1.46435,-13.5653
+1.46477,-13.6145
+1.46511,-13.5238
+1.46548,-13.5264
+1.46594,-13.4536
+1.46636,-13.3676
+1.46673,-13.2819
+1.4671,-13.2
+1.46747,-13.1395
+1.46786,-13.212
+1.46835,-13.1815
+1.46873,-13.0377
+1.46911,-13.215
+1.46949,-13.2793
+1.46986,-13.221
+1.47037,-13.3272
+1.47073,-13.198
+1.4711,-13.2563
+1.47149,-13.2012
+1.47186,-13.2032
+1.47236,-13.1506
+1.47273,-13.2495
+1.4731,-13.1406
+1.47349,-13.0709
+1.47386,-12.9763
+1.47435,-12.8528
+1.47473,-12.8688
+1.4751,-12.8041
+1.47548,-12.8854
+1.47585,-12.8277
+1.47652,-12.7769
+1.47704,-12.7263
+1.4773,-12.6834
+1.47761,-12.6473
+1.47786,-12.6652
+1.47836,-12.8376
+1.47873,-12.8712
+1.4791,-12.8768
+1.47971,-12.763
+1.47995,-12.8273
+1.48037,-12.8373
+1.48073,-12.6807
+1.4811,-12.6052
+1.48148,-12.6041
+1.48185,-12.5615
+1.48236,-12.3567
+1.48273,-12.3458
+1.4831,-12.2303
+1.48347,-12.2398
+1.48385,-11.9797
+1.48436,-11.9548
+1.48473,-12.0083
+1.48511,-12.0075
+1.48548,-12.04
+1.48585,-12.0926
+1.48644,-11.9963
+1.48673,-11.9562
+1.48711,-11.922
+1.48748,-11.8725
+1.48786,-12.0469
+1.48835,-12.0008
+1.48873,-11.9906
+1.4891,-12.0157
+1.48948,-11.845
+1.48986,-11.7912
+1.49036,-11.7933
+1.49073,-11.7008
+1.49111,-11.624
+1.49149,-11.6193
+1.49185,-11.474
+1.49235,-11.5362
+1.49274,-11.3752
+1.49311,-11.237
+1.49349,-11.2308
+1.49385,-11.102
+1.49436,-11.0647
+1.49474,-11.0045
+1.49511,-11.024
+1.49548,-11.0385
+1.49585,-11.041
+1.49636,-10.9509
+1.49675,-11.0063
+1.49711,-11.0149
+1.49749,-11.0197
+1.49786,-11.1131
+1.49836,-11.165
+1.49877,-11.2434
+1.49911,-11.2797
+1.49986,-11.2338
+1.50009,-11.1838
+1.50038,-11.1855
+1.50075,-11.2036
+1.50111,-11.1422
+1.50149,-11.0845
+1.50185,-11.0582
+1.50235,-10.9568
+1.50274,-10.9437
+1.50325,-10.7723
+1.50377,-10.7756
+1.50405,-10.7321
+1.50436,-10.7094
+1.50474,-10.7121
+1.50511,-10.7384
+1.5055,-10.7094
+1.50586,-10.6692
+1.50636,-10.6242
+1.50673,-10.6171
+1.50724,-10.6958
+1.5075,-10.7183
+1.50789,-10.7495
+1.50835,-10.6436
+1.50874,-10.5808
+1.50911,-10.5539
+1.50948,-10.5463
+1.50986,-10.4428
+1.51037,-10.4816
+1.51111,-10.2702
+1.5113,-10.2411
+1.51151,-10.16
+1.51186,-10.008
+1.51235,-10.0364
+1.51274,-9.87386
+1.51311,-9.8385
+1.51353,-9.83307
+1.51387,-9.78759
+1.51436,-9.75068
+1.51474,-9.74113
+1.51511,-9.74425
+1.51548,-9.69221
+1.51586,-9.86621
+1.51636,-9.93774
+1.51673,-10.016
+1.51711,-10.0431
+1.5175,-10.0535
+1.51786,-10.1208
+1.51836,-10.0589
+1.51874,-10.1836
+1.51911,-10.1452
+1.51948,-10.0548
+1.51986,-9.91687
+1.52037,-9.81062
+1.52073,-9.78251
+1.52111,-9.72896
+1.52149,-9.57822
+1.52187,-9.51885
+1.52236,-9.56065
+1.52274,-9.3626
+1.52311,-9.34995
+1.52349,-9.4666
+1.52385,-9.49597
+1.52436,-9.46354
+1.52474,-9.44264
+1.52511,-9.43264
+1.52549,-9.57612
+1.52587,-9.63108
+1.52636,-9.6601
+1.52673,-9.84787
+1.52711,-9.89466
+1.52749,-9.79283
+1.52786,-9.64819
+1.52836,-9.66638
+1.52874,-9.62852
+1.52911,-9.56369
+1.52949,-9.46582
+1.52986,-9.43474
+1.53038,-9.29084
+1.53073,-9.109
+1.53111,-8.94103
+1.53148,-8.88586
+1.53186,-8.94227
+1.53236,-8.92389
+1.53274,-8.80286
+1.53319,-8.73744
+1.53349,-8.63102
+1.53386,-8.48178
+1.53437,-8.49858
+1.53488,-8.51007
+1.53513,-8.48879
+1.53564,-8.43064
+1.53588,-8.43659
+1.53623,-8.3218
+1.53674,-8.42946
+1.53711,-8.44518
+1.53761,-8.62006
+1.53786,-8.68657
+1.53837,-8.69333
+1.53874,-8.66566
+1.53911,-8.73223
+1.53948,-8.82599
+1.53986,-8.77589
+1.54036,-8.83861
+1.54074,-8.7098
+1.54112,-8.76315
+1.54149,-8.72735
+1.54188,-8.72354
+1.54236,-8.76893
+1.54342,-8.72993
+1.54367,-8.77613
+1.5439,-8.67927
+1.54436,-8.71501
+1.54473,-8.64956
+1.5451,-8.71255
+1.54595,-8.60831
+1.54623,-8.58665
+1.5465,-8.57064
+1.54675,-8.48401
+1.54724,-8.57147
+1.54749,-8.36645
+1.54786,-8.40184
+1.54836,-8.28397
+1.54873,-8.31107
+1.54911,-8.34589
+1.54948,-8.39774
+1.54986,-8.28682
+1.55036,-8.23694
+1.55073,-8.19051
+1.5511,-8.1257
+1.55148,-8.17253
+1.55186,-8.08789
+1.55223,-8.054
+1.55274,-7.91719
+1.55311,-7.83634
+1.55348,-7.72886
+1.55387,-7.72608
+1.55436,-7.72056
+1.55473,-7.69341
+1.55517,-7.65511
+1.55548,-7.62345
+1.55585,-7.75924
+1.55635,-7.80257
+1.55674,-7.84606
+1.55711,-7.85068
+1.55749,-7.76007
+1.55794,-7.75449
+1.55838,-7.74081
+1.55873,-7.71273
+1.55913,-7.74602
+1.55949,-7.80369
+1.55987,-7.72342
+1.56037,-7.79565
+1.5609,-7.71396
+1.56116,-7.68805
+1.56148,-7.78139
+1.56185,-7.68073
+1.56223,-7.66999
+1.56273,-7.74882
+1.5631,-7.62588
+1.56349,-7.7122
+1.56386,-7.65679
+1.56423,-7.61022
+1.56473,-7.81404
+1.56511,-7.79062
+1.56548,-7.81819
+1.56585,-7.87057
+1.56622,-7.88132
+1.56674,-7.78335
+1.56711,-7.90491
+1.56748,-7.73549
+1.56799,-7.69516
+1.56836,-7.74657
+1.56873,-7.69511
+1.5691,-7.76402
+1.56948,-7.7733
+1.57004,-7.73642
+1.57026,-7.6971
+1.57074,-7.72274
+1.5711,-7.76428
+1.57158,-7.88522
+1.57193,-7.96118
+1.57235,-7.84481
+1.57292,-7.70726
+1.57313,-7.67055
+1.57349,-7.65757
+1.57386,-7.63988
+1.57423,-7.67473
+1.57473,-7.65965
+1.57511,-7.57013
+1.57552,-7.4541
+1.57589,-7.39246
+1.57625,-7.40404
+1.57673,-7.48418
+1.57711,-7.5503
+1.57749,-7.53439
+1.57787,-7.65154
+1.57836,-7.5586
+1.57873,-7.5731
+1.57911,-7.49735
+1.57948,-7.54337
+1.57988,-7.55314
+1.58036,-7.56298
+1.58073,-7.60091
+1.58111,-7.52936
+1.58148,-7.54042
+1.58187,-7.42431
+1.5824,-7.59602
+1.58273,-7.54241
+1.5831,-7.61742
+1.58348,-7.59841
+1.58386,-7.54038
+1.58423,-7.59273
+1.58474,-7.50301
+1.58511,-7.42779
+1.58549,-7.36635
+1.58586,-7.43042
+1.58622,-7.23981
+1.58674,-7.1968
+1.58711,-7.32017
+1.58748,-7.29047
+1.58798,-7.3094
+1.58836,-7.18392
+1.58873,-7.23612
+1.58911,-7.24789
+1.58948,-7.27254
+1.58987,-7.14473
+1.59037,-7.18837
+1.59073,-7.24232
+1.59136,-7.11188
+1.59164,-7.0979
+1.59199,-7.07769
+1.59236,-7.08521
+1.59277,-7.03874
+1.59311,-7.0351
+1.59349,-7.01074
+1.59396,-6.96929
+1.59423,-6.96715
+1.59473,-6.9455
+1.59511,-6.97375
+1.59548,-7.00256
+1.59585,-7.03514
+1.59636,-7.04999
+1.59689,-7.04948
+1.59715,-6.93726
+1.59749,-7.02013
+1.59786,-7.15281
+1.59836,-7.20931
+1.59873,-7.25862
+1.59911,-7.24137
+1.59949,-7.24403
+1.59987,-7.28011
+1.60023,-7.32552
+1.60078,-7.2534
+1.60111,-7.4428
+1.60149,-7.40829
+1.60186,-7.39356
+1.60224,-7.32806
+1.60273,-7.31468
+1.60311,-7.24951
+1.60348,-7.26565
+1.60386,-7.23013
+1.60436,-7.24773
+1.60484,-7.40828
+1.60516,-7.32898
+1.60558,-7.20738
+1.60586,-7.30174
+1.60654,-7.42373
+1.60675,-7.47283
+1.60711,-7.46822
+1.60749,-7.39075
+1.60786,-7.27886
+1.60823,-7.15748
+1.60875,-7.03227
+1.60912,-7.07795
+1.60949,-7.06856
+1.60986,-7.08394
+1.61023,-6.9191
+1.61074,-6.87085
+1.61111,-6.91336
+1.61148,-6.91521
+1.61186,-6.90478
+1.61236,-6.95336
+1.61273,-7.05058
+1.61312,-6.95217
+1.6135,-6.92644
+1.61386,-6.71231
+1.61423,-6.61306
+1.61474,-6.61944
+1.61511,-6.50813
+1.61549,-6.55532
+1.61586,-6.7042
+1.61624,-6.63548
+1.61674,-6.65354
+1.61711,-6.71246
+1.61756,-6.89499
+1.61787,-6.94822
+1.61865,-7.1267
+1.61886,-7.04391
+1.61932,-7.12827
+1.61958,-7.12144
+1.61986,-7.18028
+1.62037,-7.17771
+1.62073,-6.96893
+1.62112,-6.97934
+1.62149,-6.88656
+1.62186,-6.86205
+1.62223,-6.81071
+1.62274,-6.82989
+1.62312,-6.75843
+1.62349,-6.73864
+1.62386,-6.58696
+1.62424,-6.62371
+1.62474,-6.7192
+1.62511,-6.66559
+1.62549,-6.63054
+1.62586,-6.60221
+1.62625,-6.69723
+1.62673,-6.67667
+1.62712,-6.61651
+1.62749,-6.54752
+1.62786,-6.59825
+1.62836,-6.69646
+1.62887,-6.68045
+1.62913,-6.68162
+1.62949,-6.68733
+1.62986,-6.73883
+1.63023,-6.6467
+1.63074,-6.64162
+1.63111,-6.57586
+1.63149,-6.6015
+1.63187,-6.54766
+1.63224,-6.3835
+1.63274,-6.44545
+1.63312,-6.39367
+1.63349,-6.47917
+1.63387,-6.4819
+1.63423,-6.41699
+1.63477,-6.37421
+1.63511,-6.46471
+1.63549,-6.43624
+1.63586,-6.42649
+1.63636,-6.52318
+1.63673,-6.45154
+1.63712,-6.53392
+1.6375,-6.27195
+1.63786,-6.22818
+1.63826,-6.20064
+1.63875,-6.08115
+1.63912,-6.12335
+1.63976,-6.09015
+1.63995,-6.12096
+1.6405,-5.98
+1.64075,-5.95246
+1.64112,-5.92646
+1.64149,-6.062
+1.64186,-6.08048
+1.64224,-6.07206
+1.64274,-6.17696
+1.64311,-6.14308
+1.64349,-6.20019
+1.64386,-6.18695
+1.64436,-6.22109
+1.64474,-6.21701
+1.64574,-6.16951
+1.64594,-6.26843
+1.64624,-6.1758
+1.64674,-6.23958
+1.64712,-6.17927
+1.64749,-6.12873
+1.64786,-6.10555
+1.64823,-6.10216
+1.64874,-6.08062
+1.64912,-6.07619
+1.6495,-6.12052
+1.64986,-5.94484
+1.65025,-5.95259
+1.65075,-5.85427
+1.65111,-5.90542
+1.65149,-5.98034
+1.65186,-5.95966
+1.65224,-5.86987
+1.65306,-5.89792
+1.65324,-5.96673
+1.6535,-5.81303
+1.65394,-5.83088
+1.65424,-5.90216
+1.65474,-5.92047
+1.65511,-5.88438
+1.65549,-5.89495
+1.65587,-5.86747
+1.65624,-5.94777
+1.65674,-5.87553
+1.65711,-5.76265
+1.65749,-5.74653
+1.65786,-5.69591
+1.65824,-5.69836
+1.65887,-5.70886
+1.65924,-5.72663
+1.65951,-5.50428
+1.65986,-5.42496
+1.66024,-5.28496
+1.66074,-5.27329
+1.66111,-5.19891
+1.6615,-5.26683
+1.66187,-5.30185
+1.66224,-5.14578
+1.66274,-5.02866
+1.66311,-4.97407
+1.6635,-4.99152
+1.66386,-4.95753
+1.66424,-5.06293
+1.66473,-5.06543
+1.66512,-5.15411
+1.66549,-5.0994
+1.66587,-5.09914
+1.66623,-5.14863
+1.66677,-5.13543
+1.66711,-5.12505
+1.66749,-5.34392
+1.66787,-5.4176
+1.66823,-5.30513
+1.66875,-5.356
+1.66911,-5.31743
+1.6695,-5.26416
+1.66987,-5.26976
+1.67024,-5.26011
+1.67075,-5.30726
+1.67112,-5.24842
+1.67149,-5.06954
+1.67187,-5.0377
+1.67237,-5.07698
+1.67274,-4.90029
+1.67311,-4.89974
+1.67349,-4.90134
+1.67397,-4.77664
+1.67423,-4.77656
+1.67474,-4.7285
+1.67521,-4.71488
+1.67549,-4.67041
+1.67586,-4.66586
+1.67623,-4.64498
+1.67674,-4.7223
+1.67712,-4.69923
+1.67749,-4.7609
+1.67787,-4.78014
+1.67824,-4.85278
+1.67874,-4.95896
+1.67912,-5.08625
+1.67949,-5.07406
+1.67986,-5.0699
+1.68024,-5.00631
+1.68074,-5.11961
+1.68112,-5.03127
+1.6815,-4.93107
+1.68197,-4.88261
+1.68223,-4.77222
+1.68274,-4.65188
+1.68312,-4.62596
+1.68349,-4.49549
+1.68386,-4.36362
+1.68423,-4.42212
+1.68476,-4.21379
+1.68511,-4.25477
+1.68549,-4.25419
+1.68586,-4.29515
+1.6864,-4.15811
+1.68694,-4.17184
+1.68728,-4.05508
+1.68749,-4.14601
+1.68787,-4.23839
+1.68824,-4.18827
+1.68874,-4.22388
+1.68912,-4.16147
+1.68962,-4.12426
+1.68988,-4.06545
+1.69023,-4.11462
+1.69075,-4.06696
+1.69112,-4.01026
+1.69149,-4.07114
+1.69186,-3.97639
+1.69224,-3.99131
+1.69274,-3.9963
+1.69312,-3.99687
+1.69349,-3.93173
+1.69387,-4.01858
+1.69424,-4.07105
+1.69474,-3.96539
+1.69511,-3.88984
+1.69549,-3.91053
+1.69587,-3.94303
+1.69624,-3.72842
+1.69674,-3.65235
+1.69711,-3.61505
+1.6975,-3.68167
+1.69787,-3.59534
+1.69824,-3.35311
+1.69892,-3.30965
+1.69937,-3.27771
+1.69959,-3.20612
+1.69988,-3.12394
+1.70038,-3.15654
+1.70075,-3.10648
+1.70112,-3.00072
+1.70149,-3.06086
+1.70186,-2.9285
+1.70224,-3.03904
+1.70274,-2.94323
+1.70312,-2.98931
+1.7035,-2.93047
+1.70387,-2.86923
+1.70424,-2.89698
+1.70475,-2.8367
+1.70512,-2.79884
+1.70549,-2.68986
+1.70586,-2.782
+1.70624,-2.73048
+1.70674,-2.94023
+1.70712,-2.99773
+1.70749,-2.97688
+1.70788,-3.05845
+1.70824,-3.01634
+1.70874,-3.01276
+1.70912,-3.03681
+1.7095,-3.00545
+1.7103,-2.97433
+1.71054,-2.95372
+1.71078,-2.86885
+1.71112,-2.85413
+1.71179,-2.79966
+1.71204,-2.73158
+1.71225,-2.76935
+1.71275,-2.81617
+1.71338,-2.75118
+1.71356,-2.73983
+1.71387,-2.62911
+1.71424,-2.66912
+1.71475,-2.54495
+1.71512,-2.44724
+1.71549,-2.3737
+1.71588,-2.36477
+1.71625,-2.2746
+1.71674,-2.32986
+1.71712,-2.32855
+1.71749,-2.32178
+1.71787,-2.33279
+1.71824,-2.2799
+1.71876,-2.30081
+1.71912,-2.3589
+1.71949,-2.41166
+1.71999,-2.3787
+1.72038,-2.37374
+1.72076,-2.25811
+1.72111,-2.21337
+1.7215,-2.18665
+1.72187,-2.17548
+1.72225,-2.23542
+1.72274,-2.16754
+1.72312,-2.10257
+1.7235,-1.99489
+1.72387,-1.97012
+1.72424,-1.95474
+1.72474,-1.98879
+1.72512,-2.07665
+1.7255,-2.07398
+1.72587,-2.00569
+1.72625,-1.9787
+1.72678,-2.0763
+1.72712,-2.04005
+1.72749,-2.09058
+1.72787,-1.95086
+1.72825,-1.79498
+1.72874,-1.75692
+1.72912,-1.66943
+1.7295,-1.64027
+1.72988,-1.63616
+1.73024,-1.56881
+1.73085,-1.44624
+1.73113,-1.41702
+1.7315,-1.38021
+1.7319,-1.41679
+1.73224,-1.5576
+1.73275,-1.50788
+1.73312,-1.52923
+1.7335,-1.47795
+1.73387,-1.51293
+1.73424,-1.38065
+1.73475,-1.51664
+1.73545,-1.4614
+1.73564,-1.51776
+1.73591,-1.54398
+1.73632,-1.37912
+1.73675,-1.43541
+1.73713,-1.38215
+1.73754,-1.31438
+1.7379,-1.2948
+1.73824,-1.3164
+1.73874,-1.2327
+1.73912,-1.15219
+1.7395,-1.02453
+1.73986,-0.986645
+1.74037,-1.12343
+1.74075,-1.03416
+1.74112,-1.00048
+1.74149,-0.991797
+1.74188,-0.929746
+1.74225,-1.02826
+1.74276,-0.993965
+1.74313,-1.08736
+1.7435,-1.17513
+1.74414,-1.18897
+1.74434,-1.08684
+1.74475,-1.02705
+1.74512,-1.12682
+1.74576,-1.11104
+1.74597,-1.07979
+1.74646,-0.968312
+1.74697,-0.949014
+1.74724,-0.905421
+1.74814,-0.851015
+1.74842,-0.844938
+1.74874,-0.895754
+1.74911,-0.929217
+1.7495,-0.763459
+1.74987,-0.679527
+1.75049,-0.697189
+1.75075,-0.780315
+1.75111,-0.791456
+1.75149,-0.866868
+1.75187,-0.856275
+1.75225,-0.85892
+1.75275,-0.7572
+1.75312,-0.713789
+1.7535,-0.766675
+1.75387,-0.825384
+1.75424,-0.849136
+1.75475,-0.645152
+1.75511,-0.551663
+1.75549,-0.425966
+1.75588,-0.295634
+1.75624,-0.243118
+1.75675,-0.28157
+1.75712,-0.305876
+1.7577,-0.28196
+1.7579,-0.252137
+1.75842,-0.175841
+1.75874,-0.276759
+1.75911,-0.286768
+1.75956,-0.352893
+1.75987,-0.423442
+1.76034,-0.351938
+1.76074,-0.329249
+1.76128,-0.222357
+1.76151,-0.31722
+1.76187,-0.345628
+1.76224,-0.285164
+1.76274,-0.200458
+1.76312,-0.253563
+1.76349,-0.179072
+1.76387,-0.139207
+1.76423,-0.123555
+1.76474,+0.00814772
+1.76512,+0.0187971
+1.76549,+0.17096
+1.76586,+0.266496
+1.76625,+0.200627
+1.76674,+0.297086
+1.76712,+0.395343
+1.76762,+0.469769
+1.76787,+0.558715
+1.76824,+0.578063
+1.76875,+0.430937
+1.76912,+0.447185
+1.7695,+0.3571
+1.76987,+0.349152
+1.77037,+0.507183
+1.77075,+0.435378
+1.77112,+0.457849
+1.77149,+0.36022
+1.77188,+0.353821
+1.77225,+0.294362
+1.77277,+0.407728
+1.77312,+0.395725
+1.77349,+0.582318
+1.77417,+0.554951
+1.77437,+0.650675
+1.77474,+0.712259
+1.77511,+0.740012
+1.7755,+0.885503
+1.77587,+0.963577
+1.77625,+1.03795
+1.77674,+0.971812
+1.77712,+1.03906
+1.7778,+0.930338
+1.77808,+1.05974
+1.77835,+0.95532
+1.77877,+0.926334
+1.77912,+0.834591
+1.77952,+0.825628
+1.77988,+0.878234
+1.78026,+0.924651
+1.78075,+1.01427
+1.78112,+0.999491
+1.78149,+1.02954
+1.782,+0.933195
+1.78226,+0.940966
+1.78274,+0.974459
+1.78344,+1.05425
+1.78371,+1.08928
+1.78407,+0.955715
+1.78434,+0.958381
+1.78487,+0.951027
+1.78512,+1.04361
+1.78549,+1.18772
+1.78587,+1.17468
+1.78625,+1.2135
+1.78674,+1.32897
+1.78711,+1.38748
+1.7875,+1.38741
+1.78788,+1.50949
+1.78824,+1.61712
+1.78874,+1.78201
+1.78912,+1.69738
+1.7895,+1.69051
+1.78987,+1.83467
+1.79024,+1.75557
+1.79075,+1.70197
+1.79114,+1.72424
+1.79149,+1.80606
+1.79186,+1.80095
+1.79237,+1.66875
+1.79275,+1.44118
+1.79314,+1.49741
+1.7935,+1.45799
+1.79398,+1.52239
+1.79426,+1.52929
+1.79475,+1.51986
+1.79512,+1.65997
+1.79549,+1.49087
+1.79588,+1.38948
+1.79625,+1.48506
+1.79674,+1.51818
+1.79712,+1.61624
+1.7975,+1.56468
+1.79787,+1.50958
+1.79824,+1.61962
+1.79875,+1.6322
+1.79912,+1.49489
+1.7995,+1.60462
+1.79987,+1.76567
+1.80024,+1.74069
+1.80087,+1.96173
+1.80116,+1.96996
+1.80149,+2.05555
+1.80187,+2.03446
+1.80225,+2.04425
+1.80262,+2.13179
+1.80312,+2.22984
+1.80353,+2.27789
+1.80389,+2.17077
+1.80449,+2.24305
+1.80476,+2.18635
+1.80512,+2.16112
+1.8055,+2.16613
+1.80587,+2.25238
+1.80632,+2.17434
+1.80675,+2.18963
+1.80714,+2.0485
+1.80749,+2.06257
+1.80787,+2.05775
+1.80825,+2.09564
+1.80905,+2.11938
+1.80927,+2.13086
+1.80951,+2.15944
+1.80987,+2.1448
+1.81025,+2.22804
+1.81075,+2.20049
+1.81112,+2.45224
+1.8115,+2.51621
+1.81201,+2.70094
+1.81227,+2.66098
+1.81262,+2.79869
+1.81312,+2.83753
+1.8135,+2.87986
+1.81388,+3.0279
+1.81425,+3.12689
+1.81462,+3.1778
+1.81512,+3.07424
+1.8155,+3.17198
+1.81588,+3.02839
+1.81625,+3.07837
+1.81662,+2.99655
+1.81712,+3.11037
+1.8175,+3.12916
+1.81787,+3.03074
+1.81825,+3.02652
+1.81861,+2.97387
+1.81912,+2.96352
+1.8195,+2.9004
+1.81987,+3.04424
+1.82024,+3.07516
+1.82074,+3.09239
+1.82112,+2.95463
+1.8215,+3.01128
+1.82287,+2.9862
+1.82315,+2.98184
+1.82344,+2.96943
+1.82389,+3.05783
+1.82406,+3.05345
+1.82428,+3.1017
+1.82462,+3.11977
+1.82512,+3.12765
+1.82551,+3.1809
+1.82588,+3.15713
+1.82648,+3.28121
+1.82678,+3.26384
+1.82713,+3.36239
+1.8275,+3.32708
+1.82787,+3.26664
+1.82825,+3.21541
+1.82875,+3.16306
+1.82912,+3.23596
+1.82951,+3.23376
+1.83004,+3.26099
+1.83026,+3.27294
+1.83075,+3.26341
+1.83112,+3.29023
+1.83162,+3.3407
+1.83189,+3.32
+1.83226,+3.36031
+1.83262,+3.36977
+1.83312,+3.38989
+1.8335,+3.40571
+1.83387,+3.45613
+1.83425,+3.46938
+1.83462,+3.53271
+1.83512,+3.57759
+1.83549,+3.55221
+1.83588,+3.69364
+1.83625,+3.76381
+1.83662,+3.83725
+1.83712,+3.89553
+1.8375,+4.02568
+1.83791,+4.11889
+1.83825,+4.03159
+1.8388,+4.08327
+1.83912,+4.10366
+1.83956,+4.19967
+1.83987,+4.23458
+1.84026,+4.2907
+1.84075,+4.31259
+1.84112,+4.27887
+1.84151,+4.18136
+1.84187,+4.13346
+1.84225,+4.24814
+1.84262,+4.2277
+1.84317,+4.19426
+1.84353,+4.19633
+1.84388,+4.20044
+1.84426,+4.13877
+1.84463,+4.157
+1.84513,+4.13565
+1.84551,+4.2435
+1.84587,+4.23774
+1.84625,+4.17872
+1.84662,+4.34191
+1.84712,+4.35057
+1.8475,+4.36468
+1.84787,+4.48499
+1.84828,+4.45496
+1.84875,+4.44251
+1.84913,+4.46468
+1.8495,+4.45193
+1.85054,+4.49527
+1.85075,+4.58472
+1.85094,+4.56663
+1.85116,+4.605
+1.8515,+4.64706
+1.85188,+4.64873
+1.85226,+4.80876
+1.85262,+4.86018
+1.85312,+4.86773
+1.85349,+4.79141
+1.85388,+4.83176
+1.85425,+4.87558
+1.85462,+4.89647
+1.85514,+4.91226
+1.85569,+4.9206
+1.85613,+4.86017
+1.85638,+4.75658
+1.85674,+4.78561
+1.85712,+4.69954
+1.85752,+4.8579
+1.85787,+4.81723
+1.85825,+4.79538
+1.85862,+4.7543
+1.85912,+4.77632
+1.8595,+4.83161
+1.85987,+4.84684
+1.86025,+5.01642
+1.86075,+5.12128
+1.86151,+5.37996
+1.86171,+5.29649
+1.86201,+5.34095
+1.86226,+5.39994
+1.86262,+5.39855
+1.86313,+5.48514
+1.8635,+5.45736
+1.86387,+5.57984
+1.86425,+5.38799
+1.86474,+5.36612
+1.86513,+5.35067
+1.8655,+5.47353
+1.86587,+5.47222
+1.8664,+5.60794
+1.86674,+5.66717
+1.86713,+5.62581
+1.86749,+5.71347
+1.86794,+5.59616
+1.86825,+5.72269
+1.86862,+5.74174
+1.86912,+5.68698
+1.8695,+5.66822
+1.86992,+5.65802
+1.87025,+5.5628
+1.87075,+5.66391
+1.87112,+5.79817
+1.87165,+5.72587
+1.87188,+5.7586
+1.87225,+5.74149
+1.87266,+5.75685
+1.87337,+5.8376
+1.87354,+5.75063
+1.87388,+5.87224
+1.87424,+5.90611
+1.87463,+5.87538
+1.87512,+5.82158
+1.8755,+5.84726
+1.8759,+5.92821
+1.87625,+6.00433
+1.87662,+6.06572
+1.87713,+6.11479
+1.8775,+6.34356
+1.87787,+6.36127
+1.87824,+6.37177
+1.87862,+6.52584
+1.87912,+6.45009
+1.8795,+6.57194
+1.87987,+6.78133
+1.88025,+6.83339
+1.88075,+6.92873
+1.88112,+6.99734
+1.8815,+6.98014
+1.88188,+6.98337
+1.88224,+6.99562
+1.88263,+6.87543
+1.88313,+6.96037
+1.8835,+6.86022
+1.88387,+6.81374
+1.88425,+6.78081
+1.88461,+6.72264
+1.88512,+6.62891
+1.88557,+6.6328
+1.88587,+6.61692
+1.88625,+6.64658
+1.88662,+6.68645
+1.88712,+6.75346
+1.88749,+6.85582
+1.88788,+6.83933
+1.88825,+6.96522
+1.88862,+6.98008
+1.88913,+7.02468
+1.8895,+7.02752
+1.88987,+7.00654
+1.89025,+7.10024
+1.89075,+7.12407
+1.89113,+7.12838
+1.8915,+7.06186
+1.89187,+7.09127
+1.89251,+7.06983
+1.89277,+7.03131
+1.89312,+6.97152
+1.8935,+7.01767
+1.89388,+7.17162
+1.89425,+7.23051
+1.89462,+7.33623
+1.89512,+7.39999
+1.8955,+7.59838
+1.89598,+7.49836
+1.89626,+7.50709
+1.89663,+7.62013
+1.8974,+7.71822
+1.89771,+7.84567
+1.89793,+7.8462
+1.89825,+7.81278
+1.89862,+7.7078
+1.89918,+7.79781
+1.89951,+7.64495
+1.89988,+7.71255
+1.90025,+7.71805
+1.90076,+7.70112
+1.90113,+7.78318
+1.9015,+7.68822
+1.90188,+7.68934
+1.90225,+7.70927
+1.90278,+7.73721
+1.90313,+7.72546
+1.90353,+7.83682
+1.90399,+7.82414
+1.90425,+7.77158
+1.90463,+7.77516
+1.90513,+7.83304
+1.9055,+7.90203
+1.90587,+7.98897
+1.90625,+7.9159
+1.90662,+7.88106
+1.90712,+7.79877
+1.9075,+7.82988
+1.90788,+7.91898
+1.90825,+8.02591
+1.90863,+8.05387
+1.90912,+7.9726
+1.90952,+7.9099
+1.90988,+7.90223
+1.91025,+7.95325
+1.91076,+8.07807
+1.91113,+8.09319
+1.9115,+7.99685
+1.91197,+8.06116
+1.91239,+8.00556
+1.91283,+8.10345
+1.91314,+8.11384
+1.9135,+8.19158
+1.91387,+8.20598
+1.91426,+8.30413
+1.91463,+8.2924
+1.91513,+8.35796
+1.9155,+8.53118
+1.91589,+8.61516
+1.91626,+8.73655
+1.91663,+8.8561
+1.91713,+8.95441
+1.9175,+8.90445
+1.91788,+8.87796
+1.91826,+8.85061
+1.91893,+8.81261
+1.91914,+8.80863
+1.91951,+8.81202
+1.91988,+8.77691
+1.92025,+8.81981
+1.92075,+8.66716
+1.92113,+8.61173
+1.92151,+8.75638
+1.92188,+8.73584
+1.92227,+8.74284
+1.92263,+8.88632
+1.92313,+9.01984
+1.92351,+8.95834
+1.92388,+8.89565
+1.92425,+8.94629
+1.92462,+8.94255
+1.92513,+9.00202
+1.92551,+8.88865
+1.92588,+9.07896
+1.92626,+9.21205
+1.92663,+9.22307
+1.92713,+9.1853
+1.92751,+9.31165
+1.92788,+9.3807
+1.92826,+9.40931
+1.92862,+9.42384
+1.92913,+9.34941
+1.9295,+9.49631
+1.92988,+9.43266
+1.93025,+9.40213
+1.93075,+9.49034
+1.93113,+9.4504
+1.93151,+9.49452
+1.93195,+9.6025
+1.93226,+9.63894
+1.93263,+9.74969
+1.93313,+10.0098
+1.93351,+9.93263
+1.93388,+10.0319
+1.93426,+10.053
+1.93463,+10.1041
+1.93513,+10.2516
+1.9355,+10.2924
+1.93587,+10.2614
+1.93626,+10.2101
+1.93663,+10.1815
+1.93713,+10.1347
+1.9375,+10.2524
+1.93789,+10.1521
+1.93828,+10.1424
+1.93863,+10.0499
+1.93913,+10.066
+1.93951,+10.082
+1.93988,+10.0674
+1.94025,+10.0733
+1.94076,+10.1107
+1.94113,+10.1788
+1.94151,+10.0731
+1.94188,+10.1919
+1.94225,+10.2873
+1.94276,+10.3733
+1.94313,+10.3396
+1.94354,+10.4245
+1.94388,+10.4797
+1.94426,+10.4883
+1.94463,+10.5116
+1.94513,+10.4372
+1.94551,+10.6191
+1.94588,+10.6374
+1.94626,+10.6272
+1.94663,+10.6981
+1.94713,+10.7412
+1.94751,+10.73
+1.94789,+10.7937
+1.94834,+10.8435
+1.94873,+10.8549
+1.94913,+10.9773
+1.9495,+10.96
+1.94988,+10.9464
+1.95026,+11.0292
+1.95075,+11.0476
+1.95113,+11.0308
+1.95151,+10.9449
+1.95189,+11.0028
+1.95298,+11.1331
+1.95334,+11.2185
+1.95356,+11.1315
+1.95388,+11.1131
+1.95425,+11.1962
+1.95463,+11.1509
+1.95513,+11.208
+1.9555,+11.2756
+1.95587,+11.304
+1.95626,+11.1709
+1.95663,+11.0807
+1.95712,+11.0527
+1.95751,+11.0003
+1.95788,+11.0788
+1.95826,+11.09
+1.95862,+11.05
+1.95947,+10.982
+1.95974,+11.0236
+1.96,+11.0809
+1.96027,+11.14
+1.96076,+11.18
+1.96113,+11.2103
+1.96151,+11.3405
+1.96188,+11.2072
+1.96233,+11.2109
+1.96262,+11.2902
+1.96312,+11.2459
+1.96351,+11.2856
+1.96392,+11.1993
+1.96426,+11.2802
+1.96464,+11.3276
+1.96513,+11.3721
+1.96551,+11.34
+1.96588,+11.3644
+1.96626,+11.4047
+1.96663,+11.4612
+1.96713,+11.465
+1.9675,+11.4422
+1.96788,+11.597
+1.96826,+11.5019
+1.96863,+11.5155
+1.96913,+11.4291
+1.96951,+11.3285
+1.96988,+11.4961
+1.97025,+11.4759
+1.97082,+11.4288
+1.97113,+11.498
+1.97151,+11.5371
+1.97187,+11.5045
+1.97226,+11.6605
+1.97263,+11.683
+1.97313,+11.7952
+1.9735,+12.0778
+1.97388,+12.1563
+1.97426,+12.1675
+1.97463,+12.3068
+1.97513,+12.302
+1.97551,+12.3326
+1.97603,+12.4011
+1.97628,+12.3581
+1.97663,+12.3275
+1.97713,+12.3146
+1.97751,+12.1443
+1.97788,+12.0921
+1.97826,+12.1187
+1.97868,+12.0632
+1.97913,+12.1829
+1.97951,+12.1845
+1.98007,+12.1303
+1.98031,+12.2428
+1.98076,+12.3458
+1.98113,+12.5288
+1.98151,+12.6605
+1.98188,+12.773
+1.98227,+12.84
+1.98263,+12.9487
+1.98313,+12.8465
+1.9835,+12.8425
+1.98389,+12.991
+1.98426,+13.0603
+1.98463,+12.9417
+1.98513,+12.7936
+1.98551,+12.7438
+1.98588,+12.6452
+1.98626,+12.5452
+1.98663,+12.517
+1.98714,+12.5365
+1.98751,+12.5562
+1.98788,+12.4538
+1.98826,+12.4858
+1.98863,+12.6005
+1.98913,+12.6384
+1.98951,+12.6951
+1.98994,+12.7759
+1.99027,+12.8636
+1.99063,+12.9153
+1.99113,+13.0412
+1.9915,+12.9572
+1.99189,+13.1489
+1.99226,+13.0909
+1.99263,+13.0939
+1.99314,+13.1154
+1.99351,+13.1443
+1.99388,+13.0821
+1.99425,+13.1313
+1.99463,+12.9481
+1.99514,+12.9744
+1.99551,+13.1424
+1.99588,+12.999
+1.99627,+12.9328
+1.99663,+12.9719
+1.99713,+13.0072
+1.99751,+13.0136
+1.99788,+13.0759
+1.99844,+13.0822
+1.99872,+11.9
+1.99913,+10.5209
+1.99951,+9.1683
+1.9999,+7.90209
