+0,+1.09888
+0.0003,+0.0579732
+0.0008,-0.950132
+0.0012,-2.03206
+0.0016,-3.00829
+0.002,-3.93051
+0.0023,-3.94285
+0.0028,-3.82273
+0.0032,-5.24698
+0.0036,-5.11855
+0.004,-5.2093
+0.0043,-5.18356
+0.0048,-4.926
+0.0052,-4.61043
+0.0056,-4.63146
+0.0059,-4.62474
+0.0063,-6.03701
+0.0068,-6.0884
+0.0072,-6.26875
+0.0076,-7.82895
+0.008,-7.62584
+0.0083,-6.13055
+0.0088,-4.90139
+0.0092,-4.88487
+0.0096,-3.48305
+0.01,-3.37619
+0.0103,-3.58061
+0.0108,-4.9452
+0.0112,-3.39218
+0.0124,-1.81459
+0.0127,-0.678505
+0.0129,-0.801457
+0.0132,-2.30257
+0.0136,-0.9298
+0.014,-2.18224
+0.0143,-2.16693
+0.0148,-1.76705
+0.0152,-1.81891
+0.0156,-3.20344
+0.016,-4.54794
+0.0163,-5.82429
+0.0168,-5.66636
+0.0172,-5.44757
+0.0176,-6.99442
+0.0179,-7.03338
+0.0183,-7.16561
+0.0188,-7.50333
+0.0193,-7.49292
+0.0196,-7.43886
+0.0201,-7.6143
+0.0206,-7.63564
+0.021,-7.69105
+0.0212,-6.44924
+0.0216,-6.45672
+0.0219,-6.55229
+0.0223,-5.02285
+0.0228,-3.50367
+0.0232,-3.4344
+0.0236,-2.0777
+0.0239,-1.97561
+0.0243,-1.89296
+0.0248,-3.23364
+0.0252,-3.26992
+0.0257,-1.71909
+0.026,-0.144381
+0.0263,-1.57883
+0.0268,-2.84782
+0.0272,-1.53536
+0.0276,-1.54701
+0.028,-0.133496
+0.0283,-0.144336
+0.0288,-0.110672
+0.0292,-1.46787
+0.0296,-1.75882
+0.03,-1.79069
+0.0303,-1.82425
+0.0308,-2.09181
+0.0312,-3.41409
+0.0316,-4.85661
+0.0319,-6.34885
+0.0323,-4.81783
+0.0328,-4.77178
+0.0332,-4.70021
+0.0336,-5.68716
+0.0339,-7.11829
+0.0343,-7.17887
+0.0348,-6.93191
+0.0352,-6.79395
+0.0356,-6.73736
+0.0359,-6.69231
+0.0363,-8.18888
+0.0368,-8.19313
+0.0372,-8.16349
+0.0376,-7.06914
+0.0379,-6.98594
+0.0383,-6.91479
+0.0388,-6.97167
+0.0392,-5.73016
+0.0396,-5.78416
+0.0399,-5.66668
+0.0403,-4.21966
+0.0408,-4.24685
+0.0412,-2.77925
+0.0416,-4.00257
+0.042,-4.06332
+0.0423,-3.92308
+0.0428,-2.54766
+0.0432,-2.36907
+0.0436,-2.45143
+0.044,-2.44634
+0.0443,-4.17096
+0.0448,-4.25968
+0.0452,-5.56986
+0.0456,-5.6456
+0.046,-5.74838
+0.0463,-5.84726
+0.0468,-5.93035
+0.0472,-6.0805
+0.0476,-5.83745
+0.0479,-4.35317
+0.0483,-2.74993
+0.0488,-2.55099
+0.0492,-2.71131
+0.0496,-2.66078
+0.05,-2.46189
+0.0503,-2.50623
+0.0508,-3.87562
+0.0512,-3.78789
+0.0516,-3.87961
+0.052,-5.37006
+0.0523,-6.74654
+0.0528,-6.81962
+0.0532,-5.25402
+0.0536,-5.24524
+0.054,-5.1718
+0.0543,-5.07657
+0.0548,-3.55726
+0.0552,-4.8409
+0.0556,-4.62842
+0.0559,-4.56058
+0.0563,-4.4166
+0.0568,-4.29845
+0.0572,-5.89919
+0.0576,-4.45657
+0.0579,-3.16916
+0.0583,-3.22489
+0.0588,-4.43145
+0.0592,-4.60742
+0.0596,-3.47564
+0.06,-3.63288
+0.0603,-3.69423
+0.0608,-2.37668
+0.0612,-0.827954
+0.0616,-2.35383
+0.062,-3.79831
+0.0623,-3.81269
+0.0628,-2.5677
+0.0632,-2.40171
+0.0636,-2.22973
+0.0639,-2.12325
+0.0643,-0.87696
+0.0648,-2.58704
+0.0652,-4.06631
+0.0656,-2.48972
+0.066,-1.19841
+0.0663,-0.865465
+0.0668,-2.3716
+0.0672,-2.38035
+0.0676,-3.76972
+0.068,-2.38537
+0.0683,-3.50822
+0.0688,-3.21726
+0.0692,-1.84572
+0.0696,-3.37223
+0.0699,-4.69657
+0.0703,-5.10378
+0.0707,-5.22019
+0.0713,-5.39204
+0.0716,-5.60314
+0.0721,-7.06464
+0.0723,-7.16191
+0.0728,-7.15804
+0.0732,-8.44755
+0.0736,-8.36915
+0.074,-8.0664
+0.0743,-7.936
+0.0748,-7.74652
+0.0752,-7.81151
+0.0756,-7.55453
+0.0759,-7.55969
+0.0763,-6.30223
+0.0768,-4.87151
+0.0772,-4.89871
+0.0776,-4.92983
+0.078,-5.15722
+0.0783,-4.93023
+0.0788,-5.02826
+0.0792,-3.50621
+0.0796,-2.25948
+0.08,-2.34671
+0.0803,-3.72916
+0.0808,-4.98588
+0.0812,-3.64013
+0.0816,-3.50742
+0.082,-2.06764
+0.0823,-2.39244
+0.0828,-2.45415
+0.0832,-3.80177
+0.0836,-4.97946
+0.084,-4.83091
+0.0843,-4.66817
+0.0848,-3.48161
+0.0852,-4.90277
+0.0856,-4.96271
+0.086,-5.0998
+0.0863,-3.47421
+0.0868,-3.33099
+0.0872,-2.01899
+0.0876,-2.22285
+0.088,-2.35017
+0.0883,-2.29238
+0.0888,-3.70173
+0.0892,-3.44798
+0.0896,-2.10583
+0.09,-3.59042
+0.0903,-3.69278
+0.0907,-3.86231
+0.0912,-3.76931
+0.0916,-2.25858
+0.092,-1.98627
+0.0923,-1.96507
+0.0928,-0.441207
+0.0932,-0.618107
+0.0936,-2.11744
+0.094,-1.8908
+0.0943,-3.24364
+0.0948,-2.73778
+0.0952,-2.65452
+0.0956,-3.90381
+0.0959,-3.87701
+0.0963,-3.83117
+0.0968,-5.18864
+0.0972,-5.14921
+0.0976,-4.89568
+0.098,-3.2888
+0.0983,-3.22427
+0.0987,-3.37334
+0.0992,-4.72964
+0.0996,-3.54172
+0.1,-3.48826
+0.1003,-3.16256
+0.1007,-1.68862
+0.1012,-1.54526
+0.1016,-0.0780147
+0.1021,-0.136267
+0.1023,-0.157274
+0.1028,-0.199944
+0.1032,-0.241139
+0.1036,-1.63581
+0.104,-1.74234
+0.1043,-0.702073
+0.1048,-0.657118
+0.1052,-0.769324
+0.1056,-2.13533
+0.106,-3.68513
+0.1063,-3.62237
+0.1068,-3.65589
+0.1072,-2.10691
+0.1076,-2.05514
+0.1079,-0.621591
+0.1083,-1.91324
+0.1088,-3.50355
+0.1092,-3.4996
+0.1096,-3.6537
+0.11,-2.16153
+0.1103,-0.880022
+0.1108,-0.925897
+0.1112,-2.38764
+0.1116,-2.38721
+0.1119,-2.42719
+0.1123,-2.4045
+0.1128,-2.20664
+0.1132,-2.20597
+0.1136,-2.24427
+0.114,-3.64278
+0.1148,-3.67094
+0.115,-3.67783
+0.1153,-3.7444
+0.1156,-2.31243
+0.1159,-3.77965
+0.1163,-3.89339
+0.1167,-3.98115
+0.1172,-3.84808
+0.1177,-2.29453
+0.118,-2.36813
+0.1183,-2.23242
+0.1187,-2.26841
+0.1192,-2.32956
+0.1196,-2.29008
+0.12,-2.20448
+0.1203,-2.06906
+0.1207,-1.94499
+0.1212,-0.625461
+0.1216,-2.23336
+0.122,-0.613316
+0.1223,-2.08458
+0.1228,-1.8644
+0.1232,-1.82251
+0.1236,-3.23577
+0.1239,-3.16143
+0.1243,-2.87079
+0.1247,-1.63419
+0.1252,-2.9868
+0.1256,-2.85996
+0.126,-2.84964
+0.1263,-1.58462
+0.1268,-1.70844
+0.1272,-0.160605
+0.1276,-0.0937891
+0.128,+0.0542778
+0.1283,+0.978699
+0.1287,-0.313056
+0.1292,-0.176078
+0.1296,+1.23955
+0.13,+1.08942
+0.1303,-0.082582
+0.1307,+1.32962
+0.1312,-0.188639
+0.1316,-0.234569
+0.1319,+0.929662
+0.1325,-0.333449
+0.1327,-0.306416
+0.1332,-0.400099
+0.1336,-1.6388
+0.1339,-2.89401
+0.1343,-2.88996
+0.1347,-4.27682
+0.1352,-2.70325
+0.1356,-1.22799
+0.136,-2.3592
+0.1363,-2.35139
+0.1367,-2.43043
+0.1372,-2.35889
+0.1376,-2.4366
+0.138,-0.954802
+0.1383,-0.907613
+0.1387,-0.866221
+0.1392,-0.806815
+0.1396,-0.761936
+0.1399,+0.538208
+0.1403,+1.95072
+0.1408,+3.44488
+0.1412,+4.9061
+0.1416,+6.39055
+0.142,+4.7683
+0.1423,+6.18327
+0.1428,+6.40306
+0.1432,+4.88058
+0.1436,+4.94697
+0.144,+3.59614
+0.1443,+3.63496
+0.1447,+3.92432
+0.1452,+2.53922
+0.1456,+1.22243
+0.146,+1.4656
+0.1463,+0.491011
+0.1467,+0.826997
+0.1472,+2.46127
+0.1476,+2.707
+0.148,+3.03578
+0.1483,+3.16294
+0.1488,+3.13527
+0.1492,+4.66721
+0.1496,+4.71623
+0.15,+6.03146
+0.1503,+5.86649
+0.1507,+5.72753
+0.1512,+4.6314
+0.1516,+3.06104
+0.152,+2.93974
+0.1523,+3.02514
+0.1527,+1.59871
+0.1532,+0.492289
+0.1536,+0.570996
+0.154,+0.756479
+0.1543,+2.05171
+0.1547,+2.29046
+0.1552,+3.29654
+0.1556,+4.93258
+0.156,+6.34428
+0.1563,+5.13721
+0.1568,+6.59413
+0.1572,+6.3472
+0.1576,+6.42582
+0.158,+6.4213
+0.1583,+5.11044
+0.1587,+4.79564
+0.1592,+3.54114
+0.1596,+1.97279
+0.16,+0.593302
+0.1603,+0.471679
+0.1607,+0.399554
+0.1612,+1.64152
+0.1616,+2.98998
+0.162,+2.91812
+0.1623,+2.94815
+0.1628,+3.111
+0.1632,+3.19034
+0.1636,+3.27702
+0.164,+3.2084
+0.1643,+3.18425
+0.1647,+1.79684
+0.1652,+0.407637
+0.1656,-1.10434
+0.166,-0.952458
+0.1663,+0.357097
+0.1667,+1.57718
+0.1672,+1.46065
+0.1676,+2.63423
+0.1679,+3.99964
+0.1683,+3.86687
+0.1688,+3.99814
+0.1692,+4.13413
+0.1696,+4.13951
+0.17,+2.7443
+0.1703,+1.4828
+0.1707,+1.48071
+0.1712,+2.82209
+0.1716,+2.85114
+0.172,+1.58392
+0.1723,+1.5922
+0.1727,+1.42386
+0.1733,+1.49703
+0.1736,+2.67551
+0.174,+2.84551
+0.1743,+2.8141
+0.1747,+2.78265
+0.1752,+1.50246
+0.1756,+0.137193
+0.176,+0.265792
+0.1763,+0.454333
+0.1767,+0.456581
+0.1772,+1.70848
+0.1776,+2.01447
+0.178,+3.10003
+0.1783,+3.32199
+0.1787,+2.09025
+0.1792,+3.47898
+0.1796,+4.83266
+0.18,+6.11673
+0.1803,+7.44129
+0.1807,+8.87043
+0.1812,+8.97791
+0.1816,+7.85251
+0.182,+8.03836
+0.1823,+7.78845
+0.1827,+9.12641
+0.1832,+7.81712
+0.1836,+8.16376
+0.184,+8.34839
+0.1843,+7.10661
+0.1847,+6.09246
+0.1852,+6.25078
+0.1856,+7.29538
+0.186,+7.19909
+0.1863,+8.81772
+0.1867,+7.60676
+0.1872,+8.85898
+0.1876,+7.35753
+0.188,+5.73762
+0.1883,+5.73913
+0.1887,+7.05523
+0.1892,+5.64514
+0.1896,+5.80425
+0.19,+5.97744
+0.1903,+5.97895
+0.1907,+7.22738
+0.1912,+7.38886
+0.1916,+8.86275
+0.192,+10.3514
+0.1923,+11.6529
+0.1927,+11.4817
+0.1945,+12.8683
+0.1946,+11.5143
+0.1949,+10.0628
+0.1952,+8.694
+0.1956,+8.74936
+0.196,+7.45403
+0.1963,+7.45477
+0.1967,+6.08846
+0.1972,+4.75883
+0.1976,+3.50865
+0.198,+3.42904
+0.1983,+4.79968
+0.1987,+4.76008
+0.1992,+6.03514
+0.1996,+5.65725
+0.2,+7.03089
+0.2003,+5.49298
+0.2007,+6.78067
+0.2012,+6.46885
+0.2016,+6.66021
+0.202,+5.48992
+0.2023,+4.35661
+0.2027,+5.49415
+0.2032,+4.51817
+0.2036,+4.62016
+0.204,+4.66599
+0.2045,+4.54448
+0.2048,+4.42873
+0.2052,+4.43969
+0.2056,+5.14363
+0.206,+6.04241
+0.2063,+6.17327
+0.2067,+5.90503
+0.2072,+6.77217
+0.2076,+6.71388
+0.208,+6.56162
+0.2083,+7.56374
+0.2087,+7.40433
+0.2092,+8.55662
+0.2096,+8.46659
+0.21,+8.21401
+0.2103,+9.13173
+0.2107,+9.24515
+0.2112,+9.25267
+0.2116,+9.29204
+0.212,+9.20137
+0.2123,+9.19989
+0.2127,+9.2992
+0.2132,+9.21338
+0.2136,+8.29019
+0.214,+8.70101
+0.2143,+8.75748
+0.2147,+9.05147
+0.2152,+8.21491
+0.2156,+8.41854
+0.216,+7.85913
+0.2163,+8.06314
+0.2172,+8.14937
+0.2174,+7.43202
+0.2176,+8.70957
+0.218,+7.79992
+0.2183,+8.06057
+0.2187,+7.11
+0.2192,+8.46926
+0.2196,+8.57138
+0.22,+9.48626
+0.2203,+9.43306
+0.2207,+8.76327
+0.2212,+8.7105
+0.2216,+7.8079
+0.222,+8.79055
+0.2223,+8.66789
+0.2227,+9.36733
+0.2232,+8.05865
+0.2236,+8.00827
+0.224,+6.95098
+0.2243,+6.95226
+0.2247,+6.90621
+0.2253,+7.99316
+0.2256,+8.65
+0.226,+7.5818
+0.2264,+6.6113
+0.2267,+5.71504
+0.2273,+6.48079
+0.2276,+5.31724
+0.228,+5.2599
+0.2284,+5.1502
+0.2287,+5.12533
+0.2293,+3.96198
+0.2296,+2.91543
+0.23,+2.71111
+0.2304,+3.60401
+0.2307,+3.39738
+0.2313,+2.43245
+0.2316,+3.17193
+0.232,+4.23846
+0.2324,+3.28062
+0.2327,+2.80194
+0.2332,+3.66043
+0.2336,+3.71839
+0.234,+3.76114
+0.2344,+2.80749
+0.2349,+3.64142
+0.2352,+3.35975
+0.2356,+2.16731
+0.236,+1.91994
+0.2364,+2.56005
+0.2367,+3.44502
+0.2373,+2.46006
+0.2376,+3.55936
+0.238,+4.29399
+0.2384,+5.07149
+0.2387,+5.12452
+0.2392,+6.10927
+0.2396,+7.26679
+0.24,+7.44715
+0.2404,+6.74353
+0.2407,+5.81655
+0.2413,+5.88272
+0.2416,+5.75018
+0.242,+5.93463
+0.2424,+4.56618
+0.2427,+4.64213
+0.2433,+3.86269
+0.2436,+2.91249
+0.244,+1.78576
+0.2444,+1.46201
+0.2447,+2.7053
+0.2454,+2.57511
+0.2456,+2.62995
+0.246,+2.55033
+0.2464,+2.53102
+0.2467,+2.59741
+0.2472,+2.66698
+0.2476,+2.83567
+0.248,+2.68407
+0.2484,+2.90364
+0.2487,+2.92987
+0.2493,+4.00788
+0.2496,+3.89809
+0.25,+2.62879
+0.2504,+3.03914
+0.2507,+2.94052
+0.2513,+3.90223
+0.2516,+4.88523
+0.252,+5.90414
+0.2524,+6.78329
+0.2527,+6.52696
+0.2533,+6.4212
+0.2536,+6.27209
+0.254,+6.3508
+0.2544,+7.27165
+0.2547,+6.20599
+0.2553,+4.89539
+0.2556,+4.80085
+0.256,+3.61429
+0.2564,+2.51087
+0.2567,+2.43246
+0.2573,+1.13469
+0.2576,+0.977501
+0.258,+0.953167
+0.2584,-0.328068
+0.2588,-0.465437
+0.2592,+0.402686
+0.2596,+0.146746
+0.26,+1.10149
+0.2604,+0.626231
+0.2608,-0.492372
+0.2613,+0.555906
+0.2616,+0.410552
+0.262,+0.123715
+0.2624,+0.112962
+0.2627,-0.165021
+0.2633,-0.259338
+0.2636,-0.438259
+0.264,-0.839459
+0.2644,+0.304268
+0.2647,+1.05839
+0.2653,+0.620537
+0.2656,+0.540977
+0.266,+1.52966
+0.2664,+1.47193
+0.2668,+1.44039
+0.2673,+0.126181
+0.2676,-0.864395
+0.268,-0.690796
+0.2684,-1.6773
+0.2687,-2.54154
+0.2693,-2.28796
+0.2696,-2.14659
+0.27,-2.05669
+0.2704,-1.42525
+0.2707,-0.261485
+0.2712,-0.114225
+0.2716,+0.773632
+0.272,-0.219939
+0.2724,+0.795556
+0.2727,+1.80704
+0.2733,+0.564749
+0.2736,+0.353896
+0.274,-0.892611
+0.2744,-1.62869
+0.2747,-2.77359
+0.2753,-2.7131
+0.2756,-2.63794
+0.276,-2.50897
+0.2764,-2.39791
+0.2767,-3.49288
+0.2773,-3.23789
+0.2776,-4.0808
+0.278,-3.85684
+0.2784,-3.87371
+0.2788,-3.78164
+0.2793,-3.72488
+0.2796,-4.73578
+0.28,-4.87901
+0.2804,-6.00725
+0.2808,-5.96949
+0.2813,-6.10243
+0.2816,-6.0022
+0.282,-6.11169
+0.2824,-6.12607
+0.2827,-5.93905
+0.2832,-5.84768
+0.2836,-5.61675
+0.284,-5.48677
+0.2843,-5.28691
+0.2847,-5.18435
+0.2852,-5.00412
+0.2856,-4.91964
+0.286,-4.59686
+0.2863,-4.53667
+0.2867,-4.48573
+0.2872,-4.30612
+0.2876,-4.25164
+0.288,-4.25373
+0.2883,-4.55952
+0.2887,-3.54316
+0.2892,-3.34753
+0.2896,-3.33334
+0.29,-3.29269
+0.2903,-3.23986
+0.2907,-3.51607
+0.2912,-3.70234
+0.2916,-4.01081
+0.292,-3.97067
+0.2923,-3.54878
+0.2927,-4.60541
+0.2932,-5.00851
+0.2936,-5.40526
+0.294,-5.79689
+0.2943,-5.75436
+0.2947,-5.73929
+0.2952,-5.97705
+0.2956,-6.10625
+0.296,-6.50711
+0.2963,-6.8511
+0.2967,-7.20399
+0.2972,-7.32823
+0.2976,-7.56871
+0.298,-7.77741
+0.2983,-7.26156
+0.2987,-7.62615
+0.2992,-7.85086
+0.2996,-8.22758
+0.3,-8.40296
+0.3003,-7.733
+0.3007,-7.80698
+0.3012,-7.07261
+0.3016,-7.12543
+0.302,-6.23424
+0.3023,-7.29697
+0.3027,-7.26862
+0.3032,-7.44574
+0.3036,-6.59565
+0.304,-6.78858
+0.3043,-6.995
+0.3047,-7.21174
+0.3052,-8.16461
+0.3056,-8.37566
+0.306,-9.59249
+0.3063,-9.80398
+0.3067,-10.1071
+0.3072,-10.0023
+0.3076,-10.7508
+0.308,-10.6313
+0.3083,-11.7152
+0.3087,-11.6354
+0.3092,-12.1535
+0.3096,-12.1812
+0.31,-11.9634
+0.3103,-10.7446
+0.3107,-10.7507
+0.3111,-10.6877
+0.3116,-10.9202
+0.312,-11.1439
+0.3123,-11.1215
+0.3127,-11.1296
+0.3132,-10.7419
+0.3136,-10.6862
+0.314,-10.9554
+0.3144,-12.221
+0.3147,-12.2517
+0.3151,-12.3767
+0.3156,-12.1003
+0.316,-11.9143
+0.3163,-11.8569
+0.3167,-11.9273
+0.3172,-11.9578
+0.3176,-11.702
+0.318,-11.5834
+0.3183,-11.5713
+0.3187,-11.3728
+0.3196,-11.3267
+0.3199,-11.263
+0.3201,-10.0366
+0.3203,-9.96533
+0.3207,-9.99932
+0.3211,-9.98493
+0.3216,-10.2207
+0.322,-9.13478
+0.3223,-9.02178
+0.3227,-8.97932
+0.3231,-8.96278
+0.3236,-9.01833
+0.324,-10.2801
+0.3243,-10.2621
+0.3247,-10.2029
+0.3252,-10.3125
+0.3256,-10.1951
+0.326,-11.2442
+0.3263,-11.295
+0.3267,-11.4777
+0.3273,-11.5436
+0.3276,-11.8255
+0.328,-11.8563
+0.3283,-12.0287
+0.3287,-12.1267
+0.3291,-11.9529
+0.3296,-12.1528
+0.33,-11.165
+0.3303,-11.3706
+0.3307,-11.3194
+0.3311,-11.3537
+0.3316,-11.2666
+0.332,-11.4009
+0.3323,-11.2171
+0.3327,-11.27
+0.3331,-11.2426
+0.3336,-11.2939
+0.334,-12.5713
+0.3343,-12.4643
+0.3347,-12.6157
+0.3351,-12.781
+0.3356,-12.6649
+0.336,-12.6783
+0.3363,-12.8297
+0.3367,-12.9414
+0.3372,-13.2598
+0.3376,-13.0211
+0.338,-13.1387
+0.3383,-13.2026
+0.3387,-13.4511
+0.3391,-13.5727
+0.3396,-13.8567
+0.34,-13.9288
+0.3403,-14.2827
+0.3407,-14.1899
+0.3411,-12.9352
+0.3416,-13.409
+0.342,-13.3769
+0.3423,-13.2965
+0.3427,-13.3932
+0.3431,-13.6062
+0.3436,-13.8916
+0.344,-14.1716
+0.3443,-14.0562
+0.3447,-14.4434
+0.3451,-15.9011
+0.3456,-16.0284
+0.346,-14.9589
+0.3463,-15.3336
+0.3467,-15.2953
+0.3472,-15.223
+0.3476,-15.1071
+0.348,-14.9293
+0.3483,-15.1871
+0.3487,-15.1805
+0.3491,-15.3135
+0.3496,-15.4052
+0.35,-16.84
+0.3503,-16.7666
+0.3507,-16.7626
+0.3511,-17.0196
+0.3516,-17.1293
+0.352,-17.3271
+0.3523,-17.3709
+0.3527,-17.3932
+0.3531,-17.4601
+0.3536,-17.6434
+0.354,-17.3856
+0.3543,-17.5075
+0.3547,-17.5681
+0.3551,-17.3031
+0.3556,-17.0991
+0.356,-16.8902
+0.3565,-16.8425
+0.3567,-16.9798
+0.3571,-17.0769
+0.3576,-16.865
+0.358,-16.9392
+0.3583,-16.7882
+0.3587,-15.7138
+0.3591,-14.8108
+0.3596,-14.9454
+0.36,-15.0586
+0.3603,-15.0074
+0.3607,-14.8578
+0.3611,-13.4456
+0.3616,-13.2886
+0.362,-13.296
+0.3623,-13.3408
+0.3627,-14.4444
+0.3631,-15.553
+0.3636,-15.6134
+0.364,-14.3666
+0.3643,-14.1884
+0.3647,-13.882
+0.3651,-15.1061
+0.3656,-15.0453
+0.366,-14.9645
+0.3663,-15.0828
+0.3667,-15.0728
+0.3671,-13.8047
+0.3676,-13.7605
+0.368,-14.9352
+0.3683,-15.0665
+0.3687,-15.1903
+0.3691,-15.0476
+0.3696,-14.9457
+0.37,-14.8065
+0.3703,-14.4282
+0.3707,-14.5577
+0.3711,-15.7449
+0.3716,-15.6197
+0.372,-15.6963
+0.3723,-15.7167
+0.3727,-15.6358
+0.3731,-15.7053
+0.3736,-15.8874
+0.374,-15.9035
+0.3743,-16.0773
+0.3747,-15.6408
+0.3751,-15.6428
+0.3756,-15.898
+0.376,-15.9297
+0.3763,-16.0426
+0.3767,-16.1331
+0.3772,-14.8765
+0.3776,-14.7834
+0.378,-14.9277
+0.3783,-15.1422
+0.3787,-15.2949
+0.3791,-15.1668
+0.3796,-14.9351
+0.38,-14.8462
+0.3803,-14.4421
+0.3807,-14.522
+0.3811,-15.5154
+0.3816,-15.3691
+0.382,-15.2712
+0.3823,-15.1181
+0.3827,-15.1268
+0.3831,-14.8698
+0.3836,-15.0243
+0.384,-15.0869
+0.3843,-15.1262
+0.3847,-15.0665
+0.3851,-14.133
+0.3856,-13.0039
+0.386,-12.9933
+0.3863,-12.9849
+0.3868,-13.0345
+0.3871,-11.983
+0.3876,-11.9763
+0.388,-10.6839
+0.3883,-10.8933
+0.3887,-10.7127
+0.3891,-11.8028
+0.3896,-12.9963
+0.39,-12.948
+0.3903,-12.9917
+0.3907,-13.0505
+0.3911,-13.1628
+0.3916,-11.6541
+0.392,-12.9567
+0.3923,-11.7003
+0.3927,-12.1394
+0.3931,-11.9703
+0.3936,-12.0146
+0.394,-11.9383
+0.3943,-11.7914
+0.3947,-10.2691
+0.3951,-10.2707
+0.3956,-10.4693
+0.396,-10.375
+0.3963,-11.4806
+0.3967,-10.8754
+0.3972,-10.9361
+0.3976,-10.8125
+0.398,-10.8518
+0.3983,-10.9562
+0.3987,-11.0719
+0.3991,-12.1268
+0.3996,-12.2389
+0.4,-10.937
+0.4003,-11.0548
+0.4007,-10.2144
+0.4011,+3.89059
+0.4016,+3.64604
+0.402,+3.51872
+0.4023,+3.37359
+0.4027,+3.36828
+0.4031,+2.5337
+0.4036,+3.18162
+0.404,+2.96401
+0.4043,+2.15403
+0.4047,+2.21036
+0.4051,+1.40322
+0.4056,+0.792904
+0.406,-0.142038
+0.4063,-0.249189
+0.4067,-0.421159
+0.4071,+0.562731
+0.4076,+0.45597
+0.408,+0.508899
+0.4083,+1.21046
+0.4087,+1.04696
+0.4091,+1.15567
+0.4096,+1.23972
+0.41,+1.36217
+0.4103,+0.498711
+0.4107,+1.36891
+0.4111,+0.40131
+0.4116,+0.607986
+0.412,+1.25014
+0.4124,+0.470767
+0.4127,+0.493357
+0.4131,+0.26026
+0.4136,+0.803656
+0.414,+0.773709
+0.4143,+1.50564
+0.4147,+1.53235
+0.4151,+1.26059
+0.4156,+1.09648
+0.416,+0.582226
+0.4163,+1.25149
+0.4168,+1.34111
+0.4172,+1.5528
+0.4176,+0.886622
+0.418,+0.826405
+0.4183,+0.114858
+0.4187,+0.122107
+0.4191,+0.222077
+0.4196,-0.601822
+0.42,+0.107838
+0.4204,-0.505211
+0.4207,+0.407674
+0.4211,+1.02038
+0.422,+0.744351
+0.4223,+0.804388
+0.4225,+0.784282
+0.4227,-0.176172
+0.4231,-0.144441
+0.4236,+0.597613
+0.424,+0.583623
+0.4243,+0.442718
+0.4247,-0.578775
+0.4251,-1.34961
+0.4256,-0.535664
+0.426,+0.215762
+0.4263,+0.905196
+0.4267,+1.82778
+0.4271,+1.71137
+0.4277,+1.72203
+0.428,+0.850833
+0.4283,+0.822065
+0.4287,+0.810609
+0.4291,+1.61749
+0.4296,+1.72995
+0.43,+0.867545
+0.4303,+0.88284
+0.4307,+0.530691
+0.4311,+1.25914
+0.4316,+1.0865
+0.432,+1.89081
+0.4323,+2.39753
+0.4327,+3.19975
+0.4331,+2.27255
+0.4336,+1.48531
+0.434,+2.09064
+0.4343,+1.96223
+0.4347,+2.08266
+0.4351,+1.31941
+0.4356,+1.39337
+0.436,+0.933953
+0.4363,+0.280435
+0.4367,+0.152678
+0.4371,+0.0768648
+0.4376,+0.666964
+0.438,+0.644161
+0.4383,+0.432316
+0.4387,+0.308547
+0.4391,+1.10767
+0.4396,+0.991813
+0.44,+0.406011
+0.4403,+1.18756
+0.4407,+0.30284
+0.4411,+1.10756
+0.4416,+0.923533
+0.442,+0.880173
+0.4424,+1.0651
+0.4427,+1.00776
+0.4431,+0.843007
+0.4436,+0.770901
+0.444,+1.5569
+0.4444,+1.444
+0.4447,+2.24693
+0.4451,+2.10924
+0.4456,+2.1698
+0.446,+2.16068
+0.4463,+1.99654
+0.4467,+2.06317
+0.4471,+2.04916
+0.4476,+1.26467
+0.448,+1.17218
+0.4483,+1.1261
+0.4487,+0.955504
+0.4491,+0.0810436
+0.4496,+0.149412
+0.45,+0.164576
+0.4503,+0.139762
+0.4507,-0.151122
+0.4511,-0.83787
+0.4516,-0.840414
+0.452,-0.951955
+0.4523,-1.04901
+0.4527,-0.986696
+0.4531,-0.118967
+0.4536,-0.244809
+0.454,-0.620235
+0.4543,-0.758266
+0.4547,-0.576744
+0.4551,-0.0158345
+0.4556,+0.724101
+0.456,+0.68892
+0.4563,+0.629946
+0.4567,-0.281999
+0.4571,-1.21757
+0.4576,-1.32216
+0.458,-1.12352
+0.4583,-1.06999
+0.4587,-1.2293
+0.4591,-1.26343
+0.4596,-1.37945
+0.46,-1.3796
+0.4604,-1.31579
+0.4607,-0.487567
+0.4611,+0.24296
+0.4616,+0.116044
+0.462,+0.0912715
+0.4623,+0.177025
+0.4627,+0.153315
+0.4631,+0.226209
+0.4636,+0.14935
+0.464,-0.594578
+0.4643,-0.594306
+0.4647,-0.696038
+0.4651,-0.739909
+0.4656,-0.680467
+0.466,-1.41599
+0.4663,-1.42013
+0.4667,-1.40387
+0.4671,-1.57726
+0.4676,-1.44201
+0.468,-0.72182
+0.4684,-0.886385
+0.4687,-0.895529
+0.4691,-0.712675
+0.4696,-0.703964
+0.47,+0.00410189
+0.4703,-0.180799
+0.4707,-0.818059
+0.4712,-0.711796
+0.4716,-0.808644
+0.472,-1.5621
+0.4723,-1.4504
+0.4727,-1.34809
+0.4731,-1.4293
+0.4736,-2.05066
+0.474,-1.96797
+0.4743,-1.97994
+0.4747,-1.99872
+0.4751,-2.07347
+0.4756,-1.98135
+0.476,-1.20294
+0.4763,-1.22769
+0.4767,-1.25522
+0.4771,-1.20639
+0.4776,-0.573496
+0.478,-0.629664
+0.4785,-1.18502
+0.4787,-0.455008
+0.4791,-0.410792
+0.4796,-0.449091
+0.48,-0.290475
+0.4804,-0.163311
+0.4807,-0.0116622
+0.4811,-0.0775044
+0.4816,+0.0592392
+0.482,-0.584797
+0.4824,+0.406327
+0.4827,+0.507894
+0.4831,+0.614509
+0.4836,+0.745573
+0.484,+0.698295
+0.4843,+0.596974
+0.4847,+0.575149
+0.4851,+0.642656
+0.4856,-0.0707586
+0.486,+0.67642
+0.4863,+0.560566
+0.4867,+0.816573
+0.4874,+0.884593
+0.4876,+0.950355
+0.488,+0.93517
+0.4884,+1.2667
+0.4887,+0.68575
+0.4891,+0.868329
+0.4896,+0.894948
+0.49,+1.22199
+0.4903,+1.38108
+0.4907,+1.28614
+0.4911,+1.4885
+0.4916,+1.71298
+0.492,+1.91811
+0.4924,+1.8755
+0.4927,+2.66937
+0.4931,+2.73604
+0.4936,+3.59195
+0.494,+3.41451
+0.4943,+3.44432
+0.4947,+3.62042
+0.4951,+3.6405
+0.4956,+2.73626
+0.496,+2.73537
+0.4963,+2.74373
+0.4967,+2.73284
+0.4971,+2.93111
+0.4976,+3.09066
+0.498,+3.26956
+0.4984,+3.41693
+0.4987,+3.36906
+0.4991,+3.44153
+0.4996,+4.43647
+0.5,+4.67095
+0.5004,+4.99495
+0.5007,+4.40945
+0.5011,+4.41936
+0.5016,+4.41848
+0.502,+4.69233
+0.5024,+4.86399
+0.5027,+5.04669
+0.5031,+5.33565
+0.5036,+5.49019
+0.504,+5.58828
+0.5044,+5.56847
+0.5047,+6.43278
+0.5051,+6.63563
+0.5056,+6.95673
+0.506,+6.84108
+0.5064,+6.78849
+0.5067,+6.14543
+0.5071,+6.23106
+0.5076,+6.31375
+0.508,+6.47352
+0.5083,+6.48351
+0.5089,+6.65624
+0.5092,+6.7415
+0.5096,+6.84171
+0.51,+7.11119
+0.5104,+7.41504
+0.5107,+8.17991
+0.5111,+8.26298
+0.5116,+8.38968
+0.512,+8.27365
+0.5124,+8.52133
+0.5127,+8.68594
+0.5131,+8.79036
+0.5136,+8.74222
+0.514,+8.70506
+0.5144,+8.7539
+0.5147,+8.95408
+0.5151,+8.92979
+0.5156,+8.79877
+0.516,+9.19032
+0.5164,+9.23402
+0.5167,+9.34879
+0.5171,+9.49612
+0.5176,+9.88657
+0.518,+10.1875
+0.5184,+10.1742
+0.5187,+10.236
+0.5191,+10.4768
+0.5196,+10.8109
+0.52,+10.8407
+0.5204,+11.1177
+0.5207,+11.0826
+0.5211,+11.2752
+0.5216,+11.108
+0.522,+11.1531
+0.5224,+11.4378
+0.5227,+11.613
+0.5231,+11.7348
+0.5244,+11.9363
+0.5247,+12.013
+0.5249,+12.1504
+0.5251,+12.3076
+0.5256,+12.3363
+0.526,+12.5721
+0.5264,+12.6201
+0.5267,+12.5917
+0.5271,+12.8216
+0.5276,+12.8653
+0.528,+12.8093
+0.5283,+13.0075
+0.5289,+13.0265
+0.5291,+13.298
+0.5296,+13.4494
+0.53,+13.4952
+0.5303,+13.6642
+0.5307,+13.9479
+0.5311,+13.9281
+0.5316,+13.9625
+0.532,+14.2558
+0.5323,+14.2528
+0.5327,+14.3219
+0.5331,+14.3217
+0.5336,+14.5132
+0.534,+14.6534
+0.5344,+14.7563
+0.5347,+14.6843
+0.5351,+14.8486
+0.5356,+15.0871
+0.536,+15.1516
+0.5364,+15.3682
+0.5367,+15.6008
+0.5371,+15.8723
+0.5376,+15.7243
+0.538,+15.9275
+0.5384,+16.0318
+0.5387,+16.0631
+0.5391,+16.1374
+0.5396,+16.2071
+0.54,+16.268
+0.5404,+16.3945
+0.5407,+16.4057
+0.5411,+16.2634
+0.5416,+16.6104
+0.542,+16.7332
+0.5424,+16.884
+0.5427,+17.1086
+0.5431,+16.3384
+0.5436,+16.5626
+0.544,+16.6765
+0.5444,+16.7088
+0.5447,+15.9592
+0.5451,+16.221
+0.5456,+16.2878
+0.546,+15.4214
+0.5464,+15.4289
+0.5467,+15.4729
+0.5471,+16.5817
+0.5476,+15.7679
+0.548,+15.8479
+0.5483,+15.9521
+0.5487,+16.9465
+0.5491,+16.95
+0.5496,+16.9952
+0.55,+18.0915
+0.5503,+18.3505
+0.5507,+18.5645
+0.5511,+18.6677
+0.5516,+19.6368
+0.552,+19.9539
+0.5524,+20.1719
+0.5527,+20.3194
+0.5531,+20.4911
+0.5536,+20.6635
+0.554,+20.7765
+0.5543,+20.8401
+0.5547,+20.0328
+0.5551,+20.0438
+0.5556,+20.1599
+0.556,+20.2076
+0.5564,+20.4053
+0.5567,+20.3939
+0.5571,+20.3539
+0.5576,+20.6576
+0.558,+20.6562
+0.5584,+20.774
+0.5587,+21.7078
+0.5592,+21.8906
+0.5596,+21.9171
+0.56,+21.9502
+0.5604,+21.7539
+0.5607,+21.9612
+0.5611,+22.1573
+0.5616,+22.088
+0.562,+22.2319
+0.5624,+22.2028
+0.5627,+22.3187
+0.5631,+22.3616
+0.5636,+22.4118
+0.564,+22.3251
+0.5643,+22.7164
+0.5647,+22.6904
+0.5651,+22.6344
+0.5656,+22.5733
+0.566,+22.6695
+0.5664,+22.7964
+0.5667,+22.8542
+0.5671,+22.8019
+0.5676,+22.8002
+0.568,+22.8744
+0.5683,+22.7603
+0.5687,+23.0908
+0.5691,+23.3107
+0.5696,+23.2743
+0.57,+23.2409
+0.5704,+23.2213
+0.5707,+23.4565
+0.5711,+23.5435
+0.5716,+23.5647
+0.572,+23.5577
+0.5724,+23.5031
+0.5727,+23.4085
+0.5731,+23.3482
+0.5736,+23.383
+0.574,+23.3337
+0.5744,+23.5003
+0.5747,+23.391
+0.5751,+23.5384
+0.5756,+23.4582
+0.576,+23.4987
+0.5764,+23.6293
+0.5767,+23.6519
+0.5771,+23.5468
+0.5776,+23.6612
+0.578,+23.8144
+0.5784,+23.6094
+0.5787,+23.6212
+0.5791,+23.4412
+0.5796,+23.4623
+0.58,+23.6932
+0.5804,+23.5079
+0.5807,+23.114
+0.5811,+23.0815
+0.5816,+23.0939
+0.582,+22.8507
+0.5824,+22.827
+0.5827,+22.5369
+0.5831,+22.5403
+0.5835,+22.4003
+0.584,+22.068
+0.5844,+22.1005
+0.5847,+22.3119
+0.5851,+22.3623
+0.5855,+22.1999
+0.586,+22.0888
+0.5864,+21.9123
+0.5867,+21.8974
+0.5871,+21.638
+0.5876,+21.6409
+0.588,+21.5246
+0.5884,+21.5801
+0.5887,+21.3148
+0.5891,+21.1653
+0.5896,+21.0683
+0.59,+21.256
+0.5904,+21.272
+0.5907,+21.5007
+0.5911,+21.4409
+0.5915,+21.4165
+0.592,+21.4228
+0.5923,+21.1801
+0.5927,+21.417
+0.5931,+21.3133
+0.5936,+21.0398
+0.594,+20.8458
+0.5944,+20.8304
+0.5947,+20.4724
+0.5951,+20.6669
+0.5956,+20.5386
+0.596,+20.4116
+0.5964,+20.0734
+0.5967,+19.7387
+0.5971,+19.6036
+0.5976,+19.9712
+0.598,+19.8341
+0.5984,+19.6308
+0.5987,+19.8098
+0.5991,+19.5642
+0.5995,+19.7114
+0.6001,+19.7381
+0.6004,+19.8377
+0.6007,+19.9716
+0.6011,+20.1329
+0.6015,+21.1157
+0.602,+20.9671
+0.6024,+20.8929
+0.6027,+20.7687
+0.6031,+20.5769
+0.6035,+20.7206
+0.604,+20.7005
+0.6044,+20.6633
+0.6047,+20.5842
+0.6051,+20.6974
+0.6055,+20.4632
+0.606,+20.6445
+0.6064,+20.6538
+0.6067,+20.5624
+0.6071,+20.7906
+0.6076,+20.5425
+0.608,+20.5531
+0.6084,+20.5421
+0.6087,+20.3452
+0.6091,+20.2451
+0.6095,+20.2704
+0.61,+20.2119
+0.6104,+20.1864
+0.6107,+20.2238
+0.6111,+20.014
+0.6115,+20.0458
+0.612,+19.8829
+0.6124,+19.8698
+0.6127,+20.0657
+0.6131,+20.0418
+0.6135,+20.1459
+0.614,+20.1183
+0.6144,+20.158
+0.6147,+20.0763
+0.6151,+20.092
+0.6155,+19.9969
+0.616,+20.0761
+0.6164,+19.969
+0.6167,+19.7974
+0.6171,+19.6123
+0.6175,+19.3112
+0.618,+19.0427
+0.6184,+18.831
+0.6187,+18.5894
+0.6191,+18.2024
+0.6195,+18.0492
+0.62,+17.7713
+0.6204,+17.7591
+0.6207,+17.5468
+0.6211,+17.3704
+0.6215,+17.3173
+0.622,+17.2756
+0.6224,+17.2574
+0.6227,+17.1329
+0.6231,+17.2695
+0.6235,+17.3266
+0.624,+17.2905
+0.6244,+17.0822
+0.6247,+16.985
+0.6251,+16.9984
+0.6255,+16.8243
+0.6268,+16.8231
+0.6271,+16.4919
+0.6273,+16.537
+0.6276,+16.3011
+0.628,+16.0228
+0.6284,+15.803
+0.6288,+15.6293
+0.6291,+15.4505
+0.6295,+15.3845
+0.6301,+15.2917
+0.6304,+15.1415
+0.6307,+15.1479
+0.6311,+14.9411
+0.6315,+14.9078
+0.632,+14.9248
+0.6323,+15.0076
+0.6327,+15.0403
+0.6331,+15.1064
+0.6335,+14.9301
+0.634,+14.9469
+0.6344,+14.8873
+0.6347,+14.9436
+0.6351,+14.872
+0.6355,+14.9347
+0.636,+14.9438
+0.6364,+14.8098
+0.6367,+14.7921
+0.6371,+14.5211
+0.6375,+14.5008
+0.638,+14.4166
+0.6383,+14.3855
+0.6387,+14.2534
+0.6391,+14.2493
+0.6395,+14.0724
+0.64,+13.8737
+0.6404,+13.8137
+0.6407,+13.5952
+0.6411,+13.7011
+0.6415,+13.5769
+0.642,+13.6
+0.6424,+13.5264
+0.6427,+13.4657
+0.6431,+13.3861
+0.6435,+13.2446
+0.644,+13.1989
+0.6444,+13.104
+0.6447,+13.0552
+0.6451,+12.9972
+0.6455,+13.0732
+0.646,+12.8961
+0.6463,+12.7334
+0.6467,+12.6687
+0.6471,+12.5636
+0.6475,+12.6447
+0.648,+12.6612
+0.6483,+12.5862
+0.6487,+12.5668
+0.6491,+12.4408
+0.6495,+12.4182
+0.65,+12.4983
+0.6504,+12.5259
+0.6507,+12.5375
+0.6511,+12.5341
+0.6515,+12.6118
+0.652,+12.6008
+0.6523,+12.7393
+0.6527,+12.8672
+0.6531,+12.9803
+0.6535,+12.7509
+0.654,+12.6647
+0.6544,+12.617
+0.6547,+12.604
+0.6551,+12.6437
+0.6555,+12.5488
+0.656,+12.4753
+0.6564,+12.3194
+0.6567,+12.2272
+0.6571,+12.1433
+0.6575,+12.2667
+0.658,+12.0908
+0.6583,+11.9914
+0.6587,+11.7862
+0.6591,+11.6524
+0.6595,+11.3959
+0.66,+11.2143
+0.6605,+11.078
+0.6608,+10.9657
+0.6611,+10.6958
+0.6615,+10.5528
+0.662,+10.5344
+0.6624,+10.4413
+0.6627,+10.3783
+0.6631,+10.3376
+0.6635,+10.279
+0.664,+10.1364
+0.6644,+9.91855
+0.6647,+9.66577
+0.6651,+9.53965
+0.6655,+9.32035
+0.666,+9.1571
+0.6664,+9.13575
+0.6667,+8.94555
+0.6671,+8.87538
+0.6675,+8.73491
+0.668,+8.80147
+0.6684,+8.83846
+0.6687,+8.83247
+0.6691,+8.66392
+0.6695,+8.63963
+0.67,+8.45388
+0.6704,+8.2339
+0.6707,+8.13832
+0.6711,+7.97259
+0.6715,+7.78096
+0.672,+7.59494
+0.6724,+7.46775
+0.6727,+7.3541
+0.6731,+7.50978
+0.6735,+7.40431
+0.674,+7.52442
+0.6744,+7.46251
+0.6747,+7.31121
+0.6751,+7.24189
+0.6755,+7.37515
+0.676,+7.28599
+0.6764,+7.28007
+0.6767,+7.15759
+0.6771,+7.10323
+0.6775,+7.03764
+0.678,+6.876
+0.6784,+6.86697
+0.6787,+6.93834
+0.6791,+6.77315
+0.6795,+6.56661
+0.68,+6.34055
+0.6804,+6.129
+0.6807,+5.78678
+0.6811,+5.56658
+0.6815,+5.43811
+0.682,+5.21642
+0.6824,+4.94882
+0.6827,+4.6843
+0.6831,+4.49529
+0.6835,+4.30247
+0.684,+4.26611
+0.6844,+4.14457
+0.6847,+4.11447
+0.6851,+3.9686
+0.6855,+3.79759
+0.686,+3.52786
+0.6864,+3.59733
+0.6867,+3.44888
+0.6871,+3.4111
+0.6875,+3.27904
+0.688,+3.1159
+0.6884,+2.8914
+0.6887,+2.88925
+0.6891,+2.93593
+0.6895,+2.90727
+0.69,+2.97556
+0.6904,+2.78307
+0.6907,+2.84557
+0.6912,+2.65702
+0.6915,+2.60836
+0.692,+2.58425
+0.6924,+2.5525
+0.6927,+2.56598
+0.6931,+2.31982
+0.6935,+2.08431
+0.694,+1.88368
+0.6944,+1.56828
+0.6947,+1.33472
+0.6951,+1.15297
+0.6955,+0.899646
+0.696,+0.629611
+0.6964,+0.37739
+0.6967,-0.103269
+0.6971,-0.439099
+0.6975,-0.889063
+0.698,-1.22643
+0.6984,-1.60495
+0.6987,-2.10859
+0.6991,-2.49729
+0.6995,-2.95536
+0.7,-3.40889
+0.7004,-3.77346
+0.7007,-4.23146
+0.7011,-4.64407
+0.7015,-4.86572
+0.702,-5.25094
+0.7024,-5.49637
+0.7027,-5.80223
+0.7031,-6.14893
+0.7035,-6.49228
+0.704,-6.97428
+0.7044,-7.44329
+0.7047,-7.72651
+0.7051,-8.34919
+0.7055,-8.79429
+0.706,-9.25331
+0.7064,-9.8415
+0.7067,-10.3009
+0.7071,-10.8822
+0.7075,-11.4691
+0.708,-11.9581
+0.7084,-12.2624
+0.7088,-12.8176
+0.7091,-13.1371
+0.7095,-13.8051
+0.71,-14.2617
+0.7104,-14.5394
+0.7107,-15.1223
+0.7111,-15.3942
+0.7115,-15.6278
+0.712,-15.8101
+0.7124,-16.2694
+0.7127,-16.56
+0.7131,-16.832
+0.7135,-16.9982
+0.714,-17.2674
+0.7144,-17.633
+0.7147,-17.7039
+0.7151,-17.9469
+0.7155,-18.2689
+0.7159,-18.4828
+0.7164,-18.6493
+0.7167,-18.8028
+0.7171,-18.8681
+0.7175,-19.0104
+0.718,-18.9992
+0.7184,-18.9738
+0.7187,-19.2104
+0.7191,-19.3965
+0.7195,-19.3342
+0.72,-19.4471
+0.7204,-19.6581
+0.7208,-19.757
+0.7212,-19.7311
+0.7215,-19.9857
+0.722,-20.0988
+0.7224,-20.1866
+0.7227,-20.1268
+0.7231,-20.2639
+0.7235,-20.4916
+0.724,-20.6096
+0.7244,-20.6257
+0.7247,-20.696
+0.7251,-20.928
+0.7255,-20.7355
+0.726,-20.8046
+0.7264,-20.8529
+0.7267,-20.8088
+0.7271,-20.6324
+0.7275,-20.3723
+0.728,-20.2783
+0.7292,-20.1019
+0.7294,-19.9039
+0.7296,-19.6991
+0.73,-19.5757
+0.7304,-19.3837
+0.7307,-19.2908
+0.7311,-19.1129
+0.7315,-18.8852
+0.732,-18.8924
+0.7324,-18.7536
+0.7327,-18.6008
+0.7331,-18.4516
+0.7335,-18.3132
+0.734,-18.144
+0.7344,-18.1345
+0.7347,-17.8553
+0.7351,-17.783
+0.7355,-17.8522
+0.736,-17.6332
+0.7364,-17.5373
+0.7368,-17.4598
+0.7371,-17.4279
+0.7375,-17.5182
+0.738,-17.519
+0.7384,-17.5625
+0.7387,-17.6207
+0.7391,-17.6806
+0.7395,-17.5793
+0.7399,-17.7717
+0.7404,-17.9126
+0.7408,-17.9255
+0.7411,-17.935
+0.7415,-18.0126
+0.742,-18.0208
+0.7424,-17.9297
+0.7427,-18.0195
+0.7431,-17.9729
+0.7435,-17.9087
+0.744,-17.6626
+0.7444,-17.5363
+0.7447,-17.6248
+0.7451,-17.5877
+0.7455,-17.4142
+0.746,-17.4893
+0.7464,-17.4421
+0.7467,-17.2954
+0.7471,-17.2891
+0.7475,-17.3037
+0.748,-17.3036
+0.7484,-17.2035
+0.7488,-17.083
+0.7491,-17.0237
+0.7495,-16.9991
+0.75,-16.7881
+0.7504,-16.776
+0.7507,-16.5974
+0.7511,-16.4337
+0.7516,-16.3863
+0.752,-16.4011
+0.7524,-16.307
+0.7527,-16.2711
+0.7531,-16.2406
+0.7535,-16.1172
+0.754,-16.0458
+0.7544,-15.8064
+0.7547,-15.7882
+0.7551,-15.6423
+0.7555,-15.6149
+0.7559,-15.4831
+0.7564,-15.6091
+0.7568,-15.54
+0.7571,-15.4916
+0.7575,-15.5068
+0.758,-15.6023
+0.7584,-15.8655
+0.7587,-16.0214
+0.7591,-16.1995
+0.7595,-16.044
+0.76,-16.3124
+0.7604,-16.2124
+0.7607,-16.3178
+0.7611,-16.4081
+0.7615,-16.5486
+0.762,-16.5376
+0.7624,-16.5038
+0.7627,-16.6729
+0.7631,-16.6002
+0.7635,-16.7644
+0.7639,-16.6346
+0.7644,-16.5254
+0.7648,-16.4884
+0.7651,-16.1969
+0.7655,-16.0272
+0.766,-15.8174
+0.7664,-15.6608
+0.7667,-15.3979
+0.7671,-15.0936
+0.7675,-14.7953
+0.768,-14.4578
+0.7684,-14.2864
+0.7687,-14.1749
+0.7691,-13.8471
+0.7695,-13.4772
+0.77,-13.2397
+0.7704,-12.8063
+0.7707,-12.4768
+0.7711,-12.4305
+0.7715,-12.2907
+0.7719,-12.1937
+0.7724,-12.0076
+0.7728,-11.6421
+0.7731,-11.7537
+0.7735,-11.7339
+0.774,-11.6689
+0.7744,-11.705
+0.7747,-11.7473
+0.7751,-11.7071
+0.7755,-11.7141
+0.776,-11.7874
+0.7764,-11.7124
+0.7767,-11.7111
+0.7771,-11.8366
+0.7775,-12.0073
+0.778,-12.1926
+0.7784,-12.4034
+0.7787,-12.5378
+0.7791,-12.8245
+0.7795,-13.0281
+0.7799,-13.2976
+0.7804,-13.8096
+0.7808,-14.3157
+0.7811,-14.5865
+0.7815,-15.0643
+0.782,-15.4357
+0.7824,-15.9584
+0.7827,-16.5087
+0.7831,-16.9866
+0.7835,-17.5664
+0.784,-17.9912
+0.7844,-18.3314
+0.7848,-18.7538
+0.7851,-19.3766
+0.7855,-19.7588
+0.786,-20.1537
+0.7864,-20.5482
+0.7867,-20.9329
+0.7871,-21.4737
+0.7875,-21.8247
+0.788,-21.8577
+0.7884,-22.3473
+0.7888,-22.6317
+0.7891,-22.7652
+0.7895,-22.766
+0.79,-22.9288
+0.7904,-22.8793
+0.7907,-22.911
+0.7911,-22.5232
+0.7915,-22.3854
+0.792,-22.3777
+0.7924,-22.0625
+0.7928,-21.3855
+0.7931,-21.148
+0.7935,-20.699
+0.794,-20.3825
+0.7944,-20.1231
+0.7947,-19.5823
+0.7951,-19.3699
+0.7955,-19.0465
+0.7959,-18.759
+0.7964,-18.6417
+0.7968,-18.9134
+0.7971,-18.8984
+0.7975,-19.2469
+0.798,-19.324
+0.7984,-19.4762
+0.7987,-19.8693
+0.7991,-20.1333
+0.7995,-20.4598
+0.7999,-20.6217
+0.8004,-20.8666
+0.8008,-21.1252
+0.8011,-21.1946
+0.8015,-21.2114
+0.802,-21.321
+0.8024,+6.09467
+0.8027,+5.687
+0.8031,+5.08486
+0.8035,+4.42047
+0.8039,+4.8278
+0.8044,+4.3249
+0.8048,+3.85242
+0.8051,+3.47237
+0.8055,+3.22593
+0.806,+3.08747
+0.8064,+2.95007
+0.8067,+2.77628
+0.8071,+3.03591
+0.8075,+2.33337
+0.808,+2.51704
+0.8084,+3.00685
+0.8088,+3.42119
+0.8091,+4.10506
+0.8095,+4.66938
+0.81,+5.13109
+0.8104,+5.74717
+0.8107,+6.44043
+0.8111,+7.27443
+0.8115,+9.1202
+0.8119,+10.1182
+0.8124,+10.9244
+0.8128,+11.7657
+0.8131,+12.7918
+0.8135,+13.5805
+0.814,+14.8798
+0.8144,+15.715
+0.8147,+16.5134
+0.8151,+17.3569
+0.8155,+18.1304
+0.8159,+18.6917
+0.8164,+18.8059
+0.8168,+19.3039
+0.8171,+19.2128
+0.8175,+19.407
+0.818,+19.2774
+0.8184,+19.3231
+0.8187,+19.4117
+0.8191,+19.056
+0.8195,+18.7086
+0.8199,+18.551
+0.8204,+18.4958
+0.8208,+18.4342
+0.8211,+18.5162
+0.8215,+18.546
+0.822,+18.3573
+0.8224,+18.4561
+0.8227,+18.5738
+0.8231,+18.9615
+0.8235,+19.0445
+0.824,+19.4719
+0.8244,+19.7523
+0.8248,+19.9524
+0.8251,+20.1143
+0.8255,+20.2956
+0.8259,+20.5074
+0.8264,+20.6153
+0.8267,+20.7038
+0.8271,+20.5922
+0.8275,+20.6757
+0.8279,+20.362
+0.8284,+20.5823
+0.8288,+20.6543
+0.8291,+20.4429
+0.8295,+20.3043
+0.8299,+20.0966
+0.8304,+20.0357
+0.8307,+19.7983
+0.8316,+19.3978
+0.8319,+19.0022
+0.8321,+18.4993
+0.8324,+17.8721
+0.8328,+17.2385
+0.8331,+16.7321
+0.8335,+16.2389
+0.8339,+15.6429
+0.8344,+15.0924
+0.8347,+14.5558
+0.8351,+14.2037
+0.8355,+13.8966
+0.8359,+13.8564
+0.8364,+13.6496
+0.8368,+13.3897
+0.8371,+13.5553
+0.8375,+13.6232
+0.8379,+13.9018
+0.8384,+14.1306
+0.8387,+14.6309
+0.8391,+14.8697
+0.8395,+15.1463
+0.84,+15.3528
+0.8404,+15.7401
+0.8408,+16.3538
+0.8411,+16.4252
+0.8415,+16.4525
+0.8419,+16.3498
+0.8424,+16.3645
+0.8427,+15.7338
+0.8431,+15.264
+0.8435,+14.7601
+0.8439,+14.042
+0.8444,+13.0435
+0.8448,+11.9297
+0.8451,+11.0769
+0.8455,+10.2383
+0.846,+9.445
+0.8464,+8.41754
+0.8467,+7.95776
+0.8471,+7.52792
+0.8475,+7.18701
+0.8479,+7.21514
+0.8484,+7.36988
+0.8488,+7.61403
+0.8491,+8.06701
+0.8495,+8.5434
+0.8499,+9.16208
+0.8504,+9.83507
+0.8507,+10.5559
+0.8511,+11.3589
+0.8515,+11.1454
+0.8519,+11.769
+0.8524,+12.5296
+0.8528,+13.2589
+0.8532,+12.6388
+0.8535,+13.1295
+0.854,+13.4089
+0.8544,+13.7646
+0.8547,+13.9038
+0.8551,+13.9228
+0.8555,+13.841
+0.8559,+13.6036
+0.8564,+12.3958
+0.8568,+10.986
+0.8571,+11.7849
+0.8575,+10.4385
+0.8579,+10.0871
+0.8584,+8.8334
+0.8587,+7.61879
+0.8591,+6.51636
+0.8595,+7.76043
+0.8599,+7.27051
+0.8604,+7.77419
+0.8608,+9.54844
+0.8611,+9.4747
+0.8615,+10.6468
+0.8619,+10.9291
+0.8624,+13.3248
+0.8627,+14.8243
+0.8631,+16.1454
+0.8635,+16.4834
+0.8639,+17.431
+0.8644,+18.357
+0.8648,+18.0531
+0.8651,+18.4326
+0.8655,+19.8394
+0.8659,+19.8397
+0.8664,+18.3997
+0.8667,+17.7397
+0.8671,+17.0407
+0.8675,+15.7926
+0.8679,+14.6347
+0.8684,+13.289
+0.8688,+11.8854
+0.8691,+10.3258
+0.8695,+7.42691
+0.8699,+5.92967
+0.8704,+4.33114
+0.8707,+3.62293
+0.8711,+2.05396
+0.8715,+1.42189
+0.8719,+0.995366
+0.8724,+0.678006
+0.8728,+0.305092
+0.8731,+0.301133
+0.8735,+0.400937
+0.8739,+0.604019
+0.8744,+1.15509
+0.8747,+0.88896
+0.8751,+1.79054
+0.8755,+2.28322
+0.8759,+2.73632
+0.8764,+3.18623
+0.8768,+4.21033
+0.8771,+5.20745
+0.8775,+6.3156
+0.8779,+7.31294
+0.8784,+8.34954
+0.8787,+9.39219
+0.8791,+10.2657
+0.8795,+11.0602
+0.8799,+11.8484
+0.8804,+12.4922
+0.8808,+11.8936
+0.8811,+11.9718
+0.8815,+10.9738
+0.8819,+9.96133
+0.8824,+8.77779
+0.8827,+8.54463
+0.8831,+7.35665
+0.8836,+5.93112
+0.8839,+4.54098
+0.8844,+3.39126
+0.8848,+3.08903
+0.8851,+2.92226
+0.8855,+2.85771
+0.8859,+2.87921
+0.8864,+4.02234
+0.8867,+3.09655
+0.8871,+3.36001
+0.8875,+4.43675
+0.8879,+4.60829
+0.8884,+4.68116
+0.8888,+5.91482
+0.8891,+6.19212
+0.8895,+6.31926
+0.8899,+6.52507
+0.8904,+5.47345
+0.8907,+5.54319
+0.8911,+5.27487
+0.8915,+4.24413
+0.8919,+4.06033
+0.8924,+3.86125
+0.8928,+2.39892
+0.8931,+0.949068
+0.8935,+0.562436
+0.8939,-0.0646585
+0.8944,-0.599962
+0.8947,-1.06012
+0.8951,-1.39786
+0.8955,-1.82893
+0.8959,-2.10979
+0.8964,-1.49435
+0.8968,-1.66154
+0.8971,-1.86997
+0.8975,-2.03578
+0.8979,-2.12637
+0.8984,-2.18142
+0.8987,-1.37473
+0.8991,-1.57964
+0.8995,-1.58017
+0.8999,-1.80071
+0.9004,-3.03432
+0.9008,-3.35826
+0.9011,-3.82352
+0.9015,-4.3098
+0.9019,-4.86491
+0.9024,-4.43285
+0.9027,-5.88292
+0.9031,-6.29542
+0.9036,-6.92335
+0.904,-6.67257
+0.9044,-7.02484
+0.9048,-7.40697
+0.9051,-7.53713
+0.9055,-7.72882
+0.9059,-7.78979
+0.9064,-8.73645
+0.9067,-8.57756
+0.9071,-8.38969
+0.9075,-7.20387
+0.908,-7.52198
+0.9084,-6.84382
+0.9088,-6.05941
+0.9091,-5.19534
+0.9095,-4.22711
+0.9099,-3.10482
+0.9104,-2.0849
+0.9107,-1.07925
+0.9111,-0.204935
+0.9115,+0.0503736
+0.9119,+1.01678
+0.9124,+1.64035
+0.9128,+2.14857
+0.9131,+2.65507
+0.9135,+3.08903
+0.9139,+3.20338
+0.9144,+3.33065
+0.9147,+3.40229
+0.9151,+3.44577
+0.9155,+3.15477
+0.9159,+2.85088
+0.9164,+2.55691
+0.9168,+2.40674
+0.9171,+2.13914
+0.9175,+1.81752
+0.9179,+1.55963
+0.9184,+1.36442
+0.9187,+1.00735
+0.9191,+0.913037
+0.9195,+0.883856
+0.9199,+1.77304
+0.9204,+1.8334
+0.9208,+1.8447
+0.9211,+1.83391
+0.9215,+2.006
+0.9219,+2.0723
+0.9224,+3.07329
+0.9227,+3.33257
+0.9231,+4.49745
+0.9235,+4.72198
+0.9239,+3.97427
+0.9244,+4.16548
+0.9248,+4.3644
+0.9251,+4.66631
+0.9255,+5.05492
+0.9259,+5.41113
+0.9264,+5.04309
+0.9267,+6.36851
+0.9271,+5.57102
+0.9275,+5.86739
+0.9279,+6.29336
+0.9284,+6.64202
+0.9288,+7.07916
+0.9291,+7.40408
+0.9295,+7.59711
+0.9299,+7.84544
+0.9304,+7.90936
+0.9307,+7.15947
+0.9311,+7.4084
+0.9315,+7.37127
+0.9319,+7.24264
+0.9324,+7.01714
+0.9328,+6.79058
+0.9331,+6.43002
+0.934,+6.01113
+0.9343,+5.59112
+0.9345,+5.13502
+0.9348,+4.46773
+0.9351,+4.75602
+0.9355,+4.15325
+0.9359,+3.44752
+0.9364,+2.83988
+0.9368,+2.08278
+0.9371,+1.30919
+0.9375,+0.640937
+0.9379,+0.080275
+0.9384,-0.573585
+0.9387,-1.08718
+0.9391,-2.48191
+0.9395,-2.97681
+0.9399,-2.31685
+0.9404,-2.52106
+0.9407,-2.75191
+0.9411,-2.88882
+0.9415,-3.03955
+0.9419,-3.05345
+0.9424,-3.19686
+0.9427,-3.28003
+0.9431,-3.56081
+0.9435,-3.48371
+0.9439,-4.53273
+0.9445,-3.68955
+0.9448,-3.92943
+0.9451,-4.06197
+0.9455,-4.42177
+0.9459,-4.78342
+0.9464,-4.89779
+0.9467,-5.01271
+0.9471,-5.24292
+0.9475,-5.75457
+0.9479,-6.10859
+0.9484,-7.54776
+0.9487,-7.81718
+0.9491,-8.29525
+0.9495,-8.49036
+0.9499,-9.00465
+0.9504,-9.52293
+0.9507,-10.3267
+0.9511,-9.97527
+0.9515,-9.55857
+0.9519,-10.167
+0.9524,-10.5671
+0.9528,-10.3287
+0.9531,-10.7062
+0.9535,-11.3028
+0.9539,-11.7483
+0.9544,-12.2012
+0.9547,-12.3444
+0.9551,-13.5475
+0.9555,-14.6137
+0.9559,-14.7416
+0.9564,-14.1655
+0.9568,-14.825
+0.9571,-14.8635
+0.9575,-14.8869
+0.9579,-14.6753
+0.9584,-14.4815
+0.9587,-14.1415
+0.9591,-13.7162
+0.9595,-12.6315
+0.9599,-12.2142
+0.9604,-12.7517
+0.9608,-12.7302
+0.9611,-11.6954
+0.9615,-11.3232
+0.9619,-11.1784
+0.9624,-11.0444
+0.9627,-11.1147
+0.9631,-11.2318
+0.9635,-12.3412
+0.9639,-12.4918
+0.9644,-12.7608
+0.9648,-13.1565
+0.9651,-14.3052
+0.9655,-14.994
+0.9659,-15.7604
+0.9664,-16.5707
+0.9667,-17.4901
+0.9671,-18.2781
+0.9675,-18.9189
+0.9679,-19.9452
+0.9684,-20.8752
+0.9688,-21.915
+0.9691,-23.1828
+0.9695,-24.0095
+0.9699,-24.7967
+0.9704,-25.8131
+0.9707,-26.0871
+0.9711,-27.0392
+0.9715,-28.1403
+0.9719,-29.2357
+0.9724,-30.1569
+0.9727,-31.0128
+0.9731,-31.7007
+0.9735,-32.5714
+0.9739,-33.3151
+0.9744,-33.8313
+0.9747,-35.0379
+0.9752,-35.4072
+0.9755,-35.6887
+0.9759,-35.7448
+0.9764,-35.9122
+0.9768,-35.7415
+0.9771,-35.5643
+0.9775,-35.3512
+0.9779,-35.0717
+0.9784,-34.7692
+0.9787,-34.2423
+0.9791,-33.9268
+0.9795,-33.5102
+0.9799,-33.0947
+0.9804,-32.6495
+0.9807,-32.2467
+0.9811,-31.8389
+0.9815,-31.4282
+0.9819,-31.2501
+0.9824,-31.0475
+0.9827,-30.9299
+0.9831,-30.802
+0.9835,-30.8483
+0.9839,-30.8483
+0.9844,-30.8468
+0.9847,-30.9442
+0.9851,-31.237
+0.9855,-31.5944
+0.9859,-31.7805
+0.9864,-32.0338
+0.9867,-32.5052
+0.9871,-33.1399
+0.9875,-33.4756
+0.9879,-34.1817
+0.9884,-34.7805
+0.9888,-35.3649
+0.9891,-36.045
+0.9895,-36.748
+0.9899,-37.4753
+0.9904,-37.8717
+0.9907,-38.422
+0.9911,-38.8161
+0.9915,-39.3819
+0.9919,-39.7199
+0.9924,-40.0875
+0.9928,-40.5899
+0.9931,-40.7991
+0.9935,-40.463
+0.9939,-40.1031
+0.9944,-39.9219
+0.9947,-39.3582
+0.9951,-39.0421
+0.9955,-38.1132
+0.9959,-37.0218
+0.9964,-35.9077
+0.9967,-35.0754
+0.9971,-33.6869
+0.9975,-33.1616
+0.9979,-32.0065
+0.9984,-31.3566
+0.9987,-30.1093
+0.9991,-29.0514
+0.9995,-27.7532
+0.9999,-26.4869
+1.0004,-25.066
+1.0008,-23.3171
+1.0011,-22.0572
+1.0015,-20.2884
+1.0019,-19.1592
+1.0024,-6.12903
+1.0027,-5.02902
+1.0031,-3.39657
+1.0035,-2.50287
+1.0039,-1.47612
+1.0044,-0.495144
+1.0048,+0.538499
+1.0051,+1.45073
+1.0055,+2.16408
+1.0059,+2.91012
+1.0064,+3.59163
+1.0067,+4.31704
+1.0071,+5.24423
+1.0075,+6.16685
+1.0079,+6.80016
+1.0084,+7.49348
+1.0088,+8.30991
+1.0091,+9.13429
+1.0095,+10.347
+1.0099,+11.3613
+1.0104,+12.3786
+1.0107,+13.6906
+1.0111,+14.9927
+1.0115,+16.2339
+1.0119,+17.9008
+1.0124,+19.2261
+1.0127,+20.7059
+1.0131,+22.6241
+1.0135,+24.2037
+1.0139,+25.9081
+1.0144,+27.6826
+1.0147,+29.3207
+1.0151,+30.7734
+1.0155,+32.3429
+1.0159,+33.486
+1.0164,+34.9586
+1.0168,+36.2728
+1.0171,+36.9713
+1.0175,+37.7323
+1.0179,+38.5855
+1.0184,+39.0816
+1.0187,+39.5439
+1.0191,+39.814
+1.0195,+39.9703
+1.0199,+40.1136
+1.0204,+39.9177
+1.0208,+39.6272
+1.0214,+38.3408
+1.0216,+37.0205
+1.0221,+36.4305
+1.0224,+34.7707
+1.0229,+33.8372
+1.0233,+31.8833
+1.0235,+29.9696
+1.0239,+27.8645
+1.0244,+25.8126
+1.0248,+23.6435
+1.0251,+23.3728
+1.0256,+21.8486
+1.0259,+19.467
+1.0264,+18.1438
+1.0267,+15.8284
+1.0271,+14.4798
+1.0275,+12.9049
+1.0279,+11.4667
+1.0284,+10.0955
+1.0287,+8.72717
+1.0291,+6.58467
+1.0295,+5.49995
+1.0299,+4.48869
+1.0304,+3.25607
+1.0307,+2.22737
+1.0311,+1.19613
+1.0315,+0.216646
+1.0319,-0.530224
+1.0324,-1.4972
+1.0328,-2.41201
+1.0331,-3.31097
+1.0335,-4.18532
+1.0339,-5.52009
+1.0344,-6.51126
+1.0347,-7.68805
+1.0351,-8.86243
+1.0364,-9.99569
+1.0367,-11.3094
+1.037,-12.5124
+1.0372,-13.7838
+1.0375,-15.1791
+1.0379,-16.5236
+1.0384,-17.5641
+1.0387,-19.0447
+1.0391,-20.4933
+1.0395,-21.7656
+1.0399,-23.2614
+1.0404,-24.9366
+1.0408,-26.5976
+1.0411,-28.3719
+1.0415,-30.2474
+1.0419,-32.2311
+1.0424,-34.2915
+1.0427,-36.2113
+1.0431,-38.2201
+1.0435,-40.4363
+1.0439,-42.4516
+1.0444,-44.2103
+1.0448,-46.1791
+1.0451,-48.1726
+1.0455,-49.9682
+1.0459,-51.7717
+1.0464,-53.4646
+1.0467,-54.9877
+1.0471,-56.4796
+1.0475,-57.7439
+1.0479,-58.9168
+1.0484,-60.1796
+1.0487,-60.8679
+1.0491,-61.4883
+1.0495,-61.8634
+1.0499,-61.8887
+1.0504,-61.8422
+1.0507,-61.308
+1.0511,-60.5566
+1.0515,-59.6055
+1.0519,-58.2106
+1.0524,-56.4156
+1.0528,-54.1577
+1.0531,-51.5541
+1.0535,-48.9853
+1.0539,-45.7644
+1.0544,-42.547
+1.0547,-39.1791
+1.0551,-35.0472
+1.0555,-30.5113
+1.0559,-25.9094
+1.0564,-21.1529
+1.0567,-16.6811
+1.0571,-12.0253
+1.0575,-7.1501
+1.0579,-2.75454
+1.0584,+2.07428
+1.0587,+6.68137
+1.0591,+10.8048
+1.0595,+14.4637
+1.0599,+18.0478
+1.0604,+21.2035
+1.0608,+24.0246
+1.0611,+26.7018
+1.0615,+29.1621
+1.0619,+31.1628
+1.0624,+32.8862
+1.0627,+34.3
+1.0631,+35.6262
+1.0635,+36.5576
+1.0639,+37.0452
+1.0642,+37.3932
+1.0647,+37.6232
+1.0651,+37.4369
+1.0655,+36.9268
+1.066,+36.4921
+1.0664,+35.8155
+1.0668,+35.0297
+1.0671,+33.8096
+1.0675,+32.5728
+1.0679,+31.2646
+1.0684,+29.1152
+1.0687,+27.6215
+1.0691,+25.3573
+1.0696,+23.0882
+1.0699,+20.6759
+1.0704,+18.1115
+1.0707,+15.6466
+1.0711,+13.1105
+1.0715,+10.8417
+1.0719,+8.48679
+1.0724,+6.8056
+1.0728,+4.30191
+1.0731,+2.59616
+1.0735,+0.962206
+1.0739,-0.76916
+1.0744,-2.23005
+1.0747,-3.37722
+1.0751,-4.32287
+1.0755,-6.13846
+1.0759,-7.34029
+1.0764,-9.01983
+1.0767,-10.0857
+1.0771,-11.6064
+1.0775,-13.0459
+1.0779,-14.5269
+1.0782,-15.9665
+1.0787,-17.9638
+1.0791,-19.9085
+1.0795,-21.3949
+1.0799,-23.3231
+1.0802,-24.5324
+1.0808,-26.4116
+1.0811,-27.7392
+1.0815,-29.3549
+1.0819,-30.5492
+1.0822,-31.8819
+1.0827,-33.0234
+1.0831,-34.329
+1.0835,-35.2479
+1.0839,-36.1322
+1.0842,-37.0628
+1.0848,-37.541
+1.0851,-37.7957
+1.0855,-37.7342
+1.086,-37.5395
+1.0864,-36.787
+1.0867,-35.9296
+1.0871,-34.43
+1.0875,-32.2074
+1.0879,-30.1073
+1.0884,-27.0061
+1.0888,-23.3898
+1.0891,-19.5545
+1.0895,-15.01
+1.0899,-10.2817
+1.0904,-5.6081
+1.0907,-0.397973
+1.0911,+4.74596
+1.0915,+9.48025
+1.0919,+14.6937
+1.0924,+19.2554
+1.0927,+23.1314
+1.0931,+26.886
+1.0935,+30.0058
+1.0939,+32.747
+1.0944,+35.0964
+1.0948,+36.9807
+1.0951,+38.3511
+1.0955,+39.3913
+1.0959,+39.9841
+1.0964,+40.1792
+1.0968,+40.4265
+1.0971,+40.2336
+1.0975,+38.6801
+1.0979,+38.1397
+1.0984,+36.3791
+1.0988,+34.3688
+1.0991,+32.4781
+1.0995,+30.3761
+1.0999,+28.2223
+1.1004,+26.1405
+1.1008,+23.9888
+1.1011,+21.7743
+1.1015,+20.7133
+1.1019,+18.3928
+1.1022,+17.1543
+1.1027,+15.9009
+1.1031,+14.555
+1.1035,+13.138
+1.1039,+11.8459
+1.1044,+9.55811
+1.1048,+7.56679
+1.1051,+5.94102
+1.1055,+4.33814
+1.1059,+2.04758
+1.1062,-0.255727
+1.1068,-2.61258
+1.1071,-4.46652
+1.1075,-6.1606
+1.1079,-7.78971
+1.1084,-8.63148
+1.1088,-9.74904
+1.1091,-11.1585
+1.1095,-12.5841
+1.1099,-13.1208
+1.1102,-13.5507
+1.1108,-13.6724
+1.1111,-14.2678
+1.1115,-14.7526
+1.1119,-15.1513
+1.1122,-15.2295
+1.1128,-15.4216
+1.1131,-15.1665
+1.1135,-14.6905
+1.1139,-14.0842
+1.1143,-12.6752
+1.1148,-11.9422
+1.1151,-10.2804
+1.1155,-8.40336
+1.1159,-6.47546
+1.1164,-4.46815
+1.1168,-2.26491
+1.1171,-0.313917
+1.1175,+1.66233
+1.1179,+3.60469
+1.1182,+5.15065
+1.1187,+7.05257
+1.1191,+8.21155
+1.1195,+9.12111
+1.1199,+9.87668
+1.1204,+9.59528
+1.1208,+10.0566
+1.1211,+9.63133
+1.1215,+9.02941
+1.1219,+9.14443
+1.1222,+8.07975
+1.1228,+7.13889
+1.1231,+6.09422
+1.1235,+5.09739
+1.1239,+3.78914
+1.1244,+3.41151
+1.1248,+2.14076
+1.1251,+1.53462
+1.1255,+0.81811
+1.1259,-0.712018
+1.1262,-1.6139
+1.1269,-2.6032
+1.1271,-3.68839
+1.1275,-4.97292
+1.1279,-6.11236
+1.1283,-7.48874
+1.1288,-8.92888
+1.1291,-10.3498
+1.1295,-11.7992
+1.1299,-13.4136
+1.1303,-14.9886
+1.1308,-16.4033
+1.1311,-17.9785
+1.1315,-19.368
+1.1319,-20.7361
+1.1323,-22.114
+1.1328,-23.3675
+1.1331,-24.2226
+1.1335,-24.9217
+1.1339,-25.2992
+1.1343,-25.85
+1.1348,-26.1697
+1.1351,-26.4349
+1.1355,-26.2981
+1.1359,-25.9893
+1.1363,-25.4085
+1.1368,-24.5231
+1.1371,-23.7484
+1.1375,-22.9938
+1.1379,-22.1877
+1.1388,-21.0997
+1.1391,-19.8555
+1.1394,-18.3412
+1.1396,-17.1438
+1.1399,-15.7906
+1.1405,-14.4869
+1.1408,-13.265
+1.1411,-11.938
+1.1415,-10.452
+1.1419,-9.00983
+1.1423,-7.35352
+1.1428,-5.93409
+1.1431,-4.45256
+1.1435,-3.01221
+1.1439,-1.5707
+1.1442,-0.788873
+1.1448,+0.582983
+1.1451,+1.1636
+1.1455,+1.7434
+1.1459,+2.25116
+1.1463,+2.64647
+1.1468,+2.91359
+1.1471,+3.52207
+1.1475,+3.72571
+1.1479,+3.67027
+1.1484,+5.02317
+1.1488,+4.78237
+1.1491,+5.16183
+1.1495,+5.62531
+1.1499,+5.99326
+1.1502,+6.21792
+1.1508,+6.28051
+1.1511,+5.9298
+1.1515,+5.7966
+1.1519,+5.7675
+1.1523,+4.75459
+1.1528,+4.31884
+1.1531,+3.93684
+1.1535,+3.11741
+1.1539,+2.24765
+1.1542,+1.27732
+1.1548,+0.290257
+1.1551,-0.984929
+1.1555,-2.09138
+1.1559,-3.53173
+1.1564,-4.83978
+1.1568,-6.06809
+1.1573,-7.51909
+1.1575,-8.91129
+1.1579,-10.1425
+1.1584,-11.328
+1.1588,-12.48
+1.1592,-13.3121
+1.1595,-14.2956
+1.1599,-14.9295
+1.1602,-15.379
+1.1608,-15.76
+1.1611,-15.9085
+1.1615,-15.8195
+1.1619,-15.7838
+1.1622,-15.4234
+1.1628,-15.003
+1.1631,-14.4884
+1.1635,-13.6548
+1.1639,-12.7262
+1.1644,-12.0301
+1.1647,-11.0203
+1.1651,-10.0078
+1.1655,-8.25397
+1.1659,-7.13978
+1.1662,-6.07892
+1.1668,-5.02153
+1.1671,-4.07731
+1.1675,-3.25206
+1.1679,-2.32522
+1.1683,-1.25575
+1.1688,-0.404818
+1.1691,+0.314656
+1.1695,+0.371045
+1.1699,+1.03464
+1.1702,+1.63774
+1.1708,+2.25382
+1.1711,+2.93974
+1.1715,+3.46204
+1.1719,+3.95496
+1.1724,+4.21103
+1.1728,+4.47401
+1.1731,+4.71054
+1.1735,+4.78116
+1.1739,+4.79466
+1.1743,+4.93347
+1.1748,+4.98797
+1.1751,+4.72739
+1.1755,+4.5344
+1.1759,+3.89786
+1.1763,+3.37323
+1.1768,+3.03705
+1.1771,+2.54563
+1.1776,+2.03206
+1.1779,+1.41867
+1.1782,+0.588787
+1.1788,-0.262537
+1.1791,-1.13969
+1.1795,-2.07453
+1.1799,-3.14126
+1.1802,-4.07146
+1.1808,-5.28187
+1.1811,-6.57184
+1.1815,-7.97848
+1.1819,-9.43267
+1.1823,-11.0299
+1.1828,-12.5815
+1.1831,-14.0366
+1.1835,-15.6336
+1.1839,-17.0979
+1.1843,-18.4496
+1.1848,-20.0825
+1.1851,-21.5149
+1.1855,-22.8457
+1.1859,-24.1944
+1.1862,-25.4237
+1.1868,-26.5904
+1.1871,-27.627
+1.1886,-28.5406
+1.1889,-29.1651
+1.1891,-29.9712
+1.1893,-30.549
+1.1896,-30.9202
+1.1899,-31.3987
+1.1902,-31.3895
+1.1908,-31.4892
+1.1911,-31.3518
+1.1915,-31.1966
+1.1919,-30.7719
+1.1923,-30.3975
+1.1928,-29.8784
+1.1931,-29.1664
+1.1935,-28.6649
+1.1939,-27.699
+1.1942,-26.9562
+1.1948,-25.993
+1.1951,-25.1511
+1.1955,-24.2707
+1.1959,-23.5134
+1.1963,-22.5858
+1.1968,-21.758
+1.1971,-20.9842
+1.1975,-20.0239
+1.1979,-19.3201
+1.1983,-18.558
+1.1988,-17.7527
+1.1992,-17.0274
+1.1996,-16.3279
+1.2001,-15.5851
+1.2004,-14.9237
+1.2008,-14.2985
+1.2011,-13.4807
+1.2015,-12.7069
+1.2019,-11.9873
+1.2023,-11.3346
+1.2027,-10.7684
+1.2031,-11.0328
+1.2035,-10.309
+1.2039,-9.59425
+1.2043,-8.9976
+1.2048,-8.31154
+1.2051,-7.91225
+1.2055,-7.39883
+1.2059,-7.1058
+1.2063,-6.7358
+1.2068,-6.41878
+1.2071,-6.12933
+1.2075,-5.93606
+1.2079,-5.85462
+1.2083,-5.72333
+1.2088,-5.62617
+1.2091,-5.57011
+1.2095,-5.78653
+1.2099,-5.72694
+1.2103,-5.81107
+1.2108,-5.90614
+1.2111,-6.12786
+1.2115,-6.24377
+1.2119,-6.40943
+1.2123,-6.43749
+1.2128,-6.59647
+1.2132,-6.84119
+1.2135,-6.91041
+1.2139,-7.08694
+1.2143,-7.20895
+1.2148,-7.32233
+1.2151,-7.46
+1.2155,-7.77094
+1.2159,-7.98627
+1.2163,-8.42358
+1.2168,-8.84541
+1.2171,-9.10028
+1.2175,-9.39022
+1.2179,-9.83662
+1.2183,-10.3275
+1.2188,-10.6659
+1.2191,-11.0661
+1.2195,-11.5084
+1.2199,-11.937
+1.2203,-12.3651
+1.2208,-12.7975
+1.2211,-13.0694
+1.2215,-13.4748
+1.2219,-13.8005
+1.2223,-14.2327
+1.2228,-14.8028
+1.2231,-15.0702
+1.2235,-15.3217
+1.2239,-15.6375
+1.2243,-16.0381
+1.2248,-16.4201
+1.2251,-16.9401
+1.2255,-17.5779
+1.2259,-18.0082
+1.2263,-18.2379
+1.2268,-18.8173
+1.2271,-19.1585
+1.2275,-19.4272
+1.2279,-19.6102
+1.2283,-19.6878
+1.2288,-19.6889
+1.2291,-19.6318
+1.2295,-19.5584
+1.2299,-19.3084
+1.2303,-19.3434
+1.2308,-18.8215
+1.2311,-18.5098
+1.2315,-18.1908
+1.2319,-17.8493
+1.2323,-17.3444
+1.2328,-16.8596
+1.2331,-16.0751
+1.2335,-15.1559
+1.2339,-14.3496
+1.2343,-13.3787
+1.2348,-12.7628
+1.2351,-11.8383
+1.2355,-11.1478
+1.2359,-10.0711
+1.2363,-9.49779
+1.2368,-8.36703
+1.2371,-7.59349
+1.2375,-6.57987
+1.2379,-5.45383
+1.2383,-4.83528
+1.2388,-3.33771
+1.2391,-2.09901
+1.2395,-0.559765
+1.2399,+0.540487
+1.2403,+2.05889
+1.2412,+3.15512
+1.2415,+4.31155
+1.2417,+5.41616
+1.2419,+6.34441
+1.2422,+7.83321
+1.2428,+8.6332
+1.2431,+9.234
+1.2435,+10.0099
+1.2439,+10.7861
+1.2442,+11.5832
+1.2448,+12.3024
+1.2451,+12.6961
+1.2455,+12.9271
+1.2459,+12.9103
+1.2463,+12.9611
+1.2468,+12.9797
+1.2471,+12.9019
+1.2475,+12.5127
+1.2479,+11.8692
+1.2483,+11.275
+1.2488,+10.4349
+1.2491,+9.71813
+1.2495,+8.93559
+1.2499,+8.17963
+1.2503,+7.31066
+1.2508,+6.29971
+1.2511,+5.18511
+1.2515,+4.21735
+1.2519,+3.2818
+1.2523,+2.19469
+1.2528,+0.560873
+1.2531,-0.61455
+1.2535,-1.71582
+1.2539,-2.80707
+1.2543,-3.85626
+1.2548,-5.09974
+1.2551,-6.28327
+1.2555,-7.67712
+1.2559,-8.85367
+1.2563,-10.1927
+1.2568,-10.9535
+1.2571,-12.3465
+1.2575,-13.4946
+1.2579,-14.7427
+1.2583,-16.2256
+1.2588,-17.3779
+1.2591,-18.4584
+1.2595,-19.4479
+1.2599,-20.635
+1.2603,-21.7152
+1.2608,-22.5456
+1.2611,-23.1899
+1.2615,-24.373
+1.2619,-25.303
+1.2623,-26.1126
+1.2628,-26.8918
+1.2631,-27.684
+1.2635,-28.5509
+1.2639,-29.1583
+1.2643,-29.8195
+1.2648,-30.5719
+1.2651,-31.249
+1.2655,-31.6267
+1.2659,-32.1776
+1.2663,-32.3926
+1.2668,-32.6133
+1.2671,-33.0095
+1.2675,-33.0639
+1.2679,-33.2082
+1.2683,-33.2923
+1.2688,-33.201
+1.2691,-33.1943
+1.2695,-33.0908
+1.2699,-32.7325
+1.2703,-32.442
+1.2708,-32.2612
+1.2711,-31.7696
+1.2715,-31.3264
+1.2719,-30.7017
+1.2723,-29.8666
+1.2728,-29.2702
+1.2731,-28.2482
+1.2735,-27.3181
+1.2739,-26.3479
+1.2743,-25.3938
+1.2748,-24.2472
+1.2751,-23.0684
+1.2755,-21.7838
+1.2759,-20.5828
+1.2763,-19.2971
+1.2768,-17.8181
+1.2771,-16.3254
+1.2775,-14.5664
+1.2779,-12.9966
+1.2783,-11.2288
+1.2788,-9.48598
+1.2791,-7.56431
+1.2795,-5.78102
+1.28,-3.86068
+1.2804,-1.9188
+1.2808,-0.0501888
+1.2811,+1.89882
+1.2815,+3.65381
+1.2819,+5.58011
+1.2823,+7.30277
+1.2828,+9.24321
+1.2831,+11.1192
+1.2835,+12.9819
+1.2839,+14.7332
+1.2843,+16.2876
+1.2848,+18.8986
+1.2852,+20.3116
+1.2855,+21.8594
+1.2859,+23.411
+1.2863,+24.8706
+1.2868,+27.0027
+1.2872,+29.0955
+1.2876,+31.0266
+1.2879,+33.0069
+1.2883,+34.2543
+1.2888,+35.324
+1.2892,+37.2951
+1.2895,+38.1695
+1.2899,+41.2554
+1.2903,+42.7883
+1.2908,+43.3741
+1.2912,+43.829
+1.2915,+44.665
+1.2919,+46.4593
+1.2923,+47.5054
+1.2928,+49.0087
+1.2932,+50.4694
+1.2938,+50.5263
+1.2941,+48.258
+1.2944,+49.6438
+1.2948,+49.9148
+1.2952,+48.9978
+1.2956,+50.0005
+1.2959,+49.777
+1.2963,+50.9156
+1.2968,+49.3698
+1.2972,+48.8844
+1.2975,+48.3199
+1.2979,+49.9507
+1.2983,+49.3979
+1.2988,+49.6131
+1.2992,+50.9264
+1.2995,+48.81
+1.2999,+47.804
+1.3004,+46.751
+1.3008,+45.8465
+1.3012,+44.6759
+1.3015,+45.8119
+1.3019,+42.822
+1.3023,+41.2691
+1.3028,+40.1001
+1.3032,+38.6551
+1.3035,+37.3349
+1.3039,+35.7914
+1.3043,+33.3158
+1.3048,+31.6808
+1.3052,+30.0632
+1.3056,+28.0517
+1.3059,+27.7708
+1.3063,+26.3684
+1.3068,+24.4933
+1.3072,+22.1516
+1.3075,+20.4834
+1.3079,+18.7657
+1.3083,+17.0987
+1.3088,+15.5785
+1.3092,+13.7312
+1.3095,+11.4325
+1.3099,+9.24422
+1.3103,+7.09552
+1.3108,+4.87749
+1.3112,+3.14653
+1.3115,+2.14291
+1.3119,-0.116932
+1.3123,-1.18346
+1.3128,-2.33918
+1.3132,-4.12007
+1.3135,-5.04599
+1.3139,-6.49439
+1.3143,-8.38712
+1.3148,-10.0141
+1.3152,-10.6778
+1.3156,-12.033
+1.3159,-13.6814
+1.3163,-15.691
+1.3167,-17.389
+1.3172,-19.1583
+1.3177,-20.9443
+1.3179,-22.2592
+1.3183,-23.6179
+1.3186,-24.8631
+1.3192,-27.028
+1.3195,-28.7237
+1.3199,-29.8629
+1.3203,-30.7664
+1.3208,-32.0385
+1.3212,-33.2275
+1.3215,-34.503
+1.3219,-35.7127
+1.3223,-36.7871
+1.3228,-37.8558
+1.3232,-38.8249
+1.3236,-39.9762
+1.3239,-40.765
+1.3243,-41.7411
+1.3248,-42.4593
+1.3252,-43.2128
+1.3256,-43.8484
+1.3259,-44.576
+1.3263,-45.2751
+1.3268,-46.0067
+1.3272,-46.4664
+1.3276,-47.0625
+1.3279,-47.735
+1.3283,-48.3136
+1.3288,-49.025
+1.3292,-49.5258
+1.3295,-50.0086
+1.3299,-50.4825
+1.3304,-51.0548
+1.3308,-51.538
+1.3312,-52.1541
+1.3315,-52.4703
+1.3319,-52.9282
+1.3323,-53.4621
+1.3327,-53.7784
+1.3332,-54.2273
+1.3335,-54.7655
+1.3339,-55.1612
+1.3343,-55.4143
+1.3347,-55.7332
+1.3352,-55.9519
+1.3355,-56.2145
+1.3359,-56.271
+1.3363,-56.4553
+1.3368,-56.5725
+1.3372,-56.7543
+1.3375,-56.6244
+1.3379,-56.5524
+1.3384,-56.6158
+1.3387,-56.5349
+1.3392,-56.48
+1.3396,-56.4914
+1.3399,-56.5432
+1.3403,-56.3591
+1.3408,-56.1953
+1.3412,-56.0134
+1.3415,-55.9698
+1.3419,-55.7909
+1.3423,-55.6029
+1.3426,-55.2552
+1.3436,-54.8587
+1.3439,-54.5545
+1.3441,-54.2077
+1.3444,-53.8468
+1.3446,-53.4682
+1.3452,-52.9414
+1.3455,-52.379
+1.3459,-51.9422
+1.3463,-51.2428
+1.3468,-50.7522
+1.3471,-50.2691
+1.3475,-49.6446
+1.3479,-49.1063
+1.3483,-48.4808
+1.3486,-47.8555
+1.3491,-47.1794
+1.3495,-46.5371
+1.3499,-45.7168
+1.3503,-45.0777
+1.3508,-44.3814
+1.3512,-43.6278
+1.3515,-43.0081
+1.3519,-42.228
+1.3523,-41.568
+1.3526,-40.8055
+1.3531,-40.0954
+1.3535,-39.3457
+1.3539,-38.7118
+1.3543,-38.1614
+1.3546,-37.5543
+1.3551,-37.1091
+1.3555,-36.3869
+1.3559,-35.6906
+1.3563,-35.0101
+1.3566,-34.3605
+1.3571,-33.9431
+1.3576,-33.3668
+1.3579,-32.8689
+1.3583,-32.097
+1.3586,-31.4542
+1.3591,-30.6725
+1.3595,-29.9993
+1.3599,-29.3652
+1.3603,-28.642
+1.3608,-27.9373
+1.3611,-27.069
+1.3615,-26.1606
+1.3619,-25.0376
+1.3623,-24.3275
+1.3626,-23.6025
+1.3631,-22.8537
+1.3635,-22.1375
+1.3639,-21.4857
+1.3643,-20.6956
+1.3646,-20.1735
+1.3651,-19.5442
+1.3655,-19.0691
+1.3659,-18.727
+1.3663,-18.1986
+1.3666,-17.5588
+1.3671,-16.8843
+1.3675,-16.3563
+1.3679,-15.7978
+1.3683,-15.3071
+1.3686,-14.6029
+1.3691,-13.9417
+1.3695,-13.3654
+1.3699,-12.7603
+1.3703,-12.1303
+1.3706,-11.5052
+1.3713,-11.0162
+1.3715,-10.3871
+1.3719,-9.68403
+1.3723,-9.18483
+1.3726,-8.60299
+1.3731,-8.11863
+1.3735,-7.63252
+1.3739,-7.22619
+1.3743,-6.68888
+1.3746,-6.09312
+1.3751,-5.48157
+1.3755,-4.96733
+1.3759,-4.57788
+1.3763,-3.97658
+1.3766,-3.52983
+1.3771,-2.91977
+1.3775,-2.45814
+1.3779,-2.01329
+1.3783,-1.60506
+1.3786,-1.26271
+1.3791,-0.787435
+1.3795,-0.285698
+1.3799,+0.214512
+1.3803,+0.584722
+1.3806,+1.03099
+1.3811,+1.43141
+1.3815,+1.93178
+1.3819,+2.58289
+1.3823,+3.14648
+1.3826,+3.68251
+1.3831,+3.975
+1.3835,+4.38189
+1.3839,+4.8299
+1.3843,+5.27503
+1.3846,+5.75016
+1.3851,+6.032
+1.3855,+6.37694
+1.3859,+6.63173
+1.3863,+6.95231
+1.3866,+7.15592
+1.3871,+7.53215
+1.3875,+7.76243
+1.3879,+8.02029
+1.3883,+8.29986
+1.3886,+8.46067
+1.3891,+8.68376
+1.3895,+9.01255
+1.3899,+9.19774
+1.3903,+9.39682
+1.3906,+9.56284
+1.3911,+9.66983
+1.3915,+10.0128
+1.3919,+10.2873
+1.3923,+10.4239
+1.3926,+10.6034
+1.3931,+10.8155
+1.3935,+10.902
+1.3939,+11.0627
+1.3943,+11.3396
+1.3946,+11.486
+1.3951,+11.6235
+1.3955,+11.6185
+1.3959,+11.785
+1.3963,+11.974
+1.3966,+12.0956
+1.3971,+12.2205
+1.3975,+12.2873
+1.3979,+12.2743
+1.3983,+12.1601
+1.3986,+12.3136
+1.3991,+12.3784
+1.3995,+12.4985
+1.3999,+12.3674
+1.4003,+12.2421
+1.4006,+12.4395
+1.4013,+12.4734
+1.4015,+12.5139
+1.4019,+12.6402
+1.4023,+12.7205
+1.4026,+12.8218
+1.4031,+13.0532
+1.4035,+13.1244
+1.4039,+13.2845
+1.4043,+13.4457
+1.4046,+13.4307
+1.4051,+13.623
+1.4055,+13.7587
+1.4059,+13.9483
+1.4063,+14.1432
+1.4066,+14.2529
+1.4071,+14.331
+1.4075,+14.5287
+1.4079,+14.5654
+1.4083,+14.6395
+1.4086,+14.808
+1.4091,+14.7298
+1.4095,+14.7916
+1.4099,+14.7793
+1.4103,+14.8007
+1.4106,+14.8466
+1.4111,+14.8557
+1.4115,+14.835
+1.4119,+14.9537
+1.4123,+15.1802
+1.4126,+15.2599
+1.4132,+15.4742
+1.4135,+15.5822
+1.4139,+15.706
+1.4143,+15.9034
+1.4146,+15.9975
+1.4151,+16.06
+1.4155,+16.0866
+1.4159,+16.1301
+1.4163,+16.1071
+1.4166,+16.0165
+1.4171,+16.0293
+1.4175,+15.9907
+1.4179,+15.932
+1.4183,+15.796
+1.4186,+15.815
+1.4191,+15.7228
+1.4195,+15.6368
+1.4199,+15.5979
+1.4203,+15.4778
+1.4206,+15.4371
+1.4212,+15.3166
+1.4215,+15.3282
+1.4219,+15.3778
+1.4223,+15.3598
+1.4226,+15.215
+1.4231,+15.1765
+1.4235,+15.2077
+1.4239,+15.2288
+1.4243,+15.2351
+1.4246,+15.184
+1.4251,+15.2091
+1.4255,+15.1922
+1.4259,+15.1201
+1.4263,+15.1085
+1.4266,+15.0604
+1.4271,+14.9948
+1.4275,+14.9502
+1.4279,+14.754
+1.4283,+14.7686
+1.4286,+14.7384
+1.4292,+14.7728
+1.4295,+14.6778
+1.4299,+14.7627
+1.4303,+14.6586
+1.4306,+14.6182
+1.4311,+14.7847
+1.4315,+14.7783
+1.432,+14.882
+1.4323,+14.8457
+1.4326,+14.8419
+1.4331,+14.8887
+1.4335,+15.0159
+1.4339,+14.8908
+1.4343,+15.0457
+1.4346,+15.2411
+1.4351,+15.1101
+1.4355,+15.1369
+1.4359,+15.2204
+1.4363,+15.2507
+1.4366,+15.3265
+1.4371,+15.4242
+1.4375,+15.563
+1.4379,+15.6847
+1.4383,+15.6561
+1.4386,+14.9623
+1.4391,+15.035
+1.4395,+15.0783
+1.4399,+15.0095
+1.4403,+15.1643
+1.4407,+15.212
+1.4412,+15.0883
+1.4415,+14.9421
+1.4419,+15.1315
+1.4423,+15.2102
+1.4426,+15.8224
+1.4431,+15.7575
+1.4435,+15.8138
+1.4439,+15.7801
+1.4443,+15.7439
+1.4446,+15.6876
+1.4451,+15.7224
+1.446,+15.7133
+1.4462,+15.5279
+1.4464,+15.4947
+1.4467,+15.5415
+1.4471,+15.6448
+1.4475,+15.5766
+1.4479,+15.6875
+1.4483,+15.677
+1.4486,+15.6789
+1.4491,+15.7223
+1.4495,+15.6065
+1.4499,+15.5522
+1.4503,+15.3809
+1.4506,+15.3446
+1.4511,+15.268
+1.4515,+15.1998
+1.4519,+15.0737
+1.4523,+15.0128
+1.4526,+14.989
+1.4532,+14.9266
+1.4536,+14.8837
+1.4539,+15.0347
+1.4543,+15.0761
+1.4546,+15.1265
+1.4551,+15.212
+1.4555,+15.224
+1.4559,+15.1408
+1.4563,+15.1334
+1.4566,+15.0601
+1.4571,+14.9442
+1.4575,+15.135
+1.4579,+14.8565
+1.4583,+14.9538
+1.4586,+14.8545
+1.4591,+14.7777
+1.4595,+14.762
+1.4599,+14.906
+1.4603,+14.8613
+1.4606,+14.8993
+1.4611,+14.8263
+1.4615,+14.7509
+1.4619,+14.792
+1.4624,+14.893
+1.4628,+14.8699
+1.4631,+14.8637
+1.4635,+14.7624
+1.4639,+14.7198
+1.4643,+14.7357
+1.4646,+14.6364
+1.4651,+14.7102
+1.4655,+14.6616
+1.4659,+14.7659
+1.4663,+14.6284
+1.4667,+14.6649
+1.4671,+14.6887
+1.4675,+14.6826
+1.4679,+14.628
+1.4683,+14.6088
+1.4686,+14.6695
+1.4691,+14.7818
+1.4695,+14.7409
+1.4699,+14.7195
+1.4703,+14.3619
+1.4706,+14.3421
+1.4711,+14.2602
+1.4715,+14.3895
+1.4719,+14.4775
+1.4724,+14.5734
+1.4728,+14.5216
+1.4731,+14.3844
+1.4735,+14.3235
+1.4739,+14.3381
+1.4743,+14.7974
+1.4747,+15.0548
+1.4751,+15.1925
+1.4755,+15.156
+1.4759,+15.201
+1.4763,+15.2647
+1.4766,+15.4559
+1.4771,+15.6682
+1.4775,+15.8983
+1.4779,+15.7151
+1.4783,+15.6167
+1.4786,+15.4389
+1.4791,+15.3945
+1.4795,+15.4334
+1.4799,+15.347
+1.4803,+15.2872
+1.4806,+15.2633
+1.4811,+15.2642
+1.4815,+15.2457
+1.4819,+15.5837
+1.4823,+15.6611
+1.4826,+15.6367
+1.4832,+15.6198
+1.4835,+15.6772
+1.4839,+15.7803
+1.4843,+15.854
+1.4846,+15.866
+1.4851,+15.716
+1.4855,+15.7082
+1.4859,+15.5362
+1.4863,+15.4818
+1.4866,+15.4354
+1.4873,+15.5678
+1.4876,+15.5757
+1.4879,+15.4557
+1.4883,+15.4237
+1.4886,+15.3943
+1.4892,+15.3761
+1.4895,+15.4218
+1.4899,+15.5098
+1.4903,+15.599
+1.4906,+15.7813
+1.4912,+15.7389
+1.4915,+15.7078
+1.4919,+15.7905
+1.4923,+15.8009
+1.4926,+15.783
+1.4932,+15.8648
+1.4935,+15.9076
+1.4939,+15.8846
+1.4943,+15.7632
+1.4946,+15.6999
+1.4951,+15.6587
+1.4955,+15.4899
+1.4959,+15.5273
+1.4963,+15.4572
+1.4966,+15.4631
+1.4971,+15.3936
+1.4975,+15.3489
+1.4979,+15.2041
+1.4983,+15.1718
+1.4986,+15.0424
+1.4992,+15.0799
+1.4995,+15.4227
+1.4999,+15.4003
+1.5003,+15.3022
+1.5006,+15.169
+1.5012,+15.1336
+1.5015,+14.9874
+1.5019,+15.0702
+1.5023,+15.151
+1.5028,+15.1302
+1.5031,+15.1462
+1.5035,+15.0354
+1.5039,+14.9353
+1.5043,+14.8658
+1.5047,+14.8294
+1.5052,+14.7987
+1.5055,+14.8061
+1.5059,+14.8217
+1.5063,+14.6688
+1.5066,+14.722
+1.5072,+14.6003
+1.5075,+14.6048
+1.5079,+14.6977
+1.5083,+14.8117
+1.5086,+14.8879
+1.5091,+14.7909
+1.5095,+14.889
+1.5099,+14.8621
+1.5103,+14.8806
+1.5106,+15.0003
+1.5112,+14.9823
+1.5115,+14.9136
+1.5119,+14.8215
+1.5123,+14.733
+1.5127,+14.6808
+1.5132,+14.8076
+1.5135,+14.8392
+1.5139,+14.6965
+1.5143,+14.6747
+1.5146,+14.6183
+1.5151,+14.7503
+1.5155,+14.7534
+1.5159,+14.8271
+1.5163,+14.906
+1.5166,+14.9544
+1.5172,+15.0078
+1.5175,+14.8032
+1.5179,+14.8443
+1.5183,+14.8125
+1.5187,+14.6179
+1.5191,+14.3269
+1.5195,+14.3101
+1.5199,+14.2377
+1.5203,+14.2874
+1.5206,+14.3859
+1.5212,+14.2466
+1.5215,+14.3853
+1.5219,+14.4925
+1.5223,+14.5715
+1.5227,+14.7893
+1.5232,+15.0304
+1.5235,+14.9722
+1.5239,+15.0395
+1.5243,+14.9347
+1.5246,+14.7585
+1.5252,+14.811
+1.5255,+14.6691
+1.5259,+14.5535
+1.5263,+14.6309
+1.5267,+14.5399
+1.5271,+14.2947
+1.5275,+14.1933
+1.5279,+13.9311
+1.5283,+14.0864
+1.5286,+14.1393
+1.5292,+14.1552
+1.5295,+14.0925
+1.5299,+14.0667
+1.5303,+14.0407
+1.5306,+13.9419
+1.5311,+14.0163
+1.5315,+14.0856
+1.5319,+14.2691
+1.5323,+13.9837
+1.5326,+14.0889
+1.5332,+13.9313
+1.5335,+14.01
+1.5339,+14.0908
+1.5343,+14.0551
+1.5347,+14.0579
+1.5352,+14.0448
+1.5355,+13.9725
+1.5359,+13.9646
+1.5363,+14.0776
+1.5367,+13.8823
+1.5372,+14.0239
+1.5375,+14.0775
+1.5379,+14.0466
+1.5383,+13.9233
+1.5387,+13.8734
+1.5391,+13.7844
+1.5395,+13.7249
+1.5399,+13.7251
+1.5403,+13.6199
+1.5406,+13.6235
+1.5412,+13.4794
+1.5415,+13.3811
+1.5419,+13.3701
+1.5423,+13.452
+1.5426,+13.4386
+1.5432,+13.6085
+1.5435,+13.6791
+1.5439,+13.6756
+1.5443,+13.7017
+1.5447,+13.7046
+1.5452,+13.812
+1.5455,+13.7608
+1.5459,+13.7736
+1.5463,+13.645
+1.5467,+13.7273
+1.5472,+13.4941
+1.5475,+13.4635
+1.5484,+13.3561
+1.5486,+13.3358
+1.5489,+13.3911
+1.5491,+13.4477
+1.5495,+13.5527
+1.5499,+13.505
+1.5503,+13.4461
+1.5506,+13.2974
+1.5511,+13.3676
+1.5515,+13.3295
+1.5519,+13.18
+1.5523,+13.2344
+1.5526,+13.1684
+1.5531,+13.0514
+1.5535,+12.8118
+1.5539,+12.6732
+1.5543,+12.7903
+1.5546,+12.8552
+1.5551,+12.8453
+1.5555,+12.7386
+1.5559,+12.9568
+1.5563,+12.9404
+1.5566,+12.8773
+1.5572,+12.884
+1.5575,+12.9617
+1.5579,+12.9949
+1.5583,+12.8917
+1.5587,+12.7453
+1.5591,+12.6764
+1.5595,+12.7541
+1.5599,+12.578
+1.5603,+12.5038
+1.5606,+12.425
+1.5611,+12.4169
+1.5615,+12.3359
+1.5619,+12.2749
+1.5623,+12.3548
+1.5627,+12.427
+1.5632,+12.4331
+1.5635,+12.4854
+1.5639,+12.4586
+1.5643,+12.3797
+1.5646,+12.4439
+1.5651,+12.2266
+1.5655,+12.3385
+1.5661,+12.2578
+1.5664,+12.1876
+1.5667,+12.1286
+1.5672,+12.0701
+1.5675,+12.0173
+1.5679,+12.1149
+1.5683,+12.1077
+1.5686,+12.0553
+1.5691,+12.0923
+1.5695,+11.9397
+1.5699,+12.0432
+1.5703,+11.9865
+1.5707,+12.0006
+1.5711,+12.0031
+1.5715,+11.9929
+1.5719,+12.1001
+1.5724,+12.1738
+1.5726,+12.2546
+1.5732,+12.269
+1.5735,+12.4217
+1.5739,+12.4755
+1.5743,+12.285
+1.5746,+12.4515
+1.5751,+12.5264
+1.5755,+12.5942
+1.5759,+12.5434
+1.5763,+12.542
+1.5767,+12.4196
+1.5772,+12.4904
+1.5775,+12.3519
+1.5779,+12.4055
+1.5783,+12.4904
+1.5786,+12.3553
+1.579,+12.3697
+1.5795,+12.3317
+1.5799,+12.2166
+1.5803,+12.2329
+1.5807,+12.3651
+1.5812,+12.3548
+1.5815,+12.3804
+1.5819,+12.154
+1.5823,+12.3183
+1.5827,+12.3314
+1.583,+12.1694
+1.5835,+12.1552
+1.5839,+12.1958
+1.5843,+12.1669
+1.5846,+12.2517
+1.585,+12.3937
+1.5855,+12.3581
+1.5859,+12.5594
+1.5863,+12.4986
+1.5867,+12.6307
+1.5872,+12.8503
+1.5875,+12.7637
+1.5879,+12.6491
+1.5883,+12.6775
+1.5887,+12.4849
+1.589,+12.2811
+1.5895,+12.3784
+1.5899,+12.3052
+1.5903,+12.3246
+1.5907,+12.2492
+1.5911,+12.1183
+1.5915,+12.0988
+1.5919,+12.2258
+1.5923,+12.0651
+1.5927,+12.2352
+1.593,+12.2135
+1.5935,+12.248
+1.5939,+12.3044
+1.5943,+12.3533
+1.5947,+12.2656
+1.595,+12.3737
+1.5955,+12.4304
+1.5959,+12.3785
+1.5963,+12.382
+1.5967,+12.2922
+1.597,+12.435
+1.5975,+12.4073
+1.5979,+12.2602
+1.5983,+12.2809
+1.5986,+12.2349
+1.599,+11.9483
+1.5995,+11.9914
+1.5999,+12.0383
+1.6003,+12.0269
+1.6007,+11.957
+1.6011,+11.8365
+1.6015,+11.8513
+1.6019,+11.9308
+1.6023,+11.8932
+1.6027,+11.8836
+1.603,+14.2139
+1.6035,+14.1303
+1.6039,+14.0246
+1.6044,+14.1455
+1.6048,+14.1898
+1.6052,+14.1356
+1.6055,+13.9707
+1.6059,+13.8577
+1.6063,+13.7594
+1.6067,+13.6744
+1.607,+13.8591
+1.6075,+13.9105
+1.6079,+13.9524
+1.6083,+13.7772
+1.6087,+13.74
+1.609,+13.7395
+1.6095,+13.7899
+1.6099,+13.7198
+1.6103,+13.6953
+1.6107,+13.7581
+1.611,+13.729
+1.6115,+13.5501
+1.6119,+13.4128
+1.6123,+13.3793
+1.6127,+13.3807
+1.613,+13.4583
+1.6135,+13.3884
+1.6139,+13.4159
+1.6143,+13.4744
+1.6147,+13.3442
+1.615,+13.0934
+1.6155,+13.1882
+1.6159,+13.0787
+1.6163,+13.0936
+1.6166,+12.839
+1.617,+12.7458
+1.6175,+12.6835
+1.6179,+12.6745
+1.6183,+12.5374
+1.6186,+12.5315
+1.619,+12.5663
+1.6195,+12.5075
+1.6199,+12.677
+1.6203,+12.5304
+1.6207,+12.6485
+1.621,+12.4921
+1.6215,+12.3628
+1.6219,+12.2352
+1.6223,+12.1407
+1.6226,+12.2032
+1.623,+12.1969
+1.6235,+12.1383
+1.6239,+11.8561
+1.6244,+11.8963
+1.6247,+11.8098
+1.625,+11.6649
+1.6255,+11.8238
+1.6259,+11.7887
+1.6263,+11.7067
+1.6267,+11.4776
+1.627,+11.376
+1.6275,+11.2194
+1.6279,+11.3925
+1.6283,+11.3186
+1.6287,+11.1299
+1.629,+11.0346
+1.6295,+10.8523
+1.6299,+10.535
+1.6303,+10.4251
+1.6306,+10.3826
+1.631,+10.3016
+1.6315,+10.2485
+1.6319,+10.0591
+1.6323,+9.98009
+1.6327,+10.018
+1.633,+10.0947
+1.6335,+10.0383
+1.6339,+10.1946
+1.6343,+10.1366
+1.6347,+10.0446
+1.635,+10.0623
+1.6355,+9.97447
+1.6359,+9.93757
+1.6363,+9.87019
+1.6366,+9.63881
+1.637,+9.62081
+1.6375,+9.5655
+1.6379,+9.53714
+1.6383,+9.46069
+1.6386,+9.40363
+1.639,+9.06126
+1.6395,+8.96668
+1.6399,+8.80843
+1.6403,+8.75979
+1.6407,+8.84859
+1.641,+8.63578
+1.6415,+8.44027
+1.6419,+8.25838
+1.6423,+8.16168
+1.6427,+8.12415
+1.643,+8.2727
+1.6435,+8.25426
+1.6439,+8.22618
+1.6443,+8.17976
+1.6447,+8.07497
+1.645,+8.01144
+1.6456,+7.96612
+1.6459,+7.95234
+1.6463,+7.74017
+1.6467,+7.63376
+1.647,+7.56341
+1.6475,+7.3881
+1.6479,+7.19515
+1.6483,+7.0457
+1.6487,+6.90256
+1.649,+6.8962
+1.6495,+6.80111
+1.6499,+6.65631
+1.6508,+6.8218
+1.6511,+6.76178
+1.6513,+6.62524
+1.6516,+6.50356
+1.6519,+6.51803
+1.6523,+6.46356
+1.6528,+6.42501
+1.653,+6.20374
+1.6535,+6.18018
+1.6539,+6.14668
+1.6543,+6.04838
+1.6548,+6.02018
+1.655,+5.95858
+1.6555,+5.98008
+1.6559,+5.88587
+1.6563,+5.68885
+1.6568,+5.54693
+1.657,+5.5375
+1.6575,+5.41911
+1.6579,+5.35929
+1.6583,+5.20008
+1.6587,+4.97522
+1.659,+4.89748
+1.6595,+4.84955
+1.6599,+4.69651
+1.6603,+4.62897
+1.6607,+4.57487
+1.661,+4.40917
+1.6615,+4.42645
+1.6619,+4.26226
+1.6623,+4.05898
+1.6627,+3.97527
+1.663,+3.80116
+1.6635,+3.63895
+1.6639,+3.64814
+1.6643,+3.52917
+1.6647,+3.34716
+1.665,+3.39487
+1.6655,+3.17423
+1.6659,+3.14783
+1.6663,+3.21577
+1.6667,+3.10026
+1.667,+3.04175
+1.6675,+2.98692
+1.6679,+2.84236
+1.6683,+2.83044
+1.6687,+2.78801
+1.669,+2.58773
+1.6695,+2.57169
+1.6699,+2.38388
+1.6703,+2.39259
+1.6707,+2.35948
+1.671,+2.14901
+1.6715,+1.95658
+1.6719,+1.92047
+1.6723,+1.81729
+1.6727,+1.75319
+1.673,+1.70777
+1.6735,+1.46994
+1.6739,+1.38648
+1.6743,+1.15072
+1.6747,+0.994276
+1.675,+0.905462
+1.6755,+0.85728
+1.6759,+0.757302
+1.6763,+0.704417
+1.6767,+0.62733
+1.677,+0.499494
+1.6775,+0.409782
+1.6779,+0.351452
+1.6783,+0.225193
+1.6787,+0.247137
+1.679,+0.199758
+1.6795,-0.0500712
+1.6799,-0.224559
+1.6803,-0.305622
+1.6807,-0.425528
+1.681,-0.535919
+1.6815,-0.50573
+1.6819,-0.640388
+1.6823,-0.744253
+1.6827,-0.8618
+1.683,-0.944453
+1.6835,-0.907747
+1.6839,-0.987266
+1.6843,-1.15277
+1.6847,-1.2308
+1.6852,-1.30236
+1.6855,-1.48731
+1.6859,-1.59135
+1.6863,-1.73756
+1.6867,-1.9056
+1.687,-1.95114
+1.6875,-2.20349
+1.6879,-2.32995
+1.6883,-2.39544
+1.6887,-2.58859
+1.689,-2.78915
+1.6895,-2.92968
+1.6899,-3.04351
+1.6903,-3.08287
+1.6907,-3.11308
+1.691,-3.36721
+1.6915,-3.42862
+1.6919,-3.52915
+1.6923,-3.78219
+1.6927,-3.98351
+1.693,-3.88842
+1.6935,-4.04487
+1.6939,-4.20033
+1.6943,-4.40649
+1.6947,-4.62962
+1.695,-4.74114
+1.6957,-4.7643
+1.6959,-4.98272
+1.6963,-5.04189
+1.6967,-4.98462
+1.697,-5.2745
+1.6975,-5.46243
+1.6979,-5.36656
+1.6983,-5.52464
+1.6987,-5.6892
+1.699,-5.74765
+1.6995,-5.83551
+1.6999,-6.0369
+1.7003,-6.15833
+1.7007,-6.30269
+1.701,-6.37978
+1.7015,-6.4397
+1.7019,-6.6866
+1.7023,-6.54848
+1.7027,-6.65744
+1.703,-6.7936
+1.7035,-7.03189
+1.7039,-7.00186
+1.7043,-7.20213
+1.7047,-7.27453
+1.705,-7.41991
+1.7055,-7.49445
+1.7059,-7.66741
+1.7063,-7.92961
+1.7067,-8.02743
+1.707,-8.0799
+1.7075,-8.11776
+1.7079,-8.25354
+1.7083,-8.30701
+1.7087,-8.53991
+1.709,-8.67069
+1.7095,-8.84719
+1.7099,-8.89059
+1.7103,-8.84999
+1.7107,-8.9776
+1.711,-9.16604
+1.7115,-9.31064
+1.7119,-9.45616
+1.7123,-9.55113
+1.7127,-9.62046
+1.713,-9.80071
+1.7135,-9.79107
+1.7139,-9.87035
+1.7143,-10.2786
+1.7147,-10.4704
+1.715,-10.5881
+1.7155,-10.6408
+1.7159,-10.7152
+1.7163,-10.7791
+1.7167,-10.8987
+1.717,-10.9727
+1.7175,-11.2094
+1.7179,-11.3877
+1.7183,-11.4091
+1.7187,-11.5095
+1.719,-11.6724
+1.7195,-11.7653
+1.7199,-12.0727
+1.7203,-12.3778
+1.7207,-12.4678
+1.721,-12.5025
+1.7229,-12.4959
+1.7231,-12.491
+1.7235,-12.5957
+1.7239,-12.5687
+1.7243,-12.5235
+1.7247,-12.5657
+1.725,-12.4227
+1.7255,-12.3528
+1.7259,-12.446
+1.7263,-12.5928
+1.7267,-12.634
+1.727,-12.9574
+1.7275,-13.1253
+1.7279,-13.332
+1.7283,-13.4916
+1.7287,-13.7798
+1.729,-13.8583
+1.7295,-14.022
+1.7299,-14.1409
+1.7303,-14.0823
+1.7307,-14.3338
+1.731,-14.1942
+1.7315,-14.1118
+1.7319,-14.1066
+1.7323,-14.1934
+1.7327,-14.242
+1.733,-14.3871
+1.7335,-14.3809
+1.7339,-14.368
+1.7343,-14.5661
+1.7347,-14.7845
+1.735,-15.0769
+1.7355,-15.2522
+1.7359,-15.389
+1.7363,-15.5195
+1.7367,-15.6441
+1.737,-15.7409
+1.7375,-15.9575
+1.7379,-16.2042
+1.7383,-16.364
+1.7387,-16.316
+1.739,-16.3581
+1.7395,-16.4671
+1.7399,-16.6374
+1.7403,-16.8677
+1.7407,-17.0086
+1.741,-17.0677
+1.7415,-17.0715
+1.7419,-17.2465
+1.7423,-17.4129
+1.7427,-17.6407
+1.743,-17.8231
+1.7435,-17.867
+1.7439,-17.8651
+1.7443,-17.8997
+1.7447,-17.9665
+1.745,-18.192
+1.7455,-18.433
+1.7459,-18.5532
+1.7463,-18.5341
+1.7467,-18.505
+1.747,-18.6181
+1.7475,-18.7934
+1.7479,-18.9787
+1.7483,-19.0743
+1.7487,-18.9907
+1.749,-18.9904
+1.7495,-19.0634
+1.7499,-19.0941
+1.7503,-19.1836
+1.7507,-19.2588
+1.751,-19.3302
+1.7515,-19.4066
+1.7519,-19.4464
+1.7523,-19.6405
+1.7532,-19.808
+1.7534,-19.9092
+1.7537,-20.0054
+1.7539,-20.0669
+1.7543,-20.1766
+1.7547,-20.2511
+1.755,-20.181
+1.7555,-20.2772
+1.7559,-20.2716
+1.7564,-20.152
+1.7567,-20.3769
+1.757,-20.5514
+1.7575,-20.6788
+1.7579,-20.7018
+1.7583,-20.9306
+1.7587,-20.986
+1.759,-21.2542
+1.7595,-21.417
+1.7599,-21.6761
+1.7603,-21.89
+1.7607,-21.9494
+1.761,-22.1237
+1.7615,-22.164
+1.7619,-22.3094
+1.7623,-22.2872
+1.7627,-22.3095
+1.763,-22.3327
+1.7635,-22.2854
+1.7639,-22.3486
+1.7643,-22.2288
+1.7647,-22.2924
+1.765,-22.2351
+1.7655,-22.1103
+1.7659,-22.2066
+1.7663,-22.276
+1.7667,-22.5062
+1.767,-22.5567
+1.7675,-22.6961
+1.7679,-22.7324
+1.7683,-23.0038
+1.7687,-23.0116
+1.769,-23.1508
+1.7695,-23.4226
+1.7699,-23.4742
+1.7703,-23.5825
+1.7707,-23.6043
+1.771,-23.7635
+1.7715,-23.8078
+1.7719,-23.9274
+1.7723,-23.9636
+1.7727,-24.0645
+1.773,-24.0107
+1.7735,-23.9537
+1.7739,-24.021
+1.7743,-24.0161
+1.7747,-24.1518
+1.775,-24.1184
+1.7755,-24.192
+1.7759,-24.2223
+1.7763,-24.3285
+1.7767,-24.4565
+1.777,-24.622
+1.7775,-24.7007
+1.7779,-24.7646
+1.7783,-24.8172
+1.7787,-24.7924
+1.779,-24.9306
+1.7795,-25.1137
+1.7799,-25.2017
+1.7803,-25.1361
+1.7807,-25.1945
+1.781,-25.1761
+1.7815,-25.3537
+1.7819,-25.4177
+1.7823,-25.3909
+1.7827,-25.51
+1.783,-25.5494
+1.7835,-25.4788
+1.7839,-25.5184
+1.7843,-25.6559
+1.7847,-25.637
+1.7851,-25.8274
+1.7855,-25.8744
+1.7859,-25.9391
+1.7863,-26.0828
+1.7868,-26.1507
+1.7871,-26.2762
+1.7875,-26.3828
+1.7879,-26.4337
+1.7883,-26.5309
+1.7887,-26.6461
+1.789,-26.6177
+1.7895,-26.6005
+1.7899,-26.8332
+1.7903,-26.9889
+1.7907,-27.0648
+1.791,-27.0035
+1.7915,-27.1359
+1.7919,-27.3056
+1.7923,-27.3575
+1.7927,-27.4973
+1.793,-27.5156
+1.7935,-27.6248
+1.7939,-27.5248
+1.7943,-27.6653
+1.7947,-27.7606
+1.795,-27.9121
+1.7955,-27.9807
+1.7959,-28.0786
+1.7963,-28.1518
+1.7967,-28.2171
+1.797,-28.3007
+1.7975,-28.4265
+1.7979,-28.5732
+1.7983,-28.4786
+1.7987,-28.501
+1.799,-28.5859
+1.7995,-28.6322
+1.7999,-28.6131
+1.8003,-28.7062
+1.8007,-28.9024
+1.801,-28.982
+1.8015,-28.9852
+1.8019,-28.9894
+1.8023,-29.0835
+1.8027,-29.1694
+1.803,-29.17
+1.8035,-29.2408
+1.8039,-29.2952
+1.8043,-29.371
+1.8047,-29.2555
+1.805,-29.4795
+1.8055,-29.7542
+1.8059,-29.8966
+1.8063,-30.0787
+1.8067,-30.1297
+1.807,-30.2062
+1.8075,-30.317
+1.8079,-30.4387
+1.8083,-30.4637
+1.8087,-30.5856
+1.809,-30.5947
+1.8095,-30.5677
+1.8099,-30.5189
+1.8103,-30.6587
+1.8107,-30.7679
+1.811,-30.9422
+1.8115,-31.0186
+1.8119,-31.1677
+1.8123,-31.1988
+1.8127,-31.2518
+1.813,-31.3447
+1.8135,-31.4141
+1.8139,-31.5831
+1.8143,-31.579
+1.8147,-31.6466
+1.815,-31.6193
+1.8154,-31.6629
+1.8159,-31.4845
+1.8163,-31.7073
+1.8167,-31.7798
+1.8173,-31.8004
+1.8176,-31.924
+1.8179,-32.0202
+1.8183,-32.1467
+1.8187,-32.3234
+1.819,-32.414
+1.8194,-32.5134
+1.8199,-32.7743
+1.8203,-32.8056
+1.8207,-32.8896
+1.8211,-33.0517
+1.8215,-33.0609
+1.8219,-33.1103
+1.8223,-33.1289
+1.8227,-32.9878
+1.823,-33.1215
+1.8234,-33.079
+1.8239,-33.0154
+1.8243,-32.9499
+1.8247,-32.8953
+1.825,-32.9364
+1.8254,-33.0275
+1.8269,-33.0427
+1.8272,-33.0204
+1.8274,-33.1582
+1.8276,-33.0843
+1.8279,-33.203
+1.8283,-33.187
+1.8287,-33.3878
+1.829,-33.5919
+1.8295,-33.5794
+1.8299,-33.5418
+1.8303,-33.6591
+1.8307,-33.8028
+1.8311,-33.8459
+1.8315,-34.0004
+1.8319,-34.0609
+1.8323,-34.2334
+1.8327,-34.1154
+1.833,-34.0956
+1.8334,-34.2467
+1.8339,-34.3986
+1.8343,-34.378
+1.8347,-34.3469
+1.835,-34.3837
+1.8354,-34.3636
+1.8359,-34.3881
+1.8363,-34.4421
+1.8367,-34.6042
+1.8372,-34.6165
+1.8375,-34.4762
+1.8379,-34.3685
+1.8383,-34.4575
+1.8387,-34.5857
+1.839,-34.676
+1.8395,-34.6521
+1.8399,-34.7993
+1.8403,-34.9009
+1.8407,-34.9773
+1.841,-35.0307
+1.8415,-35.0851
+1.8419,-35.218
+1.8423,-35.1881
+1.8427,-35.1672
+1.843,-35.1163
+1.8434,-35.1843
+1.8439,-35.148
+1.8443,-34.9812
+1.8447,-35.0105
+1.8451,-35.0978
+1.8454,-35.176
+1.8459,-35.1835
+1.8463,-35.2693
+1.8467,-35.226
+1.847,-35.243
+1.8475,-35.3719
+1.8479,-35.37
+1.8483,-35.6401
+1.8487,-35.7138
+1.8491,-35.7676
+1.8494,-35.8514
+1.8499,-35.9215
+1.8503,-35.874
+1.8507,-35.8925
+1.851,-36.036
+1.8515,-36.0378
+1.8519,-36.1083
+1.8523,-35.9859
+1.8527,-35.7952
+1.8531,-35.6086
+1.8534,-35.6607
+1.8539,-35.6412
+1.8543,-35.7005
+1.8547,-35.8444
+1.8556,-35.8351
+1.8559,-35.722
+1.8561,-35.6968
+1.8564,-35.7466
+1.8567,-35.8423
+1.857,-35.9839
+1.8574,-35.9167
+1.8579,-36.0001
+1.8583,-36.1276
+1.8587,-36.1987
+1.859,-36.2556
+1.8595,-36.3686
+1.8599,-36.4257
+1.8603,-36.5389
+1.8607,-36.6848
+1.861,-36.8748
+1.8614,-36.9266
+1.8619,-36.9619
+1.8623,-36.8839
+1.8627,-36.9324
+1.863,-36.9891
+1.8634,-37.214
+1.8639,-37.2521
+1.8643,-37.2491
+1.8647,-37.2599
+1.865,-37.2519
+1.8654,-37.2532
+1.8659,-37.2471
+1.8663,-37.3217
+1.8667,-37.2023
+1.867,-37.1297
+1.8675,-37.0633
+1.8679,-37.0825
+1.8683,-37.0974
+1.8687,-37.0825
+1.869,-37.0882
+1.8694,-37.0062
+1.8699,-36.9235
+1.8703,-37.0127
+1.8707,-37.135
+1.871,-37.2987
+1.8715,-37.2193
+1.8719,-37.2855
+1.8723,-37.2983
+1.8727,-37.2801
+1.873,-37.2843
+1.8734,-37.4434
+1.8739,-37.6183
+1.8743,-37.6405
+1.8747,-37.6232
+1.875,-37.6159
+1.8754,-37.8114
+1.8759,-37.8847
+1.8763,-37.9058
+1.8767,-38.0386
+1.877,-38.1226
+1.8774,-38.0924
+1.878,-38.1117
+1.8783,-38.0995
+1.8787,-38.2201
+1.879,-38.1722
+1.8794,-38.1235
+1.8799,-37.9971
+1.8803,-37.9721
+1.8807,-37.9835
+1.881,-37.8918
+1.8815,-38.0223
+1.8819,-38.0506
+1.8823,-38.216
+1.8827,-38.1513
+1.883,-38.1621
+1.8834,-38.3084
+1.8839,-38.5079
+1.8843,-38.6877
+1.8847,-38.7865
+1.885,-38.8595
+1.8854,-38.8138
+1.8859,-38.723
+1.8863,-38.6325
+1.8867,-38.7182
+1.887,-38.8474
+1.8875,-38.7597
+1.8879,-38.6711
+1.8883,-38.6156
+1.8887,-38.5515
+1.8891,-38.4536
+1.8894,-38.6424
+1.8899,-38.7416
+1.8903,-38.8143
+1.8907,-38.8708
+1.8911,-38.8562
+1.8914,-38.8155
+1.8919,-38.8305
+1.8923,-38.8129
+1.8927,-38.8337
+1.893,-38.9321
+1.8934,-38.9975
+1.8939,-38.9764
+1.8943,-38.9775
+1.8947,-38.8695
+1.895,-38.949
+1.8954,-39.125
+1.8959,-39.234
+1.8963,-39.3867
+1.8967,-39.4091
+1.897,-39.491
+1.8975,-39.5124
+1.8979,-39.6081
+1.8983,-39.6504
+1.8987,-39.8351
+1.8991,-39.8552
+1.8994,-39.7718
+1.8999,-39.7378
+1.9003,-39.5936
+1.9007,-39.5851
+1.9011,-39.6424
+1.9014,-39.5555
+1.9019,-39.6606
+1.9023,-39.6182
+1.9027,-39.5088
+1.903,-39.4532
+1.9034,-39.331
+1.9039,-39.3521
+1.9043,-39.3828
+1.9047,-39.3778
+1.9051,-39.2757
+1.9054,-39.2279
+1.9059,-39.0567
+1.9063,-38.9437
+1.9067,-38.9252
+1.907,-38.8473
+1.9074,-38.9196
+1.908,-38.8877
+1.9084,-38.9284
+1.9087,-39.0001
+1.9091,-39.0343
+1.9094,-38.9326
+1.9099,-38.9052
+1.9103,-39.0052
+1.9107,-39.0953
+1.9111,-39.0871
+1.9114,-39.0607
+1.9119,-39.0473
+1.9123,-38.9722
+1.9127,-38.9002
+1.913,-38.8997
+1.9134,-39.0472
+1.9139,-39.08
+1.9143,-39.0395
+1.9147,-39.009
+1.915,-39.0697
+1.9154,-39.2026
+1.9159,-39.163
+1.9163,-39.2803
+1.9167,-39.2682
+1.9171,-39.3317
+1.9174,-39.3387
+1.9179,-39.4069
+1.9183,-39.3268
+1.9187,-39.2064
+1.919,-39.2838
+1.9194,-39.2129
+1.9199,-39.2395
+1.9203,-39.1947
+1.9207,-39.2403
+1.921,-39.1146
+1.9214,-39.0466
+1.9219,-39.0685
+1.9223,-39.1135
+1.9227,-39.188
+1.9231,-39.1512
+1.9234,-39.0787
+1.9239,-39.1796
+1.9243,-39.0921
+1.9247,-38.9896
+1.925,-39.079
+1.9254,-39.098
+1.9259,-38.9854
+1.9263,-38.9333
+1.9267,-38.9328
+1.9271,-38.8457
+1.9274,-38.8898
+1.9279,-38.8134
+1.9283,-38.987
+1.9287,-39.0395
+1.929,-38.9232
+1.9294,-38.9373
+1.9299,-38.9293
+1.9303,-38.9393
+1.9307,-38.8305
+1.931,-38.9535
+1.9314,-38.9492
+1.9319,-38.835
+1.9323,-38.5799
+1.9327,-38.5102
+1.9331,-38.5754
+1.9334,-38.5401
+1.9339,-38.4327
+1.9343,-38.5235
+1.9347,-38.5178
+1.935,-38.3678
+1.9354,-38.2848
+1.9359,-38.4057
+1.9363,-38.5833
+1.9367,-38.7319
+1.937,-38.7906
+1.9374,-38.7878
+1.9379,-38.9707
+1.9383,-38.8925
+1.9388,-38.9114
+1.9391,-38.9967
+1.9394,-38.9705
+1.9399,-38.8334
+1.9403,-38.7354
+1.9407,-38.5316
+1.9411,-38.4055
+1.9414,-38.2565
+1.9419,-38.2143
+1.9423,-38.1818
+1.9427,-38.2281
+1.943,-38.1148
+1.9434,-38.173
+1.9439,-38.1366
+1.9443,-38.0521
+1.9447,-38.1224
+1.9451,-38.2109
+1.9454,-38.2385
+1.9459,-38.2175
+1.9463,-38.1498
+1.9467,-38.072
+1.9471,-38.0805
+1.9474,-38.0459
+1.9479,-38.1293
+1.9483,-38.1898
+1.9487,-38.1691
+1.9491,-38.0239
+1.9494,-37.9043
+1.9499,-37.7788
+1.9503,-37.8255
+1.9507,-37.7968
+1.9511,-37.7448
+1.9514,-37.6792
+1.9519,-37.4916
+1.9523,-37.3798
+1.9527,-37.3127
+1.9531,-37.3826
+1.9534,-37.4019
+1.9539,-37.5037
+1.9543,-37.3933
+1.9547,-37.3222
+1.9551,-37.3297
+1.9554,-37.4262
+1.9559,-37.5515
+1.9563,-37.5846
+1.9567,-37.5418
+1.9571,-37.4679
+1.958,-37.5907
+1.9583,-37.4274
+1.9585,-37.3419
+1.9588,-37.4125
+1.959,-37.3111
+1.9594,-37.2253
+1.9599,-37.1282
+1.9603,-37.1334
+1.9607,-37.0518
+1.9611,-36.993
+1.9614,-36.9328
+1.9619,-37.0412
+1.9623,-37.1505
+1.9627,-37.2158
+1.963,-37.3132
+1.9634,-37.1997
+1.9639,-37.2466
+1.9643,-37.1488
+1.9647,-37.1673
+1.965,-37.1528
+1.9654,-37.1072
+1.9659,-36.968
+1.9663,-37.0232
+1.9667,-36.9504
+1.967,-36.956
+1.9674,-36.9337
+1.9679,-36.9503
+1.9683,-36.9269
+1.9687,-36.9151
+1.9692,-36.9032
+1.9694,-36.8861
+1.9699,-36.9641
+1.9703,-36.8432
+1.9707,-36.6601
+1.971,-36.4787
+1.9714,-36.4837
+1.9719,-36.2338
+1.9723,-36.2077
+1.9727,-36.1838
+1.9731,-36.0282
+1.9734,-36.0335
+1.9739,-35.8126
+1.9743,-35.7367
+1.9747,-35.6192
+1.975,-35.6056
+1.9754,-35.5934
+1.9759,-35.5997
+1.9763,-35.5918
+1.9767,-35.454
+1.9771,-35.5299
+1.9774,-35.3313
+1.9779,-35.2994
+1.9783,-35.2538
+1.9787,-35.2975
+1.9791,-35.2492
+1.9794,-35.2189
+1.9799,-35.3474
+1.9803,-35.245
+1.9807,-35.274
+1.9811,-35.1634
+1.9814,-35.1136
+1.9819,-35.1105
+1.9823,-35.0413
+1.9827,-35.104
+1.983,-35.1294
+1.9834,-35.0595
+1.9839,-34.8847
+1.9843,-34.9978
+1.9847,-34.9699
+1.9851,-34.907
+1.9854,-34.9365
+1.9859,-34.9316
+1.9863,-34.8811
+1.9867,-34.7671
+1.987,-34.7114
+1.9874,-34.6094
+1.9879,-34.6705
+1.9883,-34.5753
+1.9887,-34.5496
+1.9892,-34.6089
+1.9894,-34.5357
+1.9899,-34.4839
+1.9903,-34.4262
+1.9907,-34.3349
+1.991,-34.1451
+1.9914,-34.152
+1.9919,-34.0653
+1.9923,-33.9616
+1.9927,-33.811
+1.993,-33.7134
+1.9934,-33.601
+1.9939,-33.5892
+1.9943,-33.6067
+1.9947,-33.6166
+1.9951,-33.6479
+1.9954,-33.527
+1.9959,-33.5175
+1.9963,-33.4828
+1.9967,-33.551
+1.9971,-33.469
+1.9974,-33.572
+1.9979,-33.6406
+1.9983,-33.6325
+1.9987,-30.2701
+1.999,-26.9307
+1.9994,-23.6511
+1.9999,-20.2287
