+0,-6.91145
+0.00037,-8.32539
+0.00088,-9.67865
+0.00125,-11.0818
+0.00163,-12.4627
+0.002,-13.8235
+0.00238,-13.8806
+0.00287,-13.8036
+0.00324,-13.7551
+0.00362,-13.8101
+0.00399,-13.837
+0.00437,-13.8415
+0.00487,-13.8645
+0.00525,-13.8736
+0.00562,-13.9029
+0.006,-13.9092
+0.00636,-13.7994
+0.00687,-13.8029
+0.00725,-13.8538
+0.00762,-13.8258
+0.00801,-13.7392
+0.00837,-13.6215
+0.00888,-13.6359
+0.00924,-13.58
+0.00963,-13.532
+0.01,-13.5839
+0.01037,-13.6498
+0.01087,-13.6983
+0.01124,-13.7093
+0.01161,-13.6999
+0.012,-13.6738
+0.01237,-13.8638
+0.01287,-13.7801
+0.01324,-13.6894
+0.01362,-13.6074
+0.014,-13.5145
+0.01437,-13.5152
+0.01488,-13.4602
+0.01525,-13.4894
+0.01562,-13.3727
+0.016,-13.3194
+0.01637,-13.1502
+0.01687,-13.2962
+0.01724,-13.3963
+0.01775,-13.4383
+0.01812,-13.4437
+0.01837,-13.4696
+0.01887,-13.4298
+0.01925,-13.308
+0.01962,-13.3491
+0.01999,-13.4582
+0.02038,-13.4449
+0.02076,-13.3745
+0.02125,-13.2853
+0.02162,-13.2989
+0.022,-13.3298
+0.02237,-13.2545
+0.02287,-13.2901
+0.02325,-13.2949
+0.02362,-13.2672
+0.02399,-13.2217
+0.02437,-13.2439
+0.02476,-13.1852
+0.02525,-13.3416
+0.02562,-13.3235
+0.02599,-13.2397
+0.02638,-13.2456
+0.02674,-13.2886
+0.02724,-13.3181
+0.02762,-13.2989
+0.02801,-13.2965
+0.02837,-13.2986
+0.02888,-13.2756
+0.02924,-13.2116
+0.02963,-13.202
+0.03002,-13.242
+0.03038,-13.2734
+0.03087,-13.1091
+0.03124,-13.1159
+0.03162,-13.1792
+0.032,-13.1502
+0.03237,-13.2066
+0.03287,-13.1612
+0.03325,-13.0553
+0.03362,-13.1268
+0.03399,-13.0341
+0.03437,-12.9117
+0.03488,-12.9793
+0.03525,-12.8498
+0.03563,-12.7936
+0.036,-12.7298
+0.03637,-12.6409
+0.03688,-12.6375
+0.03724,-12.7661
+0.03762,-12.7109
+0.03812,-12.8324
+0.03838,-12.9238
+0.03887,-12.9259
+0.03925,-12.9964
+0.03962,-12.9785
+0.04,-13.0297
+0.04038,-12.9186
+0.04088,-12.8969
+0.04124,-12.7748
+0.04163,-12.6781
+0.04199,-12.5202
+0.04238,-12.4675
+0.04287,-12.3735
+0.04325,-12.3663
+0.04362,-12.472
+0.044,-12.3552
+0.04438,-12.3758
+0.04487,-12.3591
+0.04525,-12.3554
+0.04562,-12.3835
+0.046,-12.4338
+0.04638,-12.3751
+0.04675,-12.4038
+0.04725,-12.403
+0.04763,-12.2788
+0.048,-12.3328
+0.04836,-12.3122
+0.04888,-12.2892
+0.04925,-12.2906
+0.04962,-12.2415
+0.05,-12.1962
+0.05037,-12.1978
+0.05088,-12.2028
+0.05125,-12.0693
+0.05163,-12.0287
+0.052,-11.9902
+0.05237,-11.9874
+0.0529,-11.9463
+0.05328,-11.8573
+0.05365,-11.9326
+0.05401,-11.9124
+0.05438,-11.8586
+0.05488,-11.7961
+0.05525,-11.9566
+0.05563,-11.9788
+0.05604,-11.9692
+0.05639,-11.9764
+0.05688,-12.0879
+0.05727,-12.1124
+0.05767,-12.0174
+0.05821,-11.9596
+0.0585,-12.0784
+0.05888,-12.1432
+0.05925,-12.1407
+0.05962,-12.0972
+0.05999,-12.017
+0.06038,-11.9193
+0.06077,-11.6969
+0.06125,-11.6132
+0.06163,-11.613
+0.06255,-11.5953
+0.06272,-11.4224
+0.06292,-11.2699
+0.06325,-11.156
+0.06362,-11.167
+0.064,-11.0865
+0.06438,-11.1094
+0.06488,-11.134
+0.06524,-11.0837
+0.06563,-10.9574
+0.066,-11.0024
+0.06639,-11.0935
+0.06675,-11.0118
+0.06726,-10.9014
+0.06762,-10.8754
+0.06813,-10.9222
+0.06838,-10.9095
+0.06887,-10.9904
+0.06925,-11.0558
+0.06963,-11.1465
+0.07,-11.0899
+0.07038,-10.9601
+0.07088,-11.0043
+0.07125,-10.9856
+0.07163,-10.8834
+0.072,-10.8257
+0.07239,-10.7878
+0.07288,-10.7033
+0.07325,-10.6168
+0.07362,-10.4771
+0.074,-10.4265
+0.07438,-10.3712
+0.07474,-10.3576
+0.07525,-10.3691
+0.07563,-10.3305
+0.076,-10.2742
+0.07638,-10.162
+0.07676,-10.1316
+0.07725,-10.1125
+0.07762,-10.1646
+0.07802,-10.0935
+0.07838,-10.0633
+0.07888,-10.0612
+0.07925,-10.0092
+0.07962,-10.0148
+0.08,-10.0258
+0.08037,-10.0622
+0.08077,-10.0073
+0.08125,-9.89868
+0.08163,-9.87703
+0.082,-9.92294
+0.08238,-9.87826
+0.08274,-9.80214
+0.08325,-9.70513
+0.08363,-9.70907
+0.084,-9.68256
+0.08438,-9.57502
+0.08477,-9.54495
+0.08525,-9.48963
+0.08562,-9.45744
+0.086,-9.31227
+0.08637,-9.27639
+0.08675,-9.21297
+0.08725,-9.24914
+0.08763,-9.1597
+0.08812,-9.09023
+0.08851,-9.10632
+0.08888,-9.03082
+0.08925,-9.03161
+0.08963,-8.92644
+0.09,-8.95736
+0.09038,-8.90999
+0.09075,-8.87742
+0.09125,-8.82644
+0.09163,-8.70894
+0.092,-8.65558
+0.09239,-8.59304
+0.09288,-8.49584
+0.09325,-8.42742
+0.09363,-8.41337
+0.094,-8.32459
+0.09438,-8.28237
+0.09474,-8.25515
+0.09526,-8.06935
+0.09562,-8.05406
+0.096,-7.95207
+0.09638,-7.92356
+0.09676,-7.84227
+0.09725,-7.79228
+0.09762,-7.69005
+0.098,-7.62679
+0.09851,-7.60181
+0.09888,-7.46764
+0.09926,-7.5091
+0.09963,-7.45519
+0.1,-7.45632
+0.10039,-7.28617
+0.10088,-7.27081
+0.10125,-7.26427
+0.10162,-7.15038
+0.102,-7.1987
+0.10238,-7.08852
+0.10288,-7.05868
+0.10325,-6.97993
+0.10363,-6.90887
+0.104,-6.8876
+0.10438,-6.92197
+0.10476,-6.86662
+0.10526,-6.85427
+0.10562,-6.87658
+0.10601,-6.71006
+0.10638,-6.64197
+0.10674,-6.6055
+0.10725,-6.50279
+0.10762,-6.40936
+0.108,-6.26706
+0.10837,-6.04734
+0.10876,-5.86806
+0.10925,-5.7256
+0.10962,-5.56372
+0.11,-5.34755
+0.11037,-5.33839
+0.11075,-5.25269
+0.11126,-5.23419
+0.11163,-5.2378
+0.112,-5.18694
+0.11238,-5.2472
+0.11288,-5.26729
+0.11325,-5.14822
+0.11363,-5.13433
+0.114,-5.23575
+0.11438,-5.11028
+0.11475,-4.912
+0.11526,-4.75272
+0.11563,-4.60461
+0.11601,-4.56645
+0.11638,-4.44969
+0.11676,-4.40026
+0.11726,-4.38619
+0.11763,-4.17069
+0.11801,-4.01296
+0.11838,-3.92925
+0.11876,-3.94878
+0.11925,-3.86105
+0.11963,-3.73059
+0.12,-3.58852
+0.12038,-3.48878
+0.12076,-3.4449
+0.12126,-3.27972
+0.12163,-3.18939
+0.12201,-3.137
+0.12238,-3.07864
+0.12275,-3.02511
+0.12325,-2.99418
+0.12363,-2.96432
+0.124,-2.89239
+0.12438,-2.79911
+0.12478,-2.66383
+0.1253,-2.54328
+0.12567,-2.52415
+0.12604,-2.48315
+0.12641,-2.32738
+0.12679,-2.18915
+0.12732,-2.05752
+0.12766,-1.97509
+0.12819,-1.82021
+0.12843,-1.76098
+0.12893,-1.65773
+0.1293,-1.64125
+0.12966,-1.62941
+0.13002,-1.34674
+0.13042,-1.20186
+0.13078,-1.0621
+0.13131,-1.03465
+0.13167,-0.863613
+0.13205,-0.840448
+0.13242,-0.714585
+0.13293,-0.619383
+0.13329,-0.515069
+0.13368,-0.365591
+0.13405,-0.385661
+0.13442,-0.382278
+0.1348,-0.203251
+0.13531,-0.0635026
+0.13568,-0.0873971
+0.13605,+0.0673033
+0.13643,+0.174017
+0.13683,+0.306947
+0.13729,+0.498827
+0.13765,+0.704749
+0.13802,+0.89156
+0.13841,+1.09794
+0.13879,+1.12778
+0.13943,+1.19268
+0.13969,+1.42068
+0.14004,+1.47787
+0.14043,+1.56839
+0.14082,+1.62329
+0.14131,+1.76754
+0.14166,+1.83148
+0.14204,+1.88119
+0.14241,+1.90652
+0.1428,+1.97582
+0.1433,+2.1471
+0.14367,+2.17008
+0.14404,+2.38678
+0.14443,+2.54998
+0.14483,+2.82807
+0.14531,+2.77459
+0.14567,+2.80358
+0.14603,+2.82137
+0.14641,+2.96282
+0.14677,+3.23299
+0.14728,+3.26227
+0.14766,+3.46876
+0.14804,+3.50167
+0.14842,+3.54494
+0.14882,+3.57585
+0.14931,+3.78823
+0.14966,+3.90576
+0.15003,+3.97893
+0.15042,+4.03101
+0.1508,+4.00908
+0.1513,+4.26955
+0.15167,+4.29741
+0.15205,+4.36411
+0.15241,+4.52769
+0.15284,+4.57465
+0.15329,+4.59055
+0.15367,+4.73219
+0.15406,+4.86994
+0.15442,+4.99072
+0.15479,+5.04521
+0.15531,+5.01377
+0.15568,+5.09413
+0.15605,+5.3239
+0.15642,+5.3066
+0.15682,+5.43919
+0.15731,+5.49169
+0.15767,+5.5383
+0.15804,+5.68454
+0.15845,+5.77667
+0.15878,+6.00756
+0.1593,+6.21421
+0.15966,+6.3927
+0.16002,+6.33523
+0.16041,+6.52231
+0.16082,+6.57366
+0.16129,+6.80273
+0.16167,+7.14002
+0.16204,+7.33174
+0.16242,+7.58892
+0.1628,+7.44534
+0.16356,+7.51626
+0.16388,+7.65708
+0.16495,+7.92641
+0.16518,+8.07074
+0.16545,+8.12197
+0.16569,+8.20268
+0.16605,+8.11739
+0.16643,+8.20327
+0.16678,+8.13446
+0.1673,+8.41774
+0.16767,+8.50332
+0.16805,+8.61843
+0.16842,+8.66818
+0.16885,+8.77389
+0.1693,+8.96065
+0.1698,+9.20871
+0.17002,+9.38831
+0.17039,+9.51858
+0.17077,+9.68767
+0.17128,+9.80026
+0.17167,+9.93007
+0.17204,+9.90109
+0.17242,+9.94367
+0.17283,+10.1169
+0.17329,+10.1709
+0.17366,+10.2187
+0.17403,+10.3555
+0.17443,+10.4195
+0.17479,+10.5146
+0.1753,+10.8956
+0.17565,+10.8956
+0.17604,+10.9594
+0.17641,+11.1188
+0.17683,+11.2158
+0.17731,+11.4871
+0.17767,+11.6061
+0.17805,+11.707
+0.17842,+11.9594
+0.17879,+12.4375
+0.17931,+12.2611
+0.18092,+12.5496
+0.18116,+12.7757
+0.18137,+13.1386
+0.18161,+13.1347
+0.18187,+13.4309
+0.18209,+13.5387
+0.18243,+13.6628
+0.18278,+13.6932
+0.18326,+13.447
+0.18365,+13.8593
+0.18401,+14.1283
+0.18439,+14.3154
+0.18479,+14.1801
+0.18526,+14.315
+0.18563,+14.2778
+0.18601,+14.3305
+0.18639,+14.6918
+0.18676,+14.8029
+0.18726,+15.2109
+0.18764,+15.3479
+0.18801,+15.2062
+0.18838,+15.3031
+0.18876,+15.3843
+0.18925,+15.5094
+0.18963,+15.4583
+0.19,+15.584
+0.19038,+15.404
+0.19088,+15.5005
+0.19125,+15.3347
+0.19163,+15.1321
+0.192,+15.3108
+0.19239,+15.4541
+0.19279,+15.5833
+0.19326,+15.7259
+0.19363,+16.1906
+0.19401,+16.3063
+0.19438,+16.607
+0.19476,+16.6944
+0.19527,+16.807
+0.19564,+17.1894
+0.196,+17.185
+0.19639,+17.5532
+0.19679,+17.718
+0.19727,+17.8455
+0.19763,+17.5735
+0.19801,+17.6414
+0.19839,+17.6613
+0.19875,+17.7659
+0.19926,+17.9704
+0.19963,+17.7953
+0.20001,+17.9395
+0.20039,+17.9612
+0.20076,+20.2842
+0.20138,+20.6569
+0.20164,+20.9709
+0.20201,+21.1471
+0.20239,+21.0611
+0.20276,+21.1816
+0.20326,+21.1716
+0.20363,+21.2971
+0.20401,+21.3581
+0.20439,+21.0715
+0.20477,+21.4093
+0.20526,+21.2371
+0.20564,+21.3428
+0.20601,+21.499
+0.20639,+21.9997
+0.20676,+22.0789
+0.20725,+22.4176
+0.20764,+22.559
+0.208,+22.7885
+0.20839,+22.8872
+0.20876,+22.7253
+0.20926,+22.8745
+0.20963,+22.8972
+0.21,+23.273
+0.21038,+23.3749
+0.21075,+23.4499
+0.21126,+23.4424
+0.21164,+23.5375
+0.21201,+23.6171
+0.21238,+23.7794
+0.21276,+24.1605
+0.21326,+24.2203
+0.21364,+24.2012
+0.21401,+23.9254
+0.21439,+23.5098
+0.21476,+23.6142
+0.21526,+23.5406
+0.21563,+23.8294
+0.216,+23.9001
+0.21638,+23.8048
+0.21675,+23.5543
+0.21726,+23.5061
+0.21764,+23.9586
+0.21801,+24.3237
+0.2184,+24.4324
+0.21876,+24.5132
+0.21925,+24.8532
+0.21964,+24.603
+0.22,+24.8798
+0.22038,+25.322
+0.22076,+25.3989
+0.22126,+25.4701
+0.22163,+25.1776
+0.22201,+24.9776
+0.22238,+25.0572
+0.22275,+25.0439
+0.22326,+24.8276
+0.22363,+24.8549
+0.22401,+24.5551
+0.22439,+24.2968
+0.22476,+24.292
+0.22526,+24.382
+0.22563,+24.4496
+0.22601,+24.4494
+0.22639,+24.7715
+0.22676,+24.7875
+0.22726,+24.6399
+0.22764,+24.7026
+0.22801,+24.6352
+0.22838,+24.6515
+0.22877,+24.6384
+0.22926,+24.5535
+0.22964,+24.6404
+0.23001,+24.5658
+0.23039,+24.3053
+0.23076,+24.3062
+0.23127,+24.6752
+0.23164,+24.6676
+0.23201,+24.7084
+0.23238,+24.6589
+0.23276,+24.7115
+0.23326,+24.7527
+0.23364,+24.9709
+0.23401,+25.1152
+0.23439,+24.9529
+0.23476,+24.825
+0.23526,+24.8523
+0.23563,+25.0872
+0.236,+25.3526
+0.23639,+25.3843
+0.23676,+25.5642
+0.23726,+25.5129
+0.23763,+25.3099
+0.23801,+25.0787
+0.23839,+24.9767
+0.23876,+25.2307
+0.23926,+25.1768
+0.23963,+24.7585
+0.24002,+24.6555
+0.24039,+24.4388
+0.24077,+24.3681
+0.24114,+24.2287
+0.24164,+23.9197
+0.24201,+23.8001
+0.24239,+23.6741
+0.24276,+23.2175
+0.24326,+23.185
+0.24364,+23.1936
+0.24401,+22.8312
+0.24439,+23.0811
+0.24476,+22.665
+0.24526,+22.7593
+0.24564,+22.9092
+0.24601,+22.8296
+0.24638,+22.8348
+0.24677,+23.1718
+0.24726,+22.617
+0.24764,+22.3076
+0.24801,+22.4877
+0.24839,+22.087
+0.24878,+21.8892
+0.24915,+21.5681
+0.24964,+21.437
+0.25001,+21.2033
+0.25039,+20.9914
+0.25075,+20.4642
+0.25126,+20.3169
+0.25164,+20.3171
+0.25202,+19.7603
+0.25239,+19.5531
+0.25276,+19.4699
+0.25326,+19.3262
+0.25364,+19.1432
+0.25401,+19.0781
+0.25439,+18.9892
+0.25477,+19.0973
+0.25527,+18.966
+0.25564,+18.7741
+0.25602,+18.7154
+0.25639,+18.5987
+0.25677,+18.4769
+0.25715,+18.294
+0.25764,+17.8091
+0.25801,+17.6148
+0.25838,+17.4705
+0.25876,+17.0023
+0.25926,+16.8118
+0.25964,+16.6958
+0.26001,+16.4693
+0.26039,+16.3751
+0.26087,+16.1657
+0.26127,+15.9891
+0.26164,+15.9475
+0.26215,+15.8338
+0.26241,+15.7057
+0.26276,+15.6014
+0.26326,+15.5652
+0.26364,+15.2693
+0.26402,+15.1899
+0.26439,+15.0419
+0.26476,+14.8629
+0.26526,+14.8543
+0.26564,+14.6873
+0.26601,+14.4769
+0.26639,+14.2895
+0.26735,+14.1714
+0.26758,+14.0372
+0.26776,+13.9976
+0.26801,+13.8938
+0.26838,+13.7341
+0.26877,+13.6946
+0.26913,+13.4835
+0.26963,+13.3676
+0.27001,+13.3162
+0.27038,+13.2478
+0.27076,+13.1737
+0.27113,+12.9574
+0.27164,+12.8973
+0.27201,+12.8157
+0.27239,+12.6107
+0.27276,+12.4684
+0.27314,+12.2543
+0.27363,+12.0236
+0.274,+11.8796
+0.27439,+11.6282
+0.27476,+11.4113
+0.27513,+11.3165
+0.27563,+11.1774
+0.27601,+11.0155
+0.27638,+10.9828
+0.27677,+10.7214
+0.27714,+10.6595
+0.27764,+10.6312
+0.27813,+10.343
+0.27851,+10.1387
+0.27878,+9.97658
+0.27926,+9.69688
+0.27963,+9.39731
+0.28002,+9.28398
+0.28039,+9.02137
+0.28076,+8.95649
+0.28114,+8.77508
+0.28164,+8.45859
+0.28201,+8.35958
+0.28239,+8.2729
+0.28277,+8.09401
+0.28326,+7.94214
+0.28364,+7.80379
+0.28401,+7.69523
+0.28439,+7.49774
+0.28477,+7.38762
+0.28526,+7.09092
+0.28563,+7.00547
+0.28601,+6.89125
+0.28639,+6.63746
+0.28676,+6.47231
+0.28727,+6.37782
+0.28763,+6.29008
+0.28802,+5.93357
+0.28839,+5.83305
+0.28877,+5.56172
+0.28915,+5.47671
+0.28964,+5.3302
+0.29002,+5.06909
+0.29039,+4.95276
+0.29075,+4.73722
+0.29126,+4.49616
+0.29164,+4.23013
+0.29201,+4.08007
+0.2925,+3.86951
+0.29277,+3.6476
+0.29327,+3.48139
+0.29364,+3.3075
+0.29401,+3.16472
+0.29439,+2.92438
+0.29476,+2.67085
+0.29526,+2.47456
+0.29564,+2.29341
+0.29601,+2.06524
+0.29639,+1.75921
+0.29677,+1.56496
+0.29715,+1.35856
+0.29764,+1.04435
+0.29802,+0.805575
+0.29839,+0.635363
+0.29876,+0.475634
+0.29926,+0.25084
+0.29964,+0.00879173
+0.30001,-0.233789
+0.30038,-0.367458
+0.30077,-0.558217
+0.30127,-0.820968
+0.30164,-1.02112
+0.30202,-1.20309
+0.30239,-1.39314
+0.30276,-1.53513
+0.30327,-1.63946
+0.30363,-1.84455
+0.30401,-2.01159
+0.30438,-2.16366
+0.30477,-2.32398
+0.30513,-2.52276
+0.30564,-2.74317
+0.30601,-3.01721
+0.30639,-3.28089
+0.30676,-3.43221
+0.30726,-3.71076
+0.30763,-3.91173
+0.30802,-4.11275
+0.30839,-4.28825
+0.30877,-4.53455
+0.30926,-4.62413
+0.30964,-4.81902
+0.31001,-4.9468
+0.31038,-5.02385
+0.31076,-5.26345
+0.31126,-5.47699
+0.31163,-5.64112
+0.31202,-5.85438
+0.3124,-6.04024
+0.31276,-6.1938
+0.31326,-6.46785
+0.31364,-6.59658
+0.31401,-6.68605
+0.31438,-6.88587
+0.31476,-6.95343
+0.31526,-7.06458
+0.31564,-7.20289
+0.31601,-7.31972
+0.31639,-7.60583
+0.31677,-7.82307
+0.31726,-7.87355
+0.31764,-8.00752
+0.31801,-8.33071
+0.31838,-8.41513
+0.31877,-8.5759
+0.31927,-8.66858
+0.31964,-8.79094
+0.32001,-8.86114
+0.32039,-8.89109
+0.32077,-8.94371
+0.32114,-9.13668
+0.32164,-9.07997
+0.32201,-8.97502
+0.32238,-9.12914
+0.32302,-9.17158
+0.32327,-9.27498
+0.32364,-9.40035
+0.32402,-9.51317
+0.32439,-9.55391
+0.32477,-9.69268
+0.32513,-9.78717
+0.32564,-9.99771
+0.32601,-10.1075
+0.32638,-10.1798
+0.32677,-10.285
+0.32713,-10.4257
+0.32764,-10.4027
+0.32801,-10.4823
+0.32839,-10.5487
+0.32877,-10.466
+0.32914,-10.5089
+0.32964,-10.5419
+0.33001,-10.5766
+0.33039,-10.6803
+0.33077,-10.7575
+0.33113,-10.7895
+0.33165,-10.9833
+0.33201,-11.1276
+0.33239,-11.1422
+0.33277,-11.2613
+0.33327,-11.2305
+0.33364,-11.2388
+0.33401,-11.3285
+0.33439,-11.3818
+0.33477,-11.439
+0.33513,-11.4558
+0.33564,-11.357
+0.33602,-11.3047
+0.33639,-11.5082
+0.33678,-11.5456
+0.33714,-11.6895
+0.33764,-11.8193
+0.33801,-11.8821
+0.33838,-11.9019
+0.33877,-12.0785
+0.33914,-12.1743
+0.33964,-12.2538
+0.34001,-12.2824
+0.34039,-12.1418
+0.34077,-12.2494
+0.34114,-12.2819
+0.34164,-12.2388
+0.34202,-12.2401
+0.34239,-12.1848
+0.34289,-12.0971
+0.34326,-11.9944
+0.34364,-11.9465
+0.34402,-11.9037
+0.34452,-11.9221
+0.34478,-11.8426
+0.34527,-11.7983
+0.34564,-11.7388
+0.34601,-11.7298
+0.3464,-11.6032
+0.34677,-11.5302
+0.34713,-11.5729
+0.34764,-11.5186
+0.34802,-11.4221
+0.34839,-11.3992
+0.34877,-11.3038
+0.34914,-11.2592
+0.34964,-11.214
+0.35002,-11.1184
+0.35039,-11.1807
+0.35077,-11.1637
+0.35114,-11.0114
+0.35164,-11.0451
+0.35201,-11.0804
+0.35239,-11.0532
+0.35279,-11.0121
+0.35315,-10.9567
+0.35427,-10.9831
+0.35452,-10.9549
+0.35472,-10.9535
+0.35492,-10.8765
+0.3552,-10.8587
+0.35564,-10.8227
+0.35602,-10.7622
+0.35652,-10.613
+0.35679,-10.7043
+0.35726,-10.6738
+0.35765,-10.571
+0.35802,-10.5535
+0.35839,-10.4464
+0.35877,-10.3129
+0.35913,-10.1847
+0.35964,-10.0399
+0.36002,-9.95311
+0.36039,-9.86364
+0.36078,-9.57644
+0.36114,-9.35788
+0.36165,-9.15217
+0.36202,-8.9051
+0.36239,-8.80415
+0.36277,-8.74577
+0.36329,-8.6564
+0.36365,-8.51463
+0.36402,-8.34892
+0.36444,-8.31008
+0.36478,-8.25512
+0.36514,-8.18612
+0.36564,-8.11844
+0.36602,-8.06383
+0.36639,-7.92597
+0.36676,-7.85606
+0.36713,-7.84752
+0.36764,-7.82256
+0.36802,-7.78204
+0.36839,-7.73477
+0.36877,-7.65767
+0.36975,-7.66316
+0.36993,-7.66713
+0.3701,-7.61331
+0.37039,-7.6851
+0.37076,-7.66739
+0.37114,-7.62314
+0.37163,-7.69582
+0.37202,-7.66821
+0.37239,-7.62432
+0.37277,-7.63642
+0.37327,-7.63423
+0.37364,-7.70464
+0.37401,-7.75974
+0.37439,-7.66716
+0.37477,-7.65868
+0.37513,-7.66419
+0.37564,-7.59919
+0.37602,-7.60016
+0.37639,-7.63797
+0.37678,-7.64718
+0.37714,-7.69851
+0.37764,-7.69129
+0.37801,-7.75601
+0.37839,-7.82821
+0.37877,-7.94942
+0.37914,-8.03646
+0.37965,-8.10836
+0.38001,-8.26526
+0.38039,-8.36551
+0.38077,-8.54379
+0.38114,-8.65404
+0.38164,-8.7163
+0.38202,-8.84655
+0.38238,-9.0525
+0.38276,-9.15952
+0.38313,-9.25914
+0.38377,-9.39108
+0.38401,-9.46096
+0.38439,-9.62153
+0.38477,-9.71728
+0.38514,-9.78707
+0.38564,-9.97918
+0.38601,-9.98988
+0.38639,-10.0116
+0.38677,-10.1306
+0.38714,-10.3721
+0.38764,-10.5591
+0.38802,-10.8077
+0.38839,-11.0231
+0.38877,-11.1341
+0.38914,-11.2896
+0.38965,-11.4811
+0.39001,-11.7615
+0.39039,-11.8652
+0.39077,-12.0586
+0.39113,-12.0672
+0.39164,-12.2018
+0.39201,-12.335
+0.39239,-12.3318
+0.39277,-12.6504
+0.39314,-12.7418
+0.39364,-12.878
+0.39402,-13.0887
+0.3944,-13.2307
+0.39477,-13.2942
+0.39513,-13.5232
+0.39564,-13.4854
+0.39601,-13.5315
+0.3964,-13.5579
+0.39677,-13.4348
+0.39714,-13.5414
+0.39764,-13.7119
+0.39801,-13.7151
+0.39839,-13.9093
+0.39877,-14.0085
+0.39914,-13.9031
+0.39965,-14.1405
+0.40002,-14.2393
+0.40039,-14.4677
+0.40077,-15.4892
+0.40114,-15.3981
+0.40164,-15.3725
+0.40201,-15.3901
+0.40239,-15.3831
+0.40276,-15.3549
+0.40314,-15.4758
+0.40364,-15.4876
+0.40402,-15.3636
+0.40439,-15.3077
+0.40478,-15.5333
+0.40527,-15.6181
+0.40564,-15.5135
+0.40602,-15.3926
+0.40639,-15.4171
+0.40676,-15.4095
+0.40714,-15.2703
+0.40764,-15.0282
+0.40802,-15.0575
+0.40839,-15.0084
+0.40878,-14.7076
+0.40914,-14.557
+0.40964,-14.426
+0.41001,-14.3732
+0.4104,-14.1749
+0.41077,-13.993
+0.41114,-14.056
+0.41164,-14.2042
+0.41202,-14.0457
+0.41239,-13.793
+0.41278,-13.7145
+0.41314,-13.8469
+0.41377,-14.0004
+0.41415,-13.9113
+0.41439,-13.9291
+0.41478,-13.8562
+0.41514,-13.5733
+0.41564,-13.3986
+0.41602,-13.2613
+0.4164,-13.2842
+0.41677,-13.1944
+0.41714,-12.8973
+0.41764,-12.7058
+0.41802,-12.8038
+0.41839,-12.608
+0.41876,-12.636
+0.41914,-12.6692
+0.41964,-12.4097
+0.42002,-12.3848
+0.42039,-12.3044
+0.42077,-12.2459
+0.42114,-12.2812
+0.42165,-12.1096
+0.42202,-11.778
+0.42239,-11.7547
+0.42277,-11.5327
+0.42314,-11.414
+0.42364,-11.5474
+0.42402,-11.471
+0.42439,-11.3389
+0.42478,-11.2995
+0.42514,-11.2193
+0.42564,-11.153
+0.42602,-11.209
+0.42639,-11.1315
+0.42677,-11.1388
+0.42715,-11.0757
+0.42764,-11.0526
+0.42802,-11.106
+0.4284,-11.1916
+0.42877,-11.229
+0.42915,-11.2178
+0.42964,-11.309
+0.43001,-11.3156
+0.43039,-11.3266
+0.43077,-11.378
+0.43114,-11.5436
+0.43164,-11.4544
+0.43202,-11.3982
+0.43239,-11.3051
+0.43277,-11.2211
+0.43314,-11.2639
+0.43364,-11.1963
+0.43403,-11.1137
+0.4344,-11.1867
+0.43477,-11.2644
+0.43514,-11.1848
+0.43564,-11.2737
+0.43602,-11.3906
+0.43639,-11.3943
+0.43678,-11.3896
+0.43714,-11.229
+0.43765,-11.2465
+0.43802,-11.4201
+0.4384,-11.366
+0.43877,-11.3195
+0.43915,-11.2988
+0.43964,-11.0667
+0.44002,-10.8625
+0.44039,-10.7723
+0.44078,-10.6854
+0.44115,-10.6945
+0.44164,-10.6376
+0.44201,-10.3528
+0.44239,-10.1941
+0.44277,-9.96765
+0.44314,-9.862
+0.44365,-9.81251
+0.44402,-9.70355
+0.44452,-9.62635
+0.44478,-9.47196
+0.44514,-9.34107
+0.44565,-9.21158
+0.44602,-9.08519
+0.4464,-8.93792
+0.44677,-8.90908
+0.44715,-8.71394
+0.44764,-8.59002
+0.44803,-8.45623
+0.4484,-8.32694
+0.44877,-8.33314
+0.44915,-8.26126
+0.44965,-8.1271
+0.45002,-8.12424
+0.45039,-8.07385
+0.45078,-7.82189
+0.45114,-7.7498
+0.45164,-7.7117
+0.45202,-7.70778
+0.45239,-7.71586
+0.45278,-7.62107
+0.45314,-7.35653
+0.45365,-7.14335
+0.45402,-6.95917
+0.4544,-6.89981
+0.45477,-6.89104
+0.45515,-6.87115
+0.45564,-6.74806
+0.45602,-6.56432
+0.4564,-6.52014
+0.45678,-6.5113
+0.45715,-6.6439
+0.45765,-6.70676
+0.45802,-6.777
+0.4584,-6.68939
+0.45878,-6.55478
+0.45914,-6.44783
+0.45965,-6.4098
+0.46003,-6.3676
+0.4604,-6.18949
+0.46079,-6.02771
+0.46115,-5.98106
+0.46164,-5.90267
+0.46202,-5.75971
+0.46239,-5.6738
+0.46277,-5.64286
+0.46314,-5.51103
+0.46365,-5.50424
+0.46402,-5.58426
+0.4644,-5.51943
+0.46477,-5.48335
+0.46514,-5.28672
+0.46568,-5.20292
+0.46602,-5.18534
+0.4664,-5.15353
+0.46684,-5.18871
+0.46715,-5.17037
+0.46765,-5.05282
+0.46802,-4.92587
+0.4684,-4.99309
+0.46878,-4.91839
+0.46914,-5.03708
+0.46964,-5.03176
+0.47003,-5.07115
+0.4704,-5.0519
+0.47078,-5.12047
+0.47115,-5.13368
+0.47215,-5.10753
+0.47239,-5.14361
+0.47267,-5.15768
+0.47288,-5.29956
+0.47315,-5.32703
+0.47364,-5.3682
+0.47402,-5.40572
+0.47439,-5.47848
+0.4749,-5.56275
+0.47527,-5.77781
+0.47565,-6.08463
+0.47602,-6.21776
+0.47639,-6.44362
+0.47678,-6.48721
+0.47714,-6.92158
+0.47765,-7.41087
+0.47804,-7.62381
+0.4784,-7.98055
+0.47877,-8.18761
+0.47914,-8.49231
+0.47965,-8.7487
+0.48002,-9.11961
+0.4804,-9.4774
+0.4808,-10.0086
+0.48116,-10.4181
+0.48165,-10.9239
+0.48203,-11.5358
+0.4824,-12.1125
+0.48277,-12.8361
+0.48314,-13.233
+0.48365,-13.723
+0.48402,-14.4474
+0.4844,-15.0623
+0.48478,-15.3503
+0.48515,-15.421
+0.48564,-15.7852
+0.48602,-16.2221
+0.48639,-16.6878
+0.48677,-17.1034
+0.48714,-17.5209
+0.48765,-18.1826
+0.48802,-18.5868
+0.4884,-18.8169
+0.48878,-19.4124
+0.48915,-20.128
+0.48965,-20.2692
+0.49003,-20.6158
+0.4904,-20.9633
+0.49077,-21.3843
+0.49114,-21.89
+0.49165,-22.1463
+0.49202,-22.4422
+0.4924,-22.8763
+0.49278,-23.2809
+0.49315,-23.2315
+0.49364,-23.7528
+0.49402,-24.1397
+0.4944,-24.331
+0.4949,-24.3735
+0.49517,-24.7655
+0.49564,-24.9738
+0.49603,-25.0638
+0.4964,-25.3085
+0.49677,-25.531
+0.49715,-25.9532
+0.49765,-25.9434
+0.49802,-25.7697
+0.49839,-25.7072
+0.49877,-25.8942
+0.49915,-25.7032
+0.49965,-25.6922
+0.50003,-25.7049
+0.5004,-25.2984
+0.50079,-25.1678
+0.50115,-25.118
+0.50166,-25.0193
+0.50203,-24.7563
+0.5024,-24.8433
+0.50278,-24.2762
+0.50315,-24.2732
+0.50366,-23.956
+0.50402,-23.7101
+0.5044,-23.7462
+0.50478,-23.1328
+0.50516,-22.8906
+0.50565,-22.4834
+0.50603,-22.2042
+0.50639,-21.462
+0.50677,-21.4841
+0.50715,-21.1106
+0.50764,-20.9001
+0.50803,-20.6616
+0.5084,-20.1147
+0.50878,-20.0934
+0.50915,-19.7552
+0.50965,-19.6333
+0.51002,-19.6295
+0.5104,-19.6216
+0.51077,-19.243
+0.51115,-18.7893
+0.51165,-18.156
+0.51202,-17.5499
+0.5124,-17.1779
+0.51278,-16.6126
+0.51315,-16.2223
+0.51365,-15.5506
+0.51403,-15.2223
+0.5144,-14.8155
+0.51478,-14.3338
+0.51515,-13.7146
+0.51564,-13.3444
+0.51603,-13.118
+0.51639,-12.818
+0.51678,-12.5805
+0.51715,-12.0652
+0.51765,-11.7964
+0.51802,-11.2334
+0.5184,-10.776
+0.51877,-10.5272
+0.51915,-10.4972
+0.51952,-10.3459
+0.52002,-10.11
+0.5204,-10.0109
+0.52078,-9.88051
+0.52116,-9.7635
+0.52152,-9.67055
+0.52203,-9.46535
+0.5224,-9.26744
+0.52278,-8.95077
+0.52315,-8.75095
+0.52365,-8.70507
+0.52402,-8.51144
+0.5244,-8.34184
+0.52478,-8.19967
+0.52528,-7.97232
+0.52565,-7.96573
+0.52602,-7.96148
+0.5264,-8.01392
+0.52677,-8.07931
+0.52715,-8.02105
+0.52752,-7.9646
+0.52803,-7.97701
+0.5284,-7.90333
+0.52878,-7.79523
+0.52916,-7.98317
+0.52965,-7.98977
+0.53003,-8.17602
+0.5304,-8.30929
+0.53077,-8.46093
+0.53116,-8.71331
+0.53165,-8.82847
+0.53203,-8.98464
+0.5324,-9.31589
+0.53279,-9.73297
+0.53315,-9.89415
+0.53366,-10.1151
+0.53403,-10.2803
+0.5344,-10.4922
+0.53478,-10.9864
+0.53518,-11.1475
+0.53565,-11.593
+0.53602,-12.1885
+0.5364,-12.4926
+0.53678,-12.7425
+0.53717,-13.2053
+0.53765,-13.4256
+0.53803,-13.9166
+0.5384,-14.1668
+0.53878,-14.219
+0.53917,-14.6566
+0.53966,-14.7959
+0.54003,-14.8696
+0.54041,-15.0754
+0.54078,-15.4325
+0.54115,-15.6199
+0.54166,-15.9489
+0.54202,-16.3129
+0.54241,-16.7074
+0.54278,-17.0742
+0.54315,-17.2699
+0.54365,-17.5742
+0.54403,-18.0879
+0.5444,-18.6862
+0.54478,-18.7994
+0.54516,-19.157
+0.54566,-19.5737
+0.54603,-19.5417
+0.5464,-20.0909
+0.54678,-20.3015
+0.54716,-20.5461
+0.54765,-20.8599
+0.54803,-21.1377
+0.5484,-21.0549
+0.54878,-21.2883
+0.54916,-21.6413
+0.54953,-22.0222
+0.55003,-22.3428
+0.5504,-22.1739
+0.55078,-22.3303
+0.55116,-22.4765
+0.55165,-22.9124
+0.55203,-22.6478
+0.55241,-22.8329
+0.55278,-22.8752
+0.55316,-22.6828
+0.55366,-22.4286
+0.55402,-22.2446
+0.55441,-22.2684
+0.55478,-22.2624
+0.55516,-22.3172
+0.55565,-21.8184
+0.55603,-22.0178
+0.55641,-21.973
+0.55678,-22.1608
+0.55715,-22.1812
+0.55765,-22.1068
+0.55803,-22.1927
+0.55841,-22.1464
+0.55878,-22.2138
+0.55916,-22.0787
+0.55953,-22.0562
+0.56003,-21.9803
+0.56041,-21.9221
+0.5608,-21.7041
+0.56119,-21.5392
+0.56156,-21.4561
+0.56203,-21.2108
+0.56241,-21.0748
+0.56278,-21.0818
+0.56315,-21.141
+0.56366,-20.9329
+0.56403,-20.7794
+0.5644,-20.4306
+0.56478,-20.2752
+0.56517,-19.9609
+0.56552,-19.6874
+0.56616,-19.5259
+0.56644,-19.2235
+0.56678,-18.617
+0.56716,-18.1479
+0.56752,-17.9904
+0.56805,-17.5156
+0.56841,-17.3502
+0.56879,-16.9578
+0.56923,-16.6983
+0.56966,-16.4548
+0.57003,-16.1015
+0.57041,-15.9057
+0.57078,-15.7203
+0.57116,-15.5378
+0.57152,-15.2995
+0.57203,-14.9984
+0.57241,-14.7293
+0.57279,-14.4006
+0.57316,-14.3483
+0.57366,-14.1823
+0.57455,-14.0848
+0.57472,-13.9065
+0.57495,-13.6143
+0.57517,-13.296
+0.57553,-12.9938
+0.57604,-12.7563
+0.5764,-12.4555
+0.57679,-12.2973
+0.57717,-11.9812
+0.57753,-11.7424
+0.57803,-11.4638
+0.57841,-11.14
+0.57878,-10.9673
+0.57915,-10.6898
+0.57953,-10.5106
+0.58003,-10.3428
+0.58041,-10.189
+0.58078,-10.0339
+0.58116,-9.88728
+0.58153,-9.71801
+0.58204,-9.61723
+0.5824,-9.62849
+0.58278,-9.55218
+0.58315,-9.55436
+0.58353,-9.37097
+0.58403,-9.22058
+0.58441,-9.09831
+0.58479,-9.00132
+0.58517,-8.86319
+0.58553,-8.8124
+0.58604,-8.68882
+0.58641,-8.63904
+0.58678,-8.49785
+0.58717,-8.42586
+0.58753,-8.53641
+0.58804,-8.53983
+0.58841,-8.56945
+0.58878,-8.51348
+0.58915,-8.48288
+0.58953,-8.40164
+0.59004,-8.38247
+0.59041,-8.16744
+0.59079,-8.14437
+0.59116,-8.04566
+0.59153,-7.98699
+0.59203,-7.94867
+0.59241,-7.80718
+0.59279,-7.71682
+0.59316,-7.65606
+0.59353,-7.57538
+0.59403,-7.5873
+0.59441,-7.66656
+0.59478,-7.69409
+0.59516,-7.64649
+0.59552,-7.5776
+0.59616,-7.54499
+0.59641,-7.5037
+0.59679,-7.58133
+0.59716,-7.57049
+0.59752,-7.51075
+0.59804,-7.40757
+0.59841,-7.27264
+0.59878,-7.19958
+0.59917,-7.10969
+0.59953,-7.08249
+0.60004,-7.07076
+0.60041,-7.12429
+0.60079,-6.86241
+0.60117,-6.82051
+0.60154,-6.74997
+0.60204,-6.7207
+0.60241,-6.63029
+0.60278,-6.56175
+0.60317,-6.46063
+0.60353,-6.33149
+0.60404,-6.19177
+0.60441,-6.08491
+0.60479,-5.84427
+0.60516,-5.62354
+0.60553,-5.61867
+0.60603,-5.45455
+0.60641,-5.41836
+0.60679,-5.27347
+0.60716,-5.2304
+0.60753,-5.07494
+0.60804,-4.99658
+0.60841,-4.91528
+0.60879,-4.87237
+0.60916,-4.75671
+0.60953,-4.63566
+0.61003,-4.56535
+0.61041,-4.40071
+0.61078,-4.27378
+0.61115,-4.11101
+0.61153,-4.00863
+0.61203,-3.93359
+0.61241,-3.66058
+0.61279,-3.4348
+0.61317,-3.40465
+0.61353,-3.21282
+0.61404,-3.0157
+0.61441,-2.85337
+0.61479,-2.62867
+0.61516,-2.54331
+0.61554,-2.40334
+0.61603,-2.19549
+0.61642,-2.13143
+0.61679,-2.0335
+0.61716,-1.84725
+0.61753,-1.63027
+0.61805,-1.47925
+0.61841,-1.32067
+0.61879,-1.23934
+0.61916,-1.05148
+0.61953,-0.882181
+0.62003,-0.738805
+0.62041,-0.585651
+0.62079,-0.433939
+0.62117,-0.353064
+0.62153,-0.355253
+0.62204,-0.281139
+0.62241,-0.237114
+0.62279,-0.0793714
+0.62316,-0.0972116
+0.62354,-0.081445
+0.62403,+0.0672328
+0.62441,+0.198687
+0.62479,+0.185298
+0.62516,+0.271289
+0.62553,+0.46822
+0.62603,+0.653695
+0.62641,+0.739311
+0.62691,+0.64953
+0.62717,+0.893321
+0.62753,+1.0085
+0.62804,+1.07065
+0.62841,+1.02515
+0.62879,+1.12073
+0.62916,+1.2107
+0.62954,+1.11669
+0.63003,+0.990517
+0.63041,+0.920807
+0.63079,+1.0517
+0.63116,+0.901437
+0.63154,+0.943246
+0.63203,+0.852024
+0.63241,+0.800951
+0.63279,+0.727772
+0.63317,+0.618692
+0.63353,+0.648972
+0.63403,+0.705947
+0.63441,+0.713708
+0.63478,+0.634825
+0.63517,+0.671974
+0.63553,+0.554513
+0.63604,+0.524085
+0.63641,+0.54902
+0.63679,+0.476708
+0.63716,+0.439423
+0.63754,+0.408386
+0.63804,+0.31571
+0.63841,+0.148361
+0.63879,-0.0259431
+0.63917,-0.242507
+0.63953,-0.333071
+0.64004,-0.458703
+0.64041,-0.570097
+0.64079,-0.711769
+0.64117,-0.811091
+0.64154,-1.10572
+0.64204,-1.24264
+0.64242,-1.30159
+0.64279,-1.4237
+0.64316,-1.57003
+0.64354,-1.74385
+0.64404,-1.87839
+0.64441,-2.04272
+0.64479,-2.18172
+0.64517,-2.37343
+0.64554,-2.40649
+0.64603,-2.55418
+0.64641,-2.66829
+0.64679,-2.81719
+0.64717,-2.80494
+0.64753,-2.93479
+0.64804,-3.12169
+0.64841,-3.31015
+0.64879,-3.48561
+0.64918,-3.60925
+0.64954,-3.77334
+0.65003,-4.02625
+0.65041,-4.2038
+0.65079,-4.37201
+0.65117,-4.66624
+0.65153,-4.8483
+0.65204,-4.96062
+0.65241,-5.10608
+0.65279,-5.20979
+0.65317,-5.43691
+0.65354,-5.68769
+0.65404,-5.85271
+0.65442,-6.05935
+0.65479,-6.24738
+0.65518,-6.33703
+0.65554,-6.6186
+0.65604,-6.86534
+0.65641,-7.02899
+0.65679,-7.1286
+0.65728,-7.241
+0.65767,-7.32328
+0.65804,-7.29503
+0.65841,-7.41862
+0.65879,-7.52017
+0.65917,-7.708
+0.65954,-7.683
+0.66004,-7.75311
+0.66041,-7.92469
+0.6608,-8.08967
+0.66117,-8.26663
+0.66153,-8.35369
+0.66204,-8.52855
+0.66241,-8.5097
+0.66279,-8.61037
+0.66318,-8.64607
+0.66354,-8.8384
+0.66404,-8.80375
+0.66442,-8.87764
+0.66479,-8.91155
+0.66518,-8.88508
+0.66553,-8.81749
+0.66604,-8.7775
+0.66641,-8.76808
+0.66678,-8.75451
+0.66717,-8.70049
+0.66753,-8.51532
+0.66804,-8.50184
+0.66841,-8.35627
+0.66879,-8.28387
+0.66916,-8.28813
+0.66953,-8.31403
+0.67004,-8.32869
+0.67044,-8.30567
+0.67079,-8.19698
+0.67117,-8.0674
+0.67154,-8.03686
+0.67205,-7.97143
+0.67242,-7.83499
+0.67281,-7.62329
+0.67317,-7.27
+0.67354,-7.15891
+0.67403,-6.91391
+0.67442,-6.83539
+0.67479,-6.56793
+0.67517,-6.35044
+0.67553,-6.12745
+0.67604,-5.88856
+0.67695,-5.7275
+0.67719,-5.56491
+0.67742,-5.55785
+0.67768,-5.25009
+0.67804,-5.05353
+0.67841,-4.75515
+0.67879,-4.53698
+0.67917,-4.42895
+0.67954,-4.24956
+0.68004,-4.03068
+0.68041,-3.76286
+0.68079,-3.48207
+0.68117,-3.30046
+0.68154,-3.14377
+0.68204,-3.08002
+0.68241,-2.87945
+0.68279,-2.70343
+0.68316,-2.43565
+0.68353,-2.24131
+0.68404,-2.03804
+0.68442,-1.80714
+0.68479,-1.62797
+0.68517,-1.27681
+0.68554,-0.988829
+0.68604,-0.630725
+0.68642,-0.340725
+0.6868,-0.103312
+0.68717,+0.0757413
+0.68753,+0.347114
+0.68804,+0.555593
+0.68842,+0.585202
+0.68879,+0.639811
+0.68918,+0.74609
+0.68954,+0.934897
+0.69004,+1.11086
+0.69054,+1.15374
+0.69078,+1.27368
+0.69117,+1.44645
+0.69154,+1.36677
+0.69204,+1.30388
+0.69242,+1.53611
+0.69279,+1.52324
+0.69316,+1.4896
+0.69354,+1.389
+0.69404,+1.28239
+0.69442,+1.27726
+0.69479,+1.16169
+0.69517,+0.968517
+0.69554,+1.05399
+0.69604,+1.06762
+0.69641,+0.832927
+0.6968,+0.803897
+0.69717,+0.775111
+0.69754,+0.526982
+0.69804,+0.29764
+0.69841,+0.139357
+0.69879,-0.0398892
+0.69917,-0.234529
+0.69979,-0.470565
+0.70005,-0.763902
+0.70041,-0.965893
+0.70079,-1.33375
+0.70116,-1.66755
+0.70153,-1.86627
+0.70204,-2.19634
+0.70242,-2.48888
+0.70279,-2.97623
+0.70318,-3.43033
+0.70354,-3.96134
+0.70405,-4.28857
+0.70442,-4.75739
+0.7048,-5.08785
+0.70517,-5.43963
+0.70554,-5.87276
+0.70604,-6.2171
+0.70641,-6.78945
+0.70679,-7.12311
+0.70716,-7.34442
+0.70767,-7.55163
+0.70804,-7.90812
+0.70842,-8.3076
+0.70879,-8.82796
+0.70917,-9.26533
+0.70954,-9.50308
+0.71004,-9.78447
+0.71041,-10.0764
+0.71079,-10.063
+0.71116,-10.343
+0.71154,-10.4684
+0.71205,-10.7195
+0.71242,-10.9704
+0.71279,-10.8673
+0.71317,-10.8443
+0.71354,-11.0535
+0.71405,-10.9799
+0.71442,-10.8916
+0.71479,-11.0755
+0.71517,-11.1293
+0.71554,-11.4503
+0.71604,-11.3626
+0.71641,-11.3834
+0.7168,-11.462
+0.71717,-11.4928
+0.71754,-11.3374
+0.71816,-11.3862
+0.71842,-11.4856
+0.71879,-11.3587
+0.71917,-11.533
+0.71954,-11.3261
+0.72004,-11.3333
+0.72041,-10.849
+0.7208,-10.6253
+0.72117,-10.5873
+0.72155,-10.5256
+0.72204,-10.3631
+0.72242,-9.93718
+0.72279,-9.77292
+0.72318,-9.15061
+0.72354,-8.93456
+0.72405,-8.60221
+0.72442,-8.3994
+0.7248,-8.08035
+0.72517,-7.59918
+0.72554,-7.22077
+0.72604,-6.99737
+0.72642,-6.72361
+0.72679,-6.5168
+0.72717,-6.37286
+0.72754,-5.97193
+0.72805,-5.80917
+0.72842,-5.51183
+0.7288,-5.29414
+0.72917,-5.09884
+0.72955,-4.77081
+0.73004,-4.32146
+0.73042,-4.06508
+0.73079,-3.7682
+0.73117,-3.43812
+0.73155,-3.16142
+0.73205,-2.75971
+0.73242,-2.50923
+0.7328,-2.25452
+0.73317,-2.1184
+0.73354,-2.03136
+0.73405,-1.92021
+0.73441,-1.81301
+0.73479,-1.71402
+0.73516,-1.63692
+0.73554,-1.49487
+0.73604,-1.41911
+0.73642,-1.31891
+0.73679,-1.2301
+0.73717,-1.06566
+0.73754,-0.905459
+0.73805,-0.817271
+0.73842,-0.732764
+0.7388,-0.588324
+0.73916,-0.557962
+0.73954,-0.623931
+0.74005,-0.606217
+0.74042,-0.682534
+0.74083,-0.797615
+0.74117,-0.889824
+0.74155,-0.984682
+0.74205,-1.05144
+0.74242,-1.02258
+0.7428,-1.14957
+0.74317,-1.19939
+0.74354,-1.18362
+0.74404,-1.34511
+0.74442,-1.45666
+0.7448,-1.4051
+0.74518,-1.42912
+0.74554,-1.53742
+0.74605,-1.65823
+0.74642,-1.78871
+0.7468,-1.84883
+0.74717,-1.93326
+0.74755,-2.0107
+0.74804,-1.93777
+0.74842,-1.88593
+0.7488,-2.10653
+0.74917,-2.20872
+0.74954,-2.26975
+0.75005,-2.36527
+0.75042,-2.52214
+0.7508,-2.62247
+0.75117,-2.60584
+0.75155,-2.66573
+0.75204,-2.7471
+0.75242,-2.89059
+0.7528,-2.88378
+0.75317,-2.98657
+0.75354,-2.94481
+0.75405,-3.02545
+0.75442,-2.99066
+0.7548,-2.86409
+0.75517,-2.97392
+0.75554,-2.96913
+0.75604,-2.99656
+0.75642,-3.02028
+0.7568,-2.92119
+0.75717,-2.87868
+0.75754,-2.93503
+0.75804,-2.89795
+0.75842,-2.93318
+0.7588,-3.06304
+0.75917,-2.97441
+0.75955,-3.0533
+0.76004,-3.09838
+0.76043,-3.02206
+0.7608,-3.1692
+0.76118,-3.0099
+0.76155,-2.97891
+0.76205,-2.95201
+0.76242,-2.87473
+0.76279,-2.79984
+0.76317,-2.80524
+0.76356,-2.69999
+0.76404,-2.65077
+0.76443,-2.62254
+0.7648,-2.49998
+0.76517,-2.51662
+0.76555,-2.50017
+0.76604,-2.31249
+0.76642,-2.19094
+0.76679,-2.09167
+0.76717,-1.93813
+0.76754,-1.92259
+0.76805,-1.86362
+0.76843,-1.80487
+0.7688,-1.74316
+0.76918,-1.57574
+0.76955,-1.52176
+0.76992,-1.47933
+0.77042,-1.45739
+0.7708,-1.28191
+0.77117,-1.20656
+0.77154,-1.0688
+0.77192,-0.888199
+0.77242,-0.790955
+0.77282,-0.645114
+0.77318,-0.560761
+0.77355,-0.366927
+0.77393,-0.279571
+0.77443,-0.120607
+0.7748,-0.0868035
+0.77518,-0.0667574
+0.77555,+0.142665
+0.77592,+0.212795
+0.77643,+0.345375
+0.7768,+0.522359
+0.77718,+0.621781
+0.77755,+0.739838
+0.77805,+0.809633
+0.77842,+0.877828
+0.77935,+1.08513
+0.77955,+1.30792
+0.77975,+1.29243
+0.78004,+1.38121
+0.78042,+1.43873
+0.7808,+1.43914
+0.78117,+1.49913
+0.78156,+1.51928
+0.78205,+1.63856
+0.78242,+1.61921
+0.78279,+1.64337
+0.78317,+1.59154
+0.78354,+1.65271
+0.78405,+1.74166
+0.78442,+1.79722
+0.7848,+1.87535
+0.78517,+1.89429
+0.78554,+1.98537
+0.78605,+1.94262
+0.78642,+2.0085
+0.7868,+2.01122
+0.78717,+2.18309
+0.78755,+2.27465
+0.78805,+2.36727
+0.78843,+2.40215
+0.7888,+2.48259
+0.78919,+2.51083
+0.78956,+2.56163
+0.79005,+2.63025
+0.79042,+2.75686
+0.79079,+2.71009
+0.79118,+2.64889
+0.79155,+2.63711
+0.79192,+2.61975
+0.79242,+2.69656
+0.79281,+2.68507
+0.79318,+2.73993
+0.79355,+2.69181
+0.79405,+2.66268
+0.79442,+2.56751
+0.79479,+2.567
+0.79518,+2.52374
+0.79555,+2.47839
+0.79604,+2.42417
+0.79642,+2.30303
+0.7968,+2.11694
+0.79717,+2.02975
+0.79756,+1.93594
+0.79805,+1.89174
+0.79842,+1.74581
+0.7988,+1.54938
+0.79918,+1.48286
+0.79955,+1.40821
+0.80005,+1.23793
+0.80042,+1.07962
+0.8008,+1.17216
+0.80118,+0.875644
+0.80156,+0.594448
+0.80205,+0.430324
+0.80243,+0.331485
+0.8028,+0.318171
+0.80317,+0.137195
+0.80355,-0.0351396
+0.80405,-0.169389
+0.80442,-0.271106
+0.8048,-0.339065
+0.80518,-0.37526
+0.80556,-0.33728
+0.80605,-0.447935
+0.80643,-0.595223
+0.80679,-0.899454
+0.80718,-1.04246
+0.80755,-1.08257
+0.80804,-1.2346
+0.80842,-1.36543
+0.8088,-1.60749
+0.80918,-1.6707
+0.80954,-1.71361
+0.81005,-1.71617
+0.81042,-1.74235
+0.8108,-1.64064
+0.81118,-1.77209
+0.81155,-1.95292
+0.81193,-1.9573
+0.81242,-2.05235
+0.8128,-1.96365
+0.81317,-1.93068
+0.81356,-2.20562
+0.81405,-2.2873
+0.81443,-2.31843
+0.8148,-2.36618
+0.81517,-2.30497
+0.81556,-2.2964
+0.81592,-2.32089
+0.81643,-2.21973
+0.8168,-2.29869
+0.81717,-2.36858
+0.81756,-2.17066
+0.81805,-2.1575
+0.81842,-2.2685
+0.8188,-2.23581
+0.81917,-2.27357
+0.81955,-2.20719
+0.82005,-2.17166
+0.82042,-2.1294
+0.8208,-2.06261
+0.82117,-2.04687
+0.82156,-2.00553
+0.82205,-1.85081
+0.82243,-1.65141
+0.8228,-1.63586
+0.82318,-1.47548
+0.82355,-1.41527
+0.82405,-1.30367
+0.82442,-1.28878
+0.82481,-1.15766
+0.82517,-1.06015
+0.82556,-0.960997
+0.82605,-1.00914
+0.82643,-0.888449
+0.8268,-0.856894
+0.82717,-0.775251
+0.82755,-0.639433
+0.82805,-0.566485
+0.82842,-0.44566
+0.82881,-0.310728
+0.8293,-0.185885
+0.82955,-0.210812
+0.83005,-0.137838
+0.83042,-0.0750237
+0.8308,+0.158027
+0.83117,+0.22952
+0.83156,+0.341804
+0.83192,+0.23419
+0.83243,+0.270594
+0.8328,+0.343662
+0.83318,+0.431812
+0.83356,+0.532592
+0.83405,+0.569155
+0.83443,+0.484744
+0.8348,+0.430192
+0.83518,+0.428739
+0.83555,+0.333991
+0.83593,+0.457188
+0.83643,+0.503652
+0.83681,+0.537719
+0.83717,+0.524443
+0.83756,+0.654524
+0.83805,+0.705242
+0.83843,+0.904184
+0.8388,+1.00551
+0.83918,+1.00404
+0.83956,+1.18077
+0.84005,+1.19869
+0.84043,+1.22852
+0.8408,+1.22689
+0.84118,+1.35328
+0.84155,+1.38913
+0.84193,+1.56135
+0.84242,+1.6526
+0.8428,+1.58076
+0.84317,+1.78929
+0.84355,+1.81735
+0.84392,+2.05461
+0.84443,+2.29608
+0.8448,+2.41638
+0.84531,+2.48553
+0.84555,+2.63301
+0.84606,+2.68723
+0.84642,+2.76818
+0.8468,+2.98653
+0.84718,+3.11507
+0.84755,+3.17623
+0.84805,+3.30256
+0.84842,+3.27984
+0.84881,+3.48138
+0.84919,+3.59006
+0.84956,+3.62982
+0.85005,+3.78258
+0.85043,+3.87797
+0.8508,+4.01324
+0.85118,+4.11167
+0.85155,+4.21709
+0.85192,+4.30148
+0.85243,+4.47785
+0.85281,+4.51779
+0.85318,+4.62211
+0.85355,+4.71632
+0.85392,+4.87386
+0.85443,+4.92885
+0.8548,+5.01086
+0.85518,+5.10781
+0.85555,+5.22827
+0.85593,+5.3644
+0.85642,+5.43947
+0.85681,+5.50209
+0.85718,+5.66857
+0.85756,+5.86999
+0.85805,+5.80808
+0.85843,+6.0027
+0.8588,+6.02501
+0.85918,+5.98113
+0.85967,+6.03558
+0.85993,+6.09677
+0.86043,+6.21553
+0.86081,+6.29383
+0.86117,+6.2827
+0.86156,+6.30693
+0.86192,+6.38469
+0.86243,+6.40436
+0.8628,+6.59879
+0.86318,+6.80284
+0.86355,+6.90124
+0.86393,+6.95636
+0.86443,+6.91382
+0.86481,+6.92543
+0.86518,+6.96362
+0.86556,+6.99694
+0.86592,+7.11896
+0.86643,+7.17413
+0.8668,+7.21284
+0.86718,+7.24112
+0.86755,+7.24429
+0.86805,+7.27156
+0.86842,+7.32603
+0.86883,+7.34707
+0.8692,+7.39827
+0.86957,+7.33433
+0.87006,+7.32409
+0.87044,+7.29583
+0.8708,+7.32154
+0.87117,+7.32744
+0.87156,+7.32572
+0.87192,+7.28762
+0.87243,+7.39917
+0.87281,+7.43918
+0.87318,+7.48664
+0.87355,+7.59148
+0.87393,+7.64894
+0.87443,+7.63274
+0.87481,+7.68645
+0.8752,+7.67908
+0.87556,+7.66173
+0.87592,+7.66172
+0.87644,+7.61428
+0.87681,+7.65007
+0.87718,+7.59591
+0.87756,+7.62391
+0.87805,+7.53843
+0.87842,+7.57321
+0.8788,+7.45491
+0.87918,+7.38979
+0.87955,+7.41123
+0.87993,+7.42642
+0.88043,+7.4632
+0.88081,+7.37257
+0.88175,+7.3648
+0.88195,+7.31272
+0.88218,+7.32822
+0.88243,+7.31335
+0.8828,+7.2755
+0.88317,+7.20027
+0.88355,+7.18181
+0.88393,+7.10154
+0.88443,+6.94867
+0.8848,+6.92509
+0.88518,+6.84911
+0.88555,+6.76855
+0.88593,+6.63928
+0.88643,+6.55321
+0.88681,+6.52343
+0.88718,+6.4822
+0.88755,+6.42342
+0.88805,+6.42741
+0.88843,+6.37013
+0.88881,+6.24754
+0.88918,+6.16751
+0.88956,+6.07929
+0.89006,+6.00949
+0.89043,+5.90296
+0.8908,+5.73643
+0.89118,+5.64905
+0.89156,+5.42104
+0.89193,+5.11124
+0.89243,+4.96056
+0.89281,+4.80833
+0.89318,+4.66215
+0.89356,+4.44948
+0.89393,+4.31116
+0.89443,+4.1177
+0.89481,+3.90032
+0.89518,+3.65793
+0.89556,+3.4731
+0.89593,+3.41746
+0.89643,+3.20083
+0.8968,+3.00942
+0.89718,+2.82206
+0.89756,+2.73089
+0.89805,+2.46459
+0.89843,+2.26286
+0.89881,+2.12154
+0.89918,+1.91254
+0.89956,+1.82686
+0.89992,+1.6317
+0.90056,+1.46896
+0.90081,+1.2963
+0.90118,+1.121
+0.90155,+0.921255
+0.90192,+0.715979
+0.90243,+0.554922
+0.90281,+0.332782
+0.90318,+0.197937
+0.90356,-0.0429006
+0.90393,-0.2087
+0.90443,-0.303293
+0.90481,-0.495395
+0.90519,-0.633176
+0.90556,-0.900948
+0.90593,-1.04803
+0.90643,-1.1734
+0.90681,-1.32857
+0.90719,-1.53333
+0.90757,-1.59587
+0.90806,-1.72443
+0.90843,-1.93504
+0.90881,-2.07148
+0.90918,-2.28096
+0.90955,-2.32737
+0.90993,-2.40942
+0.91043,-2.62497
+0.91081,-2.76396
+0.91118,-2.77355
+0.91156,-2.81361
+0.91192,-2.8573
+0.91243,-2.89137
+0.91281,-2.97962
+0.91318,-3.09047
+0.91356,-3.13337
+0.91392,-3.14683
+0.91443,-3.17055
+0.91481,-3.14029
+0.91518,-3.1717
+0.91556,-3.33006
+0.91593,-3.41508
+0.91643,-3.47716
+0.91681,-3.54344
+0.91718,-3.38531
+0.91756,-3.42185
+0.91805,-3.49811
+0.91843,-3.55569
+0.9188,-3.50785
+0.91918,-3.50521
+0.91956,-3.41406
+0.91993,-3.46389
+0.92043,-3.45396
+0.92081,-3.39138
+0.92118,-3.54306
+0.92156,-3.54738
+0.92193,-3.50299
+0.92243,-3.32887
+0.92281,-3.35758
+0.92318,-3.36294
+0.92355,-3.45999
+0.92393,-3.43261
+0.92443,-3.36974
+0.92481,-3.25285
+0.92519,-3.18175
+0.92556,-3.20088
+0.92592,-3.23744
+0.92643,-3.2566
+0.92681,-3.2925
+0.92718,-3.28449
+0.92755,-3.22308
+0.92793,-3.17505
+0.92843,-3.12884
+0.92881,-3.1814
+0.92919,-3.16763
+0.92956,-3.1059
+0.92993,-3.01871
+0.93043,-2.90806
+0.93093,-2.83111
+0.93119,-2.72162
+0.93156,-2.56974
+0.93193,-2.43787
+0.93243,-2.56104
+0.93282,-2.52968
+0.93318,-2.31309
+0.93357,-2.27947
+0.93393,-2.22522
+0.93444,-2.34258
+0.93481,-2.33253
+0.93519,-2.38478
+0.93556,-2.50006
+0.93592,-2.56389
+0.93643,-2.45727
+0.93682,-2.43509
+0.93718,-2.55582
+0.93757,-2.50178
+0.93793,-2.44174
+0.93844,-2.40659
+0.93881,-2.45639
+0.93919,-2.38392
+0.93956,-2.34102
+0.93993,-2.35737
+0.94043,-2.34555
+0.94082,-2.35162
+0.94118,-2.28087
+0.94156,-2.27471
+0.94193,-2.28173
+0.94243,-2.31441
+0.9428,-2.21168
+0.94318,-2.16143
+0.94356,-2.1357
+0.94393,-2.07968
+0.94444,-1.98056
+0.94481,-1.93782
+0.94519,-1.99296
+0.94556,-2.08388
+0.94594,-2.1128
+0.94643,-2.01065
+0.94681,-1.99483
+0.94718,-1.99898
+0.94756,-1.87589
+0.94805,-1.82264
+0.94844,-1.81098
+0.94881,-1.81711
+0.94919,-1.79758
+0.94956,-1.61807
+0.94993,-1.61087
+0.95044,-1.58044
+0.95082,-1.53601
+0.95118,-1.57407
+0.95157,-1.63365
+0.95193,-1.68685
+0.95244,-1.73116
+0.95281,-1.64026
+0.95319,-1.60794
+0.95356,-1.60196
+0.95393,-1.57471
+0.95443,-1.46986
+0.95481,-1.37563
+0.95518,-1.2236
+0.95556,-1.19478
+0.95593,-1.14484
+0.95644,-1.0372
+0.95684,-0.978896
+0.95719,-0.974178
+0.95757,-0.946759
+0.95793,-0.852163
+0.95843,-0.881247
+0.95881,-0.896435
+0.95918,-0.903756
+0.95956,-0.837965
+0.95994,-0.703036
+0.96044,-0.705176
+0.96082,-0.785395
+0.96119,-0.730799
+0.96156,-0.644048
+0.96193,-0.519298
+0.96244,-0.431674
+0.96281,-0.295837
+0.96318,-0.324514
+0.96357,-0.336362
+0.96393,-0.362127
+0.96444,-0.317019
+0.96481,-0.125903
+0.96519,-0.0914189
+0.96557,-0.0974074
+0.96594,-0.191455
+0.96644,-0.285565
+0.96681,-0.406852
+0.96718,-0.428259
+0.96756,-0.374653
+0.96794,-0.309562
+0.96844,-0.332349
+0.96882,-0.403142
+0.96919,-0.387998
+0.96956,-0.339596
+0.96994,-0.31273
+0.97044,-0.171648
+0.97081,-0.0907731
+0.97119,+0.0429844
+0.97156,+0.0602275
+0.97194,+0.0914037
+0.97244,+0.195845
+0.97281,+0.292082
+0.97318,+0.355157
+0.97356,+0.356352
+0.97393,+0.426877
+0.97444,+0.423217
+0.97482,+0.465886
+0.97518,+0.496989
+0.97557,+0.555787
+0.97593,+0.480779
+0.97644,+0.544507
+0.97682,+0.566934
+0.97719,+0.547628
+0.97765,+0.530349
+0.97794,+0.554222
+0.97843,+0.585325
+0.97884,+0.568107
+0.97919,+0.571785
+0.97956,+0.606321
+0.97995,+0.710324
+0.98044,+0.695716
+0.98081,+0.763651
+0.98119,+0.803311
+0.98157,+0.88052
+0.98193,+0.894783
+0.98244,+0.878313
+0.98281,+0.9361
+0.98318,+0.924262
+0.98415,+0.894273
+0.9844,+0.870578
+0.98464,+0.849178
+0.98485,+0.779119
+0.98519,+0.807625
+0.98556,+0.735405
+0.98593,+0.760365
+0.98644,+0.833659
+0.98681,+0.790525
+0.98718,+0.938563
+0.98756,+1.07946
+0.98794,+1.21227
+0.98844,+1.2355
+0.98882,+1.25124
+0.98919,+1.30777
+0.98956,+1.36986
+0.98995,+1.42715
+0.99044,+1.48075
+0.9908,+1.58589
+0.99119,+1.5232
+0.99169,+1.52757
+0.99194,+1.45349
+0.99243,+1.49876
+0.99281,+1.71211
+0.99318,+1.81084
+0.99356,+1.97282
+0.99395,+1.97257
+0.99444,+2.04242
+0.99481,+2.15404
+0.99518,+2.24612
+0.99556,+2.35711
+0.99594,+2.49138
+0.99644,+2.68318
+0.99681,+2.66875
+0.99719,+2.74964
+0.99756,+2.76835
+0.99794,+2.9548
+0.99844,+3.05939
+0.99882,+3.08469
+0.99919,+3.14778
+0.99957,+3.17731
+0.99994,+3.19504
+1.00044,+3.23388
+1.00082,+3.45527
+1.00119,+3.58255
+1.00157,+3.69657
+1.00193,+3.82027
+1.00244,+3.86982
+1.00282,+3.96978
+1.00319,+3.99194
+1.00357,+4.04915
+1.00394,+4.30414
+1.00444,+4.38596
+1.00481,+4.35788
+1.00518,+4.34968
+1.00557,+4.45847
+1.00593,+4.41014
+1.00644,+4.43883
+1.00681,+4.51687
+1.00719,+4.64205
+1.00756,+4.7284
+1.00793,+4.74057
+1.00843,+4.8303
+1.00882,+4.97979
+1.00919,+5.05289
+1.00957,+4.96413
+1.00994,+5.05384
+1.01044,+5.09179
+1.01081,+5.16951
+1.01119,+5.27327
+1.01156,+5.4049
+1.01207,+5.40033
+1.01244,+5.40133
+1.01282,+5.37786
+1.01318,+5.43854
+1.01356,+5.54848
+1.01394,+5.59879
+1.01444,+5.69519
+1.01481,+5.73462
+1.01519,+5.7787
+1.01557,+5.68606
+1.01594,+5.64917
+1.01643,+5.70817
+1.01682,+5.82757
+1.0172,+5.78408
+1.01757,+5.87505
+1.01793,+5.81633
+1.01844,+5.77668
+1.01882,+5.74473
+1.01919,+5.70572
+1.01957,+5.72759
+1.01994,+5.85275
+1.02031,+5.84686
+1.02082,+5.80693
+1.02119,+5.88471
+1.02156,+5.89481
+1.02209,+6.00164
+1.02244,+6.03606
+1.02281,+6.0757
+1.02319,+6.0153
+1.02356,+6.02055
+1.02395,+5.97902
+1.02432,+5.85418
+1.02482,+5.73437
+1.02519,+5.70073
+1.02557,+5.58801
+1.02594,+5.51657
+1.02631,+5.49942
+1.02682,+5.41149
+1.02719,+5.3931
+1.02756,+5.38394
+1.02794,+5.24921
+1.02844,+5.28688
+1.02882,+5.33971
+1.02919,+5.32471
+1.02957,+5.26312
+1.02995,+5.15466
+1.03044,+5.14341
+1.03081,+5.10722
+1.03119,+5.12589
+1.03157,+5.00972
+1.03194,+4.98022
+1.03244,+4.869
+1.03282,+4.79242
+1.03319,+4.6125
+1.03356,+4.54898
+1.03394,+4.50108
+1.03444,+4.28083
+1.03481,+4.22905
+1.03519,+4.11622
+1.03556,+4.09279
+1.03595,+4.04764
+1.03644,+3.98337
+1.03682,+3.85128
+1.03719,+3.87983
+1.03757,+3.82156
+1.03794,+3.68369
+1.03844,+3.68875
+1.03882,+3.50336
+1.03919,+3.3715
+1.03956,+3.24151
+1.03995,+3.09943
+1.04044,+3.02765
+1.04082,+2.91659
+1.0412,+2.74144
+1.04156,+2.70595
+1.04207,+2.69313
+1.04243,+2.65776
+1.04281,+2.59162
+1.04318,+2.56032
+1.04357,+2.50127
+1.04395,+2.50354
+1.04431,+2.36808
+1.04482,+2.36102
+1.04519,+2.26686
+1.04557,+2.22644
+1.04594,+2.20784
+1.04644,+2.06998
+1.04681,+2.06265
+1.04719,+1.91509
+1.04756,+1.83157
+1.04794,+1.70222
+1.04844,+1.70794
+1.04882,+1.65484
+1.04919,+1.64073
+1.04957,+1.49169
+1.04994,+1.42588
+1.05044,+1.42788
+1.05082,+1.44054
+1.05119,+1.5183
+1.05156,+1.57198
+1.05196,+1.56211
+1.05244,+1.49858
+1.05282,+1.45277
+1.05319,+1.3698
+1.05357,+1.19934
+1.05393,+1.05336
+1.05444,+1.00788
+1.05481,+0.908106
+1.05519,+0.808465
+1.05557,+0.699218
+1.05595,+0.648252
+1.05644,+0.652825
+1.05684,+0.595744
+1.05724,+0.704095
+1.0576,+0.865619
+1.05795,+0.986874
+1.05845,+0.91588
+1.05882,+0.834518
+1.0592,+0.821144
+1.05957,+0.820862
+1.05994,+0.864674
+1.06032,+0.876353
+1.06082,+0.867213
+1.06119,+0.782493
+1.06157,+0.787309
+1.06194,+0.773728
+1.06232,+0.865881
+1.06282,+0.995735
+1.0632,+1.01536
+1.06357,+0.941312
+1.06395,+0.895011
+1.06431,+0.818351
+1.06482,+0.989305
+1.0652,+1.13555
+1.06557,+1.17343
+1.06594,+1.19375
+1.06632,+1.17487
+1.06681,+1.12009
+1.0672,+1.18407
+1.06757,+1.16185
+1.06794,+1.18401
+1.06844,+1.24532
+1.06882,+1.25443
+1.06919,+1.17532
+1.06957,+1.23147
+1.06995,+1.22823
+1.07032,+1.29274
+1.07082,+1.36207
+1.0712,+1.44348
+1.07157,+1.58925
+1.07194,+1.80307
+1.07245,+1.94102
+1.07282,+1.97923
+1.0732,+2.05488
+1.07357,+2.05267
+1.07395,+2.22579
+1.07431,+2.4013
+1.07482,+2.50919
+1.07519,+2.50216
+1.07557,+2.71487
+1.07594,+2.76137
+1.07632,+2.83511
+1.07682,+2.98484
+1.0772,+3.13557
+1.07756,+3.28224
+1.07794,+3.3372
+1.07844,+3.286
+1.07882,+3.4551
+1.07919,+3.64982
+1.07956,+3.75059
+1.08,+3.83991
+1.08031,+3.88215
+1.08083,+3.94821
+1.08125,+4.1215
+1.08157,+4.30712
+1.08194,+4.42455
+1.08232,+4.53417
+1.08294,+4.64122
+1.08319,+4.67963
+1.08357,+4.68619
+1.08395,+4.74046
+1.08432,+5.05944
+1.08482,+5.14274
+1.08519,+5.22425
+1.08557,+5.27598
+1.08654,+5.41158
+1.08673,+5.58103
+1.0869,+5.64979
+1.0872,+5.7871
+1.08757,+5.8632
+1.08807,+5.92124
+1.08857,+5.7549
+1.08882,+5.79726
+1.0892,+5.67903
+1.08957,+5.63513
+1.08994,+5.64226
+1.09032,+5.63217
+1.09082,+5.67507
+1.09119,+5.67293
+1.09157,+5.68205
+1.09195,+5.78368
+1.09232,+5.9107
+1.09283,+5.89327
+1.0932,+5.99278
+1.09357,+5.89719
+1.09395,+5.70267
+1.09431,+5.70318
+1.09482,+5.61318
+1.09519,+5.45735
+1.09557,+5.4382
+1.09595,+5.35905
+1.09632,+5.24632
+1.09682,+5.15526
+1.09719,+4.92815
+1.09757,+4.82834
+1.09794,+4.79586
+1.09832,+4.51071
+1.09882,+4.29399
+1.0992,+4.16052
+1.09957,+3.9844
+1.09995,+3.78324
+1.10032,+3.62127
+1.10082,+3.5436
+1.10119,+3.4588
+1.10156,+3.36522
+1.10195,+3.2959
+1.10231,+3.20657
+1.10282,+3.11692
+1.10319,+3.01731
+1.10357,+2.82649
+1.10394,+2.64086
+1.10432,+2.45247
+1.10482,+2.22706
+1.1052,+2.12666
+1.10557,+1.93209
+1.10595,+1.74506
+1.10631,+1.62108
+1.10682,+1.52979
+1.1072,+1.43047
+1.10757,+1.28377
+1.10795,+1.11561
+1.10832,+0.945318
+1.10882,+0.817985
+1.1092,+0.460305
+1.10957,+0.311567
+1.10994,+0.111353
+1.11032,-0.0282408
+1.11082,-0.326092
+1.1112,-0.47799
+1.11157,-0.457676
+1.11195,-0.504649
+1.11232,-0.540828
+1.11295,-0.70076
+1.11321,-0.615925
+1.1137,-0.611442
+1.11395,-0.638635
+1.11432,-0.506268
+1.11482,-0.481621
+1.1152,-0.48583
+1.11558,-0.506379
+1.11595,-0.478402
+1.11631,-0.449856
+1.11682,-0.347757
+1.1172,-0.315448
+1.11757,-0.30477
+1.11795,-0.255554
+1.11832,-0.416314
+1.11882,-0.29638
+1.11919,-0.267737
+1.11957,-0.325192
+1.11995,-0.276731
+1.12033,-0.304706
+1.12082,-0.247213
+1.12119,-0.18171
+1.12157,-0.0105805
+1.12194,-0.00240711
+1.12232,+0.194193
+1.12282,+0.346615
+1.12319,+0.508986
+1.12357,+0.687665
+1.12395,+0.835435
+1.12432,+1.07623
+1.12483,+1.1731
+1.12519,+1.34377
+1.12557,+1.49265
+1.12594,+1.77721
+1.12632,+1.95427
+1.12682,+2.01254
+1.1272,+2.18668
+1.12756,+2.30054
+1.12808,+2.47456
+1.12844,+2.57117
+1.12883,+2.7536
+1.1292,+2.95472
+1.12957,+3.08475
+1.12995,+3.24154
+1.13031,+3.31275
+1.13082,+3.57603
+1.1312,+3.83085
+1.13157,+4.05048
+1.13195,+4.20093
+1.13232,+4.37729
+1.13282,+4.59473
+1.1332,+4.79591
+1.13357,+5.01757
+1.13395,+5.11436
+1.13432,+5.26766
+1.13483,+5.40556
+1.1352,+5.34646
+1.13558,+5.52687
+1.13595,+5.75549
+1.13631,+5.92864
+1.13683,+6.04905
+1.13721,+6.08111
+1.13757,+6.0802
+1.13795,+6.25941
+1.13832,+6.39613
+1.13882,+6.4254
+1.13919,+6.49971
+1.13957,+6.50056
+1.13996,+6.50256
+1.14032,+6.5617
+1.14083,+6.61025
+1.14119,+6.7139
+1.14157,+6.80297
+1.14195,+6.79331
+1.14231,+6.75392
+1.14282,+6.79737
+1.1432,+6.88977
+1.1437,+6.94027
+1.14395,+6.81913
+1.14432,+6.71448
+1.14482,+6.64204
+1.1452,+6.50893
+1.14557,+6.37053
+1.14594,+6.29186
+1.14632,+6.26164
+1.14682,+6.15176
+1.1472,+5.97426
+1.14757,+5.79526
+1.14796,+5.70574
+1.14832,+5.52322
+1.14883,+5.41224
+1.14919,+5.17109
+1.14957,+4.98525
+1.14995,+4.79557
+1.15032,+4.59605
+1.15083,+4.36812
+1.15119,+4.27331
+1.15157,+4.09488
+1.15196,+3.84288
+1.15232,+3.79893
+1.15282,+3.57048
+1.15321,+3.5366
+1.15357,+3.47473
+1.15396,+3.34699
+1.15432,+3.19916
+1.15483,+2.97133
+1.1552,+2.75843
+1.15557,+2.59994
+1.15595,+2.40136
+1.15633,+2.29845
+1.15683,+2.11226
+1.1572,+2.00419
+1.15757,+1.81246
+1.15796,+1.6472
+1.15832,+1.5183
+1.15883,+1.55299
+1.1592,+1.47318
+1.15957,+1.39602
+1.15995,+1.47607
+1.16033,+1.35211
+1.16083,+1.42716
+1.1612,+1.35102
+1.16158,+1.31337
+1.16195,+1.29745
+1.16232,+1.27616
+1.16283,+1.23248
+1.1632,+1.26652
+1.16358,+1.27542
+1.16395,+1.31154
+1.16432,+1.32784
+1.16483,+1.35007
+1.16519,+1.38016
+1.16583,+1.47918
+1.16608,+1.55778
+1.16657,+1.67244
+1.16686,+1.8102
+1.16743,+1.85588
+1.16784,+1.91963
+1.16813,+2.06848
+1.16832,+2.11389
+1.16883,+2.2562
+1.16921,+2.3743
+1.16958,+2.58015
+1.16995,+2.72871
+1.17033,+2.89725
+1.17082,+3.00302
+1.1712,+3.19139
+1.17157,+3.42595
+1.17196,+3.48361
+1.17232,+3.82234
+1.17283,+3.97162
+1.1732,+4.16407
+1.17358,+4.3682
+1.17534,+4.59751
+1.17552,+4.76352
+1.17572,+4.99047
+1.17608,+5.17718
+1.17632,+5.37594
+1.17684,+5.61712
+1.17721,+5.66341
+1.17757,+5.75732
+1.17795,+5.97967
+1.17833,+5.98069
+1.17882,+6.18058
+1.17921,+6.40996
+1.17961,+6.52248
+1.17996,+6.78124
+1.18032,+6.88931
+1.18083,+6.96741
+1.1812,+7.10158
+1.18158,+7.30352
+1.18195,+7.35531
+1.18232,+7.62562
+1.18283,+7.67648
+1.18321,+7.66489
+1.18365,+7.79815
+1.18408,+7.80971
+1.18446,+7.87534
+1.18485,+7.8772
+1.18525,+7.9709
+1.18562,+8.06836
+1.18599,+8.06522
+1.18636,+8.06472
+1.18687,+8.03963
+1.18725,+8.07954
+1.18762,+7.95521
+1.18799,+7.97472
+1.18895,+7.9636
+1.18913,+8.04242
+1.18934,+7.90832
+1.18963,+7.71766
+1.18997,+7.73408
+1.19036,+7.56906
+1.19088,+7.52116
+1.19124,+7.42315
+1.19162,+7.41088
+1.19199,+7.25574
+1.19237,+7.09397
+1.19286,+6.84017
+1.19325,+6.68527
+1.19362,+6.48992
+1.194,+6.23811
+1.19436,+6.16009
+1.19488,+5.88077
+1.19525,+5.63474
+1.19561,+5.41579
+1.196,+5.10446
+1.19636,+4.95877
+1.19687,+4.82171
+1.19722,+4.68674
+1.19759,+4.57664
+1.19797,+4.47475
+1.19834,+4.23532
+1.19887,+4.09332
+1.19924,+3.93749
+1.19962,+3.77112
+1.2,+3.69283
+1.20036,+3.49577
+1.20087,+3.36144
+1.20124,+3.21935
+1.20161,+3.37983
+1.20199,+3.23246
+1.20237,+2.97214
+1.20288,+2.95456
+1.20324,+2.89177
+1.20362,+2.76324
+1.204,+2.60169
+1.20437,+2.50184
+1.20487,+2.44219
+1.20525,+2.34918
+1.20562,+2.29909
+1.20598,+2.24332
+1.20634,+2.29007
+1.20686,+2.20385
+1.20722,+2.23166
+1.2076,+2.26505
+1.208,+2.3782
+1.20837,+2.51951
+1.20887,+2.59984
+1.20926,+2.69553
+1.20961,+2.78312
+1.20998,+2.99133
+1.21036,+3.16687
+1.21088,+3.29224
+1.21124,+3.43896
+1.21162,+3.67181
+1.21201,+3.90263
+1.21235,+4.02875
+1.21287,+4.16078
+1.21323,+4.23659
+1.21362,+4.32435
+1.214,+4.37863
+1.21437,+4.39438
+1.21488,+4.55777
+1.21524,+4.46619
+1.21563,+4.50101
+1.216,+4.42076
+1.21636,+4.51155
+1.21688,+4.63106
+1.21724,+4.83189
+1.21761,+4.98985
+1.21799,+5.10286
+1.21835,+5.25904
+1.21887,+5.34122
+1.21922,+5.63081
+1.2196,+5.84378
+1.21998,+6.04113
+1.22035,+6.14371
+1.22088,+6.30861
+1.22123,+6.49451
+1.22161,+6.63145
+1.222,+6.72475
+1.22238,+6.8904
+1.22288,+6.96522
+1.22324,+7.06093
+1.22362,+7.06055
+1.22399,+7.22202
+1.22437,+7.34317
+1.22487,+7.35557
+1.22525,+7.41992
+1.22564,+7.4062
+1.226,+7.45641
+1.22636,+7.48025
+1.22688,+7.50144
+1.22725,+7.576
+1.22762,+7.61278
+1.228,+7.59518
+1.22837,+7.53667
+1.22887,+7.55148
+1.22923,+7.48399
+1.22962,+7.49672
+1.22999,+7.54707
+1.23036,+7.5976
+1.23086,+7.64309
+1.23123,+7.61051
+1.2316,+7.61746
+1.23197,+7.61029
+1.23235,+7.60092
+1.23288,+7.58386
+1.23324,+7.57212
+1.23362,+7.60226
+1.23399,+7.56103
+1.23438,+7.56799
+1.23487,+7.57257
+1.23524,+7.48426
+1.23561,+7.43222
+1.236,+7.44169
+1.23637,+7.44834
+1.23688,+7.42065
+1.23723,+7.47073
+1.23763,+7.47721
+1.238,+7.50488
+1.23838,+7.39379
+1.23888,+7.33029
+1.23924,+7.3117
+1.23962,+7.25866
+1.23997,+7.22393
+1.24034,+7.16166
+1.24086,+7.04171
+1.24122,+6.96587
+1.24162,+6.73992
+1.24199,+6.56927
+1.24236,+6.48886
+1.24284,+6.46428
+1.2432,+6.48047
+1.24358,+6.47019
+1.24396,+6.41282
+1.24434,+6.34014
+1.24483,+6.28746
+1.24521,+6.13322
+1.24558,+6.13109
+1.24596,+6.0392
+1.24633,+6.00595
+1.24683,+5.80662
+1.2472,+5.58184
+1.24759,+5.38587
+1.24796,+5.18
+1.24833,+5.11274
+1.24884,+5.01241
+1.24921,+4.91157
+1.24958,+4.79205
+1.24997,+4.65181
+1.25033,+4.4732
+1.25083,+4.45601
+1.25121,+4.44007
+1.25159,+4.41967
+1.25196,+4.26963
+1.25233,+4.21799
+1.25285,+4.10797
+1.2532,+4.02483
+1.25359,+3.93823
+1.25396,+3.89054
+1.25432,+3.78299
+1.25483,+3.61252
+1.25521,+3.55201
+1.25558,+3.40238
+1.25608,+3.43539
+1.25633,+3.2669
+1.25684,+3.22028
+1.25721,+3.12907
+1.25759,+3.10031
+1.25796,+3.0813
+1.25833,+3.15136
+1.25883,+3.19779
+1.2592,+3.05819
+1.25958,+3.08215
+1.25995,+3.05577
+1.26033,+3.11514
+1.26083,+3.12366
+1.26121,+3.13948
+1.26159,+3.00125
+1.26196,+2.93955
+1.26235,+2.90909
+1.26283,+2.81633
+1.26321,+2.83132
+1.26358,+2.74771
+1.26395,+2.69361
+1.26433,+2.59091
+1.26483,+2.47185
+1.26521,+2.37195
+1.26558,+2.39343
+1.26596,+2.29366
+1.26633,+2.22202
+1.26684,+2.28402
+1.26721,+2.16848
+1.26759,+2.14993
+1.26796,+2.10465
+1.26834,+2.05374
+1.26872,+2.07647
+1.26921,+2.04885
+1.26958,+2.02092
+1.26995,+2.04442
+1.27033,+1.94841
+1.2707,+1.84865
+1.27121,+1.89186
+1.27158,+1.85711
+1.27196,+1.80198
+1.27233,+1.74576
+1.27272,+1.74694
+1.27321,+1.69029
+1.27358,+1.60757
+1.27396,+1.54495
+1.27434,+1.50974
+1.2747,+1.43359
+1.2752,+1.38031
+1.27558,+1.20971
+1.27596,+1.04134
+1.27634,+1.0094
+1.27684,+0.852107
+1.27721,+0.701201
+1.27758,+0.711726
+1.27796,+0.674212
+1.27835,+0.536696
+1.27871,+0.377325
+1.27921,+0.237913
+1.27958,+0.235543
+1.27996,+0.324187
+1.28034,+0.129657
+1.28072,+0.0447407
+1.28121,-0.00910677
+1.28159,-0.187948
+1.28196,-0.193977
+1.28233,-0.220522
+1.28283,-0.25166
+1.28321,-0.352421
+1.28358,-0.426778
+1.28396,-0.680082
+1.28434,-0.75057
+1.28481,-0.840003
+1.28521,-0.867794
+1.28559,-0.913228
+1.28603,-1.13398
+1.28646,-1.19687
+1.28684,-1.2512
+1.28721,-1.25775
+1.28758,-1.27079
+1.28797,-1.21948
+1.28833,-1.16136
+1.28883,-1.15769
+1.28921,-1.16553
+1.28958,-1.18468
+1.28996,-1.19831
+1.29033,-1.13291
+1.29135,-1.12029
+1.29158,-1.12341
+1.2918,-1.11328
+1.29207,-1.1448
+1.29234,-1.12149
+1.29284,-1.10604
+1.2932,-1.16521
+1.29358,-1.07876
+1.29395,-1.11025
+1.29434,-1.14673
+1.29483,-1.05588
+1.29521,-1.03101
+1.29558,-1.04286
+1.29596,-1.07083
+1.29636,-1.09109
+1.29684,-0.97024
+1.29721,-0.875134
+1.29759,-0.868282
+1.29797,-0.694964
+1.29834,-0.613343
+1.29883,-0.543127
+1.29921,-0.3374
+1.29958,-0.0932992
+1.29996,+0.149489
+1.30033,+0.437581
+1.3009,+0.619456
+1.30121,+0.863108
+1.30158,+1.03907
+1.30196,+1.26255
+1.30234,+1.51176
+1.30284,+1.72701
+1.30321,+1.91513
+1.30358,+2.07109
+1.30396,+2.24629
+1.30433,+2.41426
+1.30484,+2.58581
+1.30521,+2.79335
+1.30558,+3.13193
+1.30596,+3.38562
+1.30634,+3.63452
+1.30684,+3.79589
+1.30721,+3.94203
+1.30759,+4.0473
+1.30797,+4.27166
+1.30834,+4.3635
+1.30884,+4.47786
+1.30921,+4.61654
+1.30959,+4.66628
+1.30996,+4.73853
+1.31033,+4.76268
+1.31083,+4.73558
+1.31121,+4.83516
+1.31159,+4.98249
+1.31196,+4.95833
+1.31234,+5.01915
+1.31272,+5.07976
+1.31322,+5.10942
+1.31359,+5.0041
+1.31396,+4.97183
+1.31434,+4.95185
+1.31471,+4.98945
+1.31521,+4.89023
+1.31558,+4.76276
+1.31596,+4.75583
+1.31634,+4.7478
+1.31685,+4.60777
+1.31721,+4.58163
+1.31759,+4.68434
+1.31796,+4.46431
+1.31833,+4.3621
+1.31884,+4.38281
+1.31921,+4.31924
+1.31959,+4.19845
+1.31996,+4.0948
+1.32035,+3.92914
+1.32084,+3.89164
+1.32122,+3.67809
+1.32158,+3.49882
+1.32196,+3.5029
+1.32234,+3.40992
+1.32271,+3.20761
+1.32321,+3.09384
+1.32359,+3.01652
+1.32396,+2.87181
+1.32434,+2.72125
+1.32472,+2.49731
+1.32521,+2.33615
+1.32559,+2.25153
+1.32596,+2.13507
+1.32635,+1.94574
+1.32671,+1.69044
+1.32734,+1.47723
+1.32761,+1.33681
+1.32797,+1.30268
+1.32834,+1.18927
+1.32873,+1.08955
+1.32922,+0.933283
+1.32959,+0.713896
+1.32996,+0.611652
+1.33034,+0.635242
+1.33071,+0.704292
+1.33121,+0.67204
+1.33159,+0.626933
+1.33196,+0.491908
+1.33234,+0.451362
+1.33272,+0.486869
+1.33322,+0.438346
+1.33359,+0.385586
+1.33396,+0.291765
+1.33434,+0.10707
+1.33471,-4.62146e-005
+1.33521,-0.0615517
+1.33559,-0.222807
+1.33596,-0.43362
+1.33635,-0.507957
+1.33672,-0.618711
+1.33722,-0.628381
+1.33759,-0.533045
+1.33797,-0.65471
+1.33834,-0.667994
+1.33884,-0.64072
+1.33921,-0.733851
+1.33958,-0.668758
+1.33996,-0.655598
+1.34034,-0.737423
+1.34072,-0.835981
+1.34121,-0.832838
+1.34159,-1.01141
+1.34196,-0.974239
+1.34234,-1.05
+1.34271,-1.30766
+1.34321,-1.25369
+1.34359,-1.4774
+1.34396,-1.59673
+1.34433,-1.65709
+1.34472,-1.63308
+1.34521,-1.7502
+1.34572,-1.84471
+1.34601,-1.93688
+1.34634,-1.9463
+1.34671,-1.86465
+1.34722,-1.951
+1.34759,-1.80251
+1.34797,-1.74058
+1.34834,-1.94694
+1.34873,-2.14607
+1.34921,-2.10382
+1.34959,-2.10302
+1.34996,-2.12049
+1.35034,-2.16522
+1.35071,-2.18631
+1.35122,-2.23672
+1.35159,-2.3168
+1.35197,-2.33118
+1.35234,-2.22451
+1.35272,-2.14516
+1.35322,-2.27248
+1.35359,-2.3445
+1.35397,-2.45369
+1.35434,-2.54651
+1.35471,-2.59741
+1.35522,-2.65767
+1.35558,-2.64058
+1.35597,-2.66066
+1.35633,-2.75433
+1.35672,-2.77366
+1.35721,-2.82159
+1.35787,-2.83602
+1.35809,-2.77555
+1.35835,-2.78698
+1.35884,-2.79628
+1.35922,-2.73359
+1.35959,-3.01304
+1.35997,-3.07122
+1.36034,-3.12146
+1.36073,-3.18476
+1.36122,-3.3171
+1.36159,-3.25446
+1.36196,-3.44468
+1.36234,-3.40459
+1.36271,-3.47802
+1.36322,-3.62634
+1.36359,-3.5084
+1.36397,-3.50255
+1.36434,-3.5859
+1.36473,-3.67461
+1.36522,-3.52562
+1.36559,-3.76606
+1.36596,-3.64853
+1.36634,-3.68208
+1.36671,-3.71103
+1.36722,-3.61536
+1.3676,-3.53384
+1.36797,-3.72917
+1.36834,-3.5437
+1.36873,-3.56134
+1.36923,-3.51638
+1.3696,-3.30598
+1.36997,-3.3301
+1.37035,-3.38901
+1.37071,-3.36937
+1.37122,-3.37906
+1.3716,-3.51478
+1.37197,-3.46703
+1.37234,-3.57611
+1.37273,-3.54585
+1.37321,-3.73063
+1.37359,-3.85135
+1.37396,-3.84758
+1.37435,-3.84966
+1.37471,-3.87043
+1.37522,-3.96462
+1.37559,-3.92917
+1.37597,-3.79623
+1.37635,-3.75218
+1.37672,-3.75598
+1.37722,-3.71019
+1.37759,-3.70187
+1.37797,-3.67627
+1.37835,-3.70479
+1.37871,-3.76822
+1.37921,-3.71382
+1.37959,-3.67926
+1.37997,-3.72084
+1.38035,-3.60564
+1.38072,-3.48403
+1.38122,-3.40396
+1.38159,-3.23114
+1.38197,-3.23168
+1.38234,-3.07653
+1.38272,-2.96051
+1.38322,-2.8454
+1.38359,-2.81531
+1.38396,-2.68537
+1.38434,-2.74803
+1.38473,-2.81242
+1.38522,-2.68878
+1.3856,-2.73386
+1.38597,-2.69809
+1.38634,-2.57976
+1.38671,-2.40766
+1.38724,-2.38879
+1.38759,-2.24014
+1.38797,-2.13351
+1.38835,-1.87907
+1.38885,-1.72351
+1.38922,-1.7135
+1.38959,-1.6045
+1.38997,-1.44462
+1.39034,-1.49049
+1.39072,-1.52401
+1.39122,-1.47926
+1.3916,-1.43233
+1.39197,-1.4891
+1.39234,-1.4316
+1.39272,-1.30073
+1.39375,-1.28888
+1.39392,-1.3408
+1.39415,-1.18159
+1.39439,-1.16587
+1.39472,-0.991598
+1.39522,-1.00192
+1.39559,-0.941027
+1.39597,-0.779522
+1.39635,-0.750498
+1.39672,-0.720175
+1.39722,-0.623256
+1.39759,-0.429419
+1.3981,-0.545142
+1.39835,-0.363185
+1.39871,-0.261825
+1.39922,+0.0414914
+1.39959,+0.144948
+1.39997,+0.229322
+1.40034,+0.149043
+1.40073,+0.227761
+1.40123,+0.408071
+1.40159,+0.478035
+1.40196,+0.711753
+1.40234,+0.773479
+1.40272,+0.847635
+1.40322,+0.920643
+1.40361,+1.06341
+1.40397,+1.14286
+1.40434,+1.43069
+1.40473,+1.56637
+1.40522,+1.6759
+1.40572,+1.69635
+1.40596,+1.7475
+1.40635,+1.86407
+1.40672,+1.98403
+1.40721,+2.00177
+1.4076,+2.05587
+1.40798,+2.18806
+1.40847,+2.2811
+1.40885,+2.35356
+1.40922,+2.56613
+1.4096,+2.74723
+1.40997,+2.95024
+1.41035,+3.16458
+1.41071,+3.31787
+1.41122,+3.49043
+1.41159,+3.65883
+1.41196,+3.76896
+1.41235,+3.89399
+1.41272,+4.14922
+1.41322,+4.16017
+1.41359,+4.21514
+1.41397,+4.37173
+1.41435,+4.4471
+1.41471,+4.55694
+1.41522,+4.61685
+1.4156,+4.70066
+1.41597,+4.85551
+1.41635,+4.98565
+1.41673,+5.05451
+1.41723,+5.23739
+1.41759,+5.39703
+1.41797,+5.57349
+1.4186,+5.59773
+1.41888,+5.71344
+1.41922,+5.96476
+1.4196,+6.13656
+1.41997,+6.26575
+1.42035,+6.30915
+1.42073,+6.34451
+1.42122,+6.33249
+1.4216,+6.42114
+1.42197,+6.32564
+1.42235,+6.50316
+1.42272,+6.4909
+1.42322,+6.32535
+1.42359,+6.27717
+1.42397,+6.23926
+1.42435,+6.31672
+1.42473,+6.3254
+1.42522,+6.37317
+1.4256,+6.37987
+1.42597,+6.42279
+1.42634,+6.33344
+1.42672,+6.42388
+1.42722,+6.53033
+1.4276,+6.50448
+1.42797,+6.49312
+1.42847,+6.45208
+1.42873,+6.46986
+1.42922,+6.38738
+1.4296,+6.30077
+1.42997,+6.26799
+1.43035,+6.12219
+1.43071,+5.91484
+1.43122,+5.90622
+1.4316,+5.83881
+1.43197,+5.73156
+1.43235,+5.61188
+1.43273,+5.58637
+1.43322,+5.52311
+1.4336,+5.54646
+1.43397,+5.39088
+1.43435,+5.49286
+1.43472,+5.46512
+1.43522,+5.26672
+1.4356,+5.1899
+1.43597,+5.1215
+1.43635,+5.1176
+1.43673,+4.83905
+1.43722,+4.68563
+1.4376,+4.5338
+1.43797,+4.49775
+1.43836,+4.32462
+1.43872,+4.19921
+1.43922,+4.05531
+1.4396,+3.99665
+1.43997,+3.95024
+1.44035,+3.84439
+1.44072,+3.84651
+1.44123,+3.87452
+1.44159,+3.70561
+1.44197,+3.57209
+1.44236,+3.50842
+1.44272,+3.41283
+1.44322,+3.34832
+1.44359,+3.28237
+1.44397,+3.19525
+1.44435,+3.04377
+1.44473,+2.91421
+1.44522,+2.79105
+1.44559,+2.80474
+1.44598,+2.76565
+1.44635,+2.584
+1.44672,+2.57504
+1.44722,+2.55573
+1.4476,+2.52222
+1.44797,+2.36521
+1.44835,+2.21003
+1.44873,+2.18438
+1.44922,+2.09671
+1.4496,+1.91778
+1.44997,+1.7977
+1.45036,+1.854
+1.45072,+1.74589
+1.45122,+1.60619
+1.4516,+1.49084
+1.45198,+1.47187
+1.45235,+1.47689
+1.45272,+1.41794
+1.45322,+1.38377
+1.4536,+1.40226
+1.45397,+1.18555
+1.45435,+1.1639
+1.45472,+1.0606
+1.45522,+1.0287
+1.4556,+0.942971
+1.45598,+0.900417
+1.45635,+0.799751
+1.45672,+0.720544
+1.45723,+0.660061
+1.45759,+0.568208
+1.45798,+0.610173
+1.45835,+0.552605
+1.45885,+0.532684
+1.45922,+0.437312
+1.4596,+0.281818
+1.45997,+0.212693
+1.46035,+0.185456
+1.46072,+0.144782
+1.46122,-0.0271415
+1.46159,-0.245285
+1.46197,-0.169378
+1.46235,-0.350017
+1.46272,-0.442967
+1.46322,-0.337364
+1.4636,-0.34792
+1.46397,-0.513202
+1.46435,-0.594111
+1.46473,-0.727052
+1.46522,-0.785201
+1.4656,-0.766573
+1.46598,-0.879511
+1.46636,-0.898606
+1.46672,-0.859215
+1.46723,-1.05758
+1.4676,-1.08423
+1.46798,-1.11707
+1.46835,-1.18063
+1.46872,-1.20039
+1.46935,-1.03719
+1.4696,-1.13603
+1.46997,-1.32433
+1.47035,-1.54035
+1.47073,-1.73512
+1.47122,-1.79149
+1.4716,-1.92917
+1.47197,-1.79666
+1.47235,-1.87246
+1.47273,-1.88785
+1.47323,-1.93036
+1.4736,-1.76057
+1.47397,-1.68423
+1.47435,-1.56555
+1.47472,-1.59783
+1.47522,-1.60704
+1.47559,-1.55138
+1.47597,-1.72359
+1.47635,-1.6157
+1.47673,-1.68088
+1.47723,-1.83202
+1.4776,-1.80977
+1.47798,-1.86392
+1.47836,-1.94164
+1.47872,-2.02093
+1.47923,-1.97822
+1.47961,-1.97322
+1.47997,-2.06172
+1.48036,-2.06475
+1.48077,-2.15922
+1.48124,-2.21487
+1.4816,-2.27303
+1.48197,-2.23469
+1.48235,-2.17082
+1.48272,-2.1056
+1.48323,-2.21612
+1.48361,-2.20404
+1.48398,-2.2264
+1.48435,-2.32122
+1.48473,-2.32247
+1.48523,-2.20044
+1.4856,-2.2064
+1.48597,-2.13864
+1.48635,-2.13848
+1.48672,-2.03139
+1.48723,-1.88984
+1.48761,-1.94905
+1.48798,-1.79504
+1.48835,-1.91097
+1.48873,-1.78023
+1.48923,-1.84281
+1.48962,-1.91129
+1.48998,-1.88228
+1.49035,-1.90981
+1.49073,-2.04303
+1.49123,-2.07489
+1.4916,-2.05155
+1.49198,-2.0175
+1.49235,-1.93908
+1.49273,-1.91983
+1.49323,-1.85873
+1.4936,-1.91072
+1.49398,-1.94703
+1.49435,-1.94486
+1.49472,-1.84342
+1.49522,-1.84553
+1.49615,-1.79918
+1.49632,-1.75741
+1.4965,-1.66707
+1.49678,-1.69711
+1.49723,-1.77828
+1.4976,-1.77346
+1.49798,-1.802
+1.49836,-1.81207
+1.49873,-1.71242
+1.49923,-1.79832
+1.4996,-1.79787
+1.49997,-1.78719
+1.50035,-1.74507
+1.50073,-1.63344
+1.50122,-1.55574
+1.50161,-1.42722
+1.50197,-1.34144
+1.50236,-1.26242
+1.50273,-1.38008
+1.50323,-1.197
+1.5036,-1.10137
+1.50397,-1.06431
+1.50435,-1.12071
+1.50472,-1.2271
+1.50523,-1.23508
+1.5056,-1.1926
+1.50599,-1.04704
+1.50635,-1.02002
+1.50673,-0.957644
+1.50722,-1.00167
+1.5076,-1.13614
+1.50798,-1.06618
+1.50836,-1.02495
+1.50873,-0.873631
+1.50923,-0.713159
+1.5096,-0.654409
+1.50998,-0.730184
+1.51035,-0.705313
+1.51073,-0.607843
+1.51122,-0.500251
+1.5116,-0.272534
+1.51198,-0.318603
+1.51236,-0.193767
+1.51273,-0.171744
+1.51323,-0.243589
+1.5136,-0.134021
+1.51397,-0.153282
+1.51436,-0.0867603
+1.51472,-0.0299744
+1.51523,-0.00500506
+1.51561,+0.0464876
+1.51598,+0.0821482
+1.51635,+0.167072
+1.51673,+0.14402
+1.51723,+0.224015
+1.5176,+0.211199
+1.51797,+0.341989
+1.51835,+0.378252
+1.51873,+0.414033
+1.5191,+0.469322
+1.5196,+0.480139
+1.51997,+0.556235
+1.52035,+0.613103
+1.52074,+0.822545
+1.5211,+0.9498
+1.52161,+0.995907
+1.52198,+0.966628
+1.52235,+1.06646
+1.52273,+1.118
+1.5231,+1.20425
+1.5236,+1.3441
+1.52397,+1.32772
+1.52435,+1.33629
+1.52473,+1.37985
+1.5251,+1.34467
+1.5256,+1.41087
+1.52598,+1.54952
+1.52635,+1.67783
+1.52673,+1.78552
+1.5271,+1.78729
+1.52761,+1.74436
+1.52798,+1.92986
+1.52836,+1.95012
+1.52873,+1.93624
+1.52924,+2.01605
+1.52961,+2.02443
+1.52999,+2.04458
+1.53036,+1.97629
+1.53072,+2.10596
+1.53123,+2.15789
+1.5316,+2.21077
+1.53198,+2.17539
+1.53235,+2.27749
+1.53274,+2.37255
+1.53323,+2.42818
+1.53361,+2.48949
+1.53398,+2.51067
+1.53436,+2.66689
+1.53473,+2.63339
+1.53523,+2.75565
+1.5356,+2.78698
+1.53598,+2.98606
+1.53635,+3.07357
+1.53674,+3.12065
+1.53723,+3.21198
+1.53761,+3.22839
+1.53798,+3.30855
+1.53836,+3.32967
+1.53873,+3.39704
+1.53923,+3.36289
+1.5396,+3.418
+1.53998,+3.3084
+1.54035,+3.3139
+1.54074,+3.24278
+1.54123,+3.22096
+1.54161,+3.36264
+1.54198,+3.43319
+1.54236,+3.41187
+1.54273,+3.42958
+1.54323,+3.45437
+1.5436,+3.48734
+1.54398,+3.61679
+1.54435,+3.68054
+1.54474,+3.7952
+1.54523,+3.79228
+1.54561,+3.86163
+1.54598,+3.82215
+1.54635,+3.93449
+1.54674,+3.94157
+1.54723,+4.08079
+1.54761,+4.04606
+1.54798,+4.09317
+1.54836,+4.03597
+1.54875,+4.05973
+1.54923,+4.14459
+1.5496,+4.08508
+1.54999,+4.11783
+1.55036,+4.09503
+1.55072,+4.10421
+1.55123,+4.03096
+1.55161,+4.16705
+1.55198,+4.00241
+1.55236,+4.08857
+1.55274,+4.01645
+1.55324,+3.97849
+1.5536,+3.80944
+1.55397,+3.84193
+1.55435,+3.82509
+1.55474,+3.94467
+1.55523,+3.93013
+1.5556,+3.91722
+1.55598,+3.93988
+1.55635,+3.98072
+1.55674,+4.11936
+1.55723,+4.18894
+1.55761,+4.38832
+1.55798,+4.37845
+1.55836,+4.3929
+1.55873,+4.27343
+1.55923,+4.28513
+1.5596,+4.15209
+1.55998,+4.21303
+1.56048,+4.156
+1.56075,+4.12903
+1.5611,+4.11335
+1.56161,+4.0704
+1.56199,+4.04901
+1.56236,+4.02823
+1.56273,+3.99762
+1.56323,+3.99944
+1.56361,+4.14637
+1.56399,+4.14318
+1.56436,+4.0529
+1.56474,+3.97052
+1.56511,+4.0042
+1.56561,+4.00764
+1.56598,+3.93516
+1.56636,+3.90204
+1.56673,+3.81082
+1.56711,+3.80649
+1.56761,+3.72176
+1.56798,+3.68073
+1.56835,+3.79169
+1.56874,+3.861
+1.56923,+3.75783
+1.56961,+3.72126
+1.56998,+3.74859
+1.57036,+3.85549
+1.57073,+3.87258
+1.57123,+3.88
+1.5716,+3.84313
+1.57198,+3.78079
+1.57236,+3.69071
+1.57274,+3.55
+1.5731,+3.49347
+1.57361,+3.47654
+1.57398,+3.50903
+1.57436,+3.3556
+1.57473,+3.40878
+1.57523,+3.40424
+1.5756,+3.32581
+1.57598,+3.26389
+1.57635,+3.25963
+1.57674,+3.25106
+1.5771,+3.30496
+1.57761,+3.27875
+1.57799,+3.23067
+1.57836,+3.24547
+1.57874,+3.27228
+1.5791,+3.28002
+1.57961,+3.34806
+1.57998,+3.41821
+1.58037,+3.38229
+1.58074,+3.43635
+1.58124,+3.3861
+1.58161,+3.41096
+1.58198,+3.40754
+1.58236,+3.52731
+1.58274,+3.41814
+1.58323,+3.3885
+1.58361,+3.35084
+1.58398,+3.39584
+1.58436,+3.3994
+1.58474,+3.48044
+1.5851,+3.61817
+1.5856,+3.62384
+1.58599,+3.63607
+1.58636,+3.50472
+1.58674,+3.66884
+1.5871,+3.64828
+1.58761,+3.68605
+1.58798,+3.63301
+1.58836,+3.64291
+1.58874,+3.43657
+1.5891,+3.18707
+1.5896,+3.20344
+1.58999,+3.1273
+1.59035,+3.13097
+1.59099,+2.97953
+1.59127,+2.96458
+1.59161,+2.98311
+1.592,+3.04873
+1.59235,+3.05335
+1.59274,+3.18921
+1.5931,+3.26083
+1.59361,+3.2783
+1.59398,+3.32585
+1.59436,+3.42143
+1.59473,+3.47399
+1.59511,+3.40877
+1.59561,+3.33983
+1.59598,+3.36602
+1.59636,+3.48812
+1.59674,+3.42594
+1.5971,+3.59713
+1.59761,+3.56852
+1.59855,+3.58736
+1.59875,+3.40492
+1.59897,+3.4212
+1.59919,+3.53668
+1.5996,+3.46993
+1.59998,+3.50999
+1.60035,+3.31635
+1.60074,+3.37542
+1.60123,+3.27361
+1.60161,+3.22717
+1.60198,+3.23873
+1.60236,+3.37648
+1.60273,+3.3882
+1.6031,+3.27053
+1.60361,+3.35861
+1.60398,+3.20689
+1.60435,+3.35014
+1.60473,+3.43125
+1.6051,+3.3693
+1.60561,+3.42178
+1.60598,+3.53617
+1.60636,+3.53911
+1.60673,+3.58372
+1.60711,+3.64034
+1.6076,+3.68572
+1.60799,+3.78624
+1.60836,+3.8444
+1.60874,+3.83409
+1.6091,+3.93408
+1.60961,+3.94113
+1.60998,+3.99441
+1.61035,+3.9877
+1.61085,+4.00338
+1.61123,+4.21496
+1.6116,+4.27892
+1.61199,+4.22404
+1.61235,+4.24065
+1.61274,+4.22363
+1.6131,+4.27054
+1.61361,+4.35899
+1.61398,+4.23727
+1.61436,+4.27746
+1.61473,+4.26088
+1.61511,+4.19782
+1.6156,+4.16992
+1.61598,+4.30904
+1.61635,+4.26655
+1.61674,+4.28321
+1.6171,+4.38742
+1.61761,+4.2973
+1.61799,+4.39798
+1.61836,+4.44491
+1.61873,+4.43539
+1.61911,+4.33429
+1.61961,+4.41433
+1.61999,+4.40695
+1.62035,+4.44715
+1.62075,+4.53761
+1.62123,+4.48337
+1.62162,+4.65925
+1.62198,+4.64089
+1.62236,+4.72309
+1.62273,+4.84106
+1.62311,+5.01678
+1.6236,+4.97043
+1.62398,+5.09859
+1.62436,+5.14337
+1.62474,+5.08107
+1.6251,+5.11587
+1.62561,+5.06925
+1.62599,+5.18719
+1.62636,+5.22265
+1.62674,+5.33987
+1.62711,+5.30042
+1.62761,+5.44941
+1.62798,+5.45023
+1.62836,+5.49082
+1.62874,+5.66946
+1.62911,+5.82595
+1.62961,+5.80428
+1.62998,+5.76159
+1.63035,+5.73041
+1.63074,+5.64048
+1.63111,+5.66229
+1.63161,+5.69054
+1.63198,+5.77358
+1.63236,+5.82538
+1.63274,+5.86621
+1.63311,+5.86029
+1.63361,+5.88985
+1.63399,+6.00142
+1.63436,+5.92711
+1.63474,+5.92567
+1.6351,+6.01585
+1.63561,+6.05154
+1.63598,+5.94653
+1.63636,+5.89835
+1.63674,+5.91078
+1.63711,+5.9719
+1.63761,+5.9488
+1.63799,+5.89099
+1.63836,+6.08085
+1.63874,+6.27041
+1.63911,+6.35958
+1.63961,+6.35517
+1.63998,+6.47736
+1.64036,+6.65006
+1.64074,+6.59274
+1.64125,+6.58171
+1.64161,+6.76265
+1.64198,+6.81732
+1.64236,+6.7347
+1.64273,+6.71024
+1.64311,+6.68898
+1.64361,+6.66001
+1.64399,+6.58276
+1.64436,+6.5737
+1.64474,+6.62148
+1.6451,+6.49211
+1.64561,+6.48319
+1.64598,+6.55251
+1.64636,+6.71195
+1.64673,+6.73576
+1.64711,+6.73656
+1.64762,+6.81796
+1.64799,+6.85249
+1.64836,+6.81537
+1.64874,+6.86943
+1.64911,+6.98164
+1.64961,+7.06477
+1.64998,+7.08008
+1.65036,+6.94894
+1.65073,+6.8894
+1.65111,+6.99344
+1.65174,+7.04178
+1.65201,+7.16598
+1.65237,+7.23626
+1.65274,+7.23829
+1.65311,+7.19282
+1.65361,+7.15954
+1.65399,+7.15454
+1.65436,+7.25051
+1.65475,+7.27418
+1.65511,+7.16001
+1.65562,+7.12492
+1.65598,+7.06662
+1.65636,+7.11338
+1.65674,+7.10231
+1.6571,+7.15963
+1.65761,+7.19733
+1.65798,+7.31686
+1.65836,+7.32521
+1.65874,+7.31213
+1.65911,+7.41035
+1.65961,+7.43855
+1.65998,+7.46336
+1.66037,+7.34002
+1.66074,+7.35023
+1.66111,+7.39105
+1.66161,+7.3625
+1.66199,+7.21694
+1.66236,+7.25829
+1.66275,+7.28292
+1.66311,+7.28938
+1.66361,+7.35902
+1.66398,+7.40179
+1.66436,+7.43362
+1.66475,+7.32237
+1.66511,+7.33312
+1.66562,+7.3456
+1.66599,+7.39771
+1.66637,+7.42483
+1.66674,+7.53166
+1.66711,+7.39716
+1.66762,+7.30178
+1.66799,+7.23643
+1.66836,+7.25989
+1.66874,+7.33181
+1.66911,+7.30311
+1.66962,+7.41509
+1.66999,+7.40261
+1.67037,+7.34353
+1.67074,+7.20033
+1.67111,+7.21945
+1.67162,+7.29974
+1.67198,+7.32801
+1.67236,+7.36049
+1.67274,+7.43645
+1.67311,+7.53749
+1.67361,+7.36532
+1.67399,+7.34857
+1.67436,+7.30232
+1.67474,+7.31281
+1.67511,+7.3667
+1.67562,+7.26418
+1.67599,+7.24555
+1.67637,+7.22268
+1.67687,+7.20809
+1.67723,+7.08112
+1.67761,+7.08838
+1.67798,+7.10694
+1.67836,+7.10574
+1.67874,+7.07988
+1.67912,+7.00669
+1.67962,+7.02027
+1.67999,+7.05057
+1.68037,+7.05672
+1.68075,+7.04362
+1.68112,+7.09859
+1.68162,+7.15073
+1.68212,+7.07114
+1.68238,+7.087
+1.68273,+7.18068
+1.68311,+7.15593
+1.68361,+7.22404
+1.68398,+7.15793
+1.68436,+7.03982
+1.68475,+6.93683
+1.68511,+6.88287
+1.68562,+6.82422
+1.68599,+6.88724
+1.68636,+6.92585
+1.68674,+6.89718
+1.68712,+6.94904
+1.68761,+6.86002
+1.68799,+6.79345
+1.68836,+6.86743
+1.68874,+6.94105
+1.68912,+6.93283
+1.68961,+6.97641
+1.68999,+6.89582
+1.69036,+6.82179
+1.69074,+6.83652
+1.69111,+6.81614
+1.69162,+6.80974
+1.69199,+6.89213
+1.69237,+6.81223
+1.69274,+6.81504
+1.69312,+6.9048
+1.69362,+6.82686
+1.69399,+6.77232
+1.6944,+6.71858
+1.69474,+6.73867
+1.69511,+6.72694
+1.69564,+6.69368
+1.696,+6.69671
+1.69636,+6.80146
+1.69674,+6.73774
+1.69712,+6.60316
+1.69761,+6.61942
+1.69799,+6.71762
+1.69836,+6.79336
+1.69874,+6.66305
+1.69911,+6.66398
+1.69975,+6.68291
+1.70095,+6.70903
+1.7012,+6.67795
+1.70144,+6.6921
+1.7017,+6.77477
+1.70199,+6.80364
+1.70236,+6.7626
+1.70273,+6.74759
+1.70311,+6.7103
+1.7036,+6.65899
+1.70399,+6.66852
+1.70436,+6.52471
+1.70475,+6.44604
+1.70511,+6.41978
+1.7056,+6.33201
+1.70598,+6.21963
+1.70636,+6.21193
+1.70674,+6.12859
+1.7071,+6.17826
+1.70761,+6.23145
+1.70798,+6.2609
+1.70836,+6.28299
+1.70874,+6.31964
+1.70911,+6.36872
+1.70961,+6.42327
+1.70999,+6.43229
+1.71036,+6.41006
+1.71075,+6.40995
+1.71111,+6.40428
+1.71161,+6.35875
+1.71198,+6.36047
+1.71236,+6.34283
+1.71274,+6.32955
+1.71311,+6.32802
+1.71361,+6.2376
+1.71399,+6.28382
+1.71436,+6.27417
+1.71474,+6.34579
+1.71511,+6.28158
+1.71561,+6.30116
+1.71599,+6.14314
+1.71636,+6.16429
+1.71674,+6.17559
+1.7171,+6.10427
+1.71761,+6.0484
+1.71798,+5.98868
+1.71836,+5.88568
+1.71873,+5.83653
+1.71911,+5.90218
+1.71961,+5.87735
+1.71999,+5.97169
+1.72036,+5.9942
+1.72074,+5.85633
+1.72111,+5.81721
+1.72161,+5.90052
+1.72198,+5.91231
+1.72236,+6.05062
+1.72273,+5.99488
+1.7231,+5.86913
+1.72361,+5.85594
+1.72398,+5.88446
+1.72436,+5.84026
+1.72474,+5.89494
+1.72511,+5.95919
+1.72561,+5.95524
+1.72599,+6.00257
+1.72636,+5.97485
+1.72673,+6.07941
+1.7271,+6.12981
+1.72762,+6.09205
+1.72799,+6.02321
+1.72837,+6.08893
+1.72874,+6.1254
+1.72911,+6.07542
+1.72961,+6.02577
+1.72998,+5.87395
+1.73036,+5.77126
+1.73074,+5.74871
+1.73111,+5.81332
+1.73161,+5.92123
+1.73199,+5.86615
+1.73236,+5.80495
+1.73287,+5.77402
+1.73311,+5.69768
+1.73361,+5.70061
+1.73398,+5.78699
+1.73437,+5.86261
+1.73473,+5.85277
+1.73512,+5.67533
+1.73561,+5.58021
+1.73599,+5.60241
+1.73636,+5.52482
+1.73674,+5.49724
+1.73711,+5.57504
+1.73761,+5.52245
+1.73799,+5.53756
+1.73836,+5.47613
+1.73874,+5.37223
+1.73911,+5.45379
+1.73961,+5.37134
+1.73998,+5.34238
+1.74036,+5.30412
+1.74074,+5.26579
+1.74111,+5.1905
+1.74161,+5.31518
+1.74199,+5.30573
+1.74236,+5.35593
+1.74275,+5.4574
+1.74311,+5.45197
+1.74361,+5.4541
+1.74399,+5.44485
+1.74436,+5.48029
+1.74474,+5.55617
+1.74512,+5.60843
+1.74561,+5.5532
+1.74598,+5.45271
+1.74637,+5.25537
+1.74674,+5.15886
+1.74712,+5.18372
+1.74761,+5.1664
+1.74799,+5.24905
+1.74836,+5.28354
+1.74874,+5.3062
+1.74911,+5.29321
+1.74962,+5.12083
+1.74999,+5.17929
+1.75037,+5.32722
+1.75074,+5.31206
+1.75111,+5.23793
+1.75161,+5.31383
+1.75199,+5.15728
+1.75236,+5.09401
+1.75275,+5.014
+1.75311,+4.93407
+1.75362,+5.02421
+1.75399,+5.00953
+1.75437,+4.95346
+1.75474,+4.91907
+1.75512,+4.92137
+1.75561,+4.91031
+1.75598,+4.9638
+1.75636,+5.07638
+1.75675,+5.0429
+1.75711,+5.07626
+1.75762,+5.02169
+1.75799,+4.98966
+1.75836,+5.07765
+1.75874,+4.98837
+1.75911,+5.10351
+1.75961,+5.00506
+1.75998,+4.90007
+1.76037,+4.76854
+1.76075,+4.62896
+1.76112,+4.65644
+1.76161,+4.62021
+1.76199,+4.6103
+1.76236,+4.56343
+1.76287,+4.59438
+1.76312,+4.43169
+1.76362,+4.45854
+1.76399,+4.53404
+1.76437,+4.50008
+1.76474,+4.56375
+1.76511,+4.43187
+1.76561,+4.42446
+1.76598,+4.41742
+1.76636,+4.36368
+1.76673,+4.45643
+1.76711,+4.49383
+1.76761,+4.49063
+1.76799,+4.5448
+1.76836,+4.56144
+1.76875,+4.60389
+1.76911,+4.72466
+1.76949,+4.80422
+1.76999,+4.79459
+1.77037,+4.82749
+1.77074,+4.78178
+1.77111,+4.79074
+1.77149,+4.82019
+1.772,+4.75247
+1.77237,+4.71508
+1.77274,+4.70156
+1.77312,+4.59049
+1.77361,+4.54295
+1.77399,+4.53591
+1.77436,+4.53103
+1.77474,+4.4921
+1.77512,+4.51075
+1.77548,+4.47688
+1.77599,+4.39502
+1.77637,+4.44611
+1.77674,+4.3219
+1.77711,+4.24939
+1.77749,+4.32553
+1.778,+4.3068
+1.77837,+4.27549
+1.77874,+4.29286
+1.77912,+4.20688
+1.77961,+4.19393
+1.77999,+4.14059
+1.78037,+4.04913
+1.78074,+4.07126
+1.78111,+4.08895
+1.78162,+3.92039
+1.78199,+3.89076
+1.78236,+3.80988
+1.78275,+3.7722
+1.78312,+3.76739
+1.78362,+3.7128
+1.78399,+3.72737
+1.78436,+3.82339
+1.78474,+3.87868
+1.78513,+3.94537
+1.78561,+3.99612
+1.78599,+3.98759
+1.78637,+4.0254
+1.78674,+4.02231
+1.78712,+4.09073
+1.78762,+4.10124
+1.78799,+4.15163
+1.78836,+4.04318
+1.78875,+4.05383
+1.78912,+3.94384
+1.78962,+3.85526
+1.78999,+3.86238
+1.79037,+3.80022
+1.79074,+3.85957
+1.79113,+3.77735
+1.79162,+3.67301
+1.792,+3.71588
+1.79237,+3.78832
+1.79274,+3.75252
+1.79325,+3.86308
+1.79361,+3.98023
+1.79399,+4.0051
+1.79436,+4.05971
+1.79474,+3.90749
+1.79512,+3.89042
+1.79561,+3.90887
+1.79599,+3.79888
+1.79637,+3.67651
+1.79686,+3.58023
+1.79714,+3.53825
+1.79762,+3.43578
+1.79804,+3.2135
+1.79838,+3.09615
+1.79875,+3.13572
+1.79912,+3.14796
+1.79962,+3.16818
+1.8,+3.12096
+1.80037,+3.06966
+1.80074,+3.127
+1.80111,+3.05771
+1.80162,+3.09917
+1.80199,+3.21298
+1.80237,+3.25465
+1.80335,+3.28836
+1.80354,+3.2383
+1.80379,+3.25089
+1.80402,+3.26554
+1.80437,+3.3207
+1.80475,+3.38412
+1.80511,+3.3751
+1.80562,+3.3781
+1.80599,+3.32534
+1.80637,+3.2315
+1.80674,+3.226
+1.80713,+3.21823
+1.80762,+3.20987
+1.80799,+3.25599
+1.80837,+3.26253
+1.80875,+3.20502
+1.80912,+3.19919
+1.80962,+3.16313
+1.80999,+3.20419
+1.81037,+3.35017
+1.81074,+3.30918
+1.81112,+3.29508
+1.81162,+3.24797
+1.81199,+3.14627
+1.81237,+3.18961
+1.81275,+3.14852
+1.81313,+3.1178
+1.81362,+2.98514
+1.81399,+2.95906
+1.81437,+2.85668
+1.81474,+2.92753
+1.81513,+2.79603
+1.81561,+2.81173
+1.81599,+2.81637
+1.81637,+2.83738
+1.81675,+2.77684
+1.81712,+2.74133
+1.81762,+2.96558
+1.81799,+2.98802
+1.81836,+2.98496
+1.81875,+2.87124
+1.81912,+2.96108
+1.81962,+3.03373
+1.81999,+3.08847
+1.82037,+2.99524
+1.82074,+2.95981
+1.82113,+3.03478
+1.82162,+2.92117
+1.822,+2.86115
+1.82237,+2.83232
+1.82275,+2.8137
+1.82312,+2.80909
+1.82363,+2.75854
+1.82399,+2.79506
+1.82437,+2.82414
+1.82475,+2.74199
+1.82512,+2.6939
+1.82562,+2.69813
+1.826,+2.63516
+1.82637,+2.68381
+1.82675,+2.72667
+1.82712,+2.6907
+1.82749,+2.67318
+1.828,+2.58043
+1.82837,+2.58064
+1.82875,+2.75778
+1.82913,+2.8061
+1.82949,+2.72592
+1.83,+2.86783
+1.83037,+2.76972
+1.83075,+2.68637
+1.83113,+2.72355
+1.83149,+2.65051
+1.832,+2.71382
+1.83238,+2.53942
+1.83275,+2.40978
+1.83312,+2.36302
+1.83362,+2.46233
+1.83399,+2.41352
+1.83438,+2.53206
+1.83474,+2.45343
+1.83513,+2.44639
+1.83549,+2.48995
+1.836,+2.42763
+1.83638,+2.54735
+1.83675,+2.69306
+1.83713,+2.65608
+1.8375,+2.59916
+1.838,+2.5216
+1.83837,+2.32598
+1.83875,+2.47747
+1.83913,+2.46821
+1.83949,+2.42862
+1.84,+2.40572
+1.84037,+2.34355
+1.84075,+2.29631
+1.84112,+2.29957
+1.8415,+2.21522
+1.842,+2.21652
+1.84237,+2.25285
+1.84275,+2.18209
+1.84312,+2.2227
+1.8435,+2.28842
+1.844,+2.38702
+1.84438,+2.44417
+1.84475,+2.31868
+1.84512,+2.29417
+1.8455,+2.35983
+1.84599,+2.37078
+1.84638,+2.40047
+1.84675,+2.45886
+1.84713,+2.4367
+1.84749,+2.28818
+1.848,+2.22796
+1.84837,+2.12938
+1.84876,+2.25578
+1.84912,+2.20152
+1.84949,+2.14603
+1.84999,+2.12536
+1.85037,+2.12893
+1.85074,+2.11171
+1.85113,+1.92656
+1.85149,+1.95293
+1.852,+1.92301
+1.85237,+1.99278
+1.85275,+1.8448
+1.85312,+1.86157
+1.8535,+1.77807
+1.85399,+1.72291
+1.85437,+1.82114
+1.85475,+1.80497
+1.85513,+1.96266
+1.85549,+2.0144
+1.85601,+1.97205
+1.85637,+1.88859
+1.85675,+2.04667
+1.85713,+2.10276
+1.85749,+2.302
+1.858,+2.40601
+1.85837,+2.42588
+1.85875,+2.39645
+1.85912,+2.35466
+1.8595,+2.29385
+1.85999,+2.34653
+1.86037,+2.33097
+1.86075,+2.22866
+1.86112,+2.17499
+1.86149,+1.96739
+1.862,+1.87266
+1.86238,+1.80833
+1.86275,+1.78311
+1.86312,+1.7941
+1.8635,+1.75678
+1.86413,+1.67386
+1.86437,+1.75772
+1.86475,+1.75816
+1.86513,+1.70429
+1.86549,+1.71703
+1.866,+1.72134
+1.86638,+1.6416
+1.86675,+1.6543
+1.86712,+1.65965
+1.8675,+1.68086
+1.868,+1.72421
+1.86838,+1.71992
+1.86875,+1.65146
+1.86913,+1.85402
+1.86949,+1.90829
+1.87,+1.97481
+1.87038,+1.92692
+1.87075,+1.8315
+1.87112,+1.82529
+1.8715,+1.84134
+1.872,+1.84834
+1.87238,+1.8874
+1.87276,+1.98722
+1.87313,+1.71347
+1.87349,+1.6443
+1.87401,+1.62178
+1.87437,+1.70784
+1.87475,+1.85646
+1.87513,+1.80861
+1.8755,+1.88901
+1.876,+1.77866
+1.87638,+1.78806
+1.87675,+1.66599
+1.87713,+1.84392
+1.8775,+1.96183
+1.878,+1.79926
+1.87837,+1.67862
+1.87875,+1.51946
+1.87912,+1.47324
+1.87949,+1.38544
+1.88,+1.36109
+1.88038,+1.21487
+1.88075,+1.39116
+1.88112,+1.21524
+1.8815,+1.2166
+1.882,+1.36987
+1.88238,+1.39868
+1.88276,+1.37819
+1.88313,+1.3137
+1.88349,+1.31093
+1.884,+1.42131
+1.88437,+1.45173
+1.88476,+1.29012
+1.88512,+1.30338
+1.8855,+1.11696
+1.886,+1.09744
+1.88638,+1.15003
+1.88675,+1.20819
+1.88713,+1.24229
+1.88749,+1.21882
+1.888,+1.02821
+1.88837,+1.04166
+1.88876,+1.06835
+1.88913,+1.12089
+1.88949,+1.2388
+1.89,+1.24949
+1.89038,+1.22295
+1.89075,+1.22189
+1.89113,+1.27769
+1.89149,+1.29491
+1.89201,+1.49771
+1.89237,+1.50766
+1.89276,+1.47088
+1.89312,+1.36301
+1.8935,+1.2887
+1.894,+1.16013
+1.89438,+1.17448
+1.89488,+1.20679
+1.89513,+1.19104
+1.89549,+1.22516
+1.896,+1.14592
+1.89637,+1.05189
+1.89676,+1.07561
+1.89712,+1.22511
+1.8975,+1.26391
+1.898,+1.39197
+1.89838,+1.39562
+1.89875,+1.33656
+1.89921,+1.32087
+1.8995,+1.31373
+1.9,+1.29196
+1.90044,+1.26909
+1.90076,+1.20208
+1.90113,+1.12544
+1.9015,+1.01089
+1.902,+0.825502
+1.90238,+0.734937
+1.90275,+0.638104
+1.90313,+0.543334
+1.9035,+0.477439
+1.904,+0.528947
+1.90437,+0.517341
+1.90476,+0.664029
+1.90575,+0.582321
+1.90597,+0.658845
+1.90624,+0.916019
+1.9065,+0.974476
+1.90677,+1.06324
+1.90713,+1.28515
+1.9075,+1.25063
+1.908,+1.2517
+1.90837,+1.32281
+1.90876,+1.27777
+1.90913,+1.38643
+1.90949,+1.4693
+1.91,+1.40972
+1.91037,+1.46028
+1.91075,+1.48758
+1.91113,+1.20494
+1.9115,+1.22157
+1.91201,+1.22729
+1.91238,+1.31061
+1.91275,+1.33036
+1.91313,+1.44218
+1.91349,+1.44007
+1.914,+1.3242
+1.91437,+1.23486
+1.91475,+1.18034
+1.91512,+1.21308
+1.91551,+1.10981
+1.916,+1.04335
+1.91638,+1.00779
+1.91675,+0.86692
+1.91712,+0.731038
+1.9175,+0.666406
+1.918,+0.743386
+1.91838,+0.755002
+1.91874,+0.697567
+1.91913,+0.839769
+1.91949,+0.783112
+1.92,+0.863186
+1.92038,+0.822617
+1.92076,+0.756489
+1.92113,+0.861227
+1.9215,+0.86409
+1.922,+0.702398
+1.92238,+0.640783
+1.92275,+0.725758
+1.92313,+0.761837
+1.92349,+0.963474
+1.924,+0.903666
+1.92437,+0.791365
+1.92475,+0.858843
+1.92525,+0.710093
+1.92563,+0.690285
+1.926,+0.78325
+1.92638,+0.83096
+1.92675,+0.791173
+1.92713,+0.738108
+1.9275,+0.790274
+1.928,+0.690109
+1.92838,+0.732419
+1.92876,+0.776121
+1.92914,+0.833618
+1.9295,+0.885894
+1.93,+0.888911
+1.93038,+0.84884
+1.93076,+0.841181
+1.93113,+0.825479
+1.9315,+0.63196
+1.932,+0.609885
+1.93238,+0.708305
+1.93276,+0.747073
+1.93313,+0.74946
+1.9335,+0.606704
+1.93401,+0.526884
+1.93438,+0.579102
+1.93476,+0.530311
+1.93513,+0.453494
+1.9355,+0.458504
+1.936,+0.514202
+1.93638,+0.39269
+1.93675,+0.347114
+1.93713,+0.291765
+1.9375,+0.286631
+1.938,+0.323311
+1.93837,+0.250549
+1.93875,+0.255326
+1.93913,+0.145824
+1.9395,+0.238432
+1.94,+0.103312
+1.94038,+0.162024
+1.94076,+0.0500128
+1.94113,+0.0552236
+1.9415,+0.157144
+1.942,+0.116557
+1.94238,+0.0714467
+1.94275,+0.150964
+1.94312,+0.288644
+1.9435,+0.25083
+1.94401,+0.478369
+1.94438,+0.448906
+1.94475,+0.619978
+1.94526,+0.600559
+1.9455,+0.424182
+1.946,+0.592764
+1.94638,+0.548628
+1.94675,+0.571507
+1.94713,+0.575079
+1.9475,+0.61507
+1.948,+0.655274
+1.94838,+0.668921
+1.94875,+0.540928
+1.94913,+0.505192
+1.9495,+0.56257
+1.95001,+0.415565
+1.95038,+0.507074
+1.95075,+0.41815
+1.95113,+0.478237
+1.9515,+0.371177
+1.952,+0.182272
+1.95238,+0.0169403
+1.95276,+0.0430309
+1.95313,+0.113464
+1.9535,+0.196914
+1.95401,+0.260873
+1.95438,+0.171973
+1.95475,+0.00117324
+1.95514,-0.0702557
+1.9555,+0.0190623
+1.95601,+0.179852
+1.95638,+0.332505
+1.95676,+0.39432
+1.95713,+0.394427
+1.95751,+0.375987
+1.958,+0.364686
+1.95838,+0.429545
+1.95876,+0.476469
+1.95913,+0.36949
+1.95951,+0.200052
+1.96,+0.133756
+1.96038,+0.0635675
+1.96078,-0.0685948
+1.96116,-0.0644732
+1.9615,-0.120588
+1.96201,-0.258293
+1.96239,-0.25662
+1.96276,-0.206567
+1.96313,-0.156571
+1.96351,+0.0555944
+1.96401,+0.0294378
+1.96438,+0.0520398
+1.96476,+0.0941448
+1.96513,+0.0888886
+1.96551,+0.156754
+1.96601,+0.204316
+1.96638,+0.24826
+1.96676,+0.377627
+1.96713,+0.303894
+1.96751,+0.202629
+1.968,+0.208262
+1.96838,+0.263187
+1.96876,+0.172362
+1.96914,+0.13959
+1.9695,+0.0386079
+1.97001,+0.0578659
+1.97038,+0.054127
+1.97076,-0.0729318
+1.97113,+0.11133
+1.97151,-0.00383262
+1.97201,-0.1392
+1.97239,-0.157306
+1.97276,-0.0672923
+1.97313,-0.113094
+1.9735,-0.135856
+1.97401,-0.127863
+1.97438,-0.111459
+1.97476,-0.0910557
+1.97513,-0.178429
+1.97564,-0.0143566
+1.976,+0.015084
+1.97638,+0.107465
+1.97676,+0.137664
+1.97714,+0.113598
+1.9775,+0.188024
+1.97801,+0.0750474
+1.97838,+0.0231798
+1.97876,+0.0387747
+1.97914,+0.00543137
+1.97951,-0.0122629
+1.98,+0.0784099
+1.98039,-0.0199036
+1.98077,-0.0898282
+1.98113,-0.142109
+1.9815,-0.154537
+1.98201,-0.0985096
+1.98239,-0.140591
+1.98276,-0.123588
+1.98314,-0.131927
+1.98351,-0.221773
+1.984,-0.25475
+1.98438,-0.216654
+1.98476,-0.13381
+1.98513,+0.056876
+1.9855,+0.0100702
+1.98614,+0.0298779
+1.98639,+0.0897486
+1.98676,+0.116005
+1.98713,+0.122864
+1.9875,+0.132079
+1.98801,+0.133562
+1.98839,+0.0805407
+1.98876,-0.0232234
+1.98914,-0.123559
+1.98951,-0.143579
+1.99002,-0.282426
+1.99038,-0.390498
+1.99076,-0.468008
+1.99113,-0.502653
+1.99151,-0.40605
+1.99201,-0.500272
+1.99239,-0.493981
+1.99276,-0.436421
+1.99314,-0.600524
+1.9935,-0.633384
+1.99401,-0.491623
+1.99438,-0.519733
+1.99476,-0.47542
+1.99513,-0.3763
+1.99552,-0.437123
+1.996,-0.361574
+1.99638,-0.426198
+1.99677,-0.454178
+1.99714,-0.309865
+1.9975,-0.341639
+1.99801,-0.343794
+1.99839,-0.363277
+1.99876,-0.366281
+1.99913,-0.410285
+1.9995,-0.419018
+2.00002,-0.389528
