+0,+6.02888
+0.0004,+7.12783
+0.0008,+8.32518
+0.0012,+9.41575
+0.0016,+10.5876
+0.002,+11.6859
+0.0024,+11.662
+0.0027,+11.6428
+0.0032,+11.5552
+0.0036,+11.5902
+0.004,+11.6048
+0.0044,+11.643
+0.0048,+11.5933
+0.0052,+11.588
+0.0056,+11.706
+0.006,+11.8318
+0.0064,+11.8662
+0.0067,+11.9702
+0.0072,+11.9698
+0.0076,+12.0082
+0.008,+11.9672
+0.0084,+11.9771
+0.0088,+11.9908
+0.0093,+12.032
+0.0096,+11.9966
+0.01,+11.9388
+0.0104,+11.9595
+0.0108,+11.884
+0.0111,+11.9931
+0.0116,+11.9616
+0.012,+11.974
+0.0124,+12.0139
+0.0128,+12.0266
+0.0131,+12.1439
+0.0136,+11.9847
+0.014,+11.9897
+0.0144,+11.8968
+0.0147,+11.6989
+0.0152,+11.6368
+0.0156,+11.4742
+0.016,+11.4692
+0.0164,+11.4618
+0.0167,+11.4287
+0.0172,+11.4004
+0.0176,+11.4011
+0.018,+11.3428
+0.0184,+11.4343
+0.0187,+11.5751
+0.0191,+11.6196
+0.0196,+11.7354
+0.02,+11.6978
+0.0204,+11.6502
+0.0208,+11.6779
+0.0211,+11.67
+0.0216,+11.628
+0.022,+11.6749
+0.0224,+11.6491
+0.0228,+11.5876
+0.0231,+11.5727
+0.0236,+11.6302
+0.024,+11.5871
+0.0244,+11.6775
+0.0248,+11.6279
+0.0251,+11.5395
+0.0257,+11.6846
+0.026,+11.6272
+0.0264,+11.5819
+0.0268,+11.5891
+0.0272,+11.5766
+0.0276,+11.4238
+0.028,+11.5117
+0.0284,+11.4081
+0.0287,+11.409
+0.0291,+11.5195
+0.0296,+11.4542
+0.03,+11.4714
+0.0304,+11.5106
+0.0307,+11.4613
+0.0311,+11.3326
+0.0318,+11.3805
+0.032,+11.3619
+0.0324,+11.5283
+0.0328,+11.5412
+0.0331,+11.4278
+0.0336,+11.415
+0.034,+11.4108
+0.0344,+11.4243
+0.0348,+11.4108
+0.0351,+11.6822
+0.0356,+11.6304
+0.036,+11.648
+0.0364,+11.5448
+0.0368,+11.7239
+0.0371,+11.8053
+0.0376,+11.7807
+0.038,+11.9597
+0.0384,+12.025
+0.0388,+12.0843
+0.0391,+12.0092
+0.0396,+12.1681
+0.04,+12.1724
+0.0404,+12.1509
+0.0408,+12.1748
+0.0413,+12.0651
+0.0416,+12.0997
+0.042,+12.0307
+0.0424,+11.929
+0.0428,+11.9627
+0.0431,+11.9083
+0.0436,+11.8834
+0.044,+11.7909
+0.0444,+11.9218
+0.0448,+11.672
+0.0451,+11.8072
+0.0456,+11.7601
+0.046,+11.7702
+0.0464,+11.7183
+0.0467,+11.7336
+0.0471,+11.5802
+0.0476,+11.5323
+0.048,+11.5855
+0.0484,+11.4334
+0.0487,+11.5153
+0.0491,+11.3356
+0.0496,+11.4116
+0.05,+11.3517
+0.0504,+11.2968
+0.0507,+11.288
+0.0511,+11.4739
+0.0516,+11.5763
+0.052,+11.4709
+0.0525,+11.4121
+0.0528,+11.3973
+0.0531,+11.5798
+0.0536,+11.4402
+0.054,+11.4084
+0.0544,+11.574
+0.0547,+11.4649
+0.0551,+11.3437
+0.0556,+11.116
+0.056,+11.2366
+0.0564,+11.2816
+0.0568,+11.1374
+0.0571,+11.0241
+0.0576,+11.1711
+0.058,+11.1738
+0.0584,+10.9977
+0.0588,+11.0102
+0.0591,+11.0329
+0.0596,+11.2033
+0.06,+11.1196
+0.0604,+11.1347
+0.0608,+11.1101
+0.0611,+11.1491
+0.0616,+11.1369
+0.062,+11.0704
+0.0624,+11.0523
+0.0627,+10.9292
+0.0631,+10.8943
+0.0636,+10.8106
+0.064,+10.7714
+0.0644,+10.6697
+0.0648,+10.6691
+0.0651,+10.5288
+0.0656,+10.4071
+0.066,+10.4951
+0.0664,+10.5055
+0.0668,+10.5073
+0.0671,+10.474
+0.0676,+10.4283
+0.068,+10.3738
+0.0684,+10.3373
+0.0688,+10.3444
+0.0691,+10.3175
+0.0696,+10.3047
+0.07,+10.2464
+0.0704,+10.2056
+0.0708,+10.29
+0.0711,+10.2834
+0.0716,+10.2185
+0.072,+10.2642
+0.0724,+10.2504
+0.0728,+10.1667
+0.0731,+10.1253
+0.0736,+10.0742
+0.074,+10.0037
+0.0744,+9.92221
+0.0748,+9.79105
+0.0751,+9.7081
+0.0756,+9.717
+0.076,+9.62942
+0.0764,+9.65711
+0.0768,+9.76489
+0.0771,+9.77016
+0.0776,+9.81223
+0.078,+9.62539
+0.0784,+9.76546
+0.0788,+9.92925
+0.0791,+9.96042
+0.0796,+9.98229
+0.08,+9.9877
+0.0804,+9.92436
+0.0808,+9.86815
+0.0811,+9.77951
+0.0816,+9.75303
+0.082,+9.85906
+0.0824,+9.70565
+0.0829,+9.55572
+0.0833,+9.55319
+0.0836,+9.37165
+0.084,+9.40342
+0.0844,+9.39622
+0.0848,+9.33346
+0.0851,+9.35265
+0.0856,+9.27991
+0.086,+9.15941
+0.0864,+9.16163
+0.0868,+9.12081
+0.0871,+9.00121
+0.0876,+9.10304
+0.088,+8.98351
+0.0884,+8.90716
+0.0888,+8.78038
+0.0899,+8.73414
+0.0901,+8.65614
+0.0904,+8.78861
+0.0907,+8.5488
+0.0911,+8.46457
+0.0916,+8.43596
+0.092,+8.31375
+0.0924,+8.15884
+0.0928,+8.16728
+0.0931,+8.20414
+0.0936,+8.21967
+0.094,+8.19146
+0.0944,+7.99928
+0.0948,+8.07589
+0.0951,+8.0909
+0.0956,+8.09068
+0.096,+7.92556
+0.0964,+7.95276
+0.0968,+7.86578
+0.0971,+7.77414
+0.0976,+7.72072
+0.098,+7.68164
+0.0984,+7.67073
+0.0988,+7.66636
+0.0991,+7.55139
+0.0996,+7.45527
+0.1,+7.56961
+0.1004,+7.39649
+0.1008,+7.40046
+0.1011,+7.3463
+0.1016,+7.22839
+0.102,+7.17652
+0.1024,+7.20045
+0.1029,+7.12764
+0.1031,+7.11351
+0.1036,+7.07851
+0.104,+6.98099
+0.1044,+7.11953
+0.1048,+7.03074
+0.1051,+7.09567
+0.1056,+7.10864
+0.106,+7.09033
+0.1064,+7.03408
+0.1068,+6.90374
+0.1071,+6.79307
+0.1076,+6.75544
+0.108,+6.67405
+0.1084,+6.65855
+0.1088,+6.52252
+0.1091,+6.35936
+0.1096,+6.24508
+0.11,+6.08635
+0.1104,+5.87014
+0.1108,+5.95583
+0.1111,+5.93906
+0.1116,+5.88193
+0.112,+5.89083
+0.1124,+5.7348
+0.1128,+5.79475
+0.1131,+5.79427
+0.1136,+5.81829
+0.114,+5.7831
+0.1144,+5.8646
+0.1148,+5.62873
+0.1151,+5.66748
+0.1156,+5.50895
+0.116,+5.43529
+0.1164,+5.31248
+0.1168,+5.2441
+0.1171,+5.11307
+0.1176,+5.0233
+0.118,+4.90539
+0.1184,+4.68919
+0.1188,+4.72671
+0.1191,+4.63326
+0.1196,+4.63839
+0.12,+4.6638
+0.1204,+4.71998
+0.1208,+4.53758
+0.1211,+4.47095
+0.1216,+4.41544
+0.122,+4.43515
+0.1224,+4.48624
+0.1228,+4.45644
+0.1231,+4.34526
+0.1236,+4.27669
+0.124,+4.14617
+0.1244,+4.01902
+0.1248,+4.03452
+0.1251,+3.98919
+0.1256,+3.90448
+0.126,+3.83308
+0.1264,+3.70109
+0.1268,+3.57001
+0.1271,+3.5381
+0.1276,+3.37378
+0.128,+3.22762
+0.1284,+3.1641
+0.1288,+3.1282
+0.1291,+3.09917
+0.1296,+2.92408
+0.13,+2.87321
+0.1304,+2.84125
+0.1308,+2.79007
+0.1311,+2.68513
+0.1316,+2.65775
+0.132,+2.61876
+0.1324,+2.54369
+0.1328,+2.33758
+0.1333,+2.17779
+0.1336,+2.21174
+0.134,+2.14144
+0.1344,+2.07506
+0.1348,+1.94998
+0.1351,+1.84955
+0.1356,+1.9161
+0.136,+1.79691
+0.1364,+1.69632
+0.1368,+1.80166
+0.1371,+1.85902
+0.1376,+1.77458
+0.138,+1.71245
+0.1384,+1.65782
+0.1388,+1.77233
+0.1391,+1.71457
+0.1396,+1.52297
+0.14,+1.48135
+0.1404,+1.45536
+0.1408,+1.30107
+0.1411,+1.21974
+0.1416,+1.15179
+0.142,+1.08032
+0.1424,+0.937437
+0.1428,+0.738146
+0.1431,+0.642847
+0.1436,+0.557134
+0.144,+0.527169
+0.1444,+0.504542
+0.1448,+0.368381
+0.1451,+0.350334
+0.1455,+0.294307
+0.146,+0.166101
+0.1464,+0.0755343
+0.1468,-0.00769213
+0.1471,-0.123338
+0.1476,-0.159122
+0.148,-0.175004
+0.1484,-0.284704
+0.1488,-0.286624
+0.1491,-0.498594
+0.1496,-0.629605
+0.15,-0.668337
+0.1504,-0.678614
+0.1508,-0.72715
+0.1511,-0.714983
+0.1516,-0.770478
+0.152,-0.9624
+0.1524,-1.02685
+0.1528,-1.11771
+0.1531,-1.21185
+0.1535,-1.29392
+0.154,-1.43909
+0.1544,-1.50607
+0.1548,-1.56456
+0.1551,-1.80894
+0.1556,-1.918
+0.156,-2.01135
+0.1564,-2.10448
+0.1568,-2.38941
+0.1571,-2.47076
+0.1576,-2.6123
+0.158,-2.6039
+0.1584,-2.66261
+0.1588,-2.76632
+0.1591,-2.75556
+0.1596,-2.93164
+0.16,-2.98204
+0.1604,-3.10989
+0.1608,-3.0366
+0.1611,-3.09311
+0.1615,-3.0262
+0.162,-3.2623
+0.1624,-3.30626
+0.1628,-3.4818
+0.1631,-3.52123
+0.1636,-3.34861
+0.164,-3.49621
+0.1644,-3.58008
+0.1648,-3.62586
+0.1651,-3.60494
+0.1656,-3.72825
+0.166,-3.8578
+0.1664,-4.07063
+0.1668,-4.17318
+0.1671,-4.23322
+0.1676,-4.41058
+0.168,-4.39818
+0.1684,-4.51955
+0.1688,-4.75146
+0.1691,-5.03333
+0.1695,-5.27128
+0.17,-5.11681
+0.1704,-5.20948
+0.1708,-5.11866
+0.1711,-5.23406
+0.1716,-5.29071
+0.172,-5.51161
+0.1724,-5.56612
+0.1728,-5.56627
+0.1731,-5.61106
+0.1736,-5.55896
+0.174,-5.68879
+0.1744,-5.66551
+0.1748,-5.82861
+0.1751,-5.94765
+0.1756,-6.11064
+0.176,-6.00338
+0.1764,-6.11852
+0.1768,-6.08237
+0.1771,-6.18777
+0.1775,-6.37082
+0.178,-6.62932
+0.1784,-6.68693
+0.1788,-6.79587
+0.1791,-6.7936
+0.1797,-6.84736
+0.18,-7.007
+0.1804,-7.13785
+0.1808,-7.20655
+0.1811,-7.22559
+0.1816,-7.08231
+0.182,-6.87628
+0.1824,-6.94824
+0.1828,-7.05594
+0.1831,-7.18067
+0.1836,-7.34112
+0.184,-7.40144
+0.1844,-7.24847
+0.1848,-7.46974
+0.1851,-7.40792
+0.1855,-7.60545
+0.186,-7.77942
+0.1864,-7.86202
+0.1868,-7.75387
+0.1871,-7.80851
+0.1876,-7.9219
+0.1883,-7.98798
+0.1885,-8.18382
+0.1888,-8.18721
+0.1891,-8.33457
+0.1896,-8.41336
+0.19,-8.48199
+0.1904,-8.80867
+0.1908,-8.9561
+0.1911,-9.10266
+0.1923,-8.9082
+0.1925,-8.85374
+0.1928,-8.87073
+0.1931,-8.88194
+0.1935,-8.83667
+0.194,-8.90414
+0.1944,-8.93893
+0.1948,-8.74779
+0.1951,-8.79757
+0.1956,-8.79132
+0.196,-8.98528
+0.1964,-9.26028
+0.1968,-9.27539
+0.1971,-9.357
+0.1976,-9.44224
+0.198,-9.46069
+0.1984,-9.65117
+0.1988,-9.76305
+0.1991,-9.87327
+0.1996,-10.0625
+0.2,-10.1231
+0.2004,-10.2533
+0.2008,+14.797
+0.2011,+14.9359
+0.2015,+14.9678
+0.202,+15.1534
+0.2024,+15.2136
+0.2028,+15.3267
+0.2031,+15.4596
+0.2036,+15.5353
+0.204,+15.4084
+0.2044,+15.3622
+0.2048,+15.2211
+0.2051,+15.1281
+0.2056,+15.2345
+0.206,+15.3846
+0.2064,+15.2896
+0.2068,+15.4971
+0.2071,+15.3873
+0.2076,+15.1988
+0.208,+15.2435
+0.2084,+15.391
+0.2088,+15.4134
+0.2091,+15.5175
+0.2095,+15.5434
+0.21,+15.2473
+0.2104,+15.3872
+0.2108,+15.0666
+0.2112,+15.3938
+0.2116,+15.3727
+0.212,+15.4349
+0.2124,+15.3457
+0.2128,+15.3155
+0.2132,+15.4038
+0.2136,+15.5512
+0.214,+15.7003
+0.2144,+15.5286
+0.2148,+15.6033
+0.2151,+15.5624
+0.2156,+15.496
+0.216,+15.5981
+0.2164,+15.4639
+0.2168,+15.5954
+0.2171,+15.6015
+0.2175,+15.4651
+0.218,+15.5301
+0.2184,+15.5028
+0.2188,+15.5306
+0.2192,+15.0889
+0.2196,+15.3927
+0.22,+15.3606
+0.2204,+15.4744
+0.2208,+15.6446
+0.2212,+15.6593
+0.2216,+15.6795
+0.222,+15.4978
+0.2224,+15.7356
+0.2228,+15.9236
+0.2232,+16.0989
+0.2236,+16.1259
+0.224,+16.0509
+0.2244,+15.9469
+0.2248,+15.7737
+0.2251,+15.7881
+0.2255,+15.9039
+0.226,+15.7903
+0.2264,+15.5996
+0.2268,+15.6481
+0.2271,+15.8623
+0.2276,+15.9109
+0.228,+15.9652
+0.2284,+15.9397
+0.2288,+16.1001
+0.2291,+15.9523
+0.2296,+15.6413
+0.23,+15.7804
+0.2304,+15.776
+0.2308,+15.4971
+0.2311,+15.2922
+0.2316,+15.18
+0.232,+15.424
+0.2324,+15.4429
+0.2328,+15.1239
+0.2332,+15.0769
+0.2335,+15.1519
+0.234,+15.165
+0.2344,+15.0609
+0.2349,+15.1171
+0.2352,+15.04
+0.2356,+14.9568
+0.236,+14.6229
+0.2364,+14.7586
+0.2368,+14.8108
+0.2371,+15.0099
+0.2376,+15.0369
+0.238,+14.9044
+0.2384,+15.0184
+0.2388,+14.7341
+0.2392,+14.8701
+0.2396,+14.5777
+0.24,+14.5453
+0.2404,+14.3752
+0.2408,+14.3893
+0.2412,+14.2013
+0.2415,+14.0528
+0.242,+14.1857
+0.2424,+14.0351
+0.2428,+14.2965
+0.2431,+14.3021
+0.2435,+14.3549
+0.244,+14.3193
+0.2444,+14.2284
+0.2448,+14.062
+0.2451,+13.9632
+0.2456,+13.9925
+0.246,+13.853
+0.2464,+13.9845
+0.2468,+13.9913
+0.2472,+13.7942
+0.2475,+13.7469
+0.248,+13.7319
+0.2484,+13.7219
+0.2488,+13.749
+0.2491,+13.6036
+0.2495,+13.4728
+0.25,+13.6037
+0.2504,+13.4038
+0.2508,+13.2247
+0.2512,+13.1287
+0.2516,+13.2112
+0.252,+13.1515
+0.2524,+13.1654
+0.2528,+13.1043
+0.2532,+13.2352
+0.2535,+13.2863
+0.254,+13.0809
+0.2544,+13.0928
+0.2548,+12.9885
+0.2551,+13.0837
+0.2556,+12.9435
+0.256,+13.012
+0.2564,+12.9668
+0.2568,+12.9293
+0.2572,+12.83
+0.2575,+12.7606
+0.258,+12.8291
+0.2584,+12.7576
+0.2588,+12.8157
+0.2592,+12.5818
+0.2597,+12.4871
+0.26,+12.2357
+0.2604,+12.1511
+0.2608,+12.0582
+0.2611,+11.9137
+0.2616,+11.8852
+0.262,+11.7809
+0.2624,+11.7445
+0.2628,+11.5658
+0.2631,+11.6554
+0.2635,+11.644
+0.264,+11.662
+0.2644,+11.5663
+0.2648,+11.4818
+0.2654,+11.5302
+0.2657,+11.424
+0.266,+11.1368
+0.2664,+11.0655
+0.2668,+11.1205
+0.2672,+11.0079
+0.2675,+10.9594
+0.268,+10.9617
+0.2684,+10.9697
+0.2688,+11.0557
+0.2692,+10.9405
+0.2696,+10.834
+0.27,+11.0634
+0.2704,+10.9893
+0.2708,+10.7079
+0.2712,+10.5839
+0.2715,+10.5875
+0.272,+10.5034
+0.2724,+10.2084
+0.2728,+10.0605
+0.2731,+10.0105
+0.2735,+10.026
+0.274,+9.82566
+0.2744,+9.63915
+0.2748,+9.71727
+0.2752,+9.8094
+0.2756,+9.53708
+0.276,+9.59139
+0.2764,+9.46414
+0.2768,+9.41907
+0.2772,+9.26504
+0.2775,+9.10881
+0.278,+9.01349
+0.2784,+9.05629
+0.2788,+8.91363
+0.2791,+8.80234
+0.2795,+8.93311
+0.28,+8.54893
+0.2804,+8.82632
+0.2808,+8.62563
+0.2811,+8.60311
+0.2817,+8.58446
+0.282,+8.43452
+0.2824,+8.24657
+0.2828,+8.37466
+0.2831,+8.10752
+0.2835,+7.8733
+0.284,+7.96684
+0.2844,+7.68503
+0.2848,+7.70565
+0.2853,+7.52314
+0.2857,+7.38952
+0.286,+7.48829
+0.2864,+7.33323
+0.2868,+7.15442
+0.2871,+7.25429
+0.2875,+7.35076
+0.288,+7.24463
+0.2884,+7.2879
+0.2888,+7.24522
+0.2893,+7.42547
+0.2897,+7.52369
+0.29,+7.4792
+0.2904,+7.4172
+0.2908,+7.3101
+0.2912,+7.24685
+0.2917,+7.03835
+0.292,+6.936
+0.2924,+6.7722
+0.2928,+6.52692
+0.2932,+6.3366
+0.2936,+6.22221
+0.2947,+6.14434
+0.2949,+6.33225
+0.2952,+6.36163
+0.2957,+6.39933
+0.296,+6.4743
+0.2964,+6.54217
+0.2968,+6.48759
+0.2971,+6.57734
+0.2975,+6.67515
+0.298,+6.47335
+0.2984,+6.39569
+0.2988,+6.37531
+0.2991,+6.31233
+0.2995,+6.33131
+0.3,+6.13774
+0.3004,+6.0903
+0.3008,+5.9998
+0.3012,+5.93161
+0.3016,+5.62299
+0.302,+5.79949
+0.3024,+5.68482
+0.3028,+5.47271
+0.3031,+5.25288
+0.3035,+5.02596
+0.304,+5.05354
+0.3044,+4.95055
+0.3048,+5.03342
+0.3052,+5.04849
+0.3055,+5.19853
+0.306,+5.09563
+0.3064,+5.10709
+0.3068,+5.15224
+0.3072,+5.27273
+0.3075,+5.25963
+0.308,+5.20097
+0.3084,+5.14252
+0.3088,+5.08903
+0.3091,+4.96321
+0.3095,+4.72441
+0.31,+4.69328
+0.3104,+4.6177
+0.3108,+4.46368
+0.3111,+4.54982
+0.3115,+4.46348
+0.312,+4.45562
+0.3124,+4.47212
+0.3128,+4.50019
+0.3131,+4.50585
+0.3135,+4.57985
+0.314,+4.32908
+0.3144,+4.34989
+0.3148,+4.38648
+0.3151,+4.26863
+0.3157,+4.26211
+0.316,+4.24474
+0.3164,+4.18112
+0.3168,+4.1567
+0.3172,+4.10736
+0.3175,+4.08215
+0.318,+4.1418
+0.3184,+4.14077
+0.3188,+4.18802
+0.3191,+4.01379
+0.3195,+3.93834
+0.32,+3.84122
+0.3204,+3.76921
+0.3208,+3.61051
+0.3212,+3.70267
+0.3215,+3.60206
+0.322,+3.49615
+0.3224,+3.27385
+0.3228,+3.08071
+0.3231,+3.0408
+0.3235,+3.09422
+0.324,+2.98186
+0.3244,+2.91027
+0.3248,+2.8359
+0.3251,+2.64463
+0.3255,+2.63375
+0.3261,+2.63365
+0.3264,+2.6206
+0.3268,+2.6028
+0.3272,+2.49924
+0.3275,+2.30856
+0.328,+2.34248
+0.3284,+2.36982
+0.3288,+2.33413
+0.3292,+2.26992
+0.3295,+2.2876
+0.33,+2.33588
+0.3304,+2.31905
+0.3308,+2.37924
+0.3312,+2.33
+0.3315,+2.27688
+0.332,+2.27616
+0.3324,+2.1925
+0.3328,+2.19673
+0.3332,+2.21116
+0.3335,+1.99432
+0.334,+1.8934
+0.3344,+1.76583
+0.3348,+1.58177
+0.3351,+1.51263
+0.3355,+1.44472
+0.336,+1.29434
+0.3364,+1.13585
+0.3368,+1.03811
+0.3372,+0.813279
+0.3375,+0.832654
+0.338,+0.684914
+0.3384,+0.724164
+0.3388,+0.672434
+0.3391,+0.779195
+0.3395,+0.762416
+0.34,+0.698637
+0.3404,+0.695864
+0.3408,+0.551142
+0.3412,+0.596605
+0.3415,+0.653228
+0.342,+0.723725
+0.3424,+0.454706
+0.3428,+0.411024
+0.3432,+0.110511
+0.3435,+0.0379506
+0.344,+0.0918162
+0.3444,+0.108185
+0.3448,+0.116428
+0.3451,-0.0363144
+0.3455,-0.199003
+0.346,-0.354859
+0.3464,-0.323826
+0.3468,-0.415892
+0.3471,-0.322678
+0.3475,-0.364841
+0.348,-0.541224
+0.3484,-0.619072
+0.3488,-0.679119
+0.3492,-0.861748
+0.3495,-1.01116
+0.35,-1.19731
+0.3504,-1.20104
+0.3508,-1.28799
+0.3511,-1.39775
+0.3515,-1.4231
+0.352,-1.58762
+0.3524,-1.75899
+0.3528,-1.87493
+0.3531,-1.8045
+0.3535,-1.78438
+0.354,-1.72943
+0.3544,-1.80305
+0.3548,-1.8429
+0.3551,-1.96896
+0.3555,-2.10284
+0.356,-1.99115
+0.3565,-2.06595
+0.3568,-2.03515
+0.3571,-2.04885
+0.3575,-2.34721
+0.358,-2.45185
+0.3584,-2.49021
+0.3588,-2.51485
+0.3592,-2.49561
+0.3595,-2.52674
+0.36,-2.77182
+0.3604,-2.80285
+0.3608,-2.93206
+0.3612,-3.03634
+0.3615,-2.94158
+0.362,-3.02726
+0.3624,-3.18159
+0.3628,-3.33261
+0.3632,-3.53194
+0.3635,-3.62442
+0.364,-3.51295
+0.3644,-3.4848
+0.3648,-3.55287
+0.3651,-3.53791
+0.3655,-3.59953
+0.366,-3.45351
+0.3664,-3.33952
+0.3668,-3.34351
+0.3672,-3.27624
+0.3675,-3.33885
+0.368,-3.4752
+0.3684,-3.61377
+0.3688,-3.60121
+0.3692,-3.61265
+0.3695,-3.70692
+0.37,-3.83765
+0.3704,-3.96285
+0.3708,-3.94439
+0.3712,-3.95108
+0.3715,-3.96681
+0.372,-4.14185
+0.3724,-4.34915
+0.3728,-4.52014
+0.3732,-4.64543
+0.3735,-4.53984
+0.374,-4.63948
+0.3744,-4.65329
+0.3748,-4.71934
+0.3752,-4.73819
+0.3755,-4.73721
+0.376,-4.56675
+0.3764,-4.51758
+0.3768,-4.46736
+0.3772,-4.45966
+0.3775,-4.59368
+0.378,-4.62069
+0.3784,-4.80149
+0.3788,-4.90976
+0.3792,-4.982
+0.3795,-5.0143
+0.38,-5.30874
+0.3804,-5.32457
+0.3808,-5.36225
+0.3812,-5.39962
+0.3815,-5.49584
+0.382,-5.62878
+0.3824,-5.74801
+0.3828,-5.6819
+0.3832,-5.76521
+0.3835,-6.05022
+0.384,-5.91678
+0.3844,-5.69336
+0.3848,-5.69039
+0.3852,-5.80689
+0.3855,-5.84353
+0.386,-5.7179
+0.3864,-5.64398
+0.3868,-5.78519
+0.3872,-5.82525
+0.3875,-5.63912
+0.388,-5.78493
+0.3884,-6.04551
+0.3888,-6.26665
+0.3892,-6.30032
+0.3895,-6.0184
+0.39,-6.18599
+0.3904,-6.18033
+0.3908,-6.13255
+0.3912,-5.99282
+0.3915,-6.10433
+0.3921,-5.83712
+0.3924,-5.84655
+0.3928,-5.79564
+0.3932,-5.75305
+0.3935,-5.87142
+0.394,-5.8686
+0.3944,-5.90245
+0.3948,-5.91258
+0.3951,-6.04147
+0.3955,-6.12335
+0.396,-6.11049
+0.3971,-6.20924
+0.3973,-5.97433
+0.3975,-5.8472
+0.398,-6.07524
+0.3984,-5.86473
+0.3988,-5.83933
+0.3992,-5.78482
+0.3995,-5.66045
+0.4,-5.54359
+0.4004,-5.65689
+0.4008,-5.56246
+0.4012,-5.61814
+0.4015,+7.19773
+0.402,+6.916
+0.4024,+6.98439
+0.4028,+6.92344
+0.4032,+6.8774
+0.4035,+6.88718
+0.404,+6.93198
+0.4044,+6.76161
+0.4048,+6.6443
+0.4052,+6.60693
+0.4055,+6.38745
+0.406,+6.49775
+0.4064,+6.50639
+0.4068,+6.47588
+0.4073,+6.57539
+0.4075,+6.58936
+0.408,+6.35782
+0.4084,+6.42689
+0.4088,+6.43945
+0.4092,+6.43998
+0.4095,+6.40028
+0.41,+6.31982
+0.4104,+6.24441
+0.4108,+6.03146
+0.4112,+5.73926
+0.4115,+5.63148
+0.412,+5.67352
+0.4124,+5.47632
+0.4128,+5.15725
+0.4132,+4.93655
+0.4135,+5.02713
+0.414,+4.93513
+0.4144,+4.86283
+0.4148,+4.89604
+0.4152,+4.79969
+0.4155,+4.81228
+0.416,+4.71351
+0.4164,+4.71285
+0.4168,+4.80702
+0.4172,+4.80329
+0.4175,+4.45262
+0.418,+4.32453
+0.4184,+4.20516
+0.4188,+4.13885
+0.4192,+4.1473
+0.4195,+4.01422
+0.42,+3.96946
+0.4204,+3.81299
+0.4208,+3.66391
+0.4212,+3.5265
+0.4215,+3.57352
+0.422,+3.48965
+0.4224,+3.33658
+0.4228,+3.15817
+0.4232,+3.03226
+0.4235,+2.96519
+0.424,+2.85883
+0.4244,+2.77431
+0.4248,+2.6824
+0.4252,+2.65368
+0.4255,+2.42896
+0.426,+2.35053
+0.4264,+2.32505
+0.4268,+2.31154
+0.4272,+2.20115
+0.4275,+2.11007
+0.428,+1.91457
+0.4284,+1.82228
+0.4288,+1.84134
+0.4292,+1.65748
+0.4295,+1.6715
+0.43,+1.63491
+0.4304,+1.38044
+0.4308,+1.03675
+0.4312,+0.895899
+0.4315,+0.738136
+0.432,+0.557954
+0.4324,+0.376476
+0.4328,+0.084986
+0.4332,-0.0399107
+0.4335,-0.207194
+0.434,-0.511278
+0.4344,-0.536777
+0.4348,-0.616009
+0.4352,-0.782778
+0.4355,-0.967146
+0.436,-1.19599
+0.4364,-1.37767
+0.4368,-1.57916
+0.4373,-1.8587
+0.4376,-2.13634
+0.438,-2.30157
+0.4384,-2.52927
+0.4388,-2.61375
+0.4392,-2.96561
+0.4395,-3.1063
+0.44,-3.15787
+0.4404,-3.35308
+0.4408,-3.49258
+0.4412,-3.58289
+0.4415,-3.69697
+0.442,-3.86979
+0.4424,-4.08601
+0.4428,-4.25391
+0.4432,-4.26377
+0.4435,-4.60703
+0.444,-4.81352
+0.4444,-5.11431
+0.4448,-5.43834
+0.4452,-5.60304
+0.4455,-5.87166
+0.446,-6.10768
+0.4464,-6.34973
+0.4468,-6.78868
+0.4472,-7.26858
+0.4475,-7.61783
+0.448,-8.06544
+0.4484,-8.17529
+0.4488,-8.16527
+0.4492,-8.61405
+0.4495,-8.76998
+0.45,-9.02029
+0.4504,-9.27437
+0.4508,-9.33929
+0.4514,-9.11059
+0.4516,-9.14699
+0.452,-9.18782
+0.4524,-9.45987
+0.4528,-9.84648
+0.4532,-9.82674
+0.4535,-9.9882
+0.454,-10.1546
+0.4544,-10.2203
+0.455,-10.3427
+0.4552,-10.8634
+0.4555,-11.0221
+0.456,-11.34
+0.4564,-11.4683
+0.4568,-11.558
+0.4572,-11.7401
+0.4575,-12.0964
+0.458,-12.3501
+0.4584,-12.5151
+0.4588,-12.7166
+0.4592,-12.7225
+0.4595,-12.9176
+0.46,-12.8397
+0.4604,-13.0793
+0.4608,-13.0964
+0.4612,-13.2246
+0.4615,-13.299
+0.462,-13.2861
+0.4624,-13.4143
+0.4628,-13.4523
+0.4632,-13.6773
+0.4635,-13.5094
+0.464,-13.5601
+0.4644,-13.5027
+0.4648,-13.8908
+0.4652,-13.9418
+0.4655,-13.9943
+0.466,-14.0458
+0.4664,-14.1132
+0.4668,-14.1433
+0.4672,-14.0334
+0.4677,-14.2255
+0.468,-14.3469
+0.4684,-14.3113
+0.4688,-14.1033
+0.4692,-14.0868
+0.4695,-14.0442
+0.47,-14.0348
+0.4704,-13.9958
+0.4708,-14.0501
+0.4712,-14.0549
+0.4715,-14.1524
+0.472,-14.205
+0.4724,-14.2401
+0.4728,-14.2037
+0.4732,-14.1279
+0.4735,-14.1013
+0.474,-13.9935
+0.4744,-13.9093
+0.4748,-13.8884
+0.4752,-13.7708
+0.4755,-13.4783
+0.4761,-13.349
+0.4764,-13.3236
+0.4768,-13.2373
+0.4772,-13.249
+0.4775,-13.1134
+0.478,-13.1462
+0.4784,-13.1773
+0.4788,-13.1335
+0.4792,-13.1079
+0.4795,-13.2136
+0.48,-13.3079
+0.4804,-13.2222
+0.4808,-13.005
+0.4812,-12.9482
+0.4815,-12.9295
+0.482,-12.6678
+0.4824,-12.502
+0.4828,-12.24
+0.4832,-12.182
+0.4835,-12.0274
+0.484,-11.7102
+0.4844,-11.2843
+0.4848,-11.3512
+0.4852,-11.0787
+0.4855,-10.7198
+0.486,-10.7194
+0.4864,-10.4402
+0.4868,-10.2789
+0.4872,-10.177
+0.4875,-9.85496
+0.488,-9.59328
+0.4884,-9.46651
+0.4888,-9.31742
+0.4892,-9.06221
+0.4895,-8.95808
+0.49,-8.67951
+0.4904,-8.60946
+0.4908,-8.41518
+0.4912,-8.02688
+0.4915,-7.92197
+0.492,-7.66433
+0.4924,-7.62628
+0.4928,-7.38694
+0.4932,-7.26919
+0.4935,-7.36822
+0.4939,-7.13716
+0.4944,-7.11337
+0.4948,-6.79862
+0.4952,-6.70679
+0.4955,-6.41883
+0.4959,-6.39434
+0.4964,-6.28551
+0.4968,-5.92196
+0.4972,-5.78301
+0.4975,-5.42156
+0.498,-5.35982
+0.4984,-5.06959
+0.4995,-5.1642
+0.4997,-5.08991
+0.5,-5.12696
+0.5004,-4.90996
+0.5008,-4.75041
+0.5012,-4.63706
+0.5015,-4.66555
+0.502,-4.54318
+0.5024,-4.30597
+0.5028,-4.16269
+0.5032,-3.96677
+0.5035,-3.76084
+0.504,-3.54004
+0.5044,-3.4842
+0.5048,-3.3372
+0.5052,-3.39756
+0.5055,-3.22146
+0.506,-3.09487
+0.5064,-3.13329
+0.5068,-2.9037
+0.5072,-2.89464
+0.5075,-2.81855
+0.508,-2.73841
+0.5084,-2.60938
+0.5088,-2.58637
+0.5092,-2.41653
+0.5095,-2.35739
+0.51,-2.07871
+0.5104,-1.6639
+0.5108,-1.75556
+0.5112,-1.57315
+0.5115,-1.44939
+0.5119,-1.35335
+0.5124,-1.09776
+0.5128,-0.758017
+0.5132,-0.528825
+0.5135,-0.161864
+0.5142,-0.14881
+0.5144,-0.331287
+0.5148,-0.0547682
+0.5152,+0.154368
+0.5155,+0.399187
+0.5159,+0.608606
+0.5164,+0.648163
+0.5168,+0.785307
+0.5172,+0.861136
+0.5175,+1.06872
+0.5179,+1.12777
+0.5184,+1.3722
+0.5188,+1.46587
+0.5192,+1.5907
+0.5195,+1.65887
+0.52,+1.61291
+0.5204,+1.64746
+0.5208,+1.50279
+0.5212,+1.63356
+0.5215,+1.56899
+0.522,+1.76392
+0.5224,+1.89773
+0.5228,+1.93449
+0.5232,+2.01267
+0.5235,+2.09959
+0.5239,+2.32254
+0.5244,+2.37939
+0.5248,+2.57349
+0.5252,+2.71902
+0.5255,+2.71449
+0.5262,+2.6016
+0.5264,+2.55767
+0.5268,+2.70776
+0.5272,+2.79053
+0.5275,+2.83575
+0.5279,+2.80444
+0.5284,+2.92033
+0.5288,+3.11673
+0.5292,+3.11839
+0.5295,+3.17633
+0.53,+3.3046
+0.5304,+3.46508
+0.5308,+3.64324
+0.5312,+3.60221
+0.5315,+3.77736
+0.5319,+3.82971
+0.5324,+3.81654
+0.5328,+3.86532
+0.5332,+3.94065
+0.5335,+3.99471
+0.5339,+4.09059
+0.5344,+4.01349
+0.5348,+3.94304
+0.5352,+3.99535
+0.5355,+3.98248
+0.5359,+4.13908
+0.5364,+4.11655
+0.5368,+3.95052
+0.5372,+3.71609
+0.5375,+3.6995
+0.538,+3.64945
+0.5384,+3.61743
+0.5389,+3.57247
+0.5392,+3.71378
+0.5395,+3.57383
+0.5399,+3.43887
+0.5404,+3.56428
+0.5408,+3.61579
+0.5412,+3.6758
+0.5415,+3.71758
+0.542,+3.84082
+0.5424,+3.92558
+0.5428,+3.8045
+0.5432,+3.67291
+0.5436,+3.6644
+0.5439,+3.64026
+0.5444,+3.62288
+0.5448,+3.59577
+0.5452,+3.74549
+0.5455,+3.75175
+0.5459,+3.67968
+0.5464,+3.65466
+0.5468,+3.78123
+0.5472,+3.6958
+0.5475,+3.82263
+0.5479,+3.8602
+0.5484,+3.79087
+0.5488,+3.78711
+0.5492,+3.67806
+0.5495,+3.71756
+0.5499,+3.71369
+0.5504,+3.75179
+0.5508,+3.72028
+0.5512,+3.62685
+0.5515,+3.49356
+0.5519,+3.37004
+0.5524,+3.41372
+0.5528,+3.46753
+0.5532,+3.45823
+0.5535,+3.29834
+0.554,+3.17082
+0.5544,+2.99242
+0.5548,+2.97224
+0.5552,+3.01944
+0.5555,+2.94826
+0.5559,+3.13386
+0.5564,+3.08301
+0.5568,+2.98772
+0.5572,+3.03135
+0.5575,+3.10814
+0.5579,+3.20347
+0.5584,+3.2888
+0.5588,+3.11521
+0.5592,+3.0505
+0.5595,+3.01518
+0.5599,+2.81533
+0.5604,+2.78584
+0.5608,+2.82785
+0.5612,+2.7251
+0.5615,+2.69583
+0.562,+2.55625
+0.5624,+2.53858
+0.5628,+2.53133
+0.5632,+2.61808
+0.5635,+2.78823
+0.5639,+2.84413
+0.5644,+2.96937
+0.5648,+2.86954
+0.5652,+2.85048
+0.5655,+2.81544
+0.5659,+2.86982
+0.5664,+2.72009
+0.5668,+2.76363
+0.5672,+2.75033
+0.5675,+2.59171
+0.5679,+2.4994
+0.5684,+2.45169
+0.5688,+2.61041
+0.5693,+2.65873
+0.5696,+2.66753
+0.57,+2.62683
+0.5704,+2.58637
+0.5708,+2.65419
+0.5712,+2.6157
+0.5715,+2.49942
+0.5719,+2.5685
+0.5724,+2.44553
+0.5728,+2.28153
+0.5732,+2.22592
+0.5735,+2.08757
+0.5739,+2.1396
+0.5744,+2.28781
+0.5748,+2.21679
+0.5752,+2.06911
+0.5755,+2.02153
+0.5759,+2.05726
+0.5764,+1.93944
+0.5768,+1.7457
+0.5772,+1.50123
+0.5775,+1.50843
+0.5781,+1.19599
+0.5784,+1.04024
+0.5788,+0.865988
+0.5792,+0.838238
+0.5795,+0.968397
+0.5799,+0.805439
+0.5804,+0.68588
+0.5808,+0.718449
+0.5812,+0.686492
+0.5815,+0.586388
+0.5819,+0.575018
+0.5824,+0.549154
+0.5828,+0.431888
+0.5832,+0.337281
+0.5835,+0.0680508
+0.5839,-0.0728142
+0.5844,-0.0394564
+0.5848,-0.169907
+0.5852,-0.218864
+0.5855,-0.300826
+0.586,-0.151383
+0.5864,-0.271713
+0.5868,-0.204269
+0.5872,-0.275819
+0.5875,-0.338277
+0.5879,-0.350093
+0.5884,-0.523709
+0.5888,-0.630395
+0.5892,-0.532555
+0.5896,-0.681531
+0.5899,-0.992986
+0.5904,-1.17223
+0.5908,-1.43784
+0.5912,-1.60342
+0.5915,-1.66723
+0.5919,-1.98465
+0.5924,-2.00212
+0.5928,-1.99276
+0.5932,-2.27666
+0.5935,-2.46907
+0.594,-2.52855
+0.5944,-2.47497
+0.5948,-2.4395
+0.5952,-2.41242
+0.5955,-2.35612
+0.5959,-2.20461
+0.5964,-2.19378
+0.5968,-2.30713
+0.5972,-2.36151
+0.5975,-2.24079
+0.5979,-2.27345
+0.5984,-2.41085
+0.5988,-2.31819
+0.5992,-2.42703
+0.5997,-2.58509
+0.6,-2.66194
+0.6004,-2.87087
+0.6008,-2.92581
+0.6019,-2.87752
+0.6021,-2.80061
+0.6023,-6.06439
+0.6026,-6.11604
+0.6028,-6.31822
+0.6032,-6.28368
+0.6035,-6.28075
+0.6039,-6.27193
+0.6044,-6.20856
+0.6048,-6.1283
+0.6052,-6.14804
+0.6055,-6.33679
+0.6059,-6.32643
+0.6064,-6.26031
+0.6068,-6.07403
+0.6072,-6.12759
+0.6075,-6.10217
+0.6079,-6.01766
+0.6084,-6.03671
+0.6088,-5.92646
+0.6092,-5.89803
+0.6095,-5.81015
+0.61,-5.89674
+0.6104,-5.75117
+0.6108,-5.86328
+0.6112,-5.76805
+0.6115,-5.64213
+0.6119,-5.73886
+0.6124,-5.6482
+0.6128,-5.62493
+0.6132,-5.49444
+0.6135,-5.36856
+0.6139,-5.10567
+0.6144,-4.99479
+0.6148,-4.773
+0.6152,-4.60551
+0.6155,-4.49103
+0.6159,-4.28682
+0.6164,-4.16448
+0.617,-4.05909
+0.6173,-4.10359
+0.6176,-4.11686
+0.618,-4.20115
+0.6184,-4.24704
+0.6188,-4.34554
+0.6192,-4.20358
+0.6208,-4.26886
+0.621,-4.36977
+0.6212,-4.41963
+0.6214,-4.18731
+0.6217,-4.0179
+0.6222,-3.85341
+0.6226,-3.60018
+0.6228,-3.40892
+0.6232,-3.09665
+0.6236,-3.09823
+0.6239,-2.97031
+0.6244,-2.70465
+0.6248,-2.25449
+0.6252,-2.33497
+0.6255,-2.09253
+0.626,-2.02617
+0.6264,-1.99274
+0.6268,-1.94523
+0.6272,-1.98641
+0.6275,-1.73136
+0.6279,-1.5883
+0.6284,-1.51897
+0.6288,-1.60485
+0.6292,-1.41539
+0.6296,-1.34374
+0.6299,-1.12924
+0.6304,-1.06543
+0.6308,-0.896598
+0.6313,-0.795708
+0.6316,-0.650361
+0.6319,-0.414
+0.6324,-0.151272
+0.6328,-0.0193837
+0.6332,-0.0700513
+0.6335,-0.170849
+0.634,-0.0158953
+0.6344,+0.24196
+0.6348,+0.523425
+0.6352,+0.734174
+0.6356,+0.706218
+0.6359,+0.798827
+0.6364,+0.676695
+0.6368,+0.653625
+0.6372,+0.8907
+0.6376,+1.14446
+0.6379,+0.964467
+0.6384,+0.887787
+0.6388,+0.661251
+0.6392,+0.75929
+0.6395,+0.691205
+0.6399,+0.618455
+0.6404,+0.732083
+0.6408,+0.872298
+0.6412,+0.929447
+0.6415,+0.917826
+0.642,+1.17354
+0.6424,+1.35658
+0.6428,+1.54051
+0.6432,+1.40506
+0.6435,+1.5441
+0.6439,+1.49401
+0.6444,+1.54948
+0.6448,+1.49812
+0.6452,+1.43003
+0.6455,+1.37413
+0.6459,+1.36815
+0.6464,+1.40364
+0.6468,+1.24021
+0.6472,+1.3826
+0.6475,+1.32768
+0.6479,+1.41664
+0.6484,+1.34784
+0.6488,+1.41019
+0.6492,+1.37812
+0.6495,+1.36913
+0.6499,+1.21346
+0.6504,+1.04863
+0.6508,+1.09542
+0.6512,+0.949162
+0.6515,+0.898519
+0.6519,+0.860925
+0.6524,+0.815579
+0.6528,+0.631575
+0.6532,+0.554047
+0.6535,+0.677834
+0.6539,+0.543403
+0.6544,+0.329209
+0.6548,+0.143813
+0.6552,+0.0570971
+0.6555,-0.0442658
+0.6559,-0.2476
+0.6564,-0.334834
+0.6568,-0.336478
+0.6572,-0.490525
+0.6576,-0.742012
+0.6579,-0.834436
+0.6584,-0.89141
+0.6588,-0.993286
+0.6592,-1.13968
+0.6595,-1.31072
+0.6599,-1.42422
+0.6604,-1.65953
+0.6608,-1.92383
+0.6612,-1.96195
+0.6617,-2.15466
+0.662,-2.01144
+0.6625,-1.91168
+0.6628,-2.05034
+0.6632,-2.14107
+0.6636,-2.30374
+0.664,-2.32448
+0.6645,-2.34268
+0.6648,-2.40029
+0.6652,-2.56839
+0.6656,-2.64365
+0.6659,-2.95731
+0.6665,-3.21685
+0.6668,-3.22658
+0.6672,-3.37939
+0.6676,-3.34528
+0.668,-3.40824
+0.6685,-3.38657
+0.6688,-3.39274
+0.6692,-3.27804
+0.6696,-3.37075
+0.67,-3.57238
+0.6705,-3.6253
+0.6708,-3.68127
+0.6712,-3.60064
+0.6716,-3.5809
+0.6719,-3.60039
+0.6725,-3.75083
+0.6728,-3.83522
+0.6732,-3.9777
+0.6736,-4.00958
+0.6739,-3.90104
+0.6745,-3.9663
+0.6748,-3.94623
+0.6752,-3.95552
+0.6756,-4.08407
+0.676,-4.09749
+0.6765,-4.04291
+0.6768,-3.97294
+0.6772,-3.85785
+0.6776,-3.63985
+0.678,-3.60493
+0.6785,-3.45138
+0.6788,-3.46043
+0.6792,-3.32306
+0.6796,-3.13176
+0.68,-3.05975
+0.6806,-2.91664
+0.6808,-2.83943
+0.6812,-2.72065
+0.6817,-2.75145
+0.6821,-2.71029
+0.6824,-2.49758
+0.6828,-2.22574
+0.6832,-2.02951
+0.6836,-1.7762
+0.684,-1.61
+0.6845,-1.4744
+0.6848,-1.15223
+0.6852,-1.09529
+0.6856,-0.930851
+0.686,-0.569979
+0.6865,-0.453268
+0.6868,-0.257149
+0.6872,-0.276027
+0.6876,-0.32659
+0.688,-0.149961
+0.6885,-0.105186
+0.6888,-0.237028
+0.6892,-0.0744837
+0.6896,+0.126337
+0.69,+0.191423
+0.6905,+0.315593
+0.6908,+0.321137
+0.6912,+0.487681
+0.6916,+0.697296
+0.692,+0.747048
+0.6925,+0.911198
+0.6928,+1.0538
+0.6932,+1.15302
+0.6936,+1.17688
+0.6939,+1.2774
+0.6944,+1.28018
+0.6948,+1.27378
+0.6952,+1.29102
+0.6956,+1.33894
+0.696,+1.46836
+0.6965,+1.64561
+0.6968,+1.7707
+0.6972,+1.79546
+0.6976,+1.87949
+0.698,+1.85617
+0.6985,+2.01625
+0.6988,+2.18462
+0.6992,+2.2937
+0.6996,+2.33978
+0.7,+2.29931
+0.7005,+2.28034
+0.7008,+2.21718
+0.7012,+2.34838
+0.7016,+2.42405
+0.702,+2.53809
+0.7025,+2.35487
+0.7028,+2.4467
+0.7032,+2.43661
+0.7043,+2.40335
+0.7044,+2.45121
+0.7046,+2.43901
+0.7049,+2.63098
+0.7052,+2.40664
+0.7056,+2.41847
+0.7059,+2.27265
+0.7065,+2.31406
+0.7068,+2.20365
+0.7072,+2.15376
+0.7076,+2.09954
+0.708,+2.08054
+0.7085,+2.03363
+0.7088,+1.94882
+0.7092,+1.98408
+0.7096,+1.94114
+0.71,+1.88018
+0.7105,+1.95546
+0.7108,+1.90543
+0.7112,+1.92462
+0.7116,+1.95396
+0.7121,+1.95814
+0.7125,+1.92894
+0.7128,+1.82697
+0.7132,+1.76486
+0.7136,+1.63988
+0.714,+1.80349
+0.7145,+1.77592
+0.7148,+1.75118
+0.7152,+1.58586
+0.7156,+1.65751
+0.7159,+1.68086
+0.7165,+1.59104
+0.7168,+1.61183
+0.7172,+1.71007
+0.7176,+1.8141
+0.718,+1.72283
+0.7184,+1.70464
+0.7188,+1.63243
+0.7192,+1.7679
+0.7195,+1.72498
+0.7199,+1.55804
+0.7205,+1.61816
+0.7208,+1.57171
+0.7212,+1.57361
+0.7216,+1.5445
+0.7219,+1.58013
+0.7224,+1.5346
+0.7228,+1.68473
+0.7232,+1.68339
+0.7235,+1.64591
+0.7239,+1.80037
+0.7244,+1.91536
+0.7248,+2.13605
+0.7252,+2.22123
+0.7256,+2.28247
+0.7259,+2.15722
+0.7264,+2.20388
+0.7268,+2.15813
+0.7272,+2.32446
+0.7276,+2.36523
+0.7279,+2.29898
+0.7285,+2.37753
+0.7288,+2.34725
+0.7292,+2.34141
+0.7295,+2.42775
+0.7299,+2.67137
+0.7304,+2.64699
+0.7308,+2.73716
+0.7312,+2.75394
+0.7316,+2.81505
+0.7319,+2.93797
+0.7324,+2.81763
+0.7328,+2.7584
+0.7332,+2.85079
+0.7335,+2.73365
+0.7339,+2.74384
+0.7344,+2.71568
+0.7348,+2.59902
+0.7352,+2.32856
+0.7356,+2.34268
+0.7359,+2.10407
+0.7364,+1.90223
+0.7368,+1.80828
+0.7372,+1.59502
+0.7385,+1.57823
+0.7387,+1.32375
+0.7389,+1.38111
+0.7392,+1.36502
+0.7396,+1.39707
+0.7399,+1.2549
+0.7404,+1.37085
+0.7408,+1.46064
+0.7412,+1.49203
+0.7415,+1.37862
+0.7419,+1.23346
+0.7424,+1.04066
+0.7428,+0.995186
+0.7432,+0.822903
+0.7435,+0.851355
+0.7439,+0.800711
+0.7444,+0.629459
+0.7448,+0.552792
+0.7452,+0.418401
+0.7456,+0.335151
+0.7459,+0.197759
+0.7464,+0.254228
+0.7468,-0.0313411
+0.7472,-0.0473081
+0.7476,-0.305537
+0.7479,-0.510144
+0.7484,-0.566424
+0.7488,-0.579199
+0.7492,-0.656123
+0.7495,-0.57173
+0.7499,-0.633132
+0.7504,-0.502006
+0.7508,-0.431963
+0.7512,-0.272652
+0.7515,-0.106608
+0.7519,+0.122307
+0.7524,+0.213755
+0.7528,+0.323555
+0.7532,+0.383286
+0.7536,+0.28205
+0.7539,+0.482062
+0.7544,+0.446978
+0.7548,+0.475271
+0.7552,+0.331588
+0.7555,+0.353529
+0.7559,+0.222828
+0.7564,+0.206002
+0.7568,+0.137031
+0.7572,+0.380029
+0.7576,+0.581904
+0.7579,+0.635626
+0.7584,+0.713049
+0.7588,+0.89523
+0.7592,+1.06848
+0.7596,+1.27318
+0.7599,+1.45292
+0.7604,+1.63869
+0.7608,+1.75742
+0.7612,+1.71328
+0.7616,+1.74086
+0.7619,+1.81308
+0.7624,+1.93382
+0.7628,+2.1019
+0.7632,+2.31376
+0.7636,+2.39443
+0.7639,+2.66015
+0.7643,+2.74167
+0.7648,+2.90154
+0.7652,+3.15008
+0.7655,+3.46822
+0.7659,+3.67943
+0.7664,+3.95368
+0.7668,+4.1005
+0.7672,+4.32108
+0.7676,+4.42341
+0.7679,+4.49917
+0.7683,+4.71965
+0.7688,+4.99307
+0.7692,+5.10986
+0.7696,+5.31959
+0.7699,+5.44505
+0.7704,+5.68863
+0.7708,+5.80274
+0.7712,+5.84894
+0.7716,+6.06676
+0.7719,+6.29629
+0.7724,+6.55727
+0.7728,+6.65175
+0.7732,+6.81823
+0.7735,+7.02621
+0.7739,+7.24073
+0.7744,+7.2521
+0.7748,+7.56659
+0.7752,+7.79177
+0.7755,+8.04429
+0.7759,+8.1161
+0.7763,+8.15423
+0.7768,+8.31747
+0.7772,+8.48785
+0.7776,+8.51739
+0.7779,+8.65361
+0.7783,+8.86482
+0.7788,+8.95279
+0.7792,+8.97832
+0.7796,+8.93555
+0.7799,+9.11763
+0.7803,+9.34623
+0.7808,+9.45019
+0.7812,+9.49577
+0.7816,+9.5171
+0.7819,+9.72641
+0.7824,+9.75516
+0.7829,+9.91481
+0.7832,+10.0956
+0.7836,+10.2235
+0.7839,+10.3328
+0.7843,+10.4116
+0.7848,+10.571
+0.7852,+10.6671
+0.7855,+10.8562
+0.7859,+10.8983
+0.7863,+11.0872
+0.7868,+11.0131
+0.7872,+11.055
+0.7876,+11.0879
+0.7879,+11.0904
+0.7883,+11.0265
+0.7888,+10.979
+0.7892,+10.9802
+0.7897,+10.9788
+0.7899,+10.7969
+0.7904,+10.7082
+0.7908,+10.8132
+0.7912,+10.7753
+0.7916,+10.6698
+0.7919,+10.5527
+0.7924,+10.62
+0.7928,+10.5609
+0.7932,+10.5077
+0.7936,+10.431
+0.7939,+10.5921
+0.7943,+10.5443
+0.7948,+10.3956
+0.7952,+10.3323
+0.7956,+10.3376
+0.7959,+10.1657
+0.7963,+10.0087
+0.7968,+9.89427
+0.7972,+9.80076
+0.7976,+9.68798
+0.7979,+9.46469
+0.7983,+9.29862
+0.7988,+9.19668
+0.7992,+9.11147
+0.7996,+8.98797
+0.7999,+8.98997
+0.8003,+8.86739
+0.8008,+8.75206
+0.8012,+8.5693
+0.8016,+8.41576
+0.8019,+8.25021
+0.8024,+8.12003
+0.8028,+5.16112
+0.8032,+4.83606
+0.8036,+4.61928
+0.8039,+4.54907
+0.8043,+4.28163
+0.8048,+3.98748
+0.8052,+3.79615
+0.8056,+3.46658
+0.8067,+3.28849
+0.8068,+3.06357
+0.8072,+2.80755
+0.8076,+2.61941
+0.8079,+2.38264
+0.8083,+2.03401
+0.8088,+1.82464
+0.8092,+1.64959
+0.8096,+1.49038
+0.8099,+1.27735
+0.8103,+1.01214
+0.8108,+0.656346
+0.8112,+0.486184
+0.8116,+0.214177
+0.8119,+0.177452
+0.8124,-0.131686
+0.8128,-0.423566
+0.8132,-0.636579
+0.8136,-0.998673
+0.8139,-1.21009
+0.8143,-1.52689
+0.8148,-1.72573
+0.8152,-2.05381
+0.8156,-2.21437
+0.8159,-2.62508
+0.8163,-2.84331
+0.8168,-3.03616
+0.8172,-3.33254
+0.8176,-3.53326
+0.8179,-3.80465
+0.8183,-3.96747
+0.8188,-4.13399
+0.8192,-4.46795
+0.8196,-4.86942
+0.8199,-5.17171
+0.8203,-5.55272
+0.8208,-5.92698
+0.8212,-6.06017
+0.8216,-6.31706
+0.8219,-6.63002
+0.8224,-6.94746
+0.8228,-7.39562
+0.8232,-7.52358
+0.8237,-7.88529
+0.8239,-8.1124
+0.8243,-8.45672
+0.8248,-8.64386
+0.8252,-9.05104
+0.8256,-9.25203
+0.8259,-9.21244
+0.8263,-9.28744
+0.8268,-9.3082
+0.8272,-9.34755
+0.8276,-9.33463
+0.8279,-9.52843
+0.8283,-9.46098
+0.8288,-9.67482
+0.8292,-9.66758
+0.8296,-9.78636
+0.8299,-9.98714
+0.8303,-10.257
+0.8308,-10.353
+0.8312,-10.7411
+0.8316,-10.81
+0.8319,-10.8026
+0.8324,-10.8433
+0.8328,-10.7607
+0.8332,-10.9541
+0.8336,-10.8367
+0.8339,-11.0436
+0.8343,-10.9591
+0.8348,-10.9885
+0.8352,-10.908
+0.8356,-10.9521
+0.8359,-11.0508
+0.8363,-11.0489
+0.8368,-11.1207
+0.8372,-11.0878
+0.8376,-11.133
+0.8379,-11.1412
+0.8383,-11.2729
+0.8388,-11.2785
+0.8392,-11.2797
+0.8396,-11.3257
+0.8399,-11.2188
+0.8403,-11.2407
+0.8408,-11.1355
+0.8412,-11.0683
+0.8416,-11.2367
+0.8419,-10.9662
+0.8424,-10.7446
+0.8428,-10.7115
+0.8432,-10.6497
+0.8436,-10.4273
+0.8439,-10.3863
+0.8443,-10.3932
+0.8448,-10.3021
+0.8452,-10.2917
+0.8456,-10.1512
+0.8459,-10.2692
+0.8463,-10.2094
+0.8468,-10.0467
+0.8472,-9.81619
+0.8476,-9.60234
+0.8479,-9.34452
+0.8483,-8.9971
+0.8488,-8.95344
+0.8492,-8.67552
+0.8496,-8.43874
+0.8499,-8.11837
+0.8503,-7.88681
+0.8508,-7.72502
+0.8512,-7.69712
+0.8516,-7.58265
+0.8519,-7.47744
+0.8523,-7.46674
+0.8528,-7.2446
+0.8532,-7.28401
+0.8536,-7.20294
+0.8541,-7.21782
+0.8543,-7.10668
+0.8548,-6.956
+0.8552,-6.61861
+0.8556,-6.4304
+0.8559,-6.37978
+0.8563,-6.09702
+0.8568,-5.97168
+0.8572,-5.5235
+0.8576,-5.3432
+0.8579,-5.15914
+0.8583,-5.0415
+0.8588,-4.97962
+0.8592,-4.96388
+0.8596,-4.8911
+0.8599,-4.8215
+0.8603,-4.66651
+0.8608,-4.52885
+0.8612,-4.3468
+0.8616,-4.17408
+0.8619,-3.88642
+0.8623,-3.7751
+0.8628,-3.54571
+0.8632,-3.26428
+0.8636,-3.13715
+0.864,-2.87343
+0.8643,-2.89247
+0.8648,-2.74895
+0.8652,-2.82615
+0.8656,-2.73953
+0.8659,-2.6473
+0.8663,-2.44847
+0.8668,-2.4703
+0.8672,-2.56299
+0.8676,-2.40964
+0.8679,-2.24484
+0.8683,-2.12816
+0.8688,-1.87689
+0.8692,-1.68547
+0.8696,-1.49968
+0.8699,-1.41537
+0.8703,-1.32556
+0.8708,-1.00876
+0.8712,-0.650769
+0.8716,-0.476362
+0.8719,-0.413807
+0.8723,-0.0860669
+0.8728,+0.079561
+0.8732,+0.195733
+0.8736,+0.270607
+0.8739,+0.33716
+0.8743,+0.462595
+0.8748,+0.646752
+0.8752,+0.62586
+0.8756,+0.81616
+0.8759,+1.03471
+0.8763,+1.05199
+0.8768,+1.0497
+0.8772,+1.16316
+0.8776,+1.32808
+0.8779,+1.47885
+0.8783,+1.48101
+0.8788,+1.49224
+0.8792,+1.59108
+0.8796,+1.67483
+0.8799,+1.711
+0.8803,+1.88167
+0.8808,+1.94648
+0.8812,+1.91345
+0.8816,+2.03274
+0.8819,+2.08727
+0.8823,+2.19289
+0.8828,+2.28074
+0.8832,+2.50606
+0.8836,+2.47023
+0.8839,+2.51693
+0.8844,+2.5121
+0.8848,+2.68422
+0.8852,+2.96559
+0.8856,+3.01835
+0.8859,+3.18453
+0.8863,+3.48636
+0.8868,+3.61177
+0.8872,+3.51082
+0.8876,+3.4683
+0.8879,+3.62718
+0.8883,+3.8898
+0.8888,+3.93544
+0.8892,+3.96514
+0.8896,+4.05212
+0.8902,+4.17362
+0.8905,+4.21381
+0.8909,+4.2327
+0.8912,+4.56935
+0.8917,+4.83396
+0.8921,+4.92554
+0.8924,+4.96153
+0.8928,+5.02052
+0.8932,+5.13292
+0.8936,+5.37338
+0.8939,+5.5338
+0.8943,+5.5397
+0.8948,+5.77793
+0.8952,+5.82219
+0.8957,+5.87075
+0.896,+6.15851
+0.8963,+6.28895
+0.8968,+6.52672
+0.8972,+6.75465
+0.8976,+6.76195
+0.8979,+6.88066
+0.8983,+7.04758
+0.8988,+7.22382
+0.8992,+7.30451
+0.8996,+7.37025
+0.8999,+7.36588
+0.9003,+7.48733
+0.9008,+7.49941
+0.9012,+7.58169
+0.9016,+7.89889
+0.9019,+8.1145
+0.9023,+8.38988
+0.9028,+8.45201
+0.9032,+8.74959
+0.9036,+9.02976
+0.904,+9.15753
+0.9043,+9.43878
+0.9048,+9.7231
+0.9052,+10.0333
+0.9056,+10.2563
+0.9059,+10.4634
+0.9063,+10.649
+0.9068,+10.9696
+0.9072,+11.1564
+0.9076,+11.377
+0.9079,+11.6244
+0.9091,+11.8204
+0.9092,+12.1127
+0.9096,+12.3545
+0.9099,+12.4495
+0.9103,+12.6568
+0.9108,+12.8175
+0.9112,+13.0144
+0.9116,+13.1869
+0.9119,+13.3458
+0.9123,+13.4803
+0.9128,+13.5925
+0.9132,+13.6814
+0.9136,+13.726
+0.9139,+13.7802
+0.9143,+13.775
+0.9148,+13.8954
+0.9152,+13.97
+0.9156,+14.0635
+0.9159,+14.2797
+0.9163,+14.3757
+0.9168,+14.3542
+0.9172,+14.4134
+0.9176,+14.4739
+0.9179,+14.6464
+0.9183,+14.8891
+0.9188,+14.9293
+0.9192,+14.975
+0.9196,+14.8809
+0.92,+14.867
+0.9203,+14.9716
+0.9209,+15.0202
+0.9212,+15.1709
+0.9216,+15.2061
+0.9219,+15.0926
+0.9223,+14.9183
+0.9228,+14.998
+0.9232,+14.8928
+0.9236,+15.0652
+0.9239,+15.0313
+0.9243,+15.0798
+0.9248,+15.0707
+0.9252,+14.9859
+0.9256,+14.889
+0.9259,+14.9661
+0.9263,+14.983
+0.9268,+14.9249
+0.9272,+14.858
+0.9276,+14.7136
+0.9279,+14.5954
+0.9283,+14.2281
+0.9288,+14.1742
+0.9292,+14.0618
+0.9296,+14.0664
+0.9299,+13.9876
+0.9303,+13.9177
+0.9308,+13.7034
+0.9312,+13.6471
+0.9316,+13.5035
+0.9319,+13.428
+0.9323,+13.419
+0.9328,+13.281
+0.9332,+13.0968
+0.9336,+12.8135
+0.9339,+12.6005
+0.9343,+12.454
+0.9348,+12.1701
+0.9352,+11.9743
+0.9356,+11.7395
+0.9359,+11.45
+0.9363,+11.2767
+0.9368,+11.0945
+0.9372,+10.7897
+0.9376,+10.6111
+0.9379,+10.4273
+0.9383,+10.0786
+0.9388,+9.89804
+0.9392,+9.6
+0.9396,+9.45063
+0.9399,+9.34771
+0.9403,+9.25143
+0.9408,+9.02436
+0.9412,+8.95414
+0.9416,+8.67768
+0.9419,+8.41736
+0.9423,+8.27155
+0.9428,+8.04923
+0.9432,+7.85316
+0.9436,+7.59432
+0.9439,+7.35647
+0.9443,+6.95923
+0.9448,+6.66435
+0.9452,+6.34807
+0.9456,+6.23185
+0.9459,+5.9717
+0.9463,+5.75911
+0.9468,+5.61188
+0.9472,+5.44719
+0.9476,+5.18677
+0.9479,+4.97876
+0.9483,+4.8876
+0.9488,+4.65579
+0.9492,+4.46358
+0.9496,+4.20829
+0.9499,+3.98628
+0.9503,+3.68033
+0.9508,+3.57924
+0.9512,+3.36066
+0.9516,+3.2639
+0.9519,+3.0507
+0.9523,+2.93564
+0.9528,+2.76634
+0.9532,+2.60313
+0.9536,+2.4058
+0.9539,+2.27818
+0.9543,+2.297
+0.9548,+2.02276
+0.9552,+1.78063
+0.9556,+1.56735
+0.9559,+1.48048
+0.9563,+1.16859
+0.9568,+1.12323
+0.9572,+1.1111
+0.9576,+1.13302
+0.9579,+0.998897
+0.9583,+0.835606
+0.9588,+0.71776
+0.9592,+0.700115
+0.9596,+0.567606
+0.9599,+0.480115
+0.9603,+0.553356
+0.9608,+0.271799
+0.9612,+0.144128
+0.9616,-0.10817
+0.9619,-0.106543
+0.9623,-0.186975
+0.9628,-0.128253
+0.9632,-0.059848
+0.9636,-0.127375
+0.9639,-0.177109
+0.9643,-0.26225
+0.9647,-0.200442
+0.9652,-0.25265
+0.9657,-0.223132
+0.9659,-0.311523
+0.9663,-0.50445
+0.9667,-0.593304
+0.9672,-0.777598
+0.9676,-0.680991
+0.9679,-0.755673
+0.9683,-0.769037
+0.9687,-0.728796
+0.9692,-0.772466
+0.9696,-0.79236
+0.9699,-0.819111
+0.9703,-0.64319
+0.9707,-0.751583
+0.9712,-0.650042
+0.9716,-0.706981
+0.9719,-0.772576
+0.9725,-0.769918
+0.9728,-0.916578
+0.9732,-0.934848
+0.9736,-0.886714
+0.9739,-0.874831
+0.9743,-1.01652
+0.9748,-0.972309
+0.9752,-1.03059
+0.9756,-0.942403
+0.9759,-0.788942
+0.9763,-0.849905
+0.9768,-0.712166
+0.9772,-0.73302
+0.9776,-0.708507
+0.9779,-0.636998
+0.9783,-0.588122
+0.9788,-0.448781
+0.9792,-0.453241
+0.9796,-0.478798
+0.9799,-0.656699
+0.9803,-0.575846
+0.9808,-0.567931
+0.9812,-0.565115
+0.9816,-0.677459
+0.9819,-0.695602
+0.9823,-0.641534
+0.9828,-0.616006
+0.9832,-0.493811
+0.9836,-0.599129
+0.9839,-0.497284
+0.9843,-0.542316
+0.9848,-0.502175
+0.9852,-0.480011
+0.9856,-0.320903
+0.9862,-0.327637
+0.9865,-0.279101
+0.9868,-0.446222
+0.9872,-0.48294
+0.9876,-0.450705
+0.988,-0.508128
+0.9883,-0.571552
+0.9888,-0.5489
+0.9892,-0.535553
+0.9896,-0.586663
+0.9899,-0.495562
+0.9903,-0.518511
+0.9908,-0.376631
+0.9912,-0.407083
+0.9916,-0.292531
+0.9919,-0.361052
+0.9923,-0.285375
+0.9928,-0.232601
+0.9932,-0.134687
+0.9936,-0.0580132
+0.9939,-0.038878
+0.9943,+0.0807066
+0.9948,+0.0643303
+0.9952,+0.0710617
+0.9956,+0.125561
+0.9959,+0.316045
+0.9963,+0.384119
+0.9968,+0.504703
+0.9972,+0.428775
+0.9976,+0.358982
+0.998,+0.223249
+0.9983,+0.0042274
+0.9988,+0.0817221
+0.9992,+0.153517
+0.9996,+0.115697
+0.9999,+0.094086
+1.0003,+0.0538123
+1.0008,-0.0996937
+1.0012,-0.0204534
+1.0016,-0.0968697
+1.0019,+0.00158786
+1.0023,+0.244587
+1.0028,+0.278884
+1.0032,+0.289917
+1.0036,+0.492813
+1.0039,+0.62524
+1.0043,+0.726381
+1.0047,+0.782312
+1.0052,+0.77723
+1.0056,+0.988658
+1.0062,+1.04372
+1.0064,+1.04958
+1.0068,+0.956488
+1.0072,+0.974538
+1.0076,+1.00309
+1.0079,+1.00284
+1.0083,+0.950056
+1.0088,+0.94217
+1.0092,+1.02777
+1.0096,+0.970004
+1.0099,+1.04811
+1.0103,+1.04015
+1.0115,+1.10284
+1.0117,+1.20745
+1.012,+1.21655
+1.0123,+1.18149
+1.0127,+1.24303
+1.0132,+1.36362
+1.0136,+1.44615
+1.0139,+1.57196
+1.0143,+1.67111
+1.0147,+1.78359
+1.0152,+2.01793
+1.0156,+2.0597
+1.0159,+2.21139
+1.0163,+2.20774
+1.0168,+2.23536
+1.0172,+2.30245
+1.0176,+2.23385
+1.0179,+2.29332
+1.0183,+2.28752
+1.0188,+2.32307
+1.0192,+2.28104
+1.0196,+2.27099
+1.0199,+2.44696
+1.0203,+2.61451
+1.0208,+2.74226
+1.0212,+2.82651
+1.0216,+3.00939
+1.0219,+3.0592
+1.0223,+3.10807
+1.0228,+3.21955
+1.0232,+3.31743
+1.0236,+3.36341
+1.0239,+3.28456
+1.0243,+3.41948
+1.0247,+3.51134
+1.0252,+3.64751
+1.0256,+3.82967
+1.026,+3.85343
+1.0263,+4.01336
+1.0268,+3.99203
+1.0272,+3.93209
+1.0276,+4.02104
+1.0279,+4.19908
+1.0283,+4.27712
+1.0287,+4.37549
+1.0292,+4.49058
+1.0296,+4.47798
+1.0299,+4.7149
+1.0303,+4.7599
+1.0307,+5.00462
+1.0312,+5.21065
+1.0316,+5.39892
+1.0319,+5.501
+1.0323,+5.61784
+1.0327,+5.63351
+1.0332,+5.51664
+1.0336,+5.52541
+1.0339,+5.52233
+1.0343,+5.6358
+1.0347,+5.80631
+1.0352,+5.89174
+1.0356,+6.07906
+1.0359,+6.17668
+1.0365,+6.18664
+1.0368,+6.35413
+1.0372,+6.56852
+1.0376,+6.74768
+1.0379,+6.84853
+1.0383,+6.89396
+1.0387,+6.85408
+1.0392,+6.91112
+1.0396,+6.94005
+1.0399,+6.97365
+1.0403,+7.11366
+1.0407,+7.25954
+1.0412,+7.43012
+1.0416,+7.51176
+1.0419,+7.66907
+1.0424,+7.74213
+1.0428,+7.89165
+1.0432,+8.11791
+1.0436,+8.26573
+1.0439,+8.42316
+1.0443,+8.54163
+1.0447,+8.58411
+1.0452,+8.6285
+1.0456,+8.70013
+1.0459,+8.80549
+1.0463,+9.01588
+1.0467,+9.12398
+1.0472,+9.10445
+1.0476,+9.12834
+1.0479,+9.11547
+1.0483,+9.31229
+1.0487,+9.39531
+1.0492,+9.44201
+1.0496,+9.50217
+1.0499,+9.61991
+1.0503,+9.67642
+1.0507,+9.76879
+1.0512,+9.84921
+1.0516,+10.0035
+1.052,+10.0826
+1.0523,+10.089
+1.0527,+10.1103
+1.0532,+10.2518
+1.0536,+10.3182
+1.0539,+10.3284
+1.0543,+10.2647
+1.0547,+10.235
+1.0552,+10.3349
+1.0556,+10.2454
+1.0559,+10.45
+1.0563,+10.5608
+1.0567,+10.6654
+1.0572,+10.6519
+1.0576,+10.5919
+1.058,+10.6488
+1.0583,+10.7474
+1.0587,+10.7137
+1.0592,+10.6079
+1.0596,+10.6731
+1.0599,+10.5548
+1.0603,+10.3176
+1.0607,+10.0948
+1.0612,+9.99122
+1.0616,+10.0183
+1.062,+9.79709
+1.0623,+9.71866
+1.0627,+9.60561
+1.0632,+9.58859
+1.0636,+9.5076
+1.064,+9.43224
+1.0643,+9.41223
+1.0647,+9.4569
+1.0652,+9.5647
+1.0656,+9.45232
+1.0659,+9.5059
+1.0663,+9.40833
+1.0668,+9.43732
+1.0672,+9.32837
+1.0676,+9.14342
+1.068,+9.00682
+1.0683,+8.96295
+1.0687,+8.93482
+1.0692,+8.60783
+1.0696,+8.57501
+1.0699,+8.41248
+1.0703,+8.18471
+1.0707,+8.07037
+1.0712,+7.89669
+1.0716,+7.81202
+1.072,+7.68437
+1.0723,+7.42468
+1.0727,+7.23427
+1.0732,+7.19252
+1.0736,+7.04504
+1.074,+6.94318
+1.0743,+6.91974
+1.0747,+6.66564
+1.0752,+6.73786
+1.0756,+6.48928
+1.076,+6.29722
+1.0763,+6.29206
+1.0767,+6.13522
+1.0773,+5.90964
+1.0776,+5.80919
+1.0779,+5.69122
+1.0783,+5.69171
+1.0787,+5.70395
+1.0792,+5.53661
+1.0796,+5.31169
+1.0799,+5.34317
+1.0803,+5.13849
+1.0807,+5.0417
+1.0812,+5.05432
+1.0816,+4.94382
+1.082,+4.80047
+1.0823,+4.54711
+1.0827,+4.30561
+1.0832,+4.24365
+1.0836,+4.35563
+1.0839,+4.1068
+1.0843,+4.02047
+1.0847,+3.94252
+1.0852,+3.74633
+1.0856,+3.58247
+1.086,+3.41138
+1.0863,+3.27623
+1.0867,+3.1163
+1.0872,+2.79506
+1.0876,+2.54393
+1.088,+2.39418
+1.0883,+2.39568
+1.0887,+2.24484
+1.0892,+2.23887
+1.0896,+2.13477
+1.0899,+2.18554
+1.0903,+2.20916
+1.0907,+2.32358
+1.0912,+2.32699
+1.0916,+2.31577
+1.0919,+2.42883
+1.0923,+2.33881
+1.0927,+2.25494
+1.0932,+2.07559
+1.0936,+2.03459
+1.0939,+1.98129
+1.0943,+1.9504
+1.0947,+1.80883
+1.0952,+1.7477
+1.0956,+1.81452
+1.096,+1.64821
+1.0963,+1.57225
+1.0967,+1.50792
+1.0972,+1.53684
+1.0976,+1.67351
+1.098,+1.50153
+1.0983,+1.37685
+1.0987,+1.32916
+1.0992,+1.3285
+1.0996,+1.1757
+1.0999,+1.20466
+1.1004,+1.16385
+1.1007,+1.2334
+1.1012,+1.13044
+1.1016,+1.11457
+1.102,+1.24965
+1.1023,+1.322
+1.1027,+1.24281
+1.1032,+1.24408
+1.1036,+1.30703
+1.104,+1.37901
+1.1043,+1.27437
+1.1047,+1.29257
+1.1052,+1.31958
+1.1056,+1.13586
+1.106,+0.969873
+1.1063,+0.772193
+1.1067,+0.81425
+1.1072,+0.668027
+1.1077,+0.552042
+1.108,+0.295745
+1.1083,+0.298309
+1.1087,+0.0693036
+1.1092,-0.0149215
+1.1096,-0.175613
+1.11,-0.346354
+1.1103,-0.41807
+1.1107,-0.65466
+1.1112,-0.761862
+1.1116,-0.91175
+1.112,-1.09741
+1.1123,-1.3286
+1.1127,-1.51892
+1.1139,-1.73183
+1.1141,-1.93539
+1.1143,-2.19733
+1.1147,-2.45794
+1.1152,-2.58726
+1.1156,-2.6688
+1.1159,-2.96268
+1.1163,-3.15842
+1.1167,-3.46829
+1.1172,-3.61617
+1.1176,-3.77803
+1.1179,-4.06243
+1.1183,-4.25022
+1.1187,-4.42859
+1.1192,-4.73127
+1.1196,-4.9849
+1.12,-5.10629
+1.1203,-5.28749
+1.1207,-5.39409
+1.1212,-5.61258
+1.1216,-5.79395
+1.122,-5.82373
+1.1223,-5.89797
+1.1227,-5.96651
+1.1232,-5.97663
+1.1236,-6.10149
+1.124,-6.11736
+1.1243,-6.08364
+1.1247,-5.92627
+1.1252,-5.75894
+1.1256,-5.79847
+1.126,-5.77599
+1.1263,-5.67034
+1.1267,-5.60899
+1.1272,-5.49739
+1.1276,-5.46014
+1.1279,-5.29499
+1.1283,-5.32092
+1.1287,-5.38938
+1.1292,-5.37199
+1.1296,-5.1921
+1.1299,-5.13497
+1.1303,-4.99629
+1.1307,-4.81646
+1.1312,-4.63878
+1.1316,-4.36817
+1.132,-4.32534
+1.1323,-4.01819
+1.1327,-3.8093
+1.1332,-3.62392
+1.1336,-3.40565
+1.1339,-3.0918
+1.1343,-2.98847
+1.1347,-2.80805
+1.1352,-2.74258
+1.1356,-2.60506
+1.136,-2.21182
+1.1363,-2.08814
+1.1367,-1.79238
+1.1372,-1.525
+1.1376,-1.33379
+1.1381,-1.188
+1.1383,-0.814591
+1.1388,-0.631606
+1.1392,-0.320379
+1.1396,-0.182233
+1.14,-0.100753
+1.1403,+0.103206
+1.1407,+0.367382
+1.1412,+0.537911
+1.1416,+0.736322
+1.142,+0.978713
+1.1423,+1.20315
+1.1427,+1.48627
+1.1432,+1.71704
+1.1436,+2.01865
+1.144,+2.22073
+1.1443,+2.58447
+1.1447,+2.75654
+1.1452,+3.02777
+1.1456,+3.21579
+1.146,+3.4669
+1.1463,+3.55113
+1.1467,+3.83511
+1.1471,+3.97358
+1.1476,+4.17681
+1.148,+4.46264
+1.1483,+4.59279
+1.1487,+4.69821
+1.1492,+4.74602
+1.1496,+5.05806
+1.15,+5.26597
+1.1503,+5.49249
+1.1507,+5.54782
+1.1512,+5.80742
+1.1516,+5.99031
+1.152,+6.13892
+1.1523,+6.28758
+1.1528,+6.421
+1.1532,+6.56779
+1.1536,+6.65123
+1.154,+6.67155
+1.1543,+6.90122
+1.1547,+6.88764
+1.1552,+6.97726
+1.1556,+7.0157
+1.156,+7.07605
+1.1563,+7.24918
+1.1567,+7.39749
+1.1572,+7.48327
+1.1576,+7.40185
+1.1581,+7.4074
+1.1583,+7.30412
+1.1587,+7.39119
+1.1592,+7.37031
+1.1596,+7.39127
+1.1599,+7.36248
+1.1603,+7.26989
+1.1607,+7.22312
+1.1612,+7.17413
+1.1616,+7.12829
+1.162,+7.14394
+1.1623,+7.08754
+1.1627,+7.02405
+1.1632,+6.85343
+1.1636,+6.67414
+1.164,+6.54212
+1.1643,+6.40599
+1.1647,+6.29775
+1.1652,+6.26696
+1.1656,+6.15842
+1.166,+6.04912
+1.1663,+5.9243
+1.1667,+5.88726
+1.1672,+5.81177
+1.1676,+5.75683
+1.168,+5.73678
+1.1683,+5.61478
+1.1687,+5.44179
+1.1692,+5.20068
+1.1696,+5.03427
+1.17,+4.81923
+1.1703,+4.74311
+1.1707,+4.51799
+1.1712,+4.44917
+1.1716,+4.31002
+1.1719,+4.01042
+1.1723,+3.78441
+1.1727,+3.60937
+1.1732,+3.40512
+1.1736,+3.28528
+1.174,+3.00855
+1.1743,+2.74233
+1.1747,+2.44131
+1.1752,+2.16378
+1.1756,+1.90774
+1.176,+1.77375
+1.1763,+1.48042
+1.1767,+1.19873
+1.1772,+1.11694
+1.1776,+0.830865
+1.178,+0.675476
+1.1783,+0.391217
+1.1787,+0.215266
+1.1792,+0.0535112
+1.1796,-0.165378
+1.18,-0.254435
+1.1803,-0.384782
+1.1807,-0.564516
+1.1812,-0.899916
+1.1816,-1.00692
+1.182,-1.14302
+1.1823,-1.18988
+1.1827,-1.29834
+1.1832,-1.50806
+1.1836,-1.7083
+1.184,-2.1674
+1.1843,-2.31505
+1.1847,-2.53095
+1.1852,-2.61825
+1.1856,-2.91804
+1.186,-3.00088
+1.1863,-3.41763
+1.1867,-3.61847
+1.1872,-3.91018
+1.1876,-4.02125
+1.188,-4.0151
+1.1885,-4.15406
+1.1887,-4.19409
+1.1892,-4.44105
+1.1896,-4.53538
+1.19,-5.05346
+1.1903,-5.00337
+1.1907,-5.30659
+1.1912,-5.37366
+1.1916,-5.514
+1.192,-5.6554
+1.1923,-5.75812
+1.1927,-5.85144
+1.1932,-5.99947
+1.1936,-5.94708
+1.194,-5.72728
+1.1943,-5.86579
+1.1947,-5.74559
+1.1952,-5.82872
+1.1956,-5.93686
+1.196,-6.03594
+1.1963,-6.14042
+1.1967,-6.25214
+1.1972,-6.3089
+1.1976,-6.41999
+1.198,-6.53733
+1.1983,-6.69512
+1.1987,-6.86212
+1.1992,-6.93649
+1.1996,-7.066
+1.2,-7.32676
+1.2003,-7.29865
+1.2007,-7.4382
+1.2012,-7.53657
+1.2016,-7.72088
+1.202,-7.71561
+1.2023,-7.67351
+1.2028,-7.59464
+1.2032,-7.62366
+1.2036,-7.57135
+1.204,-7.4936
+1.2043,-8.5878
+1.2047,-8.68394
+1.2052,-8.73875
+1.2056,-8.93541
+1.206,-9.07439
+1.2063,-9.19318
+1.2067,-9.38
+1.2072,-9.46686
+1.2076,-9.6411
+1.208,-9.83487
+1.2083,-9.91417
+1.2087,-10.0156
+1.2092,-10.163
+1.2096,-10.2538
+1.21,-10.485
+1.2103,-10.6082
+1.2107,-10.7866
+1.2112,-11.016
+1.2116,-11.1056
+1.212,-11.3243
+1.2123,-11.5636
+1.2127,-11.7907
+1.2132,-11.9861
+1.2136,-12.0449
+1.214,-12.3012
+1.2143,-12.5712
+1.2147,-12.8226
+1.2152,-13.0813
+1.2163,-13.4001
+1.2164,-13.5042
+1.2167,-13.7179
+1.2172,-13.9008
+1.2176,-14.0273
+1.218,-14.3439
+1.2183,-14.3453
+1.2188,-14.5307
+1.2192,-14.7172
+1.2196,-14.7785
+1.22,-14.9021
+1.2203,-14.901
+1.2207,-15.057
+1.2212,-15.2633
+1.2216,-15.3494
+1.222,-15.2984
+1.2223,-15.485
+1.2227,-15.4936
+1.2231,-15.4614
+1.2236,-15.5009
+1.224,-15.5087
+1.2243,-15.7292
+1.2247,-15.8305
+1.2252,-15.7536
+1.2256,-15.8891
+1.226,-16.0007
+1.2263,-16.0071
+1.2267,-16.189
+1.2272,-16.4023
+1.2276,-16.6487
+1.228,-16.7933
+1.2283,-16.8501
+1.2287,-16.8485
+1.2292,-16.7988
+1.2296,-16.8543
+1.23,-17.0034
+1.2303,-17.2137
+1.2307,-17.0932
+1.2312,-16.9161
+1.2316,-16.8656
+1.232,-16.8269
+1.2323,-16.8844
+1.2327,-16.798
+1.2331,-16.8612
+1.2336,-16.7455
+1.234,-16.6832
+1.2343,-16.4826
+1.2347,-16.3258
+1.2352,-16.2951
+1.2356,-16.0065
+1.236,-15.6462
+1.2363,-15.3813
+1.2367,-15.3104
+1.2371,-15.1674
+1.2376,-14.9621
+1.238,-14.7849
+1.2383,-14.5858
+1.2387,-14.524
+1.2391,-14.3969
+1.2396,-14.4589
+1.24,-14.6065
+1.2403,-14.4911
+1.2407,-14.3467
+1.2412,-14.0321
+1.2416,-13.8578
+1.242,-13.6049
+1.2423,-13.6751
+1.2427,-13.5051
+1.2431,-13.4083
+1.2436,-12.967
+1.244,-12.7057
+1.2443,-12.5475
+1.2447,-12.3052
+1.2451,-12.2288
+1.2456,-12.081
+1.246,-11.8999
+1.2463,-11.4627
+1.2467,-11.2135
+1.2471,-10.9197
+1.2476,-10.9552
+1.248,-10.6837
+1.2483,-10.3375
+1.2487,-10.1499
+1.2492,-9.90732
+1.2496,-9.70686
+1.25,-9.57786
+1.2503,-9.42
+1.2507,-9.32435
+1.2512,-9.11402
+1.2516,-8.74196
+1.252,-8.57538
+1.2523,-8.28803
+1.2527,-7.97225
+1.2531,-7.71033
+1.2536,-7.45912
+1.254,-7.09985
+1.2543,-6.80847
+1.2547,-6.27108
+1.2551,-5.9185
+1.2556,-5.71485
+1.256,-5.50307
+1.2563,-5.30543
+1.2567,-4.9492
+1.2571,-4.71911
+1.2576,-4.42213
+1.258,-4.03835
+1.2583,-3.74255
+1.2587,-3.71613
+1.2592,-3.50925
+1.2596,-3.11856
+1.26,-2.72793
+1.2603,-2.49489
+1.2607,-2.27923
+1.2612,-2.00197
+1.2616,-1.73301
+1.262,-1.48092
+1.2623,-1.17798
+1.2627,-0.842473
+1.2631,-0.463104
+1.2636,-0.215578
+1.264,+0.0718428
+1.2643,+0.421244
+1.2647,+0.554192
+1.2651,+0.697408
+1.2656,+0.953935
+1.266,+1.00892
+1.2663,+1.24346
+1.2667,+1.49686
+1.2671,+1.56385
+1.2676,+1.80965
+1.268,+1.84834
+1.2683,+1.8865
+1.2687,+2.19191
+1.2691,+2.4561
+1.2696,+2.51337
+1.27,+2.60104
+1.2703,+2.56587
+1.2707,+2.56892
+1.2711,+2.65236
+1.2716,+2.66477
+1.272,+2.71645
+1.2723,+2.67753
+1.2727,+2.64269
+1.2731,+2.46669
+1.2736,+2.55057
+1.274,+2.52131
+1.2743,+2.58468
+1.2747,+2.62842
+1.2751,+2.47389
+1.2756,+2.34708
+1.276,+2.25042
+1.2763,+2.16537
+1.2767,+1.98113
+1.2771,+1.86593
+1.2776,+1.52183
+1.278,+1.34976
+1.2783,+1.16616
+1.2787,+0.919182
+1.2791,+0.765246
+1.2796,+0.479554
+1.28,+0.260312
+1.2803,+0.021506
+1.2807,-0.197657
+1.2811,-0.443
+1.2816,-0.624626
+1.282,-0.92487
+1.2823,-1.38875
+1.2827,-1.77167
+1.2831,-2.07875
+1.2836,-2.35232
+1.284,-2.7346
+1.2843,-3.14692
+1.2847,-3.49086
+1.2851,-3.86199
+1.2856,-4.25424
+1.286,-4.53988
+1.2863,-4.9019
+1.2867,-5.22818
+1.2871,-5.59101
+1.2876,-5.95733
+1.288,-6.18221
+1.2883,-6.37724
+1.2887,-6.76651
+1.2891,-7.05779
+1.2898,-7.27521
+1.2901,-7.44799
+1.2904,-7.59233
+1.2907,-8.04127
+1.2911,-8.20002
+1.2916,-8.57909
+1.292,-8.83683
+1.2923,-9.16509
+1.2927,-9.39025
+1.2931,-9.64032
+1.2936,-10.0506
+1.294,-10.572
+1.2943,-10.8422
+1.2947,-10.8322
+1.2951,-11.2958
+1.2956,-11.5252
+1.296,-11.8167
+1.2963,-11.8529
+1.2967,-12.2143
+1.2971,-12.1548
+1.2976,-12.1019
+1.298,-11.8854
+1.2983,-12.0306
+1.2987,-12.0458
+1.2991,-11.861
+1.2996,-11.9877
+1.3,-11.7889
+1.3003,-11.7025
+1.3007,-11.5583
+1.3012,-11.6527
+1.3016,-11.7091
+1.302,-11.7745
+1.3023,-11.5229
+1.3027,-11.4538
+1.3031,-11.3957
+1.3036,-11.05
+1.304,-11.0504
+1.3043,-10.9868
+1.3047,-10.5888
+1.3051,-10.3988
+1.3056,-10.2201
+1.306,-10.0904
+1.3063,-9.95565
+1.3067,-9.83606
+1.3071,-9.53926
+1.3076,-9.53299
+1.308,-9.49977
+1.3083,-9.3681
+1.3087,-9.36021
+1.3091,-9.3288
+1.3096,-9.07196
+1.31,-8.9253
+1.3103,-8.69817
+1.3107,-8.44828
+1.3111,-8.51208
+1.3116,-7.97279
+1.312,-7.45514
+1.3123,-7.27475
+1.3127,-6.97339
+1.3131,-6.63463
+1.3136,-6.34274
+1.314,-6.0149
+1.3143,-5.81048
+1.3147,-5.58611
+1.3151,-5.15614
+1.3156,-5.1428
+1.316,-4.92823
+1.3163,-4.57765
+1.3167,-4.41469
+1.3171,-4.17819
+1.3176,-3.8949
+1.3187,-3.53446
+1.3189,-3.24983
+1.3191,-2.83979
+1.3196,-2.74145
+1.32,-2.38493
+1.3203,-2.27393
+1.3207,-2.09399
+1.3211,-1.89686
+1.3216,-1.63143
+1.322,-1.59078
+1.3223,-1.45074
+1.3227,-1.3804
+1.3231,-1.43296
+1.3236,-1.2885
+1.324,-1.23757
+1.3243,-1.07824
+1.3247,-0.936615
+1.3251,-0.872937
+1.3256,-0.8521
+1.326,-0.870072
+1.3263,-0.848223
+1.3267,-0.727124
+1.3271,-0.680538
+1.3276,-0.647199
+1.328,-0.730588
+1.3283,-0.915457
+1.3287,-1.03341
+1.3291,-1.11699
+1.3296,-1.23465
+1.33,-1.24211
+1.3303,-1.47582
+1.3307,-1.74305
+1.3311,-1.86232
+1.3316,-2.02728
+1.332,-2.04103
+1.3323,-2.13911
+1.3327,-2.37835
+1.3331,-2.48652
+1.3336,-2.63546
+1.334,-2.88059
+1.3343,-3.0712
+1.3347,-3.17387
+1.3351,-3.46508
+1.3356,-3.59206
+1.336,-3.91293
+1.3363,-4.09156
+1.3367,-4.28833
+1.3371,-4.59582
+1.3376,-4.87141
+1.338,-4.95739
+1.3383,-5.07804
+1.3387,-5.32952
+1.3391,-5.54271
+1.3396,-5.83844
+1.34,-6.06053
+1.3405,-6.33998
+1.3407,-6.57818
+1.3411,-6.65234
+1.3416,-6.77372
+1.342,-6.90905
+1.3423,-7.18168
+1.3427,-7.31248
+1.3431,-7.39967
+1.3436,-7.38959
+1.344,-7.27289
+1.3443,-7.35913
+1.3447,-7.24168
+1.3451,-7.33261
+1.3456,-7.30152
+1.346,-7.31432
+1.3463,-7.13415
+1.3467,-7.0083
+1.3471,-7.0469
+1.3476,-6.88951
+1.348,-7.01847
+1.3483,-6.79339
+1.3487,-6.74125
+1.3491,-6.49775
+1.3496,-6.34418
+1.35,-6.34207
+1.3503,-6.15969
+1.3507,-6.08712
+1.3512,-5.7843
+1.3516,-5.78175
+1.352,-5.46478
+1.3523,-5.3232
+1.3527,-5.07408
+1.3531,-4.92679
+1.3536,-4.75098
+1.354,-4.27898
+1.3543,-4.2133
+1.3547,-3.9191
+1.3551,-3.72675
+1.3556,-3.47741
+1.356,-3.19179
+1.3563,-2.92337
+1.3567,-2.73355
+1.3571,-2.56903
+1.3576,-2.32605
+1.358,-2.23858
+1.3583,-1.92784
+1.3587,-1.6853
+1.3591,-1.39185
+1.3596,-1.2157
+1.36,-1.0931
+1.3603,-0.813336
+1.3607,-0.61876
+1.3611,-0.269763
+1.3616,-0.0952303
+1.362,+0.108507
+1.3623,+0.434462
+1.3627,+0.649203
+1.3631,+0.77242
+1.3636,+1.15783
+1.364,+1.49069
+1.3643,+1.76929
+1.3647,+2.14547
+1.3651,+2.41363
+1.3656,+2.67477
+1.366,+3.0619
+1.3663,+3.18073
+1.3667,+3.45241
+1.3671,+3.75465
+1.3676,+4.02776
+1.368,+4.26057
+1.3683,+4.39686
+1.3687,+4.50231
+1.3691,+4.78446
+1.3696,+5.05307
+1.37,+5.167
+1.3703,+5.47063
+1.3708,+5.64227
+1.3711,+5.94357
+1.3716,+6.1246
+1.372,+6.28822
+1.3723,+6.50018
+1.3727,+6.86142
+1.3731,+7.01729
+1.3736,+7.19082
+1.374,+7.36522
+1.3744,+7.54449
+1.3747,+7.76267
+1.3751,+7.72615
+1.3756,+7.82094
+1.376,+7.91739
+1.3763,+8.10552
+1.3767,+7.97016
+1.3771,+7.9247
+1.3776,+7.94557
+1.378,+7.83601
+1.3783,+7.81144
+1.3787,+7.72157
+1.3791,+7.71017
+1.3796,+7.60773
+1.38,+7.59197
+1.3804,+7.27312
+1.3807,+7.22795
+1.3811,+7.06929
+1.3816,+6.92362
+1.382,+6.97411
+1.3823,+6.63995
+1.3827,+6.49833
+1.3831,+6.32281
+1.3836,+6.20664
+1.384,+5.8727
+1.3844,+5.69611
+1.3847,+5.36075
+1.3851,+5.12424
+1.3856,+4.69356
+1.386,+4.30134
+1.3863,+3.98386
+1.3867,+3.54844
+1.3871,+3.17104
+1.3876,+2.75506
+1.388,+2.50691
+1.3883,+2.13207
+1.3887,+1.70117
+1.3891,+1.23158
+1.3896,+1.06117
+1.39,+0.619447
+1.3904,+0.354645
+1.3907,-0.0575435
+1.3911,-0.393485
+1.3916,-0.69022
+1.392,-1.22633
+1.3924,-1.56559
+1.3927,-1.85812
+1.3931,-2.15873
+1.3935,-2.59843
+1.394,-3.03517
+1.3943,-3.45987
+1.3947,-3.90727
+1.3951,-4.38951
+1.3956,-4.92067
+1.396,-5.39328
+1.3963,-5.66747
+1.3967,-6.06363
+1.3971,-6.60662
+1.3976,-7.08681
+1.398,-7.52528
+1.3984,-7.99507
+1.3987,-8.41165
+1.3991,-8.5812
+1.3996,-8.96739
+1.4,-9.24972
+1.4004,-9.68652
+1.4007,-10.2241
+1.4012,-10.4685
+1.4015,-10.7063
+1.402,-10.868
+1.4023,-11.3807
+1.4027,-11.5409
+1.4031,-12.0463
+1.4036,-12.3648
+1.404,-12.571
+1.4044,-13.0224
+1.4047,-13.2839
+1.4051,-16.3429
+1.4056,-16.7333
+1.406,-17.0507
+1.4063,-17.0076
+1.4067,-17.2956
+1.4071,-17.5458
+1.4076,-17.7778
+1.408,-18.0905
+1.4084,-18.1453
+1.4087,-18.2997
+1.4091,-18.4774
+1.4096,-18.4754
+1.41,-18.6394
+1.4104,-18.7
+1.4107,-18.8196
+1.4111,-18.8221
+1.4116,-18.8756
+1.412,-18.8198
+1.4123,-18.8387
+1.4127,-18.7134
+1.4131,-18.7392
+1.4136,-18.7028
+1.414,-18.7026
+1.4144,-18.8032
+1.4147,-18.7105
+1.4151,-18.6215
+1.4156,-18.5507
+1.416,-18.4156
+1.4164,-18.3005
+1.4167,-18.2813
+1.4171,-18.2149
+1.4176,-18.1833
+1.418,-17.9779
+1.4183,-17.6915
+1.4187,-17.4866
+1.4191,-17.3022
+1.4196,-17.2257
+1.42,-17.1067
+1.4211,-16.9959
+1.4213,-16.7253
+1.4216,-16.4466
+1.422,-16.1974
+1.4223,-15.9732
+1.4227,-15.7534
+1.4231,-15.557
+1.4236,-15.2376
+1.424,-14.7149
+1.4244,-14.5244
+1.4247,-14.0998
+1.4251,-13.7854
+1.4256,-13.5133
+1.426,-13.3215
+1.4264,-13.1125
+1.4267,-12.8214
+1.4271,-12.5558
+1.4276,-12.3302
+1.428,-12.0808
+1.4283,-11.6761
+1.4287,-11.478
+1.4291,-11.0881
+1.4296,-10.8481
+1.43,-10.4527
+1.4304,-9.92017
+1.4307,-9.70535
+1.4311,-9.30032
+1.4316,-8.91646
+1.432,-8.69178
+1.4323,-8.43959
+1.4327,-8.07999
+1.4331,-7.89399
+1.4335,-7.44012
+1.434,-7.17703
+1.4343,-6.79071
+1.4347,-6.31849
+1.4351,-6.08854
+1.4356,-5.76074
+1.436,-5.45003
+1.4363,-5.14257
+1.4367,-4.80883
+1.4371,-4.35814
+1.4376,-4.03371
+1.438,-3.70694
+1.4384,-3.50694
+1.4387,-3.16461
+1.4391,-2.9288
+1.4396,-2.69354
+1.44,-2.33489
+1.4404,-2.05398
+1.4407,-1.85563
+1.4411,-1.74041
+1.4415,-1.49913
+1.4421,-1.20919
+1.4424,-0.943495
+1.4427,-0.801604
+1.4431,-0.526357
+1.4436,-0.201528
+1.444,-0.0293783
+1.4444,+0.290342
+1.4447,+0.482566
+1.4451,+0.847877
+1.4456,+1.2197
+1.446,+1.54518
+1.4464,+1.76404
+1.4467,+1.93895
+1.4471,+2.22398
+1.4476,+2.30376
+1.448,+2.41328
+1.4483,+2.44396
+1.4487,+2.77734
+1.4491,+2.84302
+1.4495,+2.80083
+1.45,+2.94566
+1.4504,+3.14642
+1.4507,+3.42716
+1.4511,+3.49612
+1.4516,+3.73168
+1.452,+4.1171
+1.4523,+4.27842
+1.4527,+4.2424
+1.4531,+4.44146
+1.4536,+4.53195
+1.454,+4.70422
+1.4544,+4.71291
+1.4547,+4.76446
+1.4551,+4.85986
+1.4556,+4.82938
+1.456,+4.81836
+1.4564,+4.97387
+1.4567,+5.18698
+1.4571,+5.1561
+1.4575,+5.16275
+1.458,+4.94148
+1.4584,+4.89052
+1.4587,+4.80085
+1.4591,+4.83114
+1.4596,+4.81731
+1.46,+4.62984
+1.4604,+4.62148
+1.4607,+4.43281
+1.4611,+4.38588
+1.4616,+4.44513
+1.462,+4.36194
+1.4623,+4.3962
+1.4627,+4.30694
+1.4631,+4.13949
+1.4635,+4.07783
+1.464,+3.99747
+1.4644,+3.7237
+1.4647,+3.66457
+1.4651,+3.45137
+1.4655,+3.32299
+1.466,+3.30138
+1.4664,+3.1458
+1.4667,+3.06029
+1.4671,+2.93812
+1.4676,+2.76215
+1.468,+2.67494
+1.4683,+2.57656
+1.4687,+2.27374
+1.4691,+2.18128
+1.4696,+1.96966
+1.47,+1.77877
+1.4704,+1.56682
+1.4707,+1.39868
+1.4711,+1.19308
+1.4716,+0.953582
+1.472,+0.676599
+1.4724,+0.52538
+1.4727,+0.32479
+1.4731,+0.102933
+1.4735,-0.0671117
+1.474,-0.36375
+1.4744,-0.656696
+1.4747,-0.872698
+1.4751,-1.07908
+1.4756,-1.28743
+1.476,-1.36337
+1.4764,-1.63628
+1.4767,-1.82105
+1.4771,-2.03543
+1.4776,-2.25563
+1.478,-2.46579
+1.4783,-2.76006
+1.4787,-2.99576
+1.4791,-3.15981
+1.4796,-3.42372
+1.48,-3.70979
+1.4804,-4.02403
+1.4807,-4.20305
+1.4811,-4.46412
+1.4815,-4.88547
+1.482,-5.11548
+1.4824,-5.30546
+1.4827,-5.78922
+1.4831,-6.13183
+1.4836,-6.41052
+1.484,-6.85979
+1.4844,-7.0558
+1.4847,-7.46467
+1.4851,-7.84927
+1.4856,-8.08657
+1.486,-8.39306
+1.4864,-8.62449
+1.4867,-8.76803
+1.4871,-8.96563
+1.4876,-9.20378
+1.488,-9.34518
+1.4884,-9.5949
+1.4887,-9.73873
+1.4891,-9.91949
+1.4895,-10.2287
+1.49,-10.3622
+1.4904,-10.564
+1.4907,-10.7884
+1.4911,-10.9599
+1.4916,-11.1211
+1.492,-11.1642
+1.4924,-11.3365
+1.4929,-11.7764
+1.4931,-11.7217
+1.4936,-11.5975
+1.494,-11.7395
+1.4944,-11.9175
+1.4947,-11.9185
+1.4951,-12.1509
+1.4955,-12.2363
+1.496,-12.3487
+1.4964,-12.3049
+1.4967,-12.2566
+1.4971,-12.461
+1.4975,-12.6274
+1.498,-12.7373
+1.4984,-12.7487
+1.4987,-13.0169
+1.4991,-12.9996
+1.4997,-13.162
+1.5,-13.0853
+1.5004,-13.1381
+1.5007,-12.9692
+1.5011,-13.1731
+1.5016,-13.047
+1.502,-12.9643
+1.5024,-12.9089
+1.5027,-12.6198
+1.5031,-12.5382
+1.5036,-12.3043
+1.504,-12.2756
+1.5044,-12.1795
+1.5047,-12.1644
+1.5051,-11.9184
+1.5055,-12.0934
+1.506,-12.1252
+1.5064,-12.0565
+1.5067,-11.9257
+1.5071,-11.9148
+1.5076,-11.6803
+1.508,-11.7495
+1.5084,-11.705
+1.5087,-11.5458
+1.5091,-11.4381
+1.5095,-11.1714
+1.51,-11.0203
+1.5104,-11.001
+1.5107,-10.9849
+1.5111,-10.7485
+1.5115,-10.7844
+1.512,-10.8078
+1.5124,-10.7281
+1.5127,-10.5185
+1.5131,-10.5084
+1.5135,-10.3262
+1.5142,-10.1732
+1.5144,-9.92938
+1.5147,-9.81152
+1.5151,-9.82906
+1.5155,-9.7428
+1.516,-9.44361
+1.5164,-9.44355
+1.5167,-9.25314
+1.5171,-8.93681
+1.5176,-8.99248
+1.518,-8.88097
+1.5184,-8.78285
+1.5187,-8.56509
+1.5191,-8.23943
+1.5195,-8.23841
+1.52,-8.13728
+1.5204,-7.97898
+1.5207,-7.98074
+1.5211,-7.8013
+1.5215,-7.64582
+1.522,-7.40802
+1.5224,-7.24803
+1.5235,-7.09661
+1.5237,-6.98825
+1.524,-6.60946
+1.5243,-6.4475
+1.5247,-6.17273
+1.5251,-6.14121
+1.5255,-5.9045
+1.5261,-5.69925
+1.5264,-5.54604
+1.5269,-5.38912
+1.5272,-5.31544
+1.5276,-5.30348
+1.528,-5.2334
+1.5284,-5.12977
+1.5287,-5.12972
+1.5291,-4.74702
+1.5295,-4.67433
+1.53,-4.46657
+1.5304,-4.38042
+1.5307,-4.21503
+1.5311,-3.9866
+1.5315,-3.68664
+1.532,-3.66958
+1.5324,-3.42501
+1.5327,-3.16682
+1.5331,-3.13079
+1.5336,-3.06354
+1.534,-2.92677
+1.5344,-2.81874
+1.5347,-2.74115
+1.5351,-2.70516
+1.5355,-2.66487
+1.536,-2.41742
+1.5363,-2.22335
+1.5367,-2.19367
+1.5371,-2.04753
+1.5375,-1.96314
+1.538,-1.92399
+1.5383,-1.77075
+1.5387,-1.66479
+1.5391,-1.48383
+1.5395,-1.32109
+1.54,-1.2865
+1.5404,-1.2633
+1.5407,-0.966737
+1.5411,-0.78717
+1.5415,-0.748872
+1.542,-0.649235
+1.5424,-0.580304
+1.5427,-0.53217
+1.5432,-0.558176
+1.5436,-0.493036
+1.544,-0.369846
+1.5443,-0.375393
+1.5447,-0.402283
+1.5451,-0.467029
+1.5455,-0.227338
+1.546,-0.229422
+1.5464,-0.153408
+1.5467,-0.0239059
+1.5471,+0.124535
+1.5475,+0.139174
+1.548,+0.163254
+1.5484,+0.278863
+1.5487,+0.446287
+1.5491,+0.422444
+1.5496,+0.35611
+1.55,+0.41023
+1.5504,+0.300666
+1.5507,+0.298438
+1.5511,+0.336646
+1.5515,+0.293277
+1.552,+0.26352
+1.5524,+0.285297
+1.5527,+0.161703
+1.5531,+0.265152
+1.5535,+0.307348
+1.554,+0.28663
+1.5544,+0.357946
+1.5547,+0.336285
+1.5551,+0.0851631
+1.5555,+0.121757
+1.556,+0.160865
+1.5564,-0.0635083
+1.5567,-0.205587
+1.5571,-0.281644
+1.5575,-0.384488
+1.558,-0.431341
+1.5584,-0.552425
+1.5587,-0.711571
+1.5591,-0.710235
+1.5595,-0.865879
+1.56,-0.964994
+1.5604,-0.933069
+1.5607,-0.864486
+1.5611,-0.901294
+1.5615,-1.0634
+1.562,-1.29269
+1.5624,-1.28044
+1.5627,-1.23169
+1.5631,-1.30366
+1.5635,-1.25278
+1.564,-1.44472
+1.5644,-1.55645
+1.5647,-1.69947
+1.5651,-1.88552
+1.5655,-2.0464
+1.566,-2.11785
+1.5664,-2.24372
+1.5667,-2.35762
+1.5671,-2.45873
+1.5675,-2.59004
+1.568,-2.66191
+1.5684,-2.78078
+1.5687,-2.9881
+1.5691,-3.10464
+1.5695,-3.20094
+1.57,-3.1804
+1.5704,-3.36679
+1.5707,-3.68519
+1.5711,-3.83912
+1.5715,-4.0868
+1.572,-4.21253
+1.5724,-4.30773
+1.5727,-4.31154
+1.5731,-4.51212
+1.5736,-4.6344
+1.574,-4.8433
+1.5744,-4.91846
+1.5747,-4.96541
+1.5751,-5.08691
+1.5755,-5.15283
+1.576,-5.22961
+1.5764,-5.36225
+1.5767,-5.6204
+1.5771,-5.75882
+1.5775,-5.85726
+1.578,-6.06946
+1.5784,-6.20959
+1.5787,-6.38982
+1.5791,-6.50166
+1.5795,-6.60693
+1.58,-6.76788
+1.5804,-6.91907
+1.5807,-7.15038
+1.5811,-7.26743
+1.5815,-7.40188
+1.582,-7.47739
+1.5824,-7.63134
+1.5827,-7.73431
+1.5831,-7.82415
+1.5835,-7.92258
+1.5841,-7.89039
+1.5844,-8.04296
+1.5847,-8.06419
+1.5851,-8.00247
+1.5855,-8.09956
+1.586,-8.04793
+1.5864,-8.03114
+1.5867,-8.02327
+1.5871,-8.05019
+1.5875,-8.08672
+1.588,-8.18643
+1.5884,-8.24307
+1.5887,-8.12382
+1.5891,-8.35112
+1.5895,-8.26443
+1.59,-8.24933
+1.5904,-8.44413
+1.5907,-8.44072
+1.5911,-8.46467
+1.5915,-8.40729
+1.592,-8.53465
+1.5924,-8.49044
+1.5927,-8.56088
+1.5931,-8.44086
+1.5935,-8.46573
+1.594,-8.56178
+1.5944,-8.47651
+1.5947,-8.49324
+1.5951,-8.45463
+1.5955,-8.62206
+1.596,-8.52463
+1.5964,-8.48972
+1.5967,-8.56209
+1.5971,-8.58503
+1.5975,-8.55756
+1.598,-8.56598
+1.5984,-8.53141
+1.5987,-8.49974
+1.5991,-8.49577
+1.5995,-8.44882
+1.6,-8.34098
+1.6004,-8.32034
+1.6007,-8.19655
+1.6011,-8.12762
+1.6015,-8.00882
+1.6021,-8.00096
+1.6024,-7.92831
+1.6027,-7.96027
+1.6031,-7.97925
+1.6035,-7.87842
+1.604,-7.98955
+1.6044,-7.9156
+1.6047,-7.82374
+1.6051,-7.71497
+1.6055,-7.77831
+1.606,-8.04616
+1.6064,-8.03532
+1.6067,-7.81949
+1.6071,-7.79058
+1.6076,-7.8058
+1.608,-7.88718
+1.6084,-7.90988
+1.6087,-7.89581
+1.6091,-8.00226
+1.6095,-7.9466
+1.61,-7.9941
+1.6104,-7.98187
+1.6107,-7.99148
+1.6111,-7.88732
+1.6115,-7.81538
+1.6121,-7.56092
+1.6124,-7.45882
+1.6127,-7.46111
+1.6131,-7.32963
+1.6135,-7.25625
+1.614,-7.15962
+1.6144,-6.98732
+1.6147,-6.90364
+1.6151,-6.94084
+1.6155,-6.90182
+1.616,-6.82625
+1.6164,-6.77121
+1.6167,-6.67292
+1.6171,-6.6247
+1.6175,-6.7039
+1.618,-6.62529
+1.6184,-6.68583
+1.6187,-6.65975
+1.6191,-6.48977
+1.6195,-6.44476
+1.62,-6.51805
+1.6204,-6.49257
+1.6208,-6.50361
+1.6211,-6.52667
+1.6215,-6.37317
+1.622,-6.33766
+1.6224,-6.25955
+1.6227,-6.29165
+1.6231,-6.3347
+1.6235,-6.22102
+1.624,-6.19613
+1.626,-6.11598
+1.6262,-6.05375
+1.6265,-5.98182
+1.6268,-5.94768
+1.6271,-5.82289
+1.6275,-5.83055
+1.628,-5.74803
+1.6284,-5.74505
+1.6287,-5.84351
+1.6291,-5.64951
+1.6295,-5.63539
+1.63,-5.57705
+1.6304,-5.54656
+1.6307,-5.47733
+1.6311,-5.48974
+1.6315,-5.49302
+1.632,-5.49697
+1.6324,-5.41663
+1.6327,-5.35382
+1.6331,-5.43734
+1.6335,-5.33828
+1.634,-5.36317
+1.6344,-5.29375
+1.6347,-5.38273
+1.6351,-5.35787
+1.6356,-5.27101
+1.636,-5.22557
+1.6364,-5.16911
+1.6367,-5.01455
+1.6371,-4.86615
+1.6375,-4.74591
+1.638,-4.58366
+1.6384,-4.55334
+1.6387,-4.37596
+1.6391,-4.29895
+1.6395,-4.20535
+1.64,-4.12323
+1.6404,-4.12071
+1.6408,-4.22198
+1.6411,-4.13445
+1.6415,-4.13028
+1.642,-4.01007
+1.6424,-3.925
+1.6427,-3.84359
+1.6431,-3.8157
+1.6435,-3.90217
+1.644,-3.90201
+1.6444,-3.78243
+1.6447,-3.72288
+1.6451,-3.78613
+1.6455,-3.81108
+1.646,-3.89576
+1.6464,-3.82657
+1.6467,-3.73925
+1.6471,-3.71871
+1.6475,-3.44035
+1.648,-3.29434
+1.6484,-3.26889
+1.6487,-3.06144
+1.6491,-2.81374
+1.6495,-2.8524
+1.65,-2.75178
+1.6504,-2.56225
+1.6507,-2.52134
+1.6511,-2.20776
+1.6515,-2.1447
+1.652,-2.06129
+1.6524,-1.80714
+1.6527,-1.88353
+1.6531,-1.94567
+1.6535,-1.77731
+1.654,-1.67163
+1.6544,-1.74558
+1.6547,-1.52682
+1.6551,-1.48377
+1.6555,-1.35621
+1.656,-1.29164
+1.6564,-1.31051
+1.6567,-1.23117
+1.6571,-1.26221
+1.6575,-1.1691
+1.658,-1.03538
+1.6584,-1.1638
+1.6587,-1.37534
+1.6591,-1.49064
+1.6595,-1.344
+1.66,-1.36726
+1.6604,-1.41188
+1.6607,-1.27111
+1.6611,-1.05363
+1.6615,-0.93611
+1.662,-1.04015
+1.6624,-0.787856
+1.6627,-0.640941
+1.6631,-0.650982
+1.6635,-0.771526
+1.664,-0.73783
+1.6644,-0.600831
+1.6647,-0.542308
+1.6651,-0.703512
+1.6655,-0.714295
+1.666,-0.54272
+1.6664,-0.540249
+1.6667,-0.665526
+1.6671,-0.444871
+1.6675,-0.349779
+1.668,-0.165841
+1.6684,-0.125868
+1.6687,-0.0997973
+1.6691,+0.152458
+1.6695,+0.0639888
+1.67,-0.00818938
+1.6704,+0.0638401
+1.6707,+0.194012
+1.6711,+0.137078
+1.6715,+0.201113
+1.672,+0.127316
+1.6724,-0.0683292
+1.6727,+0.0608977
+1.6731,+0.160073
+1.6735,+0.343077
+1.674,+0.466868
+1.6744,+0.557636
+1.6747,+0.738829
+1.6751,+0.762537
+1.6755,+0.680165
+1.676,+0.826244
+1.6764,+1.01016
+1.6767,+0.923598
+1.6771,+0.7787
+1.6775,+0.807616
+1.678,+0.913963
+1.6784,+0.91237
+1.6787,+0.905914
+1.6791,+1.06833
+1.6795,+1.15059
+1.68,+1.07465
+1.6804,+1.27579
+1.6807,+1.3299
+1.6811,+1.27059
+1.6815,+1.37303
+1.682,+1.42106
+1.6824,+1.44886
+1.6827,+1.44284
+1.6831,+1.40246
+1.6835,+1.59992
+1.684,+1.72496
+1.6844,+1.67532
+1.6847,+1.80797
+1.6851,+1.94611
+1.6855,+1.86687
+1.686,+1.91418
+1.6864,+1.86467
+1.6867,+1.88948
+1.6871,+1.80449
+1.6875,+1.68162
+1.688,+1.77703
+1.6884,+1.80637
+1.6887,+1.77031
+1.6891,+1.78818
+1.6895,+2.03359
+1.69,+1.95266
+1.6904,+2.03341
+1.6907,+2.12548
+1.6911,+2.26491
+1.6915,+2.44546
+1.692,+2.50761
+1.6924,+2.66487
+1.6927,+2.85409
+1.6931,+3.05352
+1.6935,+2.96534
+1.694,+3.1158
+1.6944,+3.1844
+1.6947,+3.29553
+1.6951,+3.45974
+1.6955,+3.31094
+1.696,+3.23037
+1.6964,+3.17727
+1.6967,+3.22371
+1.6971,+3.13099
+1.6975,+3.11276
+1.698,+3.08057
+1.6984,+3.28459
+1.6987,+3.36208
+1.6991,+3.37759
+1.6995,+3.40304
+1.7,+3.58677
+1.7004,+3.67011
+1.7007,+3.64243
+1.7011,+3.80433
+1.7015,+4.10695
+1.702,+4.1979
+1.7024,+4.31129
+1.7027,+4.36462
+1.7031,+4.45584
+1.7035,+4.69947
+1.704,+4.6916
+1.7044,+4.70998
+1.7047,+4.90863
+1.7051,+4.96392
+1.7055,+4.90103
+1.706,+4.86474
+1.7064,+4.90231
+1.7067,+4.79284
+1.7071,+4.85574
+1.7075,+4.86522
+1.708,+4.82577
+1.7084,+4.91987
+1.7087,+4.83943
+1.7091,+4.97335
+1.7095,+4.85412
+1.71,+5.23671
+1.7104,+5.23159
+1.7107,+5.52368
+1.7111,+5.39882
+1.7115,+5.54845
+1.712,+5.76111
+1.7124,+5.71648
+1.7127,+5.85772
+1.7131,+5.73126
+1.7135,+5.97171
+1.714,+5.81374
+1.7145,+5.8745
+1.7147,+5.76318
+1.7151,+5.9664
+1.7155,+6.04541
+1.716,+6.07037
+1.7164,+6.32179
+1.7167,+6.30408
+1.7171,+6.30767
+1.7175,+6.26855
+1.718,+6.22858
+1.7184,+6.29377
+1.7187,+6.30131
+1.7191,+6.26712
+1.7195,+6.12993
+1.72,+6.0926
+1.7204,+6.0717
+1.7208,+6.11364
+1.7211,+6.30311
+1.7215,+6.43136
+1.722,+6.49892
+1.7224,+6.59524
+1.7228,+6.74346
+1.7232,+6.82322
+1.7235,+6.81158
+1.724,+6.96017
+1.7244,+7.00631
+1.7248,+7.05482
+1.7252,+7.09291
+1.7255,+7.19448
+1.726,+7.14862
+1.7264,+7.19862
+1.7268,+7.14559
+1.7271,+7.1135
+1.7283,+7.17959
+1.7284,+7.11371
+1.7287,+6.99755
+1.7288,+6.94039
+1.7291,+6.85467
+1.7295,+6.76914
+1.73,+6.99611
+1.7304,+6.99243
+1.7308,+7.06472
+1.7311,+7.18632
+1.7315,+7.25192
+1.732,+7.27016
+1.7324,+7.42008
+1.7328,+7.43059
+1.7331,+7.55611
+1.7335,+7.60931
+1.734,+7.5803
+1.7344,+7.41015
+1.7348,+7.37036
+1.7351,+7.36306
+1.7355,+7.37875
+1.736,+7.27838
+1.7364,+7.17475
+1.7368,+7.22491
+1.7373,+7.26009
+1.7376,+7.19455
+1.738,+7.02048
+1.7384,+7.00416
+1.7388,+6.95256
+1.7391,+6.9646
+1.7395,+6.8591
+1.74,+6.87131
+1.7404,+6.83755
+1.7408,+6.83458
+1.7411,+6.67032
+1.7415,+6.54937
+1.742,+6.62144
+1.7424,+6.62246
+1.7428,+6.64123
+1.7431,+6.64389
+1.7435,+6.74748
+1.7439,+6.89247
+1.7444,+6.94804
+1.7448,+6.90625
+1.7451,+7.00849
+1.7455,+7.17087
+1.746,+7.23225
+1.7464,+7.07603
+1.7468,+7.01026
+1.7471,+6.96011
+1.7475,+6.88221
+1.748,+6.77628
+1.7484,+6.55318
+1.7488,+6.50398
+1.7491,+6.4233
+1.7495,+6.25399
+1.75,+6.09736
+1.7504,+6.12188
+1.7508,+6.15918
+1.7511,+6.09778
+1.7515,+6.06842
+1.752,+6.03395
+1.7524,+6.16022
+1.7528,+6.10085
+1.7531,+6.06032
+1.7535,+6.05846
+1.7539,+6.01003
+1.7544,+6.12139
+1.7548,+6.08636
+1.7552,+6.01232
+1.7555,+5.99254
+1.756,+5.86641
+1.7564,+5.77105
+1.7568,+5.76659
+1.7571,+5.7339
+1.7575,+5.70974
+1.758,+5.71552
+1.7584,+5.58789
+1.7588,+5.61349
+1.7591,+5.45057
+1.7595,+5.43544
+1.76,+5.5686
+1.7604,+5.52474
+1.7608,+5.55904
+1.7612,+5.47029
+1.7615,+5.4211
+1.762,+5.36923
+1.7624,+5.37077
+1.7628,+5.1689
+1.7631,+5.25501
+1.7635,+5.13477
+1.7639,+5.00633
+1.7644,+4.90448
+1.7648,+4.82124
+1.7651,+4.75512
+1.7655,+4.70719
+1.7659,+4.63274
+1.7664,+4.47658
+1.7668,+4.43553
+1.7671,+4.41057
+1.7678,+4.29116
+1.768,+4.1839
+1.7684,+4.20194
+1.7688,+4.17899
+1.7692,+4.19206
+1.7695,+4.16446
+1.77,+4.11568
+1.7704,+4.09241
+1.7708,+4.12188
+1.7711,+4.02634
+1.7715,+4.0737
+1.772,+4.0746
+1.7724,+4.10195
+1.7728,+4.04889
+1.7732,+4.02897
+1.7735,+3.93922
+1.7739,+3.86038
+1.7744,+3.79073
+1.7748,+3.73576
+1.7751,+3.61563
+1.7755,+3.48036
+1.7759,+3.45021
+1.7764,+3.36726
+1.7768,+3.20534
+1.7771,+3.03867
+1.7775,+3.04732
+1.778,+3.03246
+1.7784,+2.99341
+1.7787,+2.95223
+1.7791,+2.89582
+1.7795,+2.79828
+1.7799,+2.51213
+1.7804,+2.47569
+1.7807,+2.38887
+1.7811,+2.34174
+1.7815,+2.26721
+1.7819,+2.15813
+1.7824,+2.16115
+1.7827,+2.07137
+1.7831,+2.13736
+1.7835,+2.16479
+1.7839,+2.35998
+1.7844,+2.2842
+1.7847,+2.36428
+1.7851,+2.28743
+1.7855,+2.0899
+1.7859,+1.97507
+1.7864,+2.06126
+1.7867,+1.85939
+1.7871,+1.75516
+1.7876,+1.71196
+1.788,+1.47269
+1.7884,+1.45043
+1.7887,+1.18572
+1.7891,+1.19848
+1.7895,+1.15304
+1.79,+1.15771
+1.7904,+0.831909
+1.7907,+0.852089
+1.7911,+0.806814
+1.7915,+0.792703
+1.7919,+0.817986
+1.7924,+0.65875
+1.7927,+0.709251
+1.7931,+0.598952
+1.7935,+0.668709
+1.7939,+0.654178
+1.7944,+0.726905
+1.7947,+0.689292
+1.7951,+0.573572
+1.7955,+0.394688
+1.7959,+0.327109
+1.7964,+0.203033
+1.7967,+0.173045
+1.7971,+0.077869
+1.7975,-0.192604
+1.798,-0.176278
+1.7984,-0.196938
+1.7987,-0.299847
+1.7991,-0.224304
+1.7995,-0.290124
+1.7999,-0.390565
+1.8004,-0.332601
+1.8007,-0.564588
+1.8011,-0.50302
+1.8015,-0.304458
+1.8019,-0.451172
+1.8024,-0.618597
+1.8027,-0.682598
+1.8031,-0.885109
+1.8035,-0.959139
+1.8039,-1.05567
+1.8044,-1.02188
+1.8047,-0.90393
+1.8051,-0.911747
+1.8055,-1.16625
+1.8059,-1.33628
+1.8064,-1.41005
+1.8067,-1.38431
+1.8071,-3.57772
+1.8075,-3.5498
+1.8079,-3.48715
+1.8084,-3.64828
+1.8087,-3.73004
+1.8091,-3.89934
+1.8095,-3.90156
+1.8099,-3.91908
+1.8104,-3.89201
+1.8107,-3.98385
+1.8111,-4.08865
+1.8115,-4.22423
+1.8119,-4.25994
+1.8124,-4.36456
+1.8127,-4.40947
+1.8131,-4.39789
+1.8135,-4.43838
+1.8139,-4.36787
+1.8144,-4.30781
+1.8147,-4.21059
+1.8151,-4.16906
+1.8155,-4.16113
+1.8159,-4.1999
+1.8164,-4.14845
+1.8168,-4.27427
+1.8171,-4.33498
+1.8175,-4.33262
+1.818,-4.53236
+1.8184,-4.65864
+1.8187,-4.8793
+1.8191,-4.95491
+1.8195,-5.0784
+1.8199,-5.2309
+1.8204,-5.38771
+1.8207,-5.41907
+1.8211,-5.49836
+1.8215,-5.57245
+1.8219,-5.59549
+1.8224,-5.68606
+1.8227,-5.55184
+1.8231,-5.63965
+1.8235,-5.57873
+1.8239,-5.51962
+1.8244,-5.54554
+1.8247,-5.5771
+1.8251,-5.66531
+1.8255,-5.80237
+1.8259,-5.74188
+1.8264,-5.64442
+1.8267,-5.82363
+1.8271,-5.94332
+1.8275,-6.00666
+1.8279,-6.12287
+1.8285,-6.1689
+1.8288,-6.1427
+1.8291,-6.10958
+1.8295,-5.95959
+1.8307,-6.03914
+1.8309,-6.28614
+1.8311,-6.15452
+1.8315,-6.09171
+1.8319,-6.16676
+1.8324,-6.08764
+1.8327,-6.07092
+1.8331,-6.20231
+1.8335,-6.14614
+1.8339,-6.31181
+1.8344,-6.43953
+1.8347,-6.34599
+1.8351,-6.47077
+1.8355,-6.28567
+1.8359,-6.27072
+1.8364,-6.33846
+1.8367,-6.39259
+1.8371,-6.22926
+1.8375,-6.27271
+1.8379,-6.17941
+1.8384,-6.08798
+1.8387,-6.11831
+1.8391,-6.21035
+1.8395,-6.42312
+1.8399,-6.29852
+1.8404,-6.3941
+1.8407,-6.32062
+1.8411,-6.37957
+1.8416,-6.35461
+1.8419,-6.41904
+1.8424,-6.42987
+1.8427,-6.38543
+1.8431,-6.31656
+1.8435,-6.26888
+1.8439,-6.36842
+1.8444,-6.16548
+1.8447,-6.13238
+1.8451,-6.1254
+1.8455,-6.07341
+1.8459,-6.01269
+1.8464,-6.02704
+1.8467,-6.0128
+1.8471,-5.96576
+1.8475,-5.97518
+1.8479,-6.0217
+1.8484,-6.08558
+1.8487,-6.06265
+1.8491,-6.03243
+1.8495,-6.04217
+1.8499,-6.03958
+1.8504,-5.87626
+1.8507,-5.77711
+1.8511,-5.75
+1.8515,-5.78715
+1.8519,-5.73762
+1.8524,-5.73781
+1.8527,-5.681
+1.8531,-5.68975
+1.8535,-5.64849
+1.8539,-5.58714
+1.8544,-5.58135
+1.8547,-5.64362
+1.8551,-5.61703
+1.8555,-5.49203
+1.8559,-5.43779
+1.8564,-5.50886
+1.8567,-5.62672
+1.8571,-5.61573
+1.8575,-5.64128
+1.8579,-5.60296
+1.8584,-5.73833
+1.8587,-5.61856
+1.8591,-5.62642
+1.8595,-5.68139
+1.8599,-5.73401
+1.8604,-5.52869
+1.8607,-5.35337
+1.8611,-5.37277
+1.8615,-5.42191
+1.8619,-5.35676
+1.8624,-5.24816
+1.8627,-5.30512
+1.8631,-5.18714
+1.8635,-4.97496
+1.8639,-4.97581
+1.8644,-4.98942
+1.8647,-5.04801
+1.8651,-4.93286
+1.8655,-4.92209
+1.8659,-4.95714
+1.8664,-4.97915
+1.8667,-4.91878
+1.8671,-4.96902
+1.8675,-5.0165
+1.8679,-4.76685
+1.8684,-4.66613
+1.8688,-4.76629
+1.8691,-4.74411
+1.8695,-4.57762
+1.8699,-4.50594
+1.8704,-4.35346
+1.8707,-4.39436
+1.8711,-4.27349
+1.8715,-4.29943
+1.8719,-4.21299
+1.8724,-4.16537
+1.8727,-3.97033
+1.8731,-3.79809
+1.8735,-3.58462
+1.8739,-3.50875
+1.8744,-3.31429
+1.8747,-3.15685
+1.8751,-3.16663
+1.8755,-3.08178
+1.8759,-3.17073
+1.8764,-3.1286
+1.8767,-2.9188
+1.8771,-2.98296
+1.8775,-2.99169
+1.8779,-3.03646
+1.8784,-3.08749
+1.8788,-3.12851
+1.8791,-3.01292
+1.8795,-2.90858
+1.8799,-2.8635
+1.8804,-2.91085
+1.8808,-2.94168
+1.8811,-2.90817
+1.8815,-2.97372
+1.8819,-2.82389
+1.8824,-2.77381
+1.8827,-2.62883
+1.8831,-2.58919
+1.8835,-2.67276
+1.8839,-2.58946
+1.8844,-2.56285
+1.8847,-2.56113
+1.8851,-2.51385
+1.8855,-2.49693
+1.8859,-2.47909
+1.8864,-2.54449
+1.8867,-2.55849
+1.8871,-2.59834
+1.8875,-2.50126
+1.8879,-2.51007
+1.8884,-2.35503
+1.8887,-2.30267
+1.8891,-2.19018
+1.8895,-2.02375
+1.8899,-1.93051
+1.8904,-1.79753
+1.8908,-1.67535
+1.8911,-1.5377
+1.8915,-1.37684
+1.8919,-1.27228
+1.8924,-1.15446
+1.8929,-1.09926
+1.8932,-1.03348
+1.8937,-1.04084
+1.8941,-1.03117
+1.8945,-0.936464
+1.8948,-0.92417
+1.8951,-0.841289
+1.8955,-0.797726
+1.8959,-0.584306
+1.8964,-0.723503
+1.8967,-0.666958
+1.8971,-0.687707
+1.8975,-0.772955
+1.8979,-0.651173
+1.8984,-0.6229
+1.8987,-0.637884
+1.8991,-0.563262
+1.8995,-0.511909
+1.8999,-0.626971
+1.9004,-0.677924
+1.9007,-0.614988
+1.9011,-0.510839
+1.9015,-0.387466
+1.9019,-0.461736
+1.9024,-0.537149
+1.9028,-0.428266
+1.9031,-0.479538
+1.9035,-0.480592
+1.9039,-0.430645
+1.9044,-0.172112
+1.9047,-0.0423828
+1.9051,+0.0747773
+1.9055,+0.103682
+1.9059,+0.163745
+1.9064,+0.209462
+1.9067,+0.227856
+1.9071,+0.207417
+1.9075,+0.258068
+1.9079,+0.306494
+1.9084,+0.33499
+1.9088,+0.343368
+1.9091,+0.459619
+1.9095,+0.539395
+1.9099,+0.579816
+1.9104,+0.680955
+1.9108,+0.685757
+1.9111,+0.800256
+1.9115,+0.846712
+1.9119,+0.957711
+1.9124,+0.999966
+1.9127,+1.05916
+1.9131,+0.907606
+1.9135,+0.909479
+1.9139,+1.0582
+1.9144,+1.10076
+1.9147,+1.18522
+1.9151,+1.2603
+1.9155,+1.29824
+1.9159,+1.1989
+1.9164,+1.22978
+1.9167,+1.21727
+1.9171,+1.38367
+1.9175,+1.41045
+1.9179,+1.3213
+1.9184,+1.3724
+1.9187,+1.39073
+1.9191,+1.36948
+1.9196,+1.42681
+1.9199,+1.67314
+1.9204,+1.76818
+1.9208,+1.75501
+1.9211,+1.76378
+1.9215,+1.85194
+1.9219,+1.95878
+1.9224,+1.99353
+1.9228,+2.13215
+1.9231,+2.19373
+1.9235,+2.22553
+1.9239,+2.19621
+1.9244,+2.17178
+1.9248,+2.26579
+1.9251,+2.28477
+1.9255,+2.36608
+1.9259,+2.48344
+1.9264,+2.65963
+1.9267,+2.66674
+1.9271,+2.72871
+1.9275,+2.70807
+1.9279,+2.70793
+1.9284,+2.79604
+1.9287,+2.86307
+1.9291,+2.92711
+1.9295,+2.99948
+1.9299,+2.8791
+1.9304,+2.79256
+1.9308,+2.85831
+1.9311,+3.10507
+1.9315,+3.20384
+1.9319,+3.22331
+1.9331,+3.25469
+1.9333,+3.26139
+1.9336,+3.31677
+1.9339,+3.34172
+1.9344,+3.67431
+1.9347,+3.76765
+1.9351,+3.63129
+1.9355,+3.44226
+1.9359,+3.54166
+1.9364,+3.61421
+1.9367,+3.60896
+1.9371,+3.67222
+1.9375,+3.74695
+1.9379,+3.72298
+1.9384,+3.61983
+1.9387,+3.49218
+1.9391,+3.61157
+1.9396,+3.69265
+1.9399,+3.71762
+1.9404,+3.70829
+1.9407,+3.69906
+1.9411,+3.71694
+1.9415,+3.71188
+1.9419,+3.97831
+1.9424,+3.99183
+1.9428,+4.19077
+1.9431,+4.43138
+1.9435,+4.37257
+1.9439,+4.44837
+1.9444,+4.57406
+1.9447,+4.68997
+1.9451,+4.65566
+1.9455,+4.56825
+1.9459,+4.48795
+1.9464,+4.4151
+1.9467,+4.30975
+1.9471,+4.23201
+1.9475,+4.29473
+1.9479,+4.31025
+1.9484,+4.39317
+1.9487,+4.3225
+1.9491,+4.41179
+1.9495,+4.54455
+1.9499,+4.62026
+1.9504,+4.65889
+1.9507,+4.79509
+1.9511,+4.75165
+1.9515,+4.87178
+1.9519,+4.85418
+1.9524,+4.72037
+1.9527,+4.89278
+1.9531,+4.86914
+1.9535,+4.86422
+1.9539,+4.80126
+1.9544,+4.95266
+1.9548,+5.05174
+1.9551,+5.17256
+1.9555,+5.17351
+1.9559,+5.15605
+1.9564,+5.2739
+1.9567,+5.14254
+1.9571,+5.19564
+1.9575,+5.33117
+1.9579,+5.38588
+1.9584,+5.46355
+1.9587,+5.39998
+1.9591,+5.27455
+1.9595,+5.39256
+1.9599,+5.56033
+1.9604,+5.65339
+1.9608,+5.74485
+1.9611,+5.72949
+1.9615,+5.61701
+1.9619,+5.71599
+1.9624,+5.60952
+1.9627,+5.71916
+1.9631,+5.85227
+1.9635,+5.70603
+1.9639,+5.63048
+1.9642,+5.55335
+1.9648,+5.60336
+1.9651,+5.89074
+1.9655,+5.90215
+1.9659,+5.90643
+1.9664,+5.99196
+1.9668,+6.17675
+1.9671,+6.30244
+1.9675,+6.51406
+1.9679,+6.46623
+1.9683,+6.47283
+1.9688,+6.54624
+1.9691,+6.36363
+1.9695,+6.34168
+1.97,+6.33004
+1.9704,+6.38355
+1.9707,+6.38444
+1.9711,+6.46787
+1.9715,+6.43111
+1.9719,+6.60201
+1.9724,+6.61265
+1.9727,+6.69809
+1.9731,+6.95154
+1.9735,+7.12526
+1.9739,+7.33784
+1.9744,+7.27038
+1.9748,+6.99477
+1.9751,+6.86213
+1.9755,+6.83713
+1.9759,+6.67053
+1.9764,+6.78351
+1.9767,+6.71956
+1.9771,+6.52779
+1.9775,+6.57826
+1.9779,+6.30185
+1.9784,+6.35372
+1.9787,+6.45302
+1.9791,+6.61112
+1.9795,+6.68377
+1.9799,+6.82655
+1.9804,+6.79605
+1.9808,+6.8586
+1.9811,+6.96167
+1.9815,+6.99509
+1.9819,+7.03672
+1.9824,+7.07749
+1.9827,+7.29468
+1.9831,+7.16904
+1.9835,+7.10658
+1.9839,+7.14387
+1.9844,+7.26201
+1.9847,+7.26111
+1.9851,+7.25797
+1.9855,+7.29161
+1.9859,+7.18701
+1.9864,+7.1263
+1.9868,+6.92404
+1.9871,+6.86747
+1.9875,+6.84426
+1.9879,+6.77411
+1.9884,+6.55177
+1.9888,+6.53468
+1.9891,+6.62287
+1.9895,+6.61217
+1.9899,+6.82725
+1.9904,+7.02777
+1.9907,+7.07283
+1.9911,+7.13704
+1.9915,+7.25211
+1.9919,+7.3484
+1.9924,+7.73606
+1.9928,+7.72346
+1.9931,+7.507
+1.9935,+7.57149
+1.9939,+7.5278
+1.9944,+7.46031
+1.9947,+7.58642
+1.9951,+7.58103
+1.9955,+7.51224
+1.9959,+7.50295
+1.9964,+7.26681
+1.9967,+7.26697
+1.9971,+7.40433
+1.9975,+7.26189
+1.9979,+7.30025
+1.9984,+7.21179
+1.9988,+6.40625
+1.9991,+5.71151
+1.9995,+5.02696
+1.9999,+4.30035
