+0,-11.5613
+0.00038,-13.8326
+0.00077,-16.0456
+0.00112,-18.213
+0.00162,-20.4214
+0.00199,-23.0147
+0.00237,-23.0412
+0.00275,-22.9591
+0.00325,-22.9435
+0.00363,-22.8115
+0.004,-22.8054
+0.00437,-22.7859
+0.00476,-22.8036
+0.00525,-23.1161
+0.00615,-23.0063
+0.00637,-22.5342
+0.0066,-22.4219
+0.00709,-22.527
+0.00731,-22.6658
+0.00762,-22.6568
+0.008,-22.5073
+0.00838,-22.4384
+0.00876,-22.5746
+0.00928,-22.4182
+0.00964,-22.4806
+0.01,-22.6411
+0.01037,-22.4723
+0.01074,-22.4467
+0.01111,-22.406
+0.01162,-22.2324
+0.01199,-22.2038
+0.01237,-22.2491
+0.01277,-22.2004
+0.01311,-22.0855
+0.01362,-22.3241
+0.01399,-22.2961
+0.01437,-22.5468
+0.01487,-22.6661
+0.01524,-22.6874
+0.01562,-22.826
+0.016,-23.2031
+0.01637,-23.1906
+0.01677,-23.0611
+0.01724,-22.874
+0.01762,-22.7188
+0.018,-22.6092
+0.01837,-22.6717
+0.01874,-22.4309
+0.01924,-22.3969
+0.01962,-22.1827
+0.02,-21.8992
+0.02037,-21.8611
+0.02076,-21.9321
+0.02111,-22.3587
+0.02162,-22.3256
+0.02199,-22.468
+0.02237,-22.1292
+0.02275,-22.185
+0.02312,-22.1081
+0.02362,-22.1237
+0.02399,-22.2229
+0.02437,-22.1935
+0.02478,-22.1242
+0.02525,-21.9299
+0.02562,-22.0399
+0.02599,-21.8898
+0.02638,-22.0565
+0.02675,-21.9276
+0.02712,-21.9305
+0.02762,-21.8603
+0.02799,-21.6171
+0.02837,-21.6148
+0.02876,-21.664
+0.02912,-21.4939
+0.02962,-21.1986
+0.03,-21.1213
+0.03037,-21.0095
+0.03075,-21.126
+0.03112,-21.1053
+0.03162,-21.2406
+0.03201,-21.2215
+0.03237,-21.1068
+0.03276,-21.0652
+0.03312,-21.1193
+0.03363,-21.3145
+0.034,-21.3379
+0.03437,-21.5465
+0.03474,-21.4574
+0.03525,-21.9297
+0.03562,-21.9688
+0.036,-22.1196
+0.03637,-22.2851
+0.03676,-22.3338
+0.03712,-22.389
+0.03762,-22.2855
+0.038,-22.2118
+0.03837,-21.8987
+0.03876,-21.8128
+0.03912,-21.538
+0.03962,-21.5266
+0.03999,-21.448
+0.04037,-21.5051
+0.04076,-21.4898
+0.04112,-21.4801
+0.04162,-21.5023
+0.042,-21.5659
+0.04237,-21.8292
+0.04275,-21.7568
+0.04312,-21.5189
+0.04363,-21.4491
+0.04399,-21.4634
+0.04437,-21.4036
+0.04476,-21.2343
+0.04525,-21.2406
+0.04563,-21.2726
+0.046,-21.2257
+0.04638,-20.7432
+0.04675,-20.9624
+0.04714,-21.1694
+0.04763,-21.1708
+0.048,-21.2196
+0.04837,-21.0296
+0.04876,-20.9506
+0.04912,-20.909
+0.04962,-20.7683
+0.04999,-20.7638
+0.05038,-21.112
+0.05075,-20.8137
+0.05112,-20.7463
+0.05162,-20.8418
+0.05199,-20.7319
+0.05238,-20.87
+0.05277,-21.0068
+0.05312,-20.9461
+0.05362,-21.0781
+0.054,-21.2044
+0.05438,-21.1627
+0.05475,-21.1957
+0.05512,-21.0896
+0.05575,-21.051
+0.05601,-21.0018
+0.05637,-20.7856
+0.05677,-20.7356
+0.05712,-20.8102
+0.05763,-20.5949
+0.058,-20.37
+0.05837,-20.399
+0.05875,-20.4154
+0.05912,-20.4697
+0.05962,-20.5352
+0.06,-20.7161
+0.06037,-20.7737
+0.06077,-20.8634
+0.06112,-20.7465
+0.06162,-20.6828
+0.062,-20.7467
+0.06238,-20.6627
+0.06276,-20.7296
+0.06312,-20.4804
+0.06362,-20.2717
+0.06401,-20.0602
+0.06438,-20.2215
+0.06477,-20.1298
+0.06514,-20.003
+0.06562,-20.0674
+0.066,-20.0923
+0.06638,-19.9297
+0.06675,-19.8637
+0.06712,-20.0829
+0.06762,-20.2012
+0.068,-20.2171
+0.06837,-20.2622
+0.06877,-20.1775
+0.06913,-20.2142
+0.06963,-20.3642
+0.07,-20.3761
+0.07037,-20.5353
+0.07076,-20.5301
+0.07113,-20.4905
+0.07162,-20.5211
+0.072,-20.3699
+0.07237,-20.3179
+0.07277,-20.4121
+0.07313,-20.4793
+0.07362,-20.3438
+0.07399,-20.2838
+0.07438,-20.0681
+0.07475,-19.8969
+0.07512,-19.9459
+0.07562,-19.9038
+0.076,-19.8695
+0.07638,-19.6975
+0.07676,-19.412
+0.07713,-19.5115
+0.07763,-19.5445
+0.07801,-19.5895
+0.07838,-19.6895
+0.07876,-19.8551
+0.07912,-19.7499
+0.07962,-19.6155
+0.08,-20.0898
+0.08037,-20.0969
+0.08078,-20.3094
+0.08113,-19.9336
+0.08163,-19.8583
+0.082,-19.7412
+0.08237,-19.706
+0.08277,-19.6859
+0.08313,-19.6599
+0.08362,-19.5718
+0.08401,-19.1608
+0.08437,-19.2797
+0.08477,-19.1992
+0.08512,-19.2397
+0.08564,-19.1093
+0.08613,-19.0641
+0.08639,-18.9616
+0.08676,-18.9399
+0.08712,-18.9122
+0.08762,-18.8517
+0.088,-18.7399
+0.08838,-18.5778
+0.08877,-18.4716
+0.08912,-18.5324
+0.08963,-18.6108
+0.09,-18.8314
+0.09044,-18.7237
+0.09077,-18.7315
+0.09113,-18.522
+0.09163,-18.5432
+0.092,-18.4124
+0.09237,-18.4277
+0.09278,-18.5277
+0.09313,-18.5236
+0.09363,-18.7911
+0.094,-18.6183
+0.09437,-18.7574
+0.09476,-18.593
+0.09526,-18.5778
+0.09562,-18.5012
+0.09601,-18.6847
+0.09637,-18.4668
+0.09677,-18.5006
+0.09712,-18.5099
+0.09763,-18.1706
+0.098,-18.169
+0.09838,-18.0166
+0.09876,-18.0089
+0.09912,-18.1126
+0.09963,-18.249
+0.1,-18.1729
+0.10038,-18.1817
+0.10076,-17.9604
+0.10112,-17.8928
+0.10163,-17.984
+0.102,-17.8799
+0.10238,-18.0779
+0.10277,-18.0391
+0.10326,-17.9813
+0.10363,-17.8608
+0.104,-17.7711
+0.10438,-17.8444
+0.10481,-17.835
+0.10512,-17.912
+0.10563,-17.8231
+0.106,-17.654
+0.10637,-17.6468
+0.10675,-17.672
+0.10712,-17.6995
+0.10763,-17.5091
+0.10855,-17.5414
+0.10882,-17.3733
+0.10909,-17.3088
+0.10933,-17.0814
+0.10962,-16.9555
+0.11,-17.0082
+0.11038,-16.7871
+0.11077,-16.7189
+0.11117,-16.5462
+0.11163,-16.5242
+0.112,-16.5249
+0.11237,-16.5075
+0.11278,-16.4958
+0.11312,-16.5609
+0.11363,-16.5717
+0.114,-16.5753
+0.11437,-16.617
+0.11476,-16.6172
+0.11512,-16.6844
+0.11563,-16.7414
+0.116,-16.63
+0.11637,-16.5681
+0.11676,-16.6054
+0.11713,-16.5861
+0.11762,-16.5528
+0.118,-16.5212
+0.11838,-16.501
+0.11875,-16.586
+0.11912,-16.4701
+0.11962,-16.5365
+0.12001,-16.5175
+0.12037,-16.5342
+0.12077,-16.4642
+0.12112,-16.291
+0.12162,-16.1994
+0.122,-16.214
+0.12238,-16.0703
+0.12275,-15.8724
+0.12312,-15.9369
+0.12363,-15.744
+0.124,-15.6537
+0.12437,-15.635
+0.12478,-15.5662
+0.12512,-15.6017
+0.12563,-15.5408
+0.126,-15.2957
+0.12637,-15.1854
+0.12676,-14.9814
+0.12713,-14.8551
+0.12763,-14.8465
+0.12801,-14.8643
+0.12838,-14.8427
+0.12877,-14.7932
+0.12913,-14.7822
+0.12963,-14.7469
+0.13001,-14.7517
+0.13038,-14.831
+0.13075,-14.9114
+0.13113,-14.8936
+0.13163,-14.894
+0.13201,-14.7454
+0.13237,-14.7083
+0.13277,-14.8107
+0.13313,-14.703
+0.13362,-14.6858
+0.134,-14.6278
+0.13438,-14.4549
+0.13476,-14.434
+0.13512,-14.3518
+0.13563,-14.1212
+0.136,-14.1443
+0.13638,-14.0444
+0.13677,-13.7158
+0.13713,-13.6776
+0.13763,-13.4616
+0.138,-13.4324
+0.13837,-13.5119
+0.13875,-13.39
+0.13913,-13.2775
+0.13963,-13.3919
+0.14,-13.2378
+0.14037,-13.1271
+0.14077,-13.2155
+0.14113,-13.1316
+0.14163,-13.2382
+0.14201,-13.318
+0.14238,-13.2667
+0.14276,-13.1881
+0.14314,-13.2086
+0.14363,-13.1281
+0.144,-13.0073
+0.14438,-12.9212
+0.14477,-12.9285
+0.14513,-12.7902
+0.14563,-12.748
+0.146,-12.5812
+0.14638,-12.5219
+0.14689,-12.5474
+0.14715,-12.3897
+0.14763,-12.1738
+0.14801,-12.1919
+0.14838,-12.2588
+0.14877,-12.0564
+0.14913,-12.0848
+0.14962,-12.0536
+0.15001,-12.0225
+0.15038,-11.9313
+0.15076,-11.8302
+0.15112,-11.9079
+0.15163,-11.8235
+0.152,-11.8727
+0.15237,-11.7901
+0.15277,-11.7505
+0.15313,-11.7781
+0.15363,-11.6252
+0.154,-11.6368
+0.15438,-11.487
+0.15476,-11.3907
+0.15513,-11.2917
+0.15563,-11.4234
+0.156,-11.3815
+0.15638,-11.1931
+0.15677,-11.1869
+0.15713,-11.0163
+0.15763,-10.9967
+0.158,-10.8288
+0.15837,-10.7633
+0.15875,-10.7077
+0.15913,-10.5607
+0.15963,-10.433
+0.16001,-10.3889
+0.16038,-10.4122
+0.16076,-10.293
+0.16113,-10.1744
+0.16163,-10.0547
+0.162,-9.95975
+0.16238,-9.9156
+0.16275,-10.0119
+0.16313,-9.94191
+0.16363,-9.6897
+0.164,-9.46252
+0.16438,-9.48253
+0.16477,-9.47173
+0.16513,-9.58812
+0.16562,-9.56433
+0.166,-9.44644
+0.16638,-9.3131
+0.16688,-9.24525
+0.16725,-9.27038
+0.16763,-9.39438
+0.16801,-9.46255
+0.16838,-9.28146
+0.16877,-9.33752
+0.16913,-9.26602
+0.16963,-9.13114
+0.17,-9.06109
+0.17038,-9.20706
+0.17076,-8.95832
+0.17113,-8.82924
+0.17162,-8.81936
+0.17201,-8.73256
+0.17238,-8.76934
+0.17277,-8.50084
+0.17313,-8.32282
+0.17363,-8.29402
+0.174,-8.49341
+0.17439,-8.23174
+0.17476,-8.32737
+0.17513,-8.26692
+0.17563,-8.18901
+0.176,-8.11168
+0.17639,-7.81882
+0.17677,-7.7832
+0.17714,-7.7711
+0.17763,-7.60492
+0.178,-7.41922
+0.17838,-7.39752
+0.17876,-7.061
+0.17913,-6.76905
+0.17963,-6.81936
+0.18001,-6.75648
+0.18038,-6.7446
+0.18076,-6.6555
+0.18112,-6.58329
+0.18163,-6.51952
+0.182,-6.22186
+0.18239,-6.06126
+0.18276,-6.12467
+0.18313,-6.16795
+0.18363,-5.75508
+0.18401,-5.57975
+0.18438,-5.58332
+0.18477,-5.56284
+0.18516,-5.45644
+0.18568,-5.53724
+0.18604,-5.55603
+0.18641,-5.53865
+0.18679,-5.51763
+0.18718,-5.45355
+0.18768,-5.4253
+0.18804,-5.43414
+0.18842,-5.39171
+0.18883,-5.32582
+0.18917,-5.238
+0.18968,-4.94958
+0.19003,-4.83349
+0.1904,-4.63219
+0.19079,-4.65507
+0.19116,-4.63246
+0.19168,-4.59018
+0.19204,-4.50688
+0.19242,-4.44969
+0.19282,-4.1636
+0.19317,-3.92065
+0.19368,-3.95025
+0.19405,-4.08323
+0.19443,-4.12671
+0.19479,-3.89077
+0.19594,-3.78025
+0.19612,-3.86467
+0.19654,-3.66937
+0.19687,-3.49457
+0.19728,-3.45615
+0.19765,-3.62106
+0.19802,-3.5442
+0.1984,-3.27335
+0.1988,-3.28725
+0.19916,-3.25809
+0.19968,-3.43338
+0.20004,-3.30146
+0.20042,-1.53842
+0.20082,-1.54114
+0.20116,-1.56838
+0.20167,-1.9863
+0.20206,-1.93143
+0.20241,-1.67244
+0.2028,-1.63829
+0.20319,-1.62762
+0.20367,-1.45218
+0.20404,-1.34826
+0.20443,-1.37441
+0.20484,-1.36383
+0.20518,-1.43209
+0.20569,-0.934209
+0.20605,-0.872436
+0.2064,-0.957437
+0.20678,-1.00839
+0.20718,-0.952553
+0.20766,-0.968348
+0.20804,-1.04841
+0.20842,-0.869898
+0.20883,-0.892804
+0.20916,-0.770191
+0.20968,-0.710973
+0.21003,-0.735795
+0.21095,-0.747352
+0.21115,-0.791148
+0.21133,-0.733736
+0.21154,-0.651197
+0.21206,-0.554119
+0.21241,-0.62927
+0.21281,-0.467935
+0.21317,-0.52345
+0.21366,-0.478884
+0.21404,-0.417775
+0.21443,-0.441703
+0.2148,-0.273377
+0.21517,-0.290752
+0.21568,-0.210758
+0.21604,-0.129794
+0.21643,-0.0720321
+0.21683,-0.0706038
+0.21717,-0.00435885
+0.21767,-0.108408
+0.21802,-0.00436263
+0.2184,+0.038249
+0.21877,-0.0198707
+0.21915,+0.0233869
+0.21966,-0.108915
+0.22004,-0.19438
+0.22042,-0.234765
+0.22081,-0.290776
+0.22116,-0.446309
+0.22167,-0.263728
+0.22203,-0.352709
+0.22241,-0.488234
+0.2228,-0.340743
+0.22317,-0.497666
+0.22368,-0.567242
+0.22404,-0.541142
+0.22442,-0.590261
+0.22483,-0.59362
+0.22516,-0.632624
+0.22554,-0.954145
+0.22606,-1.08404
+0.22643,-1.04614
+0.22679,-1.25464
+0.22717,-1.291
+0.22768,-1.32351
+0.22804,-1.45926
+0.22842,-1.58326
+0.22882,-1.65898
+0.22916,-1.72568
+0.22952,-1.66522
+0.23002,-1.85047
+0.2304,-1.92096
+0.23078,-1.95426
+0.23116,-1.99942
+0.23153,-2.09533
+0.23205,-2.24605
+0.23242,-2.3662
+0.23283,-2.47799
+0.23315,-2.53887
+0.23353,-2.57869
+0.23405,-2.56485
+0.23441,-2.81106
+0.23479,-2.96625
+0.23516,-3.14564
+0.23555,-3.38317
+0.23604,-3.33616
+0.23641,-3.39901
+0.23683,-3.61691
+0.23718,-3.74592
+0.23754,-3.89625
+0.23819,-4.05108
+0.23845,-4.06623
+0.2388,-4.15982
+0.23919,-4.31264
+0.23967,-4.31957
+0.24003,-4.56483
+0.2404,-4.62638
+0.24082,-4.65374
+0.24115,-4.64382
+0.24166,-4.96673
+0.24205,-5.0255
+0.24241,-5.13296
+0.24276,-5.40824
+0.24314,-5.59994
+0.24351,-5.81561
+0.24401,-5.9702
+0.24438,-6.12734
+0.24478,-6.34773
+0.24514,-6.63731
+0.2455,-6.66686
+0.246,-6.90509
+0.24639,-7.16336
+0.24676,-7.34931
+0.24713,-7.49178
+0.2475,-7.64201
+0.24801,-7.85671
+0.24838,-8.16047
+0.24878,-8.33608
+0.24914,-8.48744
+0.24951,-8.68649
+0.25001,-8.75659
+0.25038,-8.76002
+0.25075,-8.91797
+0.25115,-9.04155
+0.25151,-9.11485
+0.25201,-9.28304
+0.25238,-9.4566
+0.25277,-9.66583
+0.25314,-9.98646
+0.2535,-10.2569
+0.25401,-10.5949
+0.25439,-10.9095
+0.25476,-10.9991
+0.25513,-11.287
+0.25551,-11.5602
+0.25601,-11.8209
+0.25638,-11.9927
+0.25678,-12.1788
+0.25714,-12.3957
+0.25751,-12.5892
+0.25801,-12.6984
+0.25838,-12.8743
+0.25877,-13.2837
+0.25914,-13.454
+0.25963,-13.6921
+0.26,-13.7502
+0.26039,-14.0611
+0.26076,-14.357
+0.26114,-14.4375
+0.2615,-14.7336
+0.26201,-15.0257
+0.26239,-15.2477
+0.26276,-15.3614
+0.26314,-15.645
+0.26351,-15.8834
+0.26401,-16.2429
+0.26438,-16.3672
+0.26477,-16.4594
+0.26514,-16.7355
+0.26551,-16.9109
+0.26601,-17.1875
+0.26639,-17.5307
+0.26676,-17.8039
+0.26714,-18.0104
+0.26751,-18.2251
+0.26814,-18.4789
+0.2684,-18.9418
+0.26876,-19.3497
+0.26914,-19.6873
+0.26951,-19.9917
+0.27001,-20.2387
+0.27039,-20.5233
+0.27077,-20.671
+0.27114,-20.9387
+0.2715,-21.2589
+0.27202,-21.6005
+0.27239,-21.6773
+0.27277,-21.923
+0.27314,-22.1661
+0.2735,-22.326
+0.27401,-22.5932
+0.27438,-22.897
+0.27476,-23.3042
+0.27513,-23.6165
+0.27551,-23.8923
+0.27601,-24.0585
+0.27652,-24.2701
+0.27679,-24.4948
+0.27714,-24.7144
+0.27751,-24.9533
+0.27802,-25.2787
+0.27839,-25.34
+0.27877,-25.5411
+0.27913,-25.8825
+0.2795,-26.0806
+0.28002,-26.4264
+0.28039,-26.7556
+0.28076,-27.0674
+0.28114,-27.277
+0.28151,-27.4816
+0.28201,-27.7583
+0.28238,-28.1042
+0.28276,-28.2661
+0.28313,-28.3581
+0.2835,-28.6051
+0.28402,-28.776
+0.28439,-29.0009
+0.28477,-29.1466
+0.28513,-29.4044
+0.28551,-29.6633
+0.28601,-29.8204
+0.28638,-30.0489
+0.28677,-30.4142
+0.28714,-30.7495
+0.28751,-31.0868
+0.28802,-31.2476
+0.28839,-31.5089
+0.28877,-31.761
+0.28913,-32.0599
+0.28951,-32.3729
+0.29001,-32.6297
+0.29038,-33.0092
+0.29076,-33.6368
+0.29114,-33.7324
+0.29151,-33.9521
+0.29202,-34.1617
+0.29239,-34.3639
+0.29276,-34.5875
+0.29313,-34.8768
+0.29351,-35.0961
+0.29401,-35.4264
+0.29439,-35.5301
+0.29477,-35.3016
+0.29514,-35.5516
+0.29551,-35.5994
+0.29601,-35.8136
+0.29639,-35.9209
+0.29677,-36.1015
+0.29714,-36.1113
+0.29751,-36.2528
+0.29802,-36.2338
+0.29839,-36.4097
+0.29888,-36.5926
+0.29914,-36.8069
+0.29951,-36.9521
+0.30001,-37.0634
+0.30039,-37.2977
+0.30076,-37.3724
+0.30113,-37.7755
+0.30164,-37.8331
+0.30201,-37.9785
+0.30239,-38.377
+0.30277,-38.4787
+0.30314,-38.3976
+0.30351,-38.6159
+0.30402,-38.7833
+0.30439,-38.8883
+0.30476,-39.0108
+0.30513,-38.8832
+0.30551,-39.1763
+0.30601,-39.3126
+0.30638,-39.0565
+0.30677,-39.5337
+0.30714,-39.7799
+0.30751,-39.7785
+0.30803,-39.7729
+0.30839,-39.7067
+0.3088,-39.6418
+0.30914,-39.5392
+0.30951,-39.4806
+0.31001,-39.4621
+0.31038,-39.4464
+0.31076,-38.9651
+0.31114,-38.9293
+0.31151,-38.8344
+0.31201,-38.7949
+0.31239,-38.8191
+0.31335,-38.8156
+0.31361,-38.792
+0.31389,-38.7018
+0.31411,-38.4955
+0.31439,-38.4525
+0.31476,-38.2989
+0.31515,-38.1475
+0.31551,-38.1221
+0.31601,-38.1252
+0.31639,-37.8821
+0.31677,-37.7194
+0.31713,-37.5679
+0.3175,-37.415
+0.31802,-37.3322
+0.31839,-37.0458
+0.31877,-36.8269
+0.31915,-36.6012
+0.31952,-36.3285
+0.32001,-35.9605
+0.32039,-35.7205
+0.32076,-35.3348
+0.32114,-34.9793
+0.32152,-34.5197
+0.32201,-34.1159
+0.32239,-33.8401
+0.32276,-33.5044
+0.32314,-33.1772
+0.32351,-32.508
+0.32401,-32.2311
+0.32438,-31.6401
+0.32477,-31.157
+0.32514,-30.7915
+0.32551,-30.3683
+0.32601,-29.8928
+0.32639,-29.2393
+0.32677,-28.6054
+0.32714,-27.897
+0.32751,-27.5969
+0.32801,-26.8007
+0.32839,-26.3605
+0.32876,-25.7874
+0.32926,-25.1941
+0.32964,-24.7195
+0.33001,-24.1227
+0.33039,-23.5482
+0.33076,-23.0137
+0.33113,-22.4685
+0.3315,-21.8962
+0.33202,-21.4066
+0.33239,-20.8479
+0.33276,-20.4795
+0.33315,-19.8259
+0.33351,-19.0942
+0.33401,-18.5544
+0.33439,-18.0267
+0.33478,-17.5446
+0.33515,-17.0747
+0.33551,-16.5762
+0.33601,-15.8438
+0.3364,-15.3951
+0.33678,-14.6554
+0.33714,-14.0713
+0.33751,-13.4564
+0.33802,-12.7751
+0.33839,-12.0869
+0.33877,-11.4844
+0.33914,-10.7068
+0.33963,-9.95075
+0.34002,-9.40799
+0.34039,-8.58766
+0.34078,-7.9235
+0.34114,-7.15218
+0.34151,-6.54156
+0.34202,-5.85871
+0.34239,-5.04332
+0.34276,-4.16711
+0.34315,-3.46434
+0.34351,-2.76384
+0.34402,-2.04549
+0.34439,-1.40047
+0.34477,-1.24075
+0.34515,-0.762366
+0.34551,-0.0391101
+0.34601,+0.582373
+0.34639,+1.0096
+0.34677,+1.59574
+0.34714,+2.23557
+0.34751,+2.93852
+0.34802,+3.56462
+0.34839,+4.36964
+0.34878,+5.51591
+0.34926,+6.37575
+0.34953,+7.18029
+0.35002,+7.91058
+0.35039,+8.76978
+0.35077,+9.49977
+0.35114,+10.2191
+0.35151,+11.0119
+0.35201,+11.857
+0.35239,+12.6582
+0.35276,+13.5561
+0.35315,+14.2306
+0.35352,+14.8573
+0.35401,+15.7149
+0.35439,+16.4397
+0.35476,+17.1032
+0.35514,+17.8177
+0.35551,+18.6009
+0.35602,+19.3253
+0.35639,+19.9482
+0.35677,+20.6103
+0.35714,+21.2635
+0.35752,+21.8617
+0.35802,+22.4685
+0.35839,+23.0597
+0.35878,+23.6288
+0.35915,+24.3034
+0.35952,+24.747
+0.36002,+25.1926
+0.36039,+25.8033
+0.36077,+26.2247
+0.36114,+26.682
+0.36151,+27.3244
+0.36201,+28.3355
+0.36239,+28.7751
+0.36277,+29.3403
+0.36315,+29.6714
+0.36351,+30.1796
+0.36402,+30.4035
+0.36439,+30.5717
+0.36477,+30.8374
+0.36515,+31.2858
+0.36551,+31.616
+0.36602,+30.6548
+0.36639,+29.7085
+0.36677,+29.7795
+0.36714,+30.0197
+0.36752,+30.1572
+0.36802,+29.9101
+0.36839,+30.0913
+0.36878,+29.779
+0.36915,+29.9245
+0.36952,+30.0256
+0.37002,+30.7933
+0.37039,+31.511
+0.37077,+30.521
+0.37115,+30.0524
+0.37152,+28.8712
+0.37202,+29.6042
+0.37239,+29.6553
+0.37278,+29.654
+0.37314,+28.2583
+0.37351,+27.5314
+0.37402,+26.9471
+0.37439,+26.7873
+0.37477,+27.197
+0.37515,+27.0667
+0.37552,+27.5358
+0.37602,+27.3349
+0.37639,+26.5861
+0.37677,+26.3648
+0.37715,+26.9356
+0.37752,+26.1154
+0.37802,+25.8382
+0.37839,+25.6091
+0.37877,+25.4128
+0.37914,+25.1271
+0.37964,+24.8902
+0.38001,+23.9064
+0.3804,+23.5636
+0.38077,+23.2238
+0.38115,+22.8771
+0.38152,+23.1978
+0.38202,+22.9293
+0.38239,+22.6187
+0.38277,+22.1612
+0.38314,+21.7292
+0.38351,+21.1908
+0.38402,+20.859
+0.3844,+20.3697
+0.38477,+19.7766
+0.38515,+19.1006
+0.38552,+18.435
+0.38602,+17.7296
+0.38639,+17.0099
+0.38677,+16.3827
+0.38715,+15.7442
+0.38752,+15.1754
+0.38802,+14.4229
+0.38839,+13.117
+0.38878,+12.4883
+0.38915,+12.0872
+0.38954,+11.5362
+0.39004,+10.7885
+0.3904,+9.60359
+0.39078,+8.99977
+0.39115,+8.23976
+0.39152,+7.49373
+0.39202,+6.84329
+0.3924,+6.81935
+0.39277,+6.13817
+0.39314,+5.29271
+0.39353,+4.51343
+0.39389,+3.76257
+0.39439,+3.61644
+0.39476,+2.80211
+0.39515,+2.02833
+0.39554,+1.30344
+0.39589,-0.0216178
+0.3964,-0.786777
+0.39678,-1.45795
+0.39715,-2.24766
+0.39752,-2.98287
+0.39789,-3.62853
+0.3984,-4.32551
+0.3989,-5.06495
+0.39927,-5.62446
+0.39964,-5.84642
+0.40003,-6.37696
+0.4004,+4.89285
+0.40077,+5.42147
+0.40114,+5.92882
+0.40152,+6.37109
+0.40202,+6.77927
+0.40239,+7.14206
+0.40277,+7.51098
+0.40314,+8.38775
+0.40353,+9.81773
+0.40402,+10.054
+0.40439,+10.3201
+0.40478,+10.1429
+0.40515,+10.9351
+0.40552,+11.8223
+0.40602,+12.7366
+0.4064,+13.0624
+0.40677,+13.5956
+0.40715,+13.8756
+0.40752,+13.5652
+0.40803,+13.7845
+0.4084,+13.8899
+0.40877,+14.9636
+0.40914,+13.9748
+0.40951,+13.8341
+0.41002,+12.9111
+0.41044,+12.2454
+0.41077,+11.5201
+0.41115,+10.2798
+0.41152,+10.0267
+0.41202,+9.74781
+0.4124,+8.94656
+0.41278,+8.64065
+0.41315,+8.32814
+0.41352,+7.34668
+0.41402,+6.72807
+0.4144,+6.47249
+0.41477,+5.76839
+0.41575,+5.44649
+0.41593,+5.61902
+0.41612,+4.23883
+0.41639,+3.812
+0.41678,+2.40417
+0.41715,+1.93373
+0.41752,+1.17294
+0.41802,+1.10475
+0.4184,+1.55797
+0.41877,+1.01067
+0.41914,+0.511229
+0.41951,-1.15719
+0.42002,-1.71262
+0.4204,-2.41885
+0.42077,-3.05961
+0.42114,-3.76705
+0.42152,-4.51937
+0.42202,-5.58246
+0.42239,-7.34499
+0.42277,-8.03973
+0.42315,-8.81387
+0.42352,-9.55628
+0.42402,-10.3859
+0.42439,-10.8562
+0.42477,-11.552
+0.42515,-12.3046
+0.42551,-12.8815
+0.42601,-13.6861
+0.4264,-14.3728
+0.42677,-15.1333
+0.42714,-15.8225
+0.42752,-16.5009
+0.42802,-17.1333
+0.42839,-18.0276
+0.42877,-18.8176
+0.42914,-19.4822
+0.42951,-20.2387
+0.43003,-20.8509
+0.4304,-21.6054
+0.43077,-22.1202
+0.43114,-22.8451
+0.43152,-23.4394
+0.43202,-24.071
+0.4324,-24.4493
+0.43278,-24.8438
+0.43315,-25.1563
+0.43352,-25.5834
+0.43402,-25.3731
+0.43439,-25.691
+0.43478,-26.099
+0.43514,-26.3827
+0.43551,-26.669
+0.43601,-26.8332
+0.4364,-27.1632
+0.43678,-27.4447
+0.43715,-27.7964
+0.43751,-28.0238
+0.43802,-28.31
+0.4384,-28.4713
+0.43877,-28.6671
+0.43914,-28.7269
+0.43952,-28.8205
+0.44002,-29.0488
+0.4404,-29.1356
+0.44077,-29.1262
+0.44114,-29.0967
+0.44152,-29.0964
+0.44202,-28.1476
+0.4424,-27.979
+0.44277,-27.8162
+0.44315,-27.7542
+0.44352,-27.7983
+0.44402,-27.4352
+0.44439,-25.9224
+0.44478,-25.7051
+0.44514,-25.472
+0.44552,-25.0552
+0.44603,-26.1327
+0.4464,-25.812
+0.44678,-25.407
+0.44714,-25.0065
+0.44753,-24.4547
+0.44802,-22.8556
+0.44839,-23.6277
+0.44877,-23.217
+0.44915,-22.6444
+0.44953,-22.3476
+0.45002,-21.8053
+0.4504,-21.2441
+0.45077,-20.6945
+0.45115,-20.1638
+0.45152,-19.4791
+0.45202,-20.123
+0.4524,-19.545
+0.45277,-18.8048
+0.45314,-18.1581
+0.45352,-17.2778
+0.45402,-16.607
+0.45439,-15.9165
+0.45477,-15.3592
+0.45515,-14.7866
+0.45552,-13.9164
+0.45602,-12.6234
+0.45639,-11.8039
+0.45678,-11.3105
+0.45721,-10.6465
+0.45743,-10.0591
+0.4576,-9.4794
+0.45802,-8.94305
+0.45839,-8.28244
+0.45877,-7.4328
+0.45915,-7.0255
+0.45953,-7.0651
+0.46002,-6.55799
+0.4604,-5.70893
+0.46078,-5.07822
+0.46115,-4.48127
+0.46153,-3.74744
+0.46202,-2.94133
+0.4624,-2.20687
+0.46277,-1.55606
+0.46314,-1.36646
+0.46354,-0.797503
+0.46402,-0.280251
+0.4644,+0.690368
+0.46477,+1.22107
+0.46515,+1.76868
+0.46553,+2.23314
+0.46602,+2.65216
+0.4664,+3.18206
+0.46678,+3.21641
+0.46715,+3.98415
+0.46753,+4.86803
+0.468,+4.83519
+0.46827,+5.04717
+0.46853,+5.2512
+0.46879,+5.41028
+0.46914,+5.18006
+0.46952,+5.23512
+0.47003,+5.2722
+0.4704,+5.83288
+0.47078,+5.94432
+0.47115,+5.62288
+0.47151,+5.79905
+0.47203,+4.96925
+0.4724,+5.06545
+0.47278,+5.14601
+0.47315,+5.67445
+0.47353,+5.84395
+0.47402,+5.83498
+0.4744,+5.62533
+0.47478,+5.65515
+0.47515,+5.58988
+0.47552,+5.7772
+0.47602,+6.07276
+0.4764,+5.81589
+0.47678,+5.6861
+0.47715,+5.39086
+0.47753,+5.07142
+0.47803,+4.85947
+0.4784,+4.61368
+0.47878,+4.28919
+0.47915,+4.01411
+0.47952,+3.63101
+0.47989,+3.42634
+0.4804,+3.20526
+0.48078,+2.87019
+0.48129,+2.58124
+0.48155,+2.27193
+0.48203,+1.96552
+0.4824,+1.77123
+0.48277,+1.50602
+0.48315,+1.14028
+0.48352,+1.005
+0.48402,+0.783416
+0.4844,+0.476141
+0.48478,+0.250816
+0.48515,-0.00326679
+0.48553,-0.160191
+0.48602,-1.52786
+0.48639,-1.84391
+0.48678,-2.24138
+0.48715,-2.29518
+0.48752,-2.59027
+0.48803,-4.04895
+0.4884,-4.20655
+0.48878,-4.51418
+0.48915,-4.66968
+0.48953,-4.85003
+0.4899,-3.89983
+0.4904,-5.16871
+0.49077,-5.49608
+0.49116,-5.75323
+0.49154,-5.86279
+0.4919,-4.82714
+0.49241,-4.85034
+0.49278,-5.91135
+0.49315,-6.46458
+0.49352,-6.53299
+0.4939,-6.52956
+0.4944,-5.38723
+0.49478,-5.6582
+0.49515,-5.72175
+0.49553,-5.75737
+0.4959,-5.78113
+0.4964,-6.17915
+0.49678,-5.07833
+0.49714,-4.50203
+0.49753,-4.37088
+0.4979,-4.40479
+0.4984,-4.33341
+0.49891,-3.5863
+0.49919,-3.37148
+0.49952,-3.10458
+0.49989,-2.85736
+0.5004,-3.31627
+0.50078,-3.1133
+0.50116,-2.9578
+0.50152,-3.90286
+0.50203,-3.55341
+0.5024,-3.26542
+0.50278,-2.97151
+0.50315,-2.55217
+0.50353,-3.29326
+0.5039,-2.9426
+0.5044,-1.42412
+0.50478,-0.89708
+0.50515,-0.387287
+0.50553,+1.20277
+0.50602,+1.76867
+0.5064,+2.33901
+0.50678,+2.81119
+0.50715,+3.22958
+0.50753,+4.85238
+0.5079,+5.40987
+0.50841,+5.91238
+0.50878,+6.41893
+0.50914,+7.01384
+0.50954,+7.44643
+0.5099,+7.84404
+0.5104,+8.39424
+0.51078,+8.98844
+0.51115,+9.57089
+0.51165,+10.1704
+0.51202,+10.6022
+0.5124,+11.0265
+0.51285,+11.4956
+0.51315,+12.0104
+0.51352,+12.5841
+0.51389,+12.9949
+0.51441,+13.2895
+0.51478,+13.6291
+0.51516,+13.9036
+0.51553,+14.0995
+0.5159,+14.4829
+0.5164,+14.8494
+0.51678,+15.1014
+0.51715,+15.1252
+0.51815,+15.2719
+0.51833,+15.6092
+0.51857,+15.4485
+0.51878,+15.6938
+0.51915,+15.5305
+0.51953,+15.7602
+0.5199,+15.6302
+0.5204,+16.1252
+0.52077,+16.3768
+0.52115,+16.5849
+0.52153,+16.3807
+0.52202,+16.4312
+0.5224,+16.914
+0.52278,+16.6134
+0.52315,+17.4139
+0.52352,+17.2986
+0.5239,+17.5669
+0.5244,+16.7231
+0.52478,+16.5247
+0.52515,+16.3846
+0.52553,+16.3407
+0.5259,+16.1789
+0.5264,+15.8137
+0.52677,+16.159
+0.52715,+15.393
+0.52753,+15.5273
+0.52789,+15.1063
+0.5284,+15.0266
+0.52878,+14.5062
+0.52915,+14.0731
+0.52953,+13.7704
+0.5299,+13.2318
+0.5304,+12.854
+0.53077,+12.0315
+0.53115,+12.552
+0.53165,+11.6959
+0.53202,+11.1785
+0.5324,+10.7845
+0.53278,+10.2767
+0.53315,+9.80166
+0.53353,+9.24267
+0.5339,+9.78179
+0.53441,+9.2096
+0.53478,+9.5288
+0.53515,+8.04221
+0.53553,+8.48551
+0.5359,+7.94915
+0.5364,+8.452
+0.53678,+8.57764
+0.53716,+9.00478
+0.53753,+9.10609
+0.5379,+7.66716
+0.5384,+7.84007
+0.53878,+7.09766
+0.53916,+7.19486
+0.53953,+6.28781
+0.5399,+6.34747
+0.5404,+5.46278
+0.54078,+5.11893
+0.54115,+4.426
+0.54155,+4.20534
+0.54203,+4.42632
+0.5424,+4.14637
+0.54279,+4.04984
+0.54315,+3.86773
+0.54353,+3.81141
+0.5439,+3.86294
+0.5444,+3.74022
+0.54478,+4.62649
+0.54515,+4.67664
+0.54552,+4.71832
+0.54589,+4.79068
+0.54641,+4.81732
+0.54678,+4.83197
+0.54715,+5.11546
+0.54753,+6.1038
+0.5479,+6.17187
+0.5484,+6.38658
+0.54878,+6.5786
+0.54915,+7.55173
+0.54953,+7.63985
+0.5499,+7.87687
+0.5504,+8.14744
+0.55078,+8.34473
+0.55115,+8.44384
+0.55153,+7.81805
+0.5519,+8.157
+0.5524,+8.49941
+0.55278,+7.86522
+0.55315,+7.2087
+0.55353,+7.58037
+0.5539,+7.82701
+0.5544,+7.97985
+0.55477,+8.31519
+0.55515,+8.63734
+0.55553,+8.93895
+0.5559,+9.22
+0.5564,+9.46244
+0.55678,+9.71875
+0.55715,+10.0229
+0.55753,+11.0761
+0.5579,+11.3289
+0.55841,+11.822
+0.55878,+12.1717
+0.55916,+12.4141
+0.55953,+12.7108
+0.5599,+13.0516
+0.5604,+13.2834
+0.56079,+13.6701
+0.56116,+13.9015
+0.56153,+13.4976
+0.56203,+13.7733
+0.5624,+13.9294
+0.56278,+14.1389
+0.56313,+14.3736
+0.56333,+14.5895
+0.56359,+14.7642
+0.5639,+15.0147
+0.5644,+15.0405
+0.56478,+15.2817
+0.56516,+15.3759
+0.56553,+15.4477
+0.56591,+15.4932
+0.56641,+15.5271
+0.56678,+15.6269
+0.56715,+15.7119
+0.56753,+15.7551
+0.5679,+15.6376
+0.5684,+15.6548
+0.56878,+15.5957
+0.56915,+15.4418
+0.56953,+15.5416
+0.5699,+15.681
+0.5704,+15.5206
+0.57078,+15.3312
+0.57116,+15.1643
+0.57153,+14.9212
+0.5719,+14.903
+0.57241,+14.6564
+0.57279,+14.6139
+0.57315,+14.5361
+0.57353,+14.3615
+0.57391,+14.0525
+0.57441,+13.9841
+0.57478,+13.9196
+0.57515,+13.7615
+0.57553,+13.6562
+0.57591,+13.3848
+0.5764,+13.2776
+0.57678,+12.9601
+0.57716,+12.7108
+0.57753,+12.4072
+0.5779,+12.2309
+0.57841,+11.9998
+0.57892,+11.7713
+0.57917,+11.5584
+0.57953,+11.4816
+0.57991,+11.3397
+0.5804,+11.2639
+0.58079,+11.1789
+0.58116,+11.1194
+0.58154,+10.9185
+0.5819,+10.8129
+0.58241,+10.6692
+0.58279,+10.5715
+0.58315,+10.4961
+0.58353,+10.3757
+0.5839,+10.3943
+0.58441,+10.2175
+0.58479,+10.0892
+0.58515,+10.0164
+0.58554,+10.0366
+0.5859,+9.95891
+0.5864,+9.91645
+0.58678,+9.86677
+0.58715,+9.80713
+0.58753,+9.72736
+0.5879,+9.56294
+0.5884,+9.35589
+0.58879,+9.38483
+0.58916,+9.29164
+0.58953,+9.30134
+0.58991,+9.36856
+0.59041,+9.35785
+0.59078,+9.38028
+0.59115,+9.32905
+0.59154,+9.25462
+0.59204,+9.31333
+0.59241,+9.60205
+0.59279,+9.52739
+0.59316,+9.47404
+0.59354,+9.37685
+0.5939,+9.18896
+0.59441,+9.14164
+0.59479,+9.04088
+0.59516,+8.90128
+0.59554,+8.79497
+0.5959,+8.58789
+0.59641,+8.3651
+0.5968,+8.25791
+0.59716,+8.13761
+0.59753,+7.93319
+0.5979,+7.80994
+0.59841,+7.64617
+0.59879,+7.4099
+0.59916,+7.60271
+0.59953,+7.45568
+0.59991,+7.17231
+0.60041,+6.96173
+0.60078,+6.68665
+0.60115,+6.22228
+0.60153,+5.87951
+0.60191,+5.45523
+0.60241,+4.91607
+0.60278,+4.40186
+0.60315,+3.9454
+0.60354,+3.22301
+0.60391,+2.8143
+0.6044,+2.19495
+0.60478,+1.54522
+0.60516,+1.01098
+0.60554,+0.567122
+0.6059,+0.0655144
+0.60641,-0.427828
+0.60679,-0.888004
+0.60716,-1.34471
+0.60753,-1.64036
+0.6079,-2.14083
+0.60841,-2.58984
+0.60879,-2.95223
+0.60916,-3.2723
+0.60953,-3.6776
+0.60991,-3.96479
+0.61041,-4.25861
+0.61078,-4.47997
+0.61116,-4.59706
+0.61153,-4.76685
+0.61191,-4.93702
+0.61241,-5.04264
+0.61279,-5.11776
+0.61315,-5.0391
+0.61353,-5.05884
+0.61391,-5.02002
+0.61442,-4.91475
+0.61479,-4.75912
+0.61524,-4.64927
+0.61554,-4.57939
+0.61591,-4.33272
+0.61641,-4.09812
+0.61678,-3.75719
+0.61716,-3.469
+0.61754,-3.21003
+0.61791,-2.88078
+0.61842,-2.38977
+0.61879,-2.00543
+0.61916,-1.637
+0.61953,-0.978059
+0.62055,-0.327608
+0.6208,+0.281335
+0.62104,+0.735476
+0.6213,+1.26648
+0.62154,+1.82618
+0.62191,+2.34225
+0.62241,+2.75701
+0.62279,+3.31577
+0.62315,+3.75798
+0.62354,+4.09353
+0.62391,+4.4114
+0.6244,+4.88763
+0.62478,+5.2717
+0.62515,+5.8067
+0.62554,+6.3898
+0.6259,+6.96906
+0.6264,+7.3673
+0.62678,+7.84871
+0.62715,+8.46812
+0.62752,+9.03502
+0.6279,+9.52148
+0.6284,+9.93984
+0.62878,+10.356
+0.62916,+10.6692
+0.62953,+10.868
+0.6299,+11.1537
+0.6304,+11.4802
+0.63079,+11.6064
+0.63116,+11.754
+0.63153,+11.8711
+0.6319,+12.0098
+0.6324,+12.1986
+0.63279,+12.3772
+0.63316,+12.4028
+0.63354,+12.6739
+0.6339,+12.7748
+0.63441,+13.1055
+0.63477,+13.3363
+0.63515,+13.5223
+0.63553,+13.7092
+0.6359,+13.8043
+0.63641,+13.8756
+0.63679,+13.9457
+0.63716,+14.1006
+0.63753,+14.1201
+0.63791,+14.1443
+0.63841,+14.0744
+0.63878,+14.1623
+0.63915,+14.1806
+0.63953,+14.1563
+0.63991,+14.2513
+0.64041,+14.2509
+0.64078,+14.2668
+0.64115,+14.1789
+0.64153,+14.2818
+0.6419,+14.3209
+0.6424,+14.1917
+0.64278,+13.9735
+0.64315,+13.8431
+0.64354,+13.806
+0.64391,+13.6635
+0.64441,+13.4228
+0.64478,+13.404
+0.64516,+13.307
+0.64553,+13.079
+0.6459,+12.9263
+0.6464,+12.7441
+0.64678,+12.5209
+0.64716,+12.33
+0.64753,+12.0303
+0.6479,+11.6961
+0.64841,+11.3904
+0.64879,+10.9433
+0.64915,+10.3477
+0.64953,+9.80548
+0.6499,+9.07545
+0.65041,+8.43185
+0.65078,+7.83841
+0.65115,+7.1276
+0.65153,+6.22265
+0.65191,+5.43197
+0.65241,+4.55959
+0.65279,+3.69089
+0.65316,+3.01318
+0.65354,+2.11167
+0.6539,+1.25303
+0.65441,+0.287495
+0.65478,-0.592476
+0.65515,-1.63428
+0.65554,-2.47684
+0.65591,-3.54416
+0.65641,-4.37371
+0.65678,-5.51588
+0.65715,-6.54867
+0.65754,-7.47127
+0.65791,-8.47422
+0.6584,-9.10162
+0.65878,-10.0341
+0.65916,-10.9307
+0.65953,-11.8155
+0.6599,-12.5781
+0.6604,-13.501
+0.66079,-14.2272
+0.66115,-14.9647
+0.66153,-15.8224
+0.66191,-16.5276
+0.6624,-17.497
+0.66279,-18.287
+0.66316,-18.8454
+0.66366,-19.4936
+0.66392,-20.0357
+0.66441,-20.421
+0.66478,-20.8649
+0.66515,-21.2627
+0.66553,-21.6715
+0.66591,-22.0035
+0.66641,-22.2077
+0.66678,-22.192
+0.66715,-22.4835
+0.66754,-22.6784
+0.66791,-22.7612
+0.66841,-22.8698
+0.66878,-22.8309
+0.66916,-22.9273
+0.66953,-22.8862
+0.66991,-22.8428
+0.6704,-22.7749
+0.67078,-22.8899
+0.67116,-22.6541
+0.67153,-22.4242
+0.6719,-22.1658
+0.6724,-21.7658
+0.67279,-21.2906
+0.67315,-20.7441
+0.67353,-20.1281
+0.6739,-19.5063
+0.67441,-18.7894
+0.67478,-18.0628
+0.67516,-17.2116
+0.67553,-16.3783
+0.6759,-15.6264
+0.67641,-14.9974
+0.67679,-14.3584
+0.67716,-13.6699
+0.67754,-12.8947
+0.67791,-12.0567
+0.67841,-11.342
+0.67879,-10.5383
+0.67916,-10.1907
+0.67954,-9.73949
+0.67992,-9.14074
+0.68041,-8.65066
+0.68204,-8.02614
+0.68241,-7.35155
+0.68278,-6.78198
+0.68316,-6.24195
+0.68354,-5.67875
+0.68391,-5.14025
+0.68441,-4.28389
+0.68479,-3.43224
+0.68516,-2.79999
+0.68554,-1.1503
+0.68591,-0.526726
+0.68641,+0.143788
+0.68678,+0.725629
+0.68715,+1.2711
+0.68753,+1.79614
+0.68791,+2.25979
+0.6884,+3.5094
+0.68878,+3.98349
+0.68916,+4.12914
+0.68953,+3.62997
+0.68992,+4.04403
+0.69041,+4.32578
+0.69078,+4.67653
+0.69116,+4.99178
+0.69178,+4.94739
+0.69206,+5.07809
+0.69253,+4.43537
+0.6928,+4.6138
+0.69329,+5.1239
+0.69366,+5.17932
+0.69403,+5.25346
+0.69441,+5.18911
+0.69479,+5.04983
+0.69516,+4.90414
+0.69553,+5.10555
+0.69591,+5.07535
+0.69641,+4.88952
+0.69679,+4.73212
+0.69717,+4.3216
+0.69754,+4.0692
+0.69792,+3.67977
+0.69841,+3.34163
+0.69879,+3.02757
+0.69916,+2.68951
+0.69954,+2.35364
+0.69992,+1.94541
+0.70041,+1.59455
+0.70079,+1.15813
+0.70116,+0.929473
+0.70153,+0.717263
+0.70191,+0.465102
+0.70242,+0.170888
+0.70278,+0.00962964
+0.70316,-0.106451
+0.70353,-0.531082
+0.70391,-0.644737
+0.70441,+0.2083
+0.70479,-0.019047
+0.70516,-0.292117
+0.70554,+0.0477995
+0.70592,-0.148579
+0.70641,-0.232417
+0.70678,-0.530083
+0.70716,-0.791372
+0.70754,-0.783928
+0.70791,-0.953563
+0.70841,-2.06713
+0.7088,-1.13732
+0.70916,-0.320747
+0.70954,-0.978653
+0.70992,-1.02063
+0.71041,-1.004
+0.71079,+0.187747
+0.71116,+1.33986
+0.71154,+1.4552
+0.71192,+1.65968
+0.71228,+1.86185
+0.7128,+1.96372
+0.71316,+2.30148
+0.71354,+3.57161
+0.71393,+4.73143
+0.71442,+5.97922
+0.71478,+5.19667
+0.71516,+5.25063
+0.71553,+5.42903
+0.71592,+6.49568
+0.71641,+7.55484
+0.71679,+7.84068
+0.71716,+8.09221
+0.71755,+8.22444
+0.71793,+8.52522
+0.71841,+8.6423
+0.71879,+8.66753
+0.71917,+8.7975
+0.71953,+9.78452
+0.71992,+10.0958
+0.72029,+10.3066
+0.7208,+10.4561
+0.72117,+10.5765
+0.72154,+10.7429
+0.72192,+10.8421
+0.72295,+10.887
+0.72313,+12.0214
+0.72338,+12.2603
+0.72361,+12.5893
+0.72404,+12.6409
+0.72442,+12.8391
+0.72479,+12.9497
+0.72516,+13.0778
+0.72553,+13.0953
+0.72591,+13.167
+0.72641,+13.2454
+0.72678,+13.2792
+0.72716,+13.3861
+0.72754,+13.4788
+0.72791,+13.4397
+0.72841,+13.3864
+0.72879,+13.2436
+0.72916,+13.1015
+0.72953,+13.0112
+0.72992,+13.0113
+0.73028,+13.0282
+0.73079,+12.9508
+0.73116,+12.2116
+0.73154,+11.9813
+0.73192,+11.7574
+0.73229,+11.5988
+0.73279,+11.5696
+0.73316,+11.5299
+0.73354,+11.4758
+0.73393,+11.2923
+0.73441,+11.0364
+0.73479,+10.9092
+0.73515,+11.3348
+0.73554,+11.1934
+0.73592,+11.1003
+0.7364,+10.809
+0.73679,+10.5907
+0.73716,+10.3342
+0.73753,+10.0026
+0.73791,+9.69338
+0.73841,+8.39888
+0.73878,+8.11516
+0.73916,+6.85458
+0.73954,+6.66067
+0.73991,+6.36713
+0.74041,+5.22345
+0.74079,+4.91632
+0.74116,+4.76152
+0.74154,+4.71105
+0.74191,+3.55941
+0.74241,+4.63502
+0.74279,+4.54036
+0.74316,+5.37041
+0.74353,+4.1166
+0.74392,+4.0953
+0.74441,+3.98173
+0.74479,+4.06508
+0.74516,+3.96815
+0.74554,+3.83787
+0.74591,+3.77862
+0.74641,+3.52806
+0.74679,+3.4725
+0.74716,+3.44466
+0.74754,+4.45658
+0.74791,+3.36888
+0.74828,+4.47464
+0.7488,+4.38243
+0.74916,+4.41016
+0.74954,+3.35656
+0.74992,+4.32595
+0.75029,+4.43451
+0.75079,+4.52869
+0.75117,+4.634
+0.75154,+4.77957
+0.75192,+5.93839
+0.75229,+4.83569
+0.7528,+4.90888
+0.75317,+3.90296
+0.75353,+3.93762
+0.75392,+3.10327
+0.75442,+3.2874
+0.75478,+2.35597
+0.75517,+1.52567
+0.75553,+0.566271
+0.75591,+0.611453
+0.75642,+1.29261
+0.7568,+1.32567
+0.75716,+2.26148
+0.75753,+3.34629
+0.75791,+3.27741
+0.75829,+3.24306
+0.75879,+4.16916
+0.75916,+4.01989
+0.75953,+4.05518
+0.75991,+3.12617
+0.76028,+3.70594
+0.76079,+3.71665
+0.76116,+2.89532
+0.76153,+3.08503
+0.76191,+4.22538
+0.76229,+4.20881
+0.76279,+3.38813
+0.76317,+3.53286
+0.76354,+3.57839
+0.76391,+3.50434
+0.76428,+2.26492
+0.76492,+1.29146
+0.76518,+2.36583
+0.76554,+1.23043
+0.76592,+0.184986
+0.76628,+0.251685
+0.76679,+0.129621
+0.76716,+0.0545824
+0.76754,+0.0417686
+0.76792,+0.0724537
+0.76828,+0.209192
+0.76879,+0.0641212
+0.76916,-1.03246
+0.76954,-1.1208
+0.76992,-1.28511
+0.77029,-2.43673
+0.77079,-2.44871
+0.77116,-2.5912
+0.77154,-2.94996
+0.77191,-3.09626
+0.77229,-3.22021
+0.7728,-3.3133
+0.77317,-3.48427
+0.77354,-3.64422
+0.77392,-3.78608
+0.77429,-4.04375
+0.7748,-4.30545
+0.77517,-4.4996
+0.77554,-3.48988
+0.77592,-3.70022
+0.77629,-3.99622
+0.77693,-3.10763
+0.77721,-3.34158
+0.77755,-3.51391
+0.77792,-3.67586
+0.77829,-3.7805
+0.77879,-3.9326
+0.77917,-4.16679
+0.77954,-5.56607
+0.77991,-5.83001
+0.78029,-5.98868
+0.7808,-7.38158
+0.78117,-7.47543
+0.78153,-7.58298
+0.78192,-7.18574
+0.78228,-6.91602
+0.7828,-6.57642
+0.78317,-6.29016
+0.78353,-5.70108
+0.78391,-5.22325
+0.78428,-4.68678
+0.7848,-4.15257
+0.78517,-3.76574
+0.78554,-3.42744
+0.78592,-3.64093
+0.78629,-3.72455
+0.78679,-3.84484
+0.78717,-3.77793
+0.78754,-3.8896
+0.78791,-4.10381
+0.78828,-4.36637
+0.7888,-4.4863
+0.78916,-4.67145
+0.78954,-4.71167
+0.78992,-4.62658
+0.79029,-4.55081
+0.7908,-4.60438
+0.79117,-4.62172
+0.79154,-4.63268
+0.79192,-4.49538
+0.79229,-4.46168
+0.7928,-4.37035
+0.79317,-4.20001
+0.79354,-4.20767
+0.79392,-4.24828
+0.79429,-4.34107
+0.79479,-4.19023
+0.79529,-4.10768
+0.79555,-4.04332
+0.79592,-4.10799
+0.79641,-4.00119
+0.79679,-3.91891
+0.79716,-3.91586
+0.79754,-3.70775
+0.79791,-3.57034
+0.79829,-2.38248
+0.7988,-2.22494
+0.79916,-2.20378
+0.79955,-2.02938
+0.79991,-1.71524
+0.80029,-2.13878
+0.80079,-1.98105
+0.80116,-1.60492
+0.80155,-1.4071
+0.80191,-1.0995
+0.80228,-1.79086
+0.8028,-1.63526
+0.80317,-0.215962
+0.80354,+0.0334477
+0.80393,+0.206607
+0.80429,+1.49773
+0.8048,+1.8393
+0.80517,+1.8921
+0.80554,+2.09915
+0.80592,+2.26421
+0.80629,+2.47423
+0.8068,+2.68935
+0.80717,+1.89186
+0.80754,+2.05831
+0.80792,+3.33976
+0.80829,+2.67828
+0.8088,+2.91645
+0.80917,+3.2049
+0.80954,+3.43848
+0.80992,+3.77562
+0.81029,+4.03775
+0.81079,+4.42507
+0.81117,+4.64122
+0.81154,+5.1155
+0.81192,+4.27947
+0.81229,+4.43182
+0.8128,+4.64717
+0.81317,+4.94793
+0.81354,+5.24468
+0.81393,+5.38985
+0.81429,+5.58172
+0.81479,+5.64702
+0.81517,+5.88717
+0.81555,+5.85699
+0.81592,+6.07394
+0.81629,+6.22762
+0.81679,+6.2894
+0.81717,+6.29716
+0.81754,+6.1963
+0.81792,+6.21983
+0.81829,+6.33226
+0.81879,+6.46624
+0.81918,+6.4638
+0.81954,+6.42804
+0.81992,+6.52037
+0.8203,+6.5316
+0.8208,+6.63363
+0.82117,+6.7676
+0.82154,+7.03581
+0.82192,+7.14239
+0.82229,+7.14191
+0.8228,+7.26992
+0.82316,+7.33624
+0.82354,+7.5825
+0.82391,+7.55041
+0.8243,+7.56886
+0.82535,+7.55759
+0.82553,+7.45761
+0.82573,+7.51651
+0.82594,+7.47338
+0.82629,+7.49358
+0.82679,+7.45109
+0.82716,+7.33495
+0.82755,+7.25027
+0.82792,+7.35939
+0.82829,+7.40728
+0.82879,+7.40781
+0.82916,+7.42245
+0.82954,+7.39359
+0.82992,+7.40153
+0.83028,+7.38781
+0.8308,+7.28925
+0.83117,+7.41139
+0.83154,+7.43805
+0.83191,+7.25832
+0.83229,+7.17121
+0.8328,+7.12201
+0.83317,+7.11937
+0.83354,+7.00452
+0.83392,+7.07854
+0.83429,+7.04534
+0.8348,+7.07889
+0.83516,+7.0444
+0.83554,+6.94953
+0.83592,+7.02703
+0.83629,+7.05454
+0.83679,+7.01517
+0.83717,+6.9801
+0.83754,+7.01141
+0.83792,+7.0076
+0.83829,+7.04529
+0.83879,+7.12196
+0.83917,+7.1573
+0.83955,+7.15976
+0.83992,+7.20831
+0.84028,+7.28706
+0.8408,+7.37882
+0.84117,+7.59612
+0.84154,+7.87138
+0.84192,+7.92077
+0.84229,+7.93241
+0.84279,+7.90424
+0.84316,+8.07367
+0.84355,+8.31445
+0.84392,+8.42041
+0.84429,+8.54575
+0.84479,+8.7665
+0.84517,+8.93823
+0.84555,+8.98228
+0.84592,+9.18915
+0.84629,+9.41393
+0.84679,+9.69814
+0.84717,+9.75983
+0.84754,+9.91306
+0.84792,+10.0892
+0.84829,+10.1515
+0.8488,+10.2602
+0.84917,+10.3467
+0.84954,+10.4151
+0.84992,+10.6091
+0.85028,+10.7644
+0.8508,+10.8182
+0.85117,+11.0191
+0.85154,+11.1305
+0.85193,+11.4286
+0.85229,+11.6812
+0.8528,+11.8699
+0.85317,+12.0128
+0.85354,+12.1366
+0.85392,+12.1093
+0.85429,+12.1856
+0.85479,+12.336
+0.85516,+12.5088
+0.85554,+12.5179
+0.85604,+12.4413
+0.85642,+12.4873
+0.8568,+12.5576
+0.85717,+12.717
+0.85755,+12.8683
+0.85792,+12.909
+0.85829,+12.9354
+0.8588,+12.9586
+0.85917,+12.986
+0.85955,+13.2264
+0.85992,+13.308
+0.86029,+13.4371
+0.86079,+13.449
+0.86117,+13.3036
+0.86154,+13.2128
+0.86192,+13.4057
+0.8623,+13.4565
+0.8628,+13.5468
+0.86317,+13.5079
+0.86354,+13.5091
+0.86391,+13.5333
+0.8643,+13.4165
+0.8648,+13.409
+0.86517,+13.635
+0.86554,+13.5977
+0.86593,+13.5616
+0.86629,+13.4983
+0.86679,+14.0769
+0.86716,+14.0294
+0.86755,+13.8103
+0.86793,+13.5889
+0.86829,+13.7616
+0.8688,+13.6548
+0.86917,+13.4285
+0.86955,+13.3498
+0.86992,+13.2151
+0.87029,+13.1522
+0.8708,+12.431
+0.87117,+11.8277
+0.87154,+11.2306
+0.87192,+11.2964
+0.87229,+11.0929
+0.87281,+10.5607
+0.87317,+10.4622
+0.87354,+10.3686
+0.87392,+10.2084
+0.8743,+9.64592
+0.87479,+9.02859
+0.87517,+8.92715
+0.87554,+9.40002
+0.87605,+8.73603
+0.87631,+8.01362
+0.8768,+8.36226
+0.87717,+7.82929
+0.87754,+7.1907
+0.87792,+6.18961
+0.87829,+6.53801
+0.8788,+6.48734
+0.87916,+6.49338
+0.87955,+5.91643
+0.87993,+6.04833
+0.88029,+6.00788
+0.8808,+5.49955
+0.88117,+5.87405
+0.88155,+6.33298
+0.88192,+6.798
+0.88229,+6.40672
+0.8828,+6.87804
+0.88317,+6.74212
+0.88355,+7.18522
+0.88392,+7.1338
+0.88429,+7.22966
+0.8848,+7.25161
+0.88517,+7.36098
+0.88554,+7.06126
+0.88593,+7.04463
+0.8863,+7.56639
+0.8868,+7.18028
+0.88717,+7.38022
+0.88755,+7.21095
+0.88792,+7.29508
+0.88829,+7.01877
+0.88881,+7.69856
+0.88917,+7.78804
+0.88955,+7.91985
+0.88992,+8.24383
+0.89029,+8.20362
+0.8908,+8.89719
+0.89117,+9.58733
+0.89155,+9.85503
+0.89192,+10.5036
+0.8923,+11.6474
+0.8928,+11.9079
+0.89317,+12.1401
+0.89354,+12.468
+0.89392,+13.1085
+0.89429,+13.5148
+0.8948,+13.7565
+0.89517,+13.484
+0.89554,+14.1097
+0.89593,+14.3001
+0.8963,+14.6971
+0.8968,+15.0556
+0.89717,+15.3367
+0.89755,+16.0194
+0.89792,+16.3801
+0.8983,+16.8111
+0.8988,+17.1277
+0.89917,+17.8634
+0.89955,+18.087
+0.89992,+18.5661
+0.90029,+18.7333
+0.90081,+18.7755
+0.90118,+19.1075
+0.90155,+19.4602
+0.90193,+19.6866
+0.90229,+20.0324
+0.9028,+20.313
+0.90317,+20.7183
+0.90355,+21.0112
+0.90392,+21.318
+0.9043,+21.6599
+0.9048,+22.1969
+0.90517,+22.4662
+0.90554,+22.6912
+0.90593,+23.1003
+0.90643,+23.2817
+0.90679,+23.5327
+0.90717,+23.7133
+0.90755,+23.9561
+0.90792,+24.2001
+0.9083,+24.2997
+0.9088,+24.3916
+0.90918,+24.6014
+0.90955,+24.776
+0.90992,+24.7537
+0.91029,+24.9941
+0.91081,+25.1891
+0.91118,+25.3744
+0.91155,+25.6868
+0.91192,+25.6922
+0.91229,+25.8965
+0.91281,+26.1107
+0.91317,+26.2866
+0.91355,+26.4987
+0.91392,+26.7524
+0.9143,+26.7305
+0.91479,+26.8783
+0.91517,+27.0354
+0.91555,+26.9959
+0.91593,+26.9868
+0.91629,+26.9963
+0.91681,+27.0643
+0.91718,+27.1494
+0.91755,+27.0742
+0.91792,+27.0561
+0.9183,+27.151
+0.91881,+27.1999
+0.91917,+27.2549
+0.91955,+27.3404
+0.91992,+27.4631
+0.9203,+27.4939
+0.92081,+27.4029
+0.92117,+27.3365
+0.92155,+27.4295
+0.92193,+27.4594
+0.9223,+27.4765
+0.92281,+27.3925
+0.92317,+27.3666
+0.92355,+27.3557
+0.92393,+27.4048
+0.9243,+28.1035
+0.92481,+28.0591
+0.92518,+28.1013
+0.92555,+28.811
+0.92593,+28.7443
+0.9263,+28.7944
+0.9268,+29.4922
+0.92775,+30.1418
+0.92802,+30.0531
+0.92824,+30.6827
+0.92849,+30.0103
+0.92881,+30.0554
+0.92917,+29.9426
+0.92955,+29.1277
+0.92993,+29.1186
+0.93031,+29.0928
+0.9308,+29.0011
+0.93117,+28.2168
+0.93155,+28.1968
+0.93192,+27.5509
+0.9323,+27.4959
+0.9328,+27.4556
+0.93317,+27.445
+0.93355,+27.6898
+0.93393,+27.7474
+0.9343,+28.3708
+0.9348,+28.3552
+0.93518,+28.9171
+0.93555,+28.8353
+0.93592,+28.7124
+0.9363,+28.6338
+0.93681,+29.2601
+0.93718,+29.9426
+0.93755,+29.516
+0.93793,+29.3985
+0.9383,+28.5571
+0.9388,+27.8301
+0.93917,+27.779
+0.93955,+28.4122
+0.93992,+29.0267
+0.9403,+29.7084
+0.94081,+28.8153
+0.94118,+27.9611
+0.94155,+27.9885
+0.94192,+28.6305
+0.94231,+28.6312
+0.9428,+29.2691
+0.94317,+29.2647
+0.94355,+29.2087
+0.94393,+29.1427
+0.94431,+28.2606
+0.9448,+28.3067
+0.94518,+28.3049
+0.94555,+28.9929
+0.94593,+28.8897
+0.9463,+28.763
+0.9468,+28.7113
+0.94718,+27.8948
+0.94755,+27.8578
+0.94792,+27.8125
+0.94831,+28.4966
+0.94881,+28.3071
+0.94918,+28.7913
+0.94955,+28.5863
+0.94992,+28.4421
+0.95031,+29.0123
+0.9508,+28.8653
+0.95117,+28.6673
+0.95155,+28.49
+0.95193,+27.5654
+0.9523,+27.4229
+0.9528,+28.0687
+0.95318,+27.9368
+0.95355,+27.1132
+0.95393,+26.9772
+0.95429,+26.8352
+0.9548,+26.6594
+0.95517,+27.3151
+0.95555,+27.137
+0.95592,+26.8838
+0.95631,+25.9083
+0.9568,+25.0029
+0.95717,+24.9878
+0.95755,+24.6823
+0.95793,+24.4856
+0.9583,+24.2087
+0.9588,+23.1093
+0.95918,+22.9559
+0.95955,+22.8008
+0.95993,+23.3998
+0.96031,+23.9963
+0.96081,+24.3767
+0.96118,+23.1604
+0.96155,+23.7098
+0.96192,+23.4034
+0.96231,+23.2562
+0.9628,+23.0981
+0.96317,+22.89
+0.96355,+21.773
+0.96393,+20.7637
+0.96431,+20.4954
+0.9648,+20.4178
+0.96517,+21.0648
+0.96555,+20.8447
+0.96593,+20.7433
+0.9663,+20.4105
+0.96681,+21.004
+0.96843,+20.7382
+0.96861,+21.3115
+0.96889,+21.7376
+0.9691,+21.506
+0.96928,+20.3621
+0.96955,+20.1015
+0.96992,+19.9152
+0.97032,+19.6253
+0.97081,+19.5324
+0.97118,+19.2575
+0.97155,+18.9529
+0.97192,+18.7487
+0.97231,+18.5481
+0.97281,+18.2709
+0.97318,+18.8791
+0.97356,+17.8004
+0.97393,+17.5042
+0.97432,+17.286
+0.97481,+16.9608
+0.97518,+16.6393
+0.97556,+15.4436
+0.97592,+15.1233
+0.97631,+13.9595
+0.97668,+13.6816
+0.97718,+13.3506
+0.97756,+13.8655
+0.97793,+13.629
+0.97843,+13.2672
+0.97881,+12.9355
+0.97918,+12.6597
+0.97955,+13.286
+0.97992,+13.0092
+0.98031,+13.7097
+0.98082,+13.4058
+0.98118,+12.1203
+0.98156,+11.9145
+0.98193,+11.7317
+0.98231,+11.5224
+0.98267,+11.3395
+0.98318,+11.0851
+0.98355,+10.8911
+0.98393,+10.7682
+0.98432,+9.78794
+0.98483,+9.61861
+0.9852,+10.5499
+0.98556,+9.34331
+0.98593,+9.083
+0.98631,+8.90411
+0.98668,+8.68046
+0.98718,+7.48719
+0.98756,+7.27088
+0.98793,+7.06252
+0.98831,+6.57903
+0.98881,+6.39912
+0.98918,+6.09336
+0.98955,+6.89758
+0.98995,+6.83096
+0.99032,+6.63674
+0.99068,+6.53447
+0.99119,+7.50447
+0.99156,+7.46788
+0.99193,+6.38806
+0.9923,+6.41162
+0.99267,+5.36134
+0.99319,+5.43154
+0.99356,+5.45303
+0.99393,+5.34825
+0.9943,+5.34976
+0.99468,+5.27269
+0.99518,+4.17169
+0.99555,+4.00361
+0.99594,+4.8765
+0.99631,+5.67509
+0.99668,+6.55438
+0.99719,+6.438
+0.99756,+5.17385
+0.99793,+5.02141
+0.99831,+5.00343
+0.99868,+4.32801
+0.99919,+5.33407
+0.99956,+5.52759
+0.99993,+4.63616
+1.00031,+3.75772
+1.00068,+2.54222
+1.00119,+1.67584
+1.00156,+3.0257
+1.00194,+3.29853
+1.00232,+3.55987
+1.00268,+4.47853
+1.00318,+3.71354
+1.00355,+3.96975
+1.00393,+4.18475
+1.00432,+4.56409
+1.00469,+4.98123
+1.00519,+5.3403
+1.00556,+5.56893
+1.00593,+4.8702
+1.00632,+4.15886
+1.00668,+3.40954
+1.00718,+3.66291
+1.00756,+2.86666
+1.00794,+3.90733
+1.00831,+5.0766
+1.00882,+5.13143
+1.00918,+5.46308
+1.00957,+5.83298
+1.00993,+6.14241
+1.01031,+6.48623
+1.01068,+6.9132
+1.01118,+7.42144
+1.01155,+8.72229
+1.01193,+9.33755
+1.01231,+8.91751
+1.01268,+9.49553
+1.01321,+9.88163
+1.01358,+9.40731
+1.01393,+9.88076
+1.01432,+10.1881
+1.01468,+10.5628
+1.01518,+10.8821
+1.01555,+10.426
+1.01593,+9.82371
+1.01631,+10.1362
+1.01668,+10.5432
+1.01718,+10.9859
+1.01755,+11.2033
+1.01793,+11.5953
+1.01831,+11.9772
+1.01881,+12.2984
+1.01918,+12.749
+1.01956,+13.1145
+1.01994,+13.5594
+1.02031,+14.024
+1.02068,+14.4262
+1.02118,+14.7267
+1.02156,+15.1401
+1.02193,+15.5107
+1.02231,+16.0655
+1.02268,+16.5456
+1.02318,+16.8963
+1.02355,+17.3027
+1.02394,+17.7024
+1.02431,+17.898
+1.02468,+18.167
+1.0252,+18.3991
+1.02556,+18.8356
+1.02593,+19.1066
+1.02631,+19.1478
+1.02668,+19.3421
+1.02718,+19.4789
+1.02755,+19.568
+1.02793,+19.7882
+1.02831,+19.9255
+1.02881,+19.9761
+1.02919,+20.1052
+1.03015,+20.1134
+1.03039,+20.1647
+1.03067,+20.215
+1.03117,+20.1772
+1.03156,+20.8219
+1.03193,+20.4771
+1.0323,+19.9981
+1.03268,+19.6816
+1.03318,+19.3457
+1.03355,+18.8866
+1.03392,+18.8638
+1.0343,+18.7527
+1.03467,+18.7333
+1.03518,+18.7488
+1.03555,+18.0429
+1.03592,+18.2371
+1.03631,+18.423
+1.03668,+18.6099
+1.03718,+18.7102
+1.03755,+18.927
+1.03792,+18.2442
+1.0383,+17.6381
+1.0388,+17.8227
+1.03918,+17.3728
+1.0396,+17.0232
+1.0398,+16.7166
+1.04003,+16.4625
+1.0403,+16.1168
+1.04068,+15.7628
+1.04118,+15.3267
+1.04155,+15.2481
+1.04192,+15.2685
+1.0423,+14.4752
+1.04268,+14.1768
+1.04318,+13.8426
+1.04355,+13.4909
+1.04393,+13.057
+1.04431,+12.6048
+1.04467,+12.2027
+1.04519,+11.8843
+1.04556,+11.457
+1.04593,+11.0067
+1.0463,+10.4231
+1.04668,+9.88046
+1.04718,+9.31296
+1.04756,+8.60477
+1.04793,+7.99733
+1.04831,+7.35674
+1.0488,+6.82527
+1.04918,+6.27501
+1.04955,+5.83571
+1.04993,+5.26208
+1.0503,+4.81613
+1.05069,+4.40918
+1.05119,+4.82644
+1.05155,+4.47798
+1.05193,+4.1014
+1.05231,+3.81052
+1.05268,+3.39929
+1.05318,+2.98327
+1.05355,+2.43176
+1.05393,+2.01636
+1.05431,+1.51547
+1.05468,+0.995955
+1.05518,-0.326683
+1.05556,+0.251778
+1.05592,-0.328578
+1.0563,-0.751065
+1.05668,-1.15484
+1.05718,-1.70234
+1.05756,-0.932575
+1.05793,-0.284066
+1.05832,+0.390666
+1.0588,+0.179878
+1.05918,+0.980263
+1.05956,+0.829169
+1.05993,+1.78049
+1.06031,+1.56175
+1.06068,+2.42587
+1.06119,+3.33497
+1.06156,+3.23138
+1.06193,+2.1424
+1.06231,+2.13396
+1.06267,+3.06378
+1.06318,+3.06505
+1.06356,+2.99047
+1.06393,+2.87887
+1.06431,+3.91586
+1.06468,+3.98992
+1.06519,+4.06373
+1.06556,+4.05769
+1.06594,+5.05849
+1.06631,+4.11538
+1.06668,+4.1428
+1.06718,+3.10573
+1.06755,+3.20251
+1.06793,+3.30793
+1.06831,+3.41486
+1.06883,+3.4495
+1.06921,+3.54417
+1.06956,+3.676
+1.06993,+3.84369
+1.07031,+5.07204
+1.07069,+4.74423
+1.07118,+6.01214
+1.07156,+6.06867
+1.07193,+6.3285
+1.07231,+6.56933
+1.07267,+6.84398
+1.07318,+7.16676
+1.07355,+6.44578
+1.07393,+5.68831
+1.0743,+4.92711
+1.07467,+5.71567
+1.07518,+4.97022
+1.07555,+5.30487
+1.07593,+5.48673
+1.07631,+5.62788
+1.07668,+5.81752
+1.07718,+5.99648
+1.07756,+7.17356
+1.07794,+8.57123
+1.07831,+8.91752
+1.07868,+9.25559
+1.07918,+10.6204
+1.07956,+10.0997
+1.08006,+10.4362
+1.08032,+10.7971
+1.08068,+11.1874
+1.08118,+11.4945
+1.08156,+11.8212
+1.08193,+11.0419
+1.08231,+12.2365
+1.08269,+11.5055
+1.08319,+11.777
+1.08356,+12.8011
+1.08393,+12.2864
+1.08432,+12.5302
+1.08468,+11.7645
+1.08518,+11.0675
+1.08555,+10.4349
+1.08593,+11.5507
+1.08631,+10.7399
+1.08667,+10.9363
+1.08718,+10.2835
+1.08755,+10.3799
+1.08793,+10.3921
+1.08831,+9.65629
+1.08881,+9.92245
+1.08919,+10.0649
+1.08956,+10.2085
+1.08993,+9.55244
+1.0903,+9.9073
+1.09068,+10.0159
+1.09118,+9.89197
+1.09156,+9.21949
+1.09193,+9.40802
+1.09232,+9.42095
+1.09268,+9.38806
+1.09318,+9.44951
+1.09356,+9.28188
+1.09393,+9.10736
+1.0943,+8.74356
+1.09468,+8.65068
+1.09519,+8.47119
+1.09555,+8.33481
+1.09606,+8.06754
+1.09632,+7.91459
+1.09679,+7.67325
+1.09731,+7.385
+1.09758,+7.27412
+1.09794,+7.05179
+1.09832,+6.98259
+1.0988,+6.75344
+1.09918,+6.60352
+1.09956,+6.35429
+1.09994,+6.7769
+1.10031,+6.48042
+1.10068,+6.18416
+1.10118,+5.98353
+1.10157,+5.61208
+1.10194,+5.28337
+1.10231,+4.86786
+1.10268,+4.49788
+1.10318,+4.08172
+1.10356,+3.60315
+1.10394,+2.47362
+1.10431,+1.48536
+1.10469,+1.68909
+1.10519,+1.26467
+1.10556,+0.824102
+1.10593,+0.285257
+1.10631,-0.184429
+1.1067,-0.684884
+1.10719,-1.10719
+1.10756,-1.52943
+1.10794,-1.85436
+1.10831,-1.74657
+1.10881,-2.93534
+1.10919,-3.38829
+1.10956,-3.81041
+1.10993,-4.12401
+1.11043,-4.49788
+1.11082,-4.86058
+1.11119,-5.37557
+1.11156,-5.86928
+1.11193,-6.53122
+1.11231,-6.94823
+1.11268,-7.26644
+1.11318,-7.89632
+1.11356,-8.28242
+1.11395,-8.82385
+1.11431,-9.37959
+1.11469,-9.81679
+1.11518,-10.2595
+1.11555,-10.6865
+1.11594,-11.0129
+1.11631,-11.385
+1.11668,-11.7711
+1.11719,-12.0758
+1.11756,-12.4572
+1.11794,-12.7707
+1.11831,-12.9772
+1.11869,-13.5825
+1.11919,-13.7673
+1.11956,-14.0168
+1.11993,-13.9017
+1.12032,-14.1158
+1.12069,-14.3127
+1.12119,-14.4239
+1.12157,-14.5722
+1.12194,-14.6118
+1.12231,-14.7622
+1.12269,-14.5975
+1.12318,-14.5922
+1.12356,-14.4939
+1.12393,-14.8769
+1.12431,-14.9586
+1.12468,-14.9673
+1.12519,-15.0408
+1.12557,-15.0934
+1.12593,-15.1167
+1.12632,-15.0844
+1.12668,-15.2169
+1.12724,-15.3243
+1.12757,-15.4319
+1.12793,-15.3141
+1.12831,-15.0988
+1.12869,-14.9949
+1.12919,-14.7592
+1.12956,-14.7388
+1.12994,-14.54
+1.13044,-14.2302
+1.1307,-13.8359
+1.13119,-13.572
+1.13156,-13.134
+1.13255,-12.8609
+1.13276,-12.6796
+1.13319,-12.3725
+1.13356,-11.9943
+1.13394,-10.3405
+1.13431,-10.0292
+1.13468,-9.85166
+1.13519,-9.62455
+1.13556,-9.22508
+1.13594,-9.03863
+1.13631,-7.65201
+1.13669,-7.37953
+1.13719,-7.09832
+1.13756,-6.85475
+1.13794,-7.71058
+1.13831,-7.40285
+1.13868,-6.99188
+1.13918,-6.5876
+1.13956,-6.29409
+1.13994,-5.85616
+1.14032,-5.56854
+1.14068,-4.29445
+1.1412,-3.95067
+1.14157,-3.61084
+1.14194,-2.18366
+1.14231,-0.83995
+1.14268,-0.566369
+1.14319,-0.181245
+1.14356,+1.16447
+1.14393,+1.43844
+1.14431,+0.755231
+1.14471,+0.231771
+1.14519,+0.589295
+1.14557,+1.98917
+1.14594,+2.22303
+1.14631,+1.56943
+1.14669,+2.95871
+1.14718,+3.37902
+1.14757,+2.80244
+1.14794,+4.03782
+1.14831,+4.28737
+1.14868,+5.44972
+1.1492,+6.76162
+1.14956,+6.00315
+1.14994,+6.27973
+1.15031,+6.58328
+1.1507,+5.86052
+1.15119,+5.96693
+1.15156,+5.96005
+1.15194,+5.25967
+1.15231,+6.4665
+1.15269,+6.74505
+1.15319,+5.92747
+1.15357,+6.99735
+1.15394,+7.02097
+1.15431,+7.33424
+1.15469,+8.23723
+1.15518,+8.40981
+1.15557,+8.60478
+1.15594,+8.65595
+1.15632,+7.68505
+1.15669,+6.79502
+1.1572,+7.76965
+1.15756,+6.90207
+1.15795,+6.07979
+1.15831,+5.90501
+1.15868,+5.20851
+1.15919,+5.24605
+1.15956,+5.31851
+1.15994,+5.47508
+1.16031,+5.68545
+1.16082,+5.67848
+1.16119,+4.67539
+1.16156,+5.54747
+1.16193,+5.72858
+1.16232,+6.66401
+1.16269,+7.44245
+1.16319,+8.29231
+1.16357,+8.22087
+1.16394,+8.85894
+1.16431,+8.60154
+1.16468,+8.49678
+1.16519,+9.42217
+1.16557,+8.44237
+1.16594,+9.11889
+1.16632,+7.97009
+1.1667,+6.92322
+1.16719,+5.90479
+1.16756,+5.73496
+1.16794,+4.73647
+1.16832,+4.67625
+1.16869,+4.3587
+1.16919,+3.25518
+1.16957,+3.00958
+1.16994,+1.87447
+1.17032,+1.9048
+1.17072,+1.61176
+1.1712,+1.39902
+1.17157,+1.09905
+1.17194,+1.90802
+1.17231,+1.72923
+1.17269,+1.57273
+1.17319,+1.21781
+1.17356,+0.937234
+1.17394,+0.616235
+1.17432,+0.181555
+1.1747,+0.900638
+1.17519,+0.529025
+1.17556,+0.233978
+1.17594,-1.13954
+1.17632,-1.49595
+1.17671,-1.72427
+1.1772,-1.86639
+1.17756,-2.13004
+1.17794,-2.36281
+1.17831,-2.69763
+1.17868,-3.96213
+1.17919,-4.17386
+1.17957,-4.59095
+1.17994,-4.80636
+1.18031,-5.21587
+1.18071,-5.6202
+1.18119,-5.91738
+1.18156,-6.18953
+1.18193,-6.48775
+1.18231,-6.76702
+1.18269,-7.06571
+1.18319,-7.45056
+1.18357,-7.5655
+1.18395,-7.92697
+1.18432,-8.05953
+1.18471,-8.20138
+1.18519,-8.56799
+1.18557,-8.75775
+1.18594,-9.11806
+1.18631,-9.2939
+1.1867,-9.51624
+1.18719,-9.77163
+1.18757,-9.91511
+1.18794,-10.1509
+1.18831,-10.4557
+1.18868,-10.8795
+1.18919,-11.0605
+1.18957,-11.2963
+1.18994,-11.4961
+1.19031,-11.7391
+1.1907,-11.7622
+1.19119,-11.8496
+1.19156,-12.0714
+1.19194,-12.1711
+1.19232,-12.2555
+1.19271,-12.19
+1.19319,-12.2957
+1.19356,-12.5448
+1.19394,-12.6309
+1.19432,-12.8048
+1.1947,-13.0618
+1.19519,-13.3101
+1.19557,-13.4918
+1.19594,-13.7211
+1.19631,-13.9202
+1.1967,-14.0037
+1.19707,-14.1294
+1.19757,-14.1313
+1.19794,-14.1899
+1.19831,-14.1544
+1.19869,-14.1982
+1.19919,-14.0547
+1.19957,-13.9535
+1.19994,-13.7795
+1.20032,-13.7957
+1.20071,-13.8609
+1.20119,-13.8996
+1.20157,-13.8519
+1.20194,-13.8799
+1.20231,-13.908
+1.2027,-13.8806
+1.20319,-13.9255
+1.20356,-13.998
+1.20394,-13.8908
+1.20432,-13.7836
+1.20469,-13.704
+1.2052,-13.5704
+1.20557,-13.5696
+1.20595,-13.4483
+1.20632,-13.454
+1.20669,-13.5717
+1.20719,-13.4529
+1.20757,-13.4248
+1.20794,-13.4515
+1.20832,-13.5098
+1.20869,-13.3832
+1.20921,-13.3517
+1.20957,-13.3869
+1.20994,-13.2489
+1.21032,-13.0922
+1.2107,-12.9246
+1.21107,-12.8168
+1.21157,-12.568
+1.21194,-12.4386
+1.21232,-12.1706
+1.21271,-12.1383
+1.21319,-11.9157
+1.21356,-11.578
+1.21395,-11.4749
+1.21432,-11.3054
+1.2147,-11.013
+1.21519,-10.7112
+1.21557,-10.4897
+1.21594,-10.2692
+1.21632,-10.1848
+1.21672,-9.9605
+1.2172,-10.0072
+1.21757,-9.90653
+1.21794,-9.8823
+1.21831,-9.77003
+1.21869,-9.65047
+1.21919,-9.7826
+1.21957,-9.70628
+1.21994,-9.55749
+1.22032,-9.45772
+1.22071,-9.4196
+1.22107,-9.23813
+1.22157,-9.14336
+1.22194,-8.95651
+1.22232,-8.84508
+1.2227,-8.85021
+1.22319,-8.78414
+1.22356,-8.80091
+1.22395,-8.9102
+1.22432,-8.85872
+1.2247,-8.79152
+1.2252,-8.80131
+1.22558,-8.78372
+1.22595,-8.87398
+1.22632,-8.88832
+1.2267,-8.90761
+1.22719,-8.91753
+1.22757,-8.97917
+1.22795,-9.03368
+1.22832,-8.96377
+1.22872,-9.09341
+1.22906,-9.18321
+1.22964,-9.33332
+1.22994,-9.30253
+1.23032,-9.31846
+1.23069,-9.27654
+1.23106,-9.29969
+1.23157,-9.2395
+1.23195,-9.23867
+1.23231,-9.28913
+1.23272,-8.14306
+1.23308,-8.09056
+1.23357,-7.96242
+1.23395,-8.08335
+1.23495,-7.3407
+1.23513,-7.42983
+1.23556,-7.58851
+1.23595,-7.78281
+1.23632,-7.96468
+1.2367,-8.09523
+1.23706,-9.36201
+1.23757,-8.48623
+1.23794,-8.71322
+1.23832,-8.65877
+1.2387,-9.64903
+1.2392,-8.72458
+1.23957,-7.68793
+1.23995,-6.72291
+1.24032,-6.64365
+1.24071,-6.71998
+1.24106,-6.87254
+1.24157,-7.96081
+1.24194,-7.05213
+1.24232,-6.10051
+1.24269,-6.16075
+1.24306,-7.23806
+1.24357,-7.2049
+1.24395,-8.28021
+1.24431,-8.52466
+1.24472,-7.64566
+1.2451,-7.65532
+1.24561,-7.57522
+1.24597,-7.51436
+1.24634,-8.66951
+1.24673,-7.6628
+1.24711,-6.68341
+1.24762,-6.85277
+1.24798,-6.9227
+1.24836,-6.75671
+1.24878,-6.7426
+1.24924,-5.67021
+1.24961,-4.68707
+1.24997,-4.64296
+1.25033,-4.69564
+1.25074,-4.63767
+1.25112,-4.59515
+1.25162,-4.45684
+1.25197,-4.48399
+1.25236,-4.48907
+1.25276,-5.4668
+1.25309,-6.50943
+1.25362,-7.59633
+1.25399,-8.66879
+1.25436,-7.46763
+1.25473,-7.37541
+1.2551,-8.37665
+1.25562,-8.37996
+1.25599,-8.32753
+1.25635,-7.22836
+1.25677,-6.15905
+1.2571,-4.89853
+1.25759,-3.77151
+1.25796,-3.75279
+1.25834,-4.80127
+1.25871,-5.86829
+1.25911,-5.70355
+1.25961,-5.60631
+1.25998,-4.33178
+1.26035,-4.29032
+1.26076,-5.27597
+1.2611,-5.17533
+1.26162,-6.00742
+1.26197,-4.84805
+1.26249,-3.7115
+1.26274,-3.50167
+1.26311,-2.2919
+1.26362,-3.18933
+1.26398,-4.20975
+1.26436,-5.05768
+1.26477,-3.66849
+1.26511,-4.68271
+1.26562,-3.50088
+1.26598,-4.24723
+1.26635,-5.05292
+1.26671,-3.93485
+1.26709,-4.99286
+1.26759,-4.93209
+1.26796,-4.75626
+1.26836,-4.6276
+1.26875,-5.62459
+1.2691,-4.32462
+1.26962,-5.29451
+1.26997,-4.10843
+1.27035,-3.95946
+1.27073,-4.75688
+1.2711,-4.52448
+1.27162,-4.25759
+1.27199,-4.06837
+1.27236,-3.83475
+1.27276,-3.6889
+1.27309,-4.60205
+1.27361,-4.37284
+1.27398,-5.35052
+1.27435,-5.28465
+1.27474,-5.27917
+1.2751,-5.31607
+1.27562,-5.18461
+1.27598,-5.00185
+1.27637,-5.00562
+1.27677,-4.85539
+1.27737,-4.70749
+1.27763,-4.67576
+1.27797,-4.50962
+1.27834,-4.48373
+1.27872,-4.34975
+1.27908,-4.12655
+1.2796,-4.01885
+1.27998,-3.83904
+1.28036,-3.71482
+1.28076,-3.57835
+1.28109,-3.51446
+1.28161,-3.45112
+1.28198,-3.32736
+1.28235,-3.08353
+1.28273,-2.89616
+1.28311,-2.86497
+1.28362,-2.78643
+1.28398,-2.8313
+1.28435,-2.74701
+1.28477,-2.71093
+1.28509,-2.67313
+1.28562,-2.63031
+1.28598,-2.66935
+1.28637,-2.81858
+1.28673,-2.87932
+1.2871,-2.86418
+1.28763,-2.95104
+1.28799,-3.10934
+1.28836,-3.11567
+1.28877,-3.25612
+1.28911,-3.40286
+1.28961,-3.45449
+1.28997,-3.57795
+1.29034,-3.52667
+1.29072,-2.96709
+1.29108,-3.1154
+1.29162,-3.18019
+1.29198,-3.22413
+1.29235,-3.62947
+1.29287,-3.73432
+1.29323,-3.82784
+1.2936,-4.01145
+1.29398,-4.22185
+1.29437,-4.51372
+1.29475,-5.46131
+1.2951,-5.69649
+1.29562,-6.11417
+1.29597,-6.43064
+1.29636,-6.61357
+1.29677,-7.01202
+1.29725,-7.3413
+1.2976,-7.77389
+1.298,-8.21244
+1.29837,-8.56729
+1.29874,-8.88469
+1.2991,-9.08265
+1.29962,-9.32542
+1.29998,-9.67383
+1.30034,-10.0054
+1.30076,-10.2878
+1.30109,-10.6547
+1.3016,-10.8822
+1.30198,-11.0367
+1.30235,-11.3199
+1.30285,-11.6466
+1.3032,-12.1665
+1.30357,-12.5574
+1.30395,-12.9294
+1.30432,-13.254
+1.30473,-13.6312
+1.30508,-14.0518
+1.30558,-14.4925
+1.30594,-14.9574
+1.30633,-15.4203
+1.3067,-15.9033
+1.30707,-16.4739
+1.30757,-16.9922
+1.30796,-17.4567
+1.30832,-17.9682
+1.30871,-17.2605
+1.30909,-17.7425
+1.30958,-18.1569
+1.30995,-18.3418
+1.31032,-18.5468
+1.3107,-18.8797
+1.31107,-18.9182
+1.31159,-19.1516
+1.31195,-19.4187
+1.31232,-19.6825
+1.31274,-21.097
+1.31307,-21.2457
+1.31357,-21.4941
+1.31394,-20.769
+1.31433,-21.2456
+1.3147,-20.2935
+1.31507,-19.463
+1.31557,-19.7096
+1.31595,-19.9696
+1.31633,-18.923
+1.31672,-19.2886
+1.31707,-18.4328
+1.31757,-17.4851
+1.31795,-18.8333
+1.31832,-18.8849
+1.31871,-20.2381
+1.31907,-20.2807
+1.31958,-19.1596
+1.31995,-18.9639
+1.32032,-19.0402
+1.32072,-17.6796
+1.32108,-17.5537
+1.32158,-18.638
+1.32195,-18.7118
+1.32232,-17.3894
+1.3227,-16.0639
+1.32307,-16.0599
+1.32357,-15.9374
+1.32395,-14.8745
+1.32433,-15.9185
+1.32472,-15.7476
+1.32507,-15.742
+1.32557,-14.3367
+1.32595,-12.8935
+1.32632,-12.8764
+1.3267,-12.7658
+1.32707,-12.5269
+1.32758,-12.4062
+1.32795,-12.1635
+1.32832,-10.7272
+1.32872,-11.7238
+1.32908,-11.3576
+1.32958,-11.1515
+1.32996,-12
+1.33033,-11.5464
+1.3307,-12.3503
+1.33107,-12.0916
+1.33157,-11.6641
+1.33196,-11.3099
+1.33233,-12.0244
+1.33272,-11.6157
+1.3332,-11.2589
+1.33357,-12.0188
+1.33395,-11.7843
+1.33433,-12.619
+1.3347,-11.2205
+1.33507,-11.9096
+1.33557,-12.7788
+1.33595,-12.4978
+1.33632,-12.2702
+1.33735,-11.8682
+1.3376,-11.554
+1.3378,-10.0398
+1.33799,-9.50322
+1.33832,-7.98976
+1.3387,-8.56092
+1.33906,-8.12497
+1.33957,-7.56353
+1.33995,-8.15198
+1.34032,-7.64096
+1.34072,-7.17055
+1.34107,-7.766
+1.34157,-8.49853
+1.34195,-8.092
+1.34232,-8.71674
+1.3427,-8.23378
+1.34307,-7.81713
+1.34357,-7.42555
+1.34394,-6.9573
+1.34432,-6.41148
+1.34472,-6.09215
+1.34507,-5.62045
+1.34557,-5.05435
+1.34594,-4.80529
+1.34632,-4.4183
+1.3467,-4.07478
+1.34708,-3.65333
+1.34757,-3.16249
+1.34795,-2.77825
+1.34832,-2.53105
+1.34872,-2.09466
+1.34908,-1.70891
+1.34957,-1.41578
+1.34994,-0.834857
+1.35033,-0.457634
+1.3507,+0.064459
+1.35107,+0.548226
+1.35157,+0.839929
+1.35195,+1.25313
+1.35232,+1.64579
+1.35271,+2.02222
+1.35307,+2.0765
+1.35358,+2.29871
+1.35395,+2.60456
+1.35432,+2.87764
+1.3547,+3.04128
+1.35506,+3.64905
+1.35557,+3.67753
+1.35595,+3.62041
+1.35632,+3.66613
+1.35672,+3.72149
+1.35707,+4.00573
+1.35757,+3.61845
+1.35794,+3.70915
+1.35833,+3.82361
+1.3587,+3.95369
+1.35907,+3.07792
+1.35957,+3.22987
+1.35995,+3.4652
+1.36032,+3.62668
+1.36071,+3.23347
+1.36108,+3.30685
+1.36157,+3.95742
+1.36195,+4.53485
+1.36233,+5.12584
+1.3627,+5.00221
+1.36307,+5.29971
+1.36357,+4.80575
+1.36395,+4.84916
+1.36432,+5.33612
+1.36471,+5.18491
+1.36507,+5.13384
+1.36558,+4.97641
+1.36595,+4.15896
+1.36632,+3.34945
+1.3667,+3.07928
+1.36708,+2.96286
+1.36757,+3.35274
+1.36795,+2.99113
+1.36832,+2.20449
+1.36872,+2.59605
+1.36907,+2.92134
+1.36957,+3.33168
+1.36994,+3.19549
+1.37033,+2.98045
+1.3707,+2.83752
+1.37107,+2.64394
+1.37157,+2.13517
+1.37195,+1.87415
+1.37233,+1.54035
+1.37271,+1.16302
+1.37307,+0.224651
+1.37358,-0.801693
+1.37395,-1.19709
+1.37432,-0.934038
+1.3747,-1.22489
+1.37508,-1.70224
+1.37558,-1.98507
+1.37595,-2.5352
+1.37632,-2.98333
+1.37672,-3.394
+1.37708,-3.73162
+1.37757,-4.08135
+1.37795,-4.45853
+1.37833,-5.40492
+1.3787,-5.66653
+1.37907,-5.96979
+1.37958,-6.23225
+1.37995,-6.35702
+1.38033,-6.61254
+1.38071,-6.97376
+1.38107,-7.34323
+1.38158,-7.62002
+1.38195,-7.99717
+1.38232,-8.43114
+1.3827,-8.95218
+1.38308,-9.22688
+1.38357,-9.65996
+1.38395,-10.08
+1.38432,-10.3887
+1.38472,-10.7358
+1.38511,-10.9854
+1.38561,-11.4567
+1.38596,-11.7762
+1.38633,-12.1296
+1.3867,-12.3758
+1.38707,-12.5922
+1.38757,-12.7498
+1.38795,-12.9419
+1.38845,-13.1044
+1.38875,-12.1476
+1.38921,-12.3324
+1.38958,-12.4693
+1.38995,-11.3467
+1.39032,-10.3598
+1.39071,-9.3587
+1.39108,-9.50042
+1.39157,-8.56125
+1.39195,-8.64187
+1.39233,-8.8816
+1.39272,-10.1635
+1.39308,-9.18926
+1.39358,-9.32529
+1.39395,-10.6061
+1.39433,-10.6475
+1.3947,-10.7207
+1.39509,-9.82311
+1.39558,-10.9845
+1.39595,-9.97293
+1.39632,-10.0081
+1.39672,-8.7097
+1.39709,-9.93577
+1.39745,-8.67076
+1.39795,-8.65771
+1.39832,-8.54031
+1.39883,-8.5268
+1.39921,-9.6127
+1.39958,-8.35629
+1.39995,-8.17656
+1.40033,-6.87356
+1.40072,-6.92011
+1.40108,-5.5015
+1.40158,-5.59337
+1.40196,-4.23579
+1.40233,-5.34289
+1.4027,-5.20583
+1.40307,-3.76885
+1.40358,-4.9126
+1.40396,-4.83195
+1.40446,-4.69711
+1.40474,-4.54921
+1.40508,-5.76713
+1.40558,-4.60761
+1.40595,-4.4371
+1.40633,-3.10319
+1.40671,-2.93129
+1.40708,-2.64061
+1.40759,-1.28556
+1.40796,-1.05712
+1.40833,-0.858457
+1.40872,-0.661636
+1.40907,+0.818128
+1.40958,+1.06697
+1.40995,+1.31533
+1.41033,+1.58289
+1.4107,+1.86027
+1.41108,+1.91128
+1.41158,+2.22786
+1.41195,+2.29724
+1.41233,+2.40383
+1.41272,+2.54854
+1.41309,+2.64621
+1.41358,+2.6436
+1.41396,+2.62404
+1.41434,+2.72675
+1.41471,+2.74043
+1.41508,+2.90238
+1.41558,+2.95285
+1.41595,+3.12888
+1.41633,+3.28096
+1.41672,+3.4044
+1.41708,+3.41507
+1.41757,+3.63607
+1.41796,+3.79097
+1.41833,+3.83838
+1.41871,+3.90729
+1.41909,+3.93277
+1.41958,+4.01613
+1.41995,+3.00023
+1.42033,+3.09071
+1.42072,+3.09003
+1.42108,+3.25184
+1.42159,+3.22256
+1.42196,+3.28652
+1.42233,+3.19323
+1.4227,+3.14828
+1.42308,+3.12169
+1.42358,+3.08999
+1.42395,+3.96725
+1.42433,+3.79901
+1.42472,+3.74015
+1.42508,+3.61163
+1.42558,+3.56803
+1.42596,+3.46343
+1.42633,+3.4938
+1.42671,+3.41868
+1.42708,+3.37531
+1.42758,+3.25945
+1.42795,+3.33248
+1.42833,+3.32853
+1.42872,+3.2736
+1.42907,+3.30083
+1.42959,+3.19911
+1.42996,+3.11564
+1.43033,+1.95699
+1.4307,+0.677333
+1.43108,-0.745731
+1.43158,-0.814871
+1.43195,-2.15884
+1.43233,-2.30181
+1.43273,-3.67919
+1.43308,-5.12244
+1.43358,-6.64982
+1.43395,-8.05335
+1.43434,-7.07271
+1.43483,-6.05597
+1.43509,-4.99065
+1.43558,-6.46978
+1.43595,-5.44891
+1.43633,-5.66178
+1.43672,-5.94743
+1.43708,-4.97549
+1.43759,-5.05521
+1.43795,-5.27484
+1.43833,-6.76426
+1.43871,-8.08907
+1.43975,-9.35235
+1.44001,-9.52099
+1.44019,-10.8998
+1.44037,-12.1795
+1.44073,-12.2139
+1.44109,-13.4877
+1.44158,-13.5928
+1.44195,-13.6811
+1.44233,-13.8561
+1.44271,-14.054
+1.44309,-14.2058
+1.44358,-14.2898
+1.44395,-14.4007
+1.44433,-14.6728
+1.44471,-14.755
+1.44507,-14.8944
+1.44558,-14.9688
+1.44596,-15.138
+1.44633,-15.1889
+1.44671,-15.1457
+1.44708,-15.174
+1.44758,-15.3903
+1.44796,-15.41
+1.44833,-15.2331
+1.44871,-15.2399
+1.44908,-15.2871
+1.44958,-15.2915
+1.44995,-15.1473
+1.45033,-14.1828
+1.45071,-14.212
+1.45108,-14.2638
+1.45158,-14.0703
+1.45195,-13.9891
+1.45232,-14.0233
+1.45271,-14.0655
+1.45308,-14.6628
+1.45358,-14.5529
+1.45395,-14.7017
+1.45433,-15.643
+1.45471,-15.63
+1.45507,-15.5445
+1.45558,-16.0812
+1.45596,-16.069
+1.45633,-16.067
+1.45672,-15.8576
+1.45709,-15.0842
+1.45758,-14.9606
+1.45795,-14.6576
+1.45833,-14.3463
+1.45871,-13.322
+1.45909,-13.1548
+1.45958,-12.964
+1.45995,-12.7124
+1.46033,-11.7443
+1.46072,-11.691
+1.46109,-12.2449
+1.46158,-12.1668
+1.46196,-12.0004
+1.46233,-12.5661
+1.4627,-13.914
+1.46307,-14.4725
+1.46359,-13.7086
+1.46396,-14.4301
+1.46433,-15.6415
+1.46471,-15.4283
+1.46521,-14.529
+1.46558,-14.887
+1.46596,-14.7261
+1.46633,-14.8639
+1.46671,-14.738
+1.46709,-13.9195
+1.46758,-14.4319
+1.46795,-13.5148
+1.46834,-13.4156
+1.46871,-13.9323
+1.46909,-13.8066
+1.46958,-13.0748
+1.46996,-12.9698
+1.47033,-12.6428
+1.47071,-12.47
+1.47107,-12.9642
+1.47159,-12.3029
+1.47196,-12.2044
+1.47233,-11.5664
+1.47271,-10.9296
+1.47309,-10.9161
+1.47358,-10.9812
+1.47395,-11.0853
+1.47434,-10.5756
+1.47471,-10.0186
+1.47508,-9.37299
+1.47558,-9.39908
+1.47596,-9.49024
+1.47633,-9.42554
+1.47671,-9.37553
+1.47708,-9.45646
+1.47759,-9.54781
+1.47796,-9.62339
+1.47833,-9.48867
+1.47871,-9.4895
+1.47908,-9.58578
+1.47958,-9.64936
+1.47995,-9.62764
+1.48033,-9.8204
+1.48072,-9.93716
+1.48109,-10.0371
+1.48158,-10.1249
+1.48196,-8.91112
+1.48234,-9.0484
+1.48271,-9.22464
+1.48308,-9.35397
+1.48358,-9.43217
+1.48396,-9.65134
+1.48433,-8.52633
+1.48471,-8.59425
+1.4852,-7.46012
+1.48558,-6.38791
+1.48595,-6.56933
+1.48633,-5.63435
+1.48671,-5.80522
+1.48708,-4.69561
+1.48758,-4.96016
+1.48795,-3.76374
+1.48834,-3.80138
+1.48871,-2.9583
+1.48908,-3.12095
+1.48945,-3.23368
+1.48995,-3.27907
+1.49033,-3.27948
+1.49071,-2.15627
+1.49108,-2.3455
+1.49145,-1.18624
+1.49196,-1.39156
+1.49234,-1.63582
+1.49271,-1.56899
+1.49308,-1.64389
+1.49346,-1.70822
+1.49396,-1.84374
+1.49433,-1.88763
+1.49471,-2.03171
+1.4951,-2.19307
+1.49571,-2.24225
+1.49597,-2.34976
+1.49633,-2.37945
+1.49673,-2.47535
+1.49711,-2.56976
+1.49746,-2.64111
+1.49796,-2.74924
+1.49834,-2.82938
+1.49884,-2.79921
+1.4991,-2.81278
+1.49958,-2.77481
+1.49996,-2.90495
+1.50033,-2.97575
+1.50072,-2.98275
+1.50109,-3.01538
+1.50158,-2.99148
+1.50196,-2.87412
+1.50234,-2.74343
+1.50271,-2.66509
+1.50308,-2.56046
+1.50358,-2.48306
+1.50395,-2.28311
+1.50433,-2.09378
+1.50472,-1.91344
+1.50509,-1.69855
+1.50558,-1.59976
+1.50595,-1.44387
+1.50634,-1.45222
+1.50671,-1.41222
+1.50708,-1.20264
+1.50746,-1.11017
+1.50796,-0.904298
+1.50833,-1.46891
+1.50873,-1.43422
+1.50909,-1.27858
+1.50946,-1.09218
+1.50996,-0.890574
+1.51034,-0.718405
+1.51071,-0.427821
+1.51108,-0.169284
+1.51158,-0.0161819
+1.51196,+0.161312
+1.51234,+1.07353
+1.51271,+1.3293
+1.51308,+1.50528
+1.51345,+1.68907
+1.51395,+1.79221
+1.51433,+2.01923
+1.51471,+2.28972
+1.51508,+2.33527
+1.51559,+2.39234
+1.51596,+2.54062
+1.51634,+2.59402
+1.51671,+2.79743
+1.51709,+2.91127
+1.51746,+3.10814
+1.51796,+3.24004
+1.51833,+2.32432
+1.51871,+2.37176
+1.51908,+2.6509
+1.51958,+1.8226
+1.51996,+2.02645
+1.52034,+2.28379
+1.52072,+2.5461
+1.52109,+2.77934
+1.52146,+2.936
+1.52196,+2.08505
+1.52234,+3.38173
+1.52271,+3.5517
+1.52309,+3.78114
+1.52346,+5.06819
+1.52396,+4.16952
+1.52434,+4.43241
+1.52471,+3.54291
+1.52508,+3.82844
+1.52546,+4.0337
+1.52609,+5.28744
+1.52635,+5.48781
+1.52671,+4.5783
+1.52708,+4.63417
+1.52758,+4.84224
+1.52795,+6.02531
+1.52834,+5.07198
+1.52871,+5.07369
+1.52908,+3.97691
+1.52946,+4.09163
+1.52996,+3.12021
+1.53033,+2.1715
+1.53071,+2.24967
+1.53109,+2.32103
+1.53146,+1.34938
+1.53196,+1.38026
+1.53237,+1.41453
+1.53272,+2.58716
+1.53309,+2.66714
+1.53345,+2.66704
+1.53397,+2.63926
+1.53434,+2.57431
+1.53471,+2.52309
+1.53509,+1.30695
+1.53559,+1.24206
+1.53596,+1.24249
+1.53634,+2.22771
+1.53673,+1.07423
+1.5371,+1.95742
+1.53746,+0.764222
+1.53797,+0.702637
+1.53834,+0.55263
+1.53871,+0.381627
+1.53909,+0.37224
+1.53946,+0.245012
+1.53996,-1.05325
+1.54034,-1.21308
+1.54071,-1.42171
+1.5411,-2.63336
+1.54215,-2.83108
+1.54239,-3.05035
+1.54259,-3.21856
+1.54279,-3.3892
+1.54309,-3.63239
+1.54358,-3.94493
+1.54396,-4.07341
+1.54434,-5.35593
+1.54472,-5.61426
+1.54509,-5.7999
+1.54545,-6.10441
+1.54596,-6.34309
+1.54634,-6.62872
+1.54671,-6.92076
+1.54709,-7.26427
+1.54745,-7.46413
+1.54796,-7.6522
+1.54833,-7.99508
+1.54871,-8.39524
+1.54908,-8.7344
+1.54945,-8.83645
+1.54996,-9.18199
+1.55033,-9.43025
+1.5507,-9.65534
+1.55109,-9.93682
+1.55146,-10.2128
+1.55196,-10.6874
+1.55233,-10.9812
+1.55272,-11.2714
+1.55309,-11.5413
+1.55345,-11.932
+1.55395,-12.3878
+1.55434,-12.738
+1.55471,-12.9514
+1.55508,-13.2316
+1.55545,-13.5938
+1.55596,-13.9317
+1.55646,-14.2663
+1.55673,-14.5015
+1.55709,-14.8575
+1.55746,-15.2539
+1.55796,-15.4737
+1.55833,-15.7157
+1.55871,-16.0742
+1.55909,-16.2907
+1.55946,-16.5123
+1.55996,-16.6845
+1.56033,-16.8548
+1.56072,-17.0447
+1.56109,-17.1458
+1.56146,-17.2611
+1.56196,-17.4652
+1.56234,-17.7009
+1.56271,-17.8892
+1.56309,-18.1334
+1.56346,-18.3567
+1.56396,-18.4771
+1.56434,-18.5486
+1.56471,-18.6994
+1.5651,-18.9243
+1.56546,-19.1708
+1.56597,-19.2879
+1.56634,-19.4925
+1.56671,-19.5564
+1.56709,-19.6362
+1.56759,-19.7154
+1.56796,-19.8496
+1.56834,-20.0451
+1.56872,-20.142
+1.5693,-20.2419
+1.5695,-20.2065
+1.56996,-20.1525
+1.57033,-19.9649
+1.57072,-19.9963
+1.57109,-19.9577
+1.57146,-19.8582
+1.57197,-19.9684
+1.57234,-19.7888
+1.57272,-19.7026
+1.57309,-19.5147
+1.57347,-19.4867
+1.57396,-19.4112
+1.57434,-19.4008
+1.57472,-19.4073
+1.57509,-19.4805
+1.57546,-19.505
+1.57596,-18.4074
+1.57634,-18.4689
+1.57671,-18.3449
+1.57708,-18.3839
+1.57747,-18.3772
+1.57797,-18.3202
+1.57834,-18.2256
+1.57871,-17.9725
+1.57908,-17.5993
+1.57946,-17.307
+1.57996,-17.9087
+1.58034,-17.6554
+1.58072,-17.4812
+1.58109,-17.1524
+1.58146,-16.7568
+1.58196,-16.4876
+1.58233,-16.252
+1.58272,-16.0211
+1.58309,-15.8455
+1.58347,-15.581
+1.58397,-15.462
+1.58434,-15.4222
+1.58471,-15.1538
+1.58509,-14.9893
+1.58547,-14.7201
+1.58596,-14.4206
+1.58633,-14.088
+1.58672,-14.0313
+1.58709,-13.8708
+1.58747,-13.78
+1.58796,-13.4347
+1.58834,-12.9532
+1.58872,-12.7056
+1.58909,-12.3471
+1.58947,-12.0631
+1.58997,-11.0762
+1.59034,-10.8439
+1.59071,-10.3658
+1.59108,-9.9436
+1.59147,-8.84846
+1.59197,-8.62088
+1.59234,-8.39778
+1.59271,-8.22293
+1.5931,-8.05773
+1.59346,-7.9055
+1.59396,-8.40133
+1.59434,-8.30229
+1.59471,-8.26435
+1.5951,-7.47477
+1.59546,-8.11141
+1.59596,-7.97341
+1.59634,-7.06336
+1.59677,-6.8255
+1.59711,-6.66261
+1.59746,-6.67928
+1.59797,-6.59662
+1.59835,-6.38374
+1.59872,-5.99426
+1.59909,-6.53537
+1.59946,-6.21167
+1.59997,-5.95979
+1.60034,-6.52199
+1.60072,-6.34401
+1.60109,-6.10579
+1.60145,-2.71007
+1.60197,-2.43832
+1.60234,-2.28318
+1.60271,-2.25675
+1.60309,-2.17403
+1.60346,-1.14142
+1.60396,-1.14877
+1.60434,-1.14922
+1.60472,-1.13883
+1.6051,-1.03903
+1.60546,-1.77692
+1.60596,-1.81882
+1.60633,-1.74376
+1.60672,-1.5743
+1.60709,-1.43975
+1.60759,-2.38558
+1.60796,-2.28556
+1.60834,-2.45773
+1.60872,-2.34768
+1.6091,-1.30794
+1.60946,-1.25578
+1.60997,-1.13943
+1.61034,-1.09259
+1.61071,-1.23016
+1.61109,-0.150453
+1.61146,+0.937274
+1.61196,+0.973206
+1.61234,+1.35219
+1.61271,+1.21848
+1.61309,+1.22965
+1.61346,+1.12195
+1.61396,+0.745058
+1.61434,+1.68362
+1.61472,+2.71672
+1.6151,+2.55816
+1.61546,+2.39833
+1.61596,+3.36082
+1.61634,+3.02789
+1.61672,+2.98445
+1.61721,+2.78875
+1.61759,+3.92233
+1.61797,+3.96874
+1.61834,+2.70379
+1.61873,+2.6385
+1.61909,+2.69806
+1.61947,+1.54511
+1.61997,+0.280575
+1.62034,+1.21557
+1.62072,+2.17573
+1.62109,+2.08464
+1.62146,+1.83788
+1.62196,+2.92504
+1.62234,+3.82353
+1.62272,+2.2936
+1.6231,+2.00539
+1.62347,+2.87084
+1.62396,+3.81429
+1.62434,+3.79079
+1.62472,+3.57736
+1.6251,+3.3553
+1.62546,+3.16396
+1.62596,+1.61512
+1.62634,+1.56553
+1.62672,+2.71053
+1.6271,+2.4876
+1.62746,+2.37236
+1.62796,+2.15898
+1.62834,+1.90317
+1.62872,+1.77967
+1.62909,+1.45967
+1.62946,+1.35058
+1.62997,+2.4775
+1.63034,+2.29632
+1.63072,+2.10876
+1.63109,+0.71675
+1.63146,+0.433228
+1.63197,+0.237865
+1.63234,+0.0736222
+1.63271,-0.149654
+1.63309,-0.156514
+1.63347,-0.462242
+1.63396,-1.94859
+1.63434,-2.19802
+1.63472,-2.63097
+1.63509,-1.73671
+1.63547,-1.92009
+1.63596,-2.15506
+1.63634,-2.39444
+1.63672,-2.55545
+1.63722,-2.84839
+1.63748,-2.97606
+1.63797,-1.85944
+1.63834,-2.03267
+1.63872,-2.05052
+1.63909,-2.07116
+1.63947,-2.17498
+1.63997,-2.34712
+1.64034,-2.42189
+1.64072,-2.6383
+1.64109,-2.72975
+1.64147,-2.89748
+1.64197,-3.06811
+1.64234,-3.15966
+1.64272,-3.45218
+1.64309,-3.6981
+1.64347,-3.9099
+1.64455,-4.04253
+1.64476,-4.31464
+1.64499,-4.45986
+1.64521,-4.52989
+1.64547,-4.63404
+1.64596,-4.7587
+1.64634,-4.98092
+1.64671,-4.98126
+1.64709,-4.93626
+1.64747,-5.04173
+1.64796,-5.07657
+1.64834,-5.04293
+1.64871,-5.09408
+1.64908,-5.23126
+1.64946,-5.25936
+1.64996,-5.29502
+1.65033,-5.27403
+1.65072,-6.7011
+1.65109,-6.80726
+1.65146,-6.8901
+1.65196,-6.94956
+1.65234,-8.42576
+1.65272,-9.82113
+1.65309,-10.0005
+1.65347,-10.0978
+1.65396,-10.321
+1.65434,-10.5085
+1.65471,-10.5197
+1.65509,-12.0139
+1.65546,-13.3739
+1.65596,-14.7946
+1.65633,-13.4404
+1.65672,-13.5072
+1.65709,-14.7879
+1.65746,-16.194
+1.65796,-16.0802
+1.65834,-15.9255
+1.65871,-14.5021
+1.65909,-14.4518
+1.65946,-13.0288
+1.65997,-13.0324
+1.66034,-14.4121
+1.66072,-12.9924
+1.6611,-12.9229
+1.66146,-12.8757
+1.66197,-14.2208
+1.66234,-15.6025
+1.66271,-15.6311
+1.66309,-14.2597
+1.66346,-15.6328
+1.66397,-15.5444
+1.66434,-15.4317
+1.66472,-15.4238
+1.66509,-15.5149
+1.66546,-15.4583
+1.66596,-15.413
+1.66634,-15.3299
+1.66672,-16.6036
+1.66709,-17.8748
+1.66759,-17.6794
+1.66797,-17.6076
+1.66834,-17.4631
+1.66872,-18.7249
+1.66909,-18.5667
+1.66947,-18.6167
+1.66997,-18.4468
+1.67034,-18.4019
+1.67071,-18.4163
+1.6711,-18.314
+1.67146,-18.2068
+1.67196,-18.1194
+1.67234,-18.2976
+1.67272,-18.2601
+1.67309,-18.0738
+1.67347,-17.839
+1.67396,-17.9285
+1.67434,-17.9923
+1.67472,-17.8528
+1.67509,-17.8809
+1.67546,-18.0725
+1.67596,-18.0973
+1.67634,-17.902
+1.67672,-17.8694
+1.6771,-17.8988
+1.67749,-17.8038
+1.67796,-17.5848
+1.67834,-17.4336
+1.67872,-17.2081
+1.67909,-17.0574
+1.67947,-16.8304
+1.67997,-16.6401
+1.68034,-15.6627
+1.68072,-15.3692
+1.68109,-15.2696
+1.68147,-15.1901
+1.68197,-15.2044
+1.68234,-15.2403
+1.68271,-15.5808
+1.68309,-15.518
+1.68348,-15.4631
+1.68396,-15.4267
+1.68434,-16.2242
+1.68472,-16.3988
+1.68509,-16.3391
+1.68547,-16.6227
+1.68596,-16.5886
+1.68635,-16.6131
+1.68672,-16.1933
+1.68709,-16.217
+1.68747,-16.1816
+1.68797,-16.1371
+1.68834,-16.0989
+1.68873,-15.9271
+1.68909,-15.94
+1.68946,-15.6067
+1.68997,-16.2113
+1.69035,-16.065
+1.69072,-16.116
+1.69109,-16.7589
+1.69147,-17.507
+1.69197,-17.5703
+1.69234,-17.5962
+1.69272,-17.6177
+1.6931,-18.1745
+1.69348,-18.2442
+1.69397,-17.6592
+1.69447,-18.3528
+1.69498,-19.0678
+1.69528,-18.5244
+1.69572,-18.6654
+1.6961,-19.2552
+1.69636,-20.0108
+1.69672,-20.8693
+1.69709,-20.4018
+1.69747,-21.2397
+1.69797,-20.4011
+1.69834,-20.4446
+1.69872,-19.8618
+1.69909,-19.8218
+1.69947,-19.9714
+1.69984,-20.114
+1.70034,-20.3
+1.70072,-19.6804
+1.70109,-20.4923
+1.70147,-20.5272
+1.70196,-22.3011
+1.70234,-22.3742
+1.70272,-22.5814
+1.70309,-22.6659
+1.70348,-22.5631
+1.70397,-22.0843
+1.70434,-22.173
+1.70473,-22.3667
+1.7051,-21.7298
+1.70548,-20.9929
+1.70597,-20.2855
+1.70634,-19.7299
+1.70672,-20.4005
+1.70709,-20.5326
+1.70747,-20.748
+1.70784,-20.7511
+1.70847,-20.1418
+1.70873,-20.1012
+1.70909,-20.1798
+1.70948,-20.4927
+1.70997,-20.6098
+1.71034,-21.4518
+1.71072,-20.9601
+1.7111,-21.0241
+1.71147,-20.5004
+1.71184,-20.8097
+1.71234,-20.9841
+1.71272,-21.15
+1.7131,-20.5265
+1.71347,-21.4443
+1.71384,-21.7204
+1.71434,-21.2056
+1.71472,-22.1908
+1.71509,-23.2901
+1.71547,-23.3808
+1.71597,-23.4899
+1.71634,-24.3469
+1.71672,-24.6895
+1.7171,-25.6926
+1.71747,-25.0943
+1.71784,-25.2235
+1.71834,-25.6105
+1.71872,-24.9873
+1.71909,-24.3334
+1.71947,-24.493
+1.71984,-24.6938
+1.72035,-24.1811
+1.72073,-24.2572
+1.72111,-24.5619
+1.72148,-24.735
+1.72184,-24.94
+1.72234,-24.9372
+1.72272,-25.1478
+1.72309,-25.3353
+1.72347,-25.5444
+1.72384,-25.7555
+1.72434,-25.978
+1.72473,-26.1295
+1.7251,-26.2857
+1.72548,-26.5201
+1.72597,-26.7327
+1.72635,-26.9037
+1.72672,-27.0346
+1.7271,-27.1762
+1.72748,-27.4585
+1.72784,-27.651
+1.72834,-27.7539
+1.72872,-28.0024
+1.7291,-28.1541
+1.72948,-28.2951
+1.72984,-28.3634
+1.73035,-28.5452
+1.73072,-28.7585
+1.7311,-28.9712
+1.73147,-29.0861
+1.73184,-29.2269
+1.73234,-29.399
+1.73272,-29.5945
+1.7331,-29.7148
+1.73347,-29.8713
+1.73384,-30.0795
+1.73435,-30.2187
+1.73472,-30.3899
+1.7351,-30.5684
+1.73548,-30.5663
+1.73597,-30.7109
+1.73635,-30.9455
+1.73673,-31.1006
+1.7371,-31.2563
+1.73747,-31.4449
+1.73784,-31.6769
+1.73847,-31.8112
+1.73873,-31.9122
+1.73909,-32.0756
+1.73947,-32.3178
+1.73984,-32.3961
+1.74035,-32.5547
+1.74072,-32.6734
+1.74109,-32.8856
+1.74148,-33.0492
+1.74185,-33.1206
+1.74235,-33.2902
+1.74272,-33.3905
+1.74309,-33.5289
+1.74348,-33.7363
+1.74384,-33.9102
+1.74435,-33.9849
+1.74473,-34.0481
+1.7451,-34.0502
+1.74548,-34.1345
+1.74584,-34.1237
+1.74695,-34.4207
+1.74716,-34.5061
+1.74748,-32.9891
+1.74784,-33.0711
+1.74834,-33.0419
+1.74873,-33.0408
+1.7491,-33.0879
+1.74947,-33.2472
+1.74984,-33.2356
+1.75034,-33.3796
+1.75071,-33.2573
+1.75109,-33.3293
+1.75147,-35.0134
+1.75184,-34.9809
+1.75234,-35.094
+1.75272,-35.2097
+1.75309,-33.7188
+1.75347,-32.237
+1.75384,-32.2656
+1.75434,-32.3441
+1.75472,-32.4366
+1.75509,-32.4999
+1.75546,-32.2815
+1.75583,-32.3218
+1.75635,-32.3131
+1.75672,-32.3286
+1.75709,-34.2207
+1.75746,-35.6605
+1.75784,-35.7313
+1.75834,-35.6475
+1.75872,-33.9477
+1.75909,-33.9894
+1.75947,-34.1416
+1.75984,-34.0436
+1.76035,-32.6123
+1.76072,-32.6087
+1.7611,-32.3688
+1.76146,-32.3599
+1.76183,-32.3023
+1.76234,-32.3247
+1.76272,-32.3047
+1.76309,-32.1736
+1.76347,-32.2246
+1.76384,-32.3255
+1.76434,-33.6262
+1.76472,-31.9917
+1.76509,-30.3481
+1.76547,-28.8846
+1.76618,-27.263
+1.76723,-25.677
+1.76786,-25.6993
+1.7681,-24.2189
+1.76837,-24.162
+1.76872,-23.9998
+1.76923,-22.7427
+1.76949,-24.1578
+1.76984,-25.616
+1.77034,-27.1979
+1.77071,-27.1879
+1.77109,-27.0696
+1.77146,-26.9825
+1.77184,-26.8126
+1.77236,-26.6451
+1.77272,-25.1793
+1.7731,-24.8939
+1.77346,-24.8842
+1.77383,-24.716
+1.77434,-22.9542
+1.77472,-24.3972
+1.77509,-25.7961
+1.77547,-27.2183
+1.77584,-27.1885
+1.77634,-25.6142
+1.77672,-26.8937
+1.7771,-28.4277
+1.7776,-28.3784
+1.77797,-28.3
+1.77834,-29.7127
+1.77872,-28.0567
+1.7791,-28.0197
+1.77947,-26.392
+1.77984,-26.2188
+1.78035,-27.5467
+1.78072,-27.4892
+1.78109,-25.7969
+1.78147,-24.1105
+1.78184,-22.5086
+1.78235,-20.8774
+1.78272,-22.2998
+1.78309,-20.6958
+1.78347,-20.6357
+1.78384,-20.5701
+1.78434,-20.5604
+1.78472,-18.9589
+1.7851,-20.1926
+1.78547,-21.6118
+1.78597,-22.9657
+1.78634,-24.32
+1.78673,-22.6463
+1.7871,-24.0214
+1.78747,-25.2395
+1.78784,-26.5556
+1.78835,-26.4179
+1.78873,-26.2778
+1.78922,-25.1082
+1.78948,-23.407
+1.78984,-23.21
+1.79035,-21.5962
+1.79072,-21.5978
+1.79109,-19.981
+1.79147,-20.1498
+1.79184,-18.6404
+1.79234,-16.9214
+1.79272,-18.2334
+1.79309,-17.8524
+1.79347,-17.8837
+1.79385,-17.9536
+1.79434,-17.8187
+1.79472,-17.629
+1.7951,-17.822
+1.79547,-17.4013
+1.79585,-17.5225
+1.79635,-18.8691
+1.79672,-18.6975
+1.7971,-18.6126
+1.79747,-18.3394
+1.79784,-16.5595
+1.79834,-16.4212
+1.79872,-17.7506
+1.79909,-17.5023
+1.79947,-15.9513
+1.79984,-16.9785
+1.80035,-15.341
+1.80072,-15.2593
+1.8011,-16.4017
+1.80148,-16.5034
+1.80185,-16.4282
+1.80235,-17.6672
+1.80272,-17.8493
+1.80309,-17.4524
+1.80348,-18.741
+1.80384,-18.3878
+1.80434,-19.7093
+1.80473,-19.4561
+1.8051,-19.282
+1.80547,-20.3184
+1.80584,-20.1676
+1.80635,-19.9421
+1.80672,-19.8287
+1.80709,-21.1195
+1.80746,-20.8664
+1.80785,-20.7776
+1.80835,-20.5993
+1.80872,-20.4935
+1.80909,-20.2296
+1.80948,-19.9954
+1.80984,-19.7055
+1.81034,-19.5378
+1.81072,-19.2669
+1.8111,-19.0058
+1.81147,-18.7719
+1.81184,-18.5441
+1.81235,-18.1454
+1.81272,-17.8226
+1.8131,-17.741
+1.81348,-17.5672
+1.81385,-18.741
+1.81435,-18.599
+1.81472,-17.1278
+1.81509,-15.6698
+1.81548,-15.5778
+1.81584,-15.5588
+1.81634,-15.6129
+1.81673,-15.4818
+1.8171,-15.3586
+1.81748,-15.3414
+1.81785,-15.2948
+1.81835,-15.1376
+1.81873,-16.3802
+1.8191,-17.2516
+1.8196,-17.063
+1.81987,-16.8699
+1.82034,-15.3799
+1.82073,-15.2389
+1.82109,-15.0986
+1.82148,-14.8094
+1.82185,-13.3659
+1.82235,-13.015
+1.82272,-12.7326
+1.8231,-12.9279
+1.82348,-12.7833
+1.82385,-12.5769
+1.82434,-13.6832
+1.82473,-13.4315
+1.8251,-13.0413
+1.82547,-12.831
+1.82584,-13.9698
+1.82635,-14.0026
+1.82672,-14.1015
+1.82709,-13.793
+1.82748,-13.4794
+1.82785,-13.2994
+1.82834,-13.1503
+1.82872,-13.1398
+1.8291,-13.1509
+1.82948,-12.8806
+1.82985,-12.6658
+1.83035,-11.4309
+1.83072,-10.9109
+1.8311,-10.8607
+1.83147,-10.7938
+1.83185,-10.6149
+1.83235,-10.2463
+1.83272,-10.0272
+1.8331,-9.83963
+1.83348,-9.8723
+1.83385,-9.71856
+1.83435,-10.5411
+1.83472,-10.4553
+1.8351,-10.2159
+1.83548,-10.1507
+1.83584,-10.0905
+1.83635,-10.0962
+1.83673,-9.97148
+1.8371,-9.74928
+1.83748,-9.44342
+1.83785,-8.2641
+1.83835,-8.12101
+1.83872,-8.13861
+1.8391,-7.98494
+1.83948,-7.73482
+1.83984,-7.63898
+1.84035,-7.49479
+1.84073,-7.59814
+1.8411,-7.42694
+1.84147,-6.32184
+1.84185,-7.20201
+1.84235,-7.06573
+1.84272,-6.79725
+1.8431,-6.64357
+1.84348,-6.49409
+1.84385,-6.1528
+1.84437,-6.00504
+1.84473,-5.53122
+1.8451,-5.45319
+1.84548,-6.37783
+1.84585,-6.2173
+1.84635,-6.10887
+1.84673,-4.8951
+1.8471,-4.5623
+1.84748,-3.30512
+1.84785,-3.2386
+1.84835,-3.05239
+1.84935,-2.97914
+1.84961,-2.83101
+1.84997,-2.51315
+1.85034,-2.37446
+1.85072,-2.24684
+1.85109,-3.11608
+1.85147,-3.20506
+1.85184,-4.10381
+1.85234,-3.95251
+1.85272,-3.82866
+1.8531,-2.46115
+1.85347,-2.33559
+1.85384,-2.32164
+1.85434,-2.19982
+1.85472,-1.98341
+1.85509,-1.80048
+1.85547,-1.73907
+1.85584,-0.62942
+1.85634,-0.555709
+1.85672,-0.491039
+1.85709,-1.66081
+1.85746,-1.66543
+1.85784,-1.64826
+1.85835,-1.5609
+1.85872,-1.75324
+1.85909,-1.8154
+1.85947,-1.51223
+1.85984,-2.40002
+1.86034,-2.1996
+1.86072,-2.08834
+1.86109,-1.87448
+1.86147,-1.53826
+1.86184,-1.32913
+1.86234,-1.1307
+1.86271,-0.755089
+1.8631,-0.567185
+1.86347,-0.613399
+1.86384,-0.658693
+1.86434,-0.570764
+1.86473,-0.385534
+1.8651,-0.191331
+1.86547,+0.950154
+1.86584,+1.0783
+1.86635,+1.14177
+1.86672,+1.35778
+1.86709,+1.44292
+1.86747,+1.70303
+1.86784,+1.79466
+1.86835,+1.88379
+1.86872,+1.83743
+1.86909,+1.74729
+1.86946,+0.709634
+1.86984,+0.793173
+1.87034,+0.952336
+1.87072,+0.921633
+1.87109,+1.03005
+1.87147,+1.12263
+1.87184,+1.30573
+1.87234,+1.26236
+1.87273,+1.25319
+1.8731,+1.32661
+1.87347,+1.39038
+1.87384,+1.45921
+1.87435,+1.30769
+1.87472,+1.36506
+1.87509,+1.32785
+1.87547,+1.28829
+1.87585,+1.3776
+1.87635,+1.50313
+1.87672,+1.65559
+1.87709,+1.81831
+1.87747,+1.79572
+1.87784,+1.76887
+1.87834,+1.91787
+1.87871,+3.08187
+1.8791,+3.29115
+1.87947,+3.36024
+1.87985,+3.32252
+1.88035,+3.29223
+1.88073,+3.34041
+1.8811,+3.38464
+1.88147,+3.49786
+1.88185,+3.50118
+1.88235,+3.63391
+1.88272,+2.61596
+1.88309,+3.41657
+1.88347,+3.49186
+1.88384,+3.57975
+1.88435,+3.81099
+1.88472,+3.94865
+1.8851,+4.05294
+1.88547,+4.11539
+1.88585,+4.26772
+1.88634,+4.2653
+1.88672,+4.31641
+1.8871,+4.60493
+1.88747,+4.68898
+1.88784,+4.67903
+1.88834,+4.60498
+1.88873,+4.59815
+1.8891,+4.70903
+1.88947,+4.73801
+1.88984,+4.78059
+1.89035,+4.87945
+1.89072,+4.93636
+1.89109,+4.02195
+1.89147,+3.93252
+1.89184,+3.99156
+1.89235,+4.09598
+1.89272,+4.24863
+1.89309,+4.2104
+1.89348,+4.29538
+1.89385,+4.25547
+1.89434,+4.28158
+1.89472,+4.25705
+1.8951,+4.1069
+1.89547,+4.08217
+1.89584,+4.05549
+1.89635,+4.1243
+1.89673,+4.03982
+1.8971,+4.05224
+1.89747,+3.92108
+1.89786,+4.09464
+1.89835,+4.09408
+1.89872,+4.12063
+1.89909,+4.2321
+1.89947,+4.31423
+1.89985,+4.50054
+1.90035,+4.53942
+1.90073,+4.57191
+1.90109,+4.50444
+1.90147,+4.68478
+1.90184,+4.7187
+1.90235,+5.86784
+1.90272,+5.88035
+1.90309,+5.89107
+1.90347,+5.9682
+1.90385,+5.96691
+1.90435,+5.89341
+1.90473,+5.90546
+1.9051,+7.00145
+1.90547,+6.91453
+1.90584,+6.91744
+1.90634,+5.78328
+1.90673,+5.82187
+1.90709,+5.79997
+1.90747,+5.87882
+1.90785,+5.76994
+1.90835,+5.86774
+1.90873,+6.95612
+1.9091,+6.07176
+1.90947,+6.18004
+1.90986,+6.26629
+1.91034,+6.44813
+1.91073,+6.43462
+1.9111,+6.47239
+1.91148,+6.46321
+1.91185,+6.48787
+1.91234,+6.42725
+1.91273,+5.46574
+1.9131,+5.26315
+1.91347,+5.20321
+1.91385,+5.14081
+1.91435,+4.91117
+1.91472,+4.86824
+1.91509,+4.89728
+1.91547,+4.8452
+1.91585,+5.00005
+1.91635,+4.99694
+1.91672,+5.08329
+1.91709,+5.22328
+1.91748,+5.33722
+1.91785,+6.39075
+1.91835,+6.56697
+1.91872,+6.7887
+1.9191,+6.8588
+1.91948,+6.93774
+1.91984,+6.84204
+1.92035,+7.04978
+1.92072,+6.87285
+1.92111,+6.69977
+1.92147,+6.80299
+1.92184,+5.79182
+1.92234,+5.8085
+1.92273,+5.63297
+1.9231,+5.59591
+1.92348,+5.49086
+1.92384,+5.5558
+1.92435,+5.3338
+1.92473,+5.44125
+1.9251,+5.48797
+1.92547,+5.36686
+1.92586,+5.31626
+1.92635,+5.22737
+1.92672,+5.24981
+1.92709,+5.26813
+1.92748,+5.37893
+1.92785,+5.27221
+1.92835,+5.46195
+1.92873,+5.50581
+1.9291,+5.65229
+1.92947,+5.63683
+1.92985,+5.65453
+1.93022,+5.94693
+1.93072,+6.98523
+1.9311,+7.09592
+1.93147,+7.12583
+1.93185,+7.22812
+1.93235,+7.19241
+1.93273,+7.10699
+1.9331,+7.10058
+1.93348,+7.12667
+1.93386,+6.98768
+1.93435,+6.65856
+1.93472,+5.659
+1.9351,+5.64471
+1.93549,+5.53128
+1.93584,+5.54592
+1.93635,+5.60142
+1.93673,+5.66118
+1.9371,+6.50386
+1.93747,+6.50363
+1.93785,+6.66494
+1.93838,+6.72524
+1.93873,+6.7999
+1.9391,+6.63483
+1.93947,+7.86767
+1.93986,+7.9008
+1.94035,+7.82306
+1.94073,+7.71281
+1.9411,+6.86651
+1.94148,+6.8056
+1.94185,+7.66085
+1.94235,+7.81786
+1.94273,+7.67372
+1.9431,+7.69234
+1.94348,+6.4726
+1.94386,+6.39718
+1.94435,+7.36843
+1.94472,+7.40276
+1.94511,+7.33046
+1.94547,+8.36826
+1.94584,+7.45581
+1.94636,+7.42787
+1.94673,+8.65988
+1.9471,+8.76403
+1.94748,+9.06448
+1.94785,+9.16398
+1.94835,+8.23811
+1.94873,+8.47196
+1.9491,+9.60148
+1.94947,+8.71904
+1.94986,+8.86037
+1.95036,+8.84857
+1.95073,+7.68918
+1.95175,+7.63693
+1.95194,+7.28307
+1.9522,+7.20272
+1.95245,+7.23717
+1.95272,+7.13319
+1.95309,+6.08288
+1.95347,+5.93356
+1.95386,+5.79062
+1.95435,+5.65764
+1.95472,+5.56462
+1.95509,+6.65622
+1.95547,+6.72903
+1.95586,+6.7012
+1.95635,+6.56722
+1.95673,+6.42843
+1.95709,+6.27036
+1.95747,+6.29347
+1.95785,+6.38053
+1.95821,+6.45486
+1.95872,+6.56834
+1.95909,+5.49954
+1.95947,+5.71727
+1.95984,+5.86714
+1.96035,+5.91551
+1.96072,+5.97603
+1.96109,+6.07879
+1.96147,+5.91643
+1.96185,+5.85563
+1.96222,+5.8914
+1.96272,+5.93583
+1.96309,+5.97079
+1.96347,+5.78731
+1.96385,+5.72457
+1.96421,+5.68241
+1.96473,+5.75255
+1.9651,+5.84278
+1.96547,+7.10194
+1.96584,+7.24478
+1.96621,+7.13448
+1.96672,+6.97777
+1.96709,+6.92341
+1.96747,+7.07809
+1.96785,+7.1406
+1.96822,+7.17096
+1.96873,+7.13156
+1.9691,+7.17416
+1.96947,+6.06956
+1.96985,+5.92014
+1.97022,+6.06472
+1.97072,+6.10334
+1.97109,+6.24252
+1.97273,+6.13198
+1.97298,+6.03828
+1.97325,+5.84298
+1.97345,+6.91009
+1.97364,+6.79105
+1.97392,+6.88534
+1.97434,+6.96508
+1.97473,+6.81847
+1.9751,+6.93661
+1.97548,+6.85397
+1.97585,+6.86374
+1.97634,+7.88531
+1.97673,+8.10212
+1.9771,+6.95142
+1.97747,+7.06229
+1.97785,+7.11242
+1.97822,+7.06875
+1.97872,+7.08957
+1.97909,+8.07367
+1.97947,+8.18735
+1.97985,+8.20997
+1.98022,+7.25087
+1.98072,+7.271
+1.98123,+7.26463
+1.98149,+7.35632
+1.98185,+7.191
+1.98222,+7.16779
+1.98285,+7.22383
+1.98314,+6.24493
+1.98348,+6.03242
+1.98386,+5.95193
+1.98435,+5.84937
+1.98473,+5.8071
+1.98515,+5.88901
+1.98559,+5.78351
+1.98598,+5.85902
+1.98635,+5.93051
+1.98672,+6.0449
+1.9871,+6.05407
+1.98747,+6.05806
+1.98785,+6.11926
+1.98822,+6.17564
+1.98873,+6.2131
+1.98909,+6.03032
+1.98948,+7.0028
+1.98986,+7.13375
+1.99034,+7.09091
+1.99073,+6.88281
+1.9911,+6.78602
+1.99148,+6.76273
+1.99185,+6.59953
+1.99222,+6.52866
+1.99274,+6.50996
+1.9931,+6.66309
+1.99347,+5.72283
+1.99385,+5.52342
+1.99435,+5.48939
+1.99472,+5.58834
+1.9951,+5.64099
+1.99547,+5.8261
+1.99586,+5.98511
+1.99622,+6.04242
+1.99673,+6.03498
+1.9971,+7.13439
+1.99748,+7.04083
+1.99785,+8.19498
+1.99822,+8.23143
+1.99873,+7.63403
+1.9991,+7.03588
+1.99947,+6.33718
+1.99985,+5.72133
