+0,-1.86016
+0.00049,-2.23607
+0.00088,-2.69116
+0.00126,-3.0321
+0.00163,-3.39134
+0.002,-3.82116
+0.00251,-3.89298
+0.00287,-3.79055
+0.00325,-3.63072
+0.00362,-3.62468
+0.00399,-3.60652
+0.0045,-3.59227
+0.0049,-3.43929
+0.00527,-3.41728
+0.00563,-3.38462
+0.00601,-3.30094
+0.0065,-3.36705
+0.00687,-3.3817
+0.00726,-3.45363
+0.00764,-3.44592
+0.008,-3.48795
+0.0085,-3.49462
+0.00888,-3.62559
+0.00925,-3.56437
+0.00963,-3.66843
+0.01,-3.71689
+0.0105,-3.46365
+0.01088,-3.55058
+0.01125,-3.54162
+0.01162,-3.59432
+0.012,-3.49751
+0.0125,-3.37144
+0.01288,-3.35054
+0.01325,-3.22899
+0.01363,-3.07565
+0.014,-2.97677
+0.01451,-3.0714
+0.01488,-2.93271
+0.01525,-2.97824
+0.01562,-2.96868
+0.016,-3.03016
+0.01651,-3.07898
+0.01688,-2.90058
+0.01725,-3.0303
+0.01764,-3.05179
+0.018,-2.99411
+0.0185,-2.92392
+0.01887,-2.88491
+0.01926,-2.74777
+0.01963,-2.61884
+0.02,-2.56283
+0.02051,-2.52686
+0.02088,-2.47825
+0.02125,-2.38936
+0.02163,-2.26944
+0.022,-2.30386
+0.0225,-2.29724
+0.02288,-2.38074
+0.02325,-2.32067
+0.02363,-2.31852
+0.02401,-2.10164
+0.0245,-2.06358
+0.02489,-2.08312
+0.02526,-2.10972
+0.02563,-2.11337
+0.026,-1.99803
+0.02651,-1.94814
+0.02687,-1.81763
+0.02725,-1.90361
+0.02763,-1.90641
+0.02801,-1.97631
+0.0285,-1.92482
+0.02888,-1.91009
+0.02925,-1.99059
+0.02963,-2.00683
+0.03001,-2.12508
+0.0305,-2.08342
+0.03089,-2.10671
+0.03126,-2.13565
+0.03163,-2.10357
+0.032,-2.19477
+0.0325,-2.26789
+0.03288,-2.28913
+0.03325,-2.13686
+0.03363,-2.16141
+0.034,-2.0509
+0.0345,-2.00945
+0.03487,-2.11235
+0.03598,-2.06479
+0.03621,-2.03442
+0.03651,-2.02439
+0.03688,-1.86111
+0.03725,-1.84965
+0.03764,-1.88909
+0.03801,-1.77827
+0.0385,-1.65974
+0.03887,-1.66262
+0.03926,-1.47573
+0.03963,-1.45984
+0.04,-1.53164
+0.0405,-1.46291
+0.04088,-1.65982
+0.04126,-1.61017
+0.04163,-1.57159
+0.042,-1.57831
+0.04251,-1.72538
+0.04288,-1.6895
+0.04326,-1.67221
+0.04363,-1.65022
+0.044,-1.50393
+0.04451,-1.36764
+0.04488,-1.21982
+0.04526,-1.06167
+0.04562,-1.13432
+0.046,-1.09625
+0.0465,-1.03828
+0.04689,-1.01632
+0.04726,-0.996957
+0.04763,-0.845025
+0.048,-0.856677
+0.04851,-0.801391
+0.04888,-0.766106
+0.04925,-0.79034
+0.04963,-0.590514
+0.05,-0.539597
+0.0505,-0.438734
+0.05088,-0.425303
+0.05125,-0.400844
+0.05163,-0.446744
+0.052,-0.482904
+0.05251,-0.666149
+0.05288,-0.642248
+0.05325,-0.714472
+0.05363,-0.766057
+0.05401,-0.774293
+0.0545,-0.877033
+0.05488,-0.861451
+0.05525,-0.882775
+0.05563,-0.837359
+0.05601,-0.699029
+0.05651,-0.547002
+0.05689,-0.363397
+0.05725,-0.358755
+0.05763,-0.374653
+0.05801,-0.474494
+0.05851,-0.380721
+0.05888,-0.430601
+0.05925,-0.348934
+0.05964,-0.416152
+0.06001,-0.425866
+0.0605,-0.418807
+0.06088,-0.586074
+0.06126,-0.358561
+0.06163,-0.307539
+0.06202,-0.246997
+0.06251,-0.235302
+0.06289,-0.0683996
+0.06326,-0.0259614
+0.06363,+0.0300177
+0.06401,+0.0551093
+0.06438,+0.0726773
+0.06489,+0.21662
+0.06525,+0.130671
+0.06563,+0.148883
+0.06602,+0.214795
+0.06651,+0.306993
+0.06688,+0.341247
+0.06726,+0.260922
+0.06764,+0.366808
+0.06802,+0.356867
+0.06851,+0.465945
+0.06888,+0.5409
+0.06926,+0.577073
+0.06963,+0.68657
+0.07001,+0.762738
+0.07051,+0.758854
+0.07088,+0.674492
+0.07125,+0.785418
+0.07164,+0.777453
+0.07202,+0.885559
+0.07251,+0.915174
+0.07288,+0.8259
+0.07325,+0.811481
+0.07362,+0.807883
+0.07402,+0.902161
+0.07451,+1.01348
+0.07488,+1.00875
+0.07526,+1.08949
+0.07563,+1.17291
+0.07601,+1.19268
+0.0765,+1.26435
+0.07688,+1.27565
+0.07727,+1.39364
+0.07764,+1.37623
+0.07801,+1.32125
+0.0785,+1.38673
+0.07889,+1.53889
+0.07926,+1.53427
+0.07963,+1.54261
+0.08001,+1.60451
+0.08037,+1.48194
+0.08089,+1.57836
+0.08126,+1.59047
+0.08163,+1.6768
+0.082,+1.70842
+0.08238,+1.66069
+0.08288,+1.66699
+0.08326,+1.97179
+0.08363,+1.96366
+0.08408,+1.91528
+0.08451,+2.01871
+0.08488,+2.03139
+0.08526,+1.97049
+0.08563,+1.92694
+0.08602,+1.97687
+0.08651,+2.00705
+0.08689,+1.92385
+0.08726,+1.52429
+0.08776,+1.60178
+0.08802,+1.67011
+0.0885,+1.70723
+0.08889,+1.69266
+0.08926,+1.77005
+0.08963,+1.85664
+0.09001,+1.86981
+0.09051,+1.98329
+0.09089,+2.11871
+0.09126,+2.34248
+0.09163,+2.33257
+0.09202,+2.3304
+0.09251,+2.37837
+0.09288,+2.44528
+0.09326,+2.43172
+0.09363,+2.58806
+0.09402,+2.70884
+0.09438,+2.6948
+0.09489,+2.83617
+0.09526,+2.87026
+0.09563,+2.95854
+0.09601,+3.09837
+0.09638,+3.06189
+0.09689,+3.16687
+0.09726,+3.13559
+0.09763,+3.07262
+0.09802,+3.02406
+0.09851,+2.9995
+0.09888,+2.95038
+0.09925,+2.97851
+0.09964,+2.97299
+0.10002,+2.9627
+0.10051,+3.06069
+0.10088,+3.05985
+0.10126,+3.13233
+0.10164,+3.33443
+0.10202,+3.42264
+0.10238,+3.40326
+0.10289,+3.5562
+0.10326,+3.62769
+0.10363,+3.7235
+0.10401,+3.73152
+0.10451,+3.70437
+0.10489,+3.64045
+0.10526,+3.87299
+0.10563,+3.74613
+0.10602,+3.77358
+0.10638,+3.97446
+0.10688,+3.90946
+0.10737,+3.89832
+0.10765,+3.88447
+0.10801,+3.99961
+0.10851,+4.10829
+0.10889,+4.21806
+0.10927,+4.13761
+0.10964,+4.15695
+0.11001,+4.16504
+0.11038,+4.17238
+0.11089,+4.20467
+0.11126,+4.13981
+0.11163,+4.2086
+0.11201,+4.24972
+0.11238,+4.19564
+0.11289,+4.18398
+0.11326,+4.17897
+0.11364,+4.29125
+0.11401,+4.36525
+0.11438,+4.29355
+0.11488,+4.17348
+0.11526,+4.29487
+0.11564,+4.41006
+0.11601,+4.42523
+0.11638,+4.50289
+0.11689,+4.44198
+0.11726,+4.50936
+0.11763,+4.52213
+0.11827,+4.57277
+0.11854,+4.66677
+0.11889,+4.93497
+0.11926,+5.00212
+0.11963,+4.92731
+0.12002,+4.9154
+0.12038,+4.88018
+0.12089,+5.05049
+0.12127,+5.04396
+0.12164,+4.98888
+0.12201,+4.9034
+0.12238,+4.98139
+0.12289,+4.93645
+0.12326,+4.96676
+0.12363,+4.95913
+0.12401,+4.93183
+0.12439,+5.08641
+0.1249,+5.12147
+0.12526,+5.21826
+0.12564,+5.28049
+0.12602,+5.44837
+0.12638,+5.51567
+0.12688,+5.58423
+0.12726,+5.63145
+0.12764,+5.72463
+0.12802,+5.77634
+0.12851,+5.90552
+0.12889,+5.95031
+0.12926,+5.96762
+0.12964,+6.06853
+0.13001,+6.06498
+0.13038,+5.96979
+0.13089,+6.09591
+0.13126,+6.20359
+0.13163,+6.1597
+0.13201,+6.21167
+0.13238,+6.18032
+0.13289,+6.30206
+0.13327,+6.38617
+0.13364,+6.45565
+0.13402,+6.45653
+0.13439,+6.53969
+0.13489,+6.46036
+0.13526,+6.40195
+0.13564,+6.55485
+0.13601,+6.66274
+0.13638,+6.67911
+0.13689,+6.73546
+0.13726,+6.78256
+0.13838,+6.77324
+0.13864,+6.96629
+0.13893,+6.98286
+0.13926,+7.07428
+0.13964,+7.10391
+0.14002,+7.13388
+0.14038,+7.09429
+0.14088,+7.14946
+0.14125,+7.23031
+0.14164,+7.48588
+0.14201,+7.49413
+0.14238,+7.60895
+0.14289,+7.65877
+0.14326,+7.72737
+0.14363,+7.8979
+0.14401,+8.11715
+0.14438,+8.29049
+0.14489,+8.34548
+0.14526,+8.34275
+0.14563,+8.21027
+0.14601,+8.35635
+0.14639,+8.34676
+0.14688,+8.45882
+0.14727,+8.54347
+0.14764,+8.61793
+0.14802,+8.58915
+0.14838,+8.72175
+0.14889,+8.71291
+0.14926,+8.7006
+0.14964,+8.66266
+0.15001,+8.66935
+0.15038,+8.68475
+0.15088,+8.73459
+0.15125,+8.67868
+0.15164,+8.65058
+0.15201,+8.60304
+0.15238,+8.52183
+0.15289,+8.60014
+0.15326,+8.60725
+0.15363,+8.692
+0.15401,+8.93815
+0.15438,+8.9206
+0.15488,+9.00742
+0.15526,+9.17892
+0.15563,+9.22734
+0.15602,+9.31062
+0.15638,+9.43777
+0.15702,+9.50085
+0.15728,+9.58013
+0.15764,+9.68263
+0.15801,+9.51687
+0.15838,+9.57685
+0.15889,+9.63592
+0.15926,+9.63717
+0.15963,+9.73317
+0.16,+9.77344
+0.16039,+9.82784
+0.16089,+9.80786
+0.16126,+9.86582
+0.16163,+9.87349
+0.16202,+9.79055
+0.16238,+9.78648
+0.16288,+9.84397
+0.16326,+9.90761
+0.16364,+9.88751
+0.16401,+9.90393
+0.16438,+9.90933
+0.1649,+10.0183
+0.16526,+10.1748
+0.16564,+10.1947
+0.16602,+10.4774
+0.16639,+10.6262
+0.16689,+10.584
+0.16726,+10.4935
+0.16763,+10.5035
+0.168,+10.6467
+0.16851,+10.8144
+0.16889,+10.9385
+0.16926,+10.8449
+0.16976,+10.89
+0.17003,+10.8538
+0.17039,+11.0289
+0.17089,+11.1448
+0.17126,+11.2931
+0.17163,+11.3713
+0.17201,+11.3855
+0.17239,+11.4371
+0.17289,+11.545
+0.17326,+11.6955
+0.17363,+11.8233
+0.17402,+11.9567
+0.17439,+11.8178
+0.17489,+11.9008
+0.17526,+11.9527
+0.17564,+12.0359
+0.17601,+12.0832
+0.17639,+12.0653
+0.1769,+12.0422
+0.17727,+12.0897
+0.17764,+12.0957
+0.17801,+12.2096
+0.17838,+12.4241
+0.17902,+12.487
+0.17927,+12.5823
+0.17964,+12.7202
+0.18002,+12.8028
+0.18039,+12.9158
+0.18089,+12.8966
+0.18126,+13.0468
+0.18164,+13.1851
+0.18201,+13.09
+0.18239,+13.1265
+0.18289,+13.2377
+0.18327,+13.3269
+0.18364,+13.3295
+0.18402,+13.3065
+0.18438,+13.3029
+0.1849,+13.5727
+0.18526,+13.5881
+0.18564,+13.7625
+0.18601,+13.8478
+0.18639,+13.9221
+0.1869,+13.8912
+0.18727,+13.936
+0.18763,+14.0642
+0.18802,+14.1716
+0.18852,+14.1809
+0.18889,+14.1582
+0.18926,+14.1591
+0.18965,+14.0524
+0.19002,+14.1958
+0.19038,+14.2381
+0.19089,+14.2017
+0.19127,+14.2432
+0.19164,+14.2024
+0.19202,+14.2601
+0.19238,+14.3061
+0.1929,+14.2538
+0.19327,+14.2802
+0.19364,+14.2795
+0.19402,+14.2068
+0.19438,+14.1397
+0.19489,+14.2007
+0.19526,+14.272
+0.19564,+14.2246
+0.19601,+14.144
+0.19639,+14.1549
+0.19689,+14.1238
+0.19726,+14.1407
+0.19764,+14.2202
+0.19802,+14.2187
+0.19839,+14.2029
+0.19889,+14.3148
+0.19926,+14.3099
+0.19964,+14.5457
+0.20002,+14.7267
+0.20038,+14.6549
+0.2009,+16.6926
+0.20127,+16.6831
+0.20164,+16.8404
+0.20203,+17.0409
+0.20239,+17.1924
+0.20289,+17.1454
+0.20326,+17.7137
+0.20364,+18.3684
+0.20403,+18.2469
+0.20439,+18.4415
+0.20489,+18.4955
+0.20527,+18.4126
+0.20565,+18.2313
+0.20602,+18.1502
+0.20639,+17.9245
+0.20689,+17.8222
+0.20727,+17.6814
+0.20764,+17.0619
+0.20802,+17.167
+0.20852,+16.9258
+0.20889,+16.9457
+0.20926,+17.0022
+0.20971,+16.957
+0.21003,+16.857
+0.21039,+16.9212
+0.21089,+16.8181
+0.21126,+16.9774
+0.21164,+17.4323
+0.21202,+17.3056
+0.21239,+17.3767
+0.2129,+17.3362
+0.21327,+17.1702
+0.21364,+17.2657
+0.21403,+17.3984
+0.2144,+17.3649
+0.21489,+17.5418
+0.21526,+17.4454
+0.21564,+17.3785
+0.21602,+17.3505
+0.21639,+17.4839
+0.21689,+16.9291
+0.21727,+17.0109
+0.21764,+16.9412
+0.21802,+16.9048
+0.21839,+17.0011
+0.21889,+16.9408
+0.21926,+17.0991
+0.21965,+17.2183
+0.22002,+17.2937
+0.22039,+17.0537
+0.2209,+17.5399
+0.22127,+16.8069
+0.22164,+16.7457
+0.22202,+16.7273
+0.22239,+16.5814
+0.22289,+16.4739
+0.22327,+16.1712
+0.22364,+15.6516
+0.22402,+15.5314
+0.22439,+15.5017
+0.2249,+15.4765
+0.22527,+16.1686
+0.22564,+16.1543
+0.22601,+16.1099
+0.2264,+16.1136
+0.22689,+16.1603
+0.22727,+16.1765
+0.22764,+16.0539
+0.22802,+15.9719
+0.22839,+15.9772
+0.22889,+16.1286
+0.22927,+16.0716
+0.22964,+15.9988
+0.23002,+15.9386
+0.2304,+15.9548
+0.23089,+15.8946
+0.23127,+15.8799
+0.23164,+16.4202
+0.23201,+16.4045
+0.2324,+16.3755
+0.2329,+16.2594
+0.23327,+16.1605
+0.23364,+16.2524
+0.23401,+16.2629
+0.2344,+16.1351
+0.2349,+16.1239
+0.23526,+16.0064
+0.23565,+15.9302
+0.23602,+15.9263
+0.2364,+16.0062
+0.2369,+15.4262
+0.23727,+15.3944
+0.23764,+15.2701
+0.23802,+15.0902
+0.23852,+14.8908
+0.23889,+14.8958
+0.23927,+14.9533
+0.23976,+14.7679
+0.24078,+14.6181
+0.24096,+14.5727
+0.24128,+14.8601
+0.24165,+14.8517
+0.24203,+14.7495
+0.24241,+14.7213
+0.2429,+14.8375
+0.24327,+14.5678
+0.24366,+14.3757
+0.24403,+14.3232
+0.2444,+14.1765
+0.24491,+13.9348
+0.24528,+13.9104
+0.24565,+13.6764
+0.24603,+13.6083
+0.24641,+13.4707
+0.24691,+13.3913
+0.24728,+13.4265
+0.24765,+13.3123
+0.24803,+13.2615
+0.24853,+13.3776
+0.24891,+13.3447
+0.24929,+12.7905
+0.24967,+12.7805
+0.25003,+12.7463
+0.25041,+12.765
+0.25091,+12.7503
+0.25128,+12.5421
+0.25166,+12.6473
+0.25203,+12.1484
+0.2524,+11.6612
+0.25291,+11.4819
+0.25328,+11.9897
+0.25365,+12.0937
+0.25403,+11.6525
+0.2544,+11.635
+0.2549,+11.5298
+0.25528,+11.614
+0.25565,+11.5852
+0.25603,+12.2028
+0.2564,+12.6801
+0.25691,+12.3725
+0.25727,+11.9009
+0.25766,+11.7597
+0.25803,+12.2909
+0.2584,+12.3172
+0.2589,+12.233
+0.25928,+12.278
+0.25966,+12.3386
+0.26003,+12.1713
+0.26041,+12.067
+0.26091,+12.4917
+0.26128,+12.9548
+0.26166,+13.0127
+0.26203,+12.4318
+0.2624,+12.3413
+0.2629,+12.4607
+0.26327,+12.5549
+0.26365,+12.459
+0.26403,+12.5137
+0.26441,+12.4048
+0.2649,+12.4725
+0.26528,+12.3578
+0.26565,+12.2539
+0.26603,+12.6731
+0.26641,+12.5667
+0.26691,+12.3594
+0.26728,+11.9783
+0.26765,+11.8487
+0.26803,+11.2725
+0.26841,+11.1796
+0.2689,+11.0455
+0.26928,+10.9487
+0.26966,+10.9236
+0.27015,+10.8167
+0.27053,+10.7809
+0.27091,+10.8739
+0.27128,+11.0003
+0.27165,+11.0057
+0.27203,+11.5729
+0.2724,+11.6392
+0.27291,+11.5118
+0.27328,+11.5022
+0.27366,+11.4556
+0.27403,+11.3644
+0.2744,+11.4929
+0.27491,+11.379
+0.27528,+11.412
+0.27565,+11.289
+0.27603,+10.6523
+0.27641,+10.5642
+0.27691,+10.6521
+0.27728,+10.5647
+0.27765,+10.5966
+0.27803,+10.7068
+0.2784,+10.0605
+0.27891,+9.91368
+0.27928,+9.9135
+0.27965,+9.52953
+0.28003,+9.89905
+0.28041,+9.87734
+0.28091,+9.20754
+0.28128,+8.75706
+0.28165,+8.17544
+0.28204,+7.57757
+0.28242,+7.91206
+0.2829,+7.76817
+0.28328,+7.1254
+0.28366,+7.2913
+0.28403,+7.14703
+0.2844,+6.98056
+0.28491,+7.24437
+0.28528,+7.55391
+0.28566,+7.67994
+0.28603,+8.00566
+0.28641,+7.85531
+0.28691,+7.83318
+0.28728,+8.17425
+0.28766,+7.70567
+0.28804,+7.64661
+0.2884,+7.48882
+0.28892,+7.40853
+0.28928,+7.11509
+0.28966,+7.15283
+0.29003,+6.95807
+0.2904,+6.73743
+0.29091,+6.34285
+0.29128,+6.25225
+0.29165,+6.59494
+0.29203,+6.41019
+0.29241,+6.41259
+0.29292,+6.32625
+0.29328,+6.46983
+0.29365,+6.26642
+0.29404,+6.13348
+0.29441,+6.21719
+0.29491,+6.58344
+0.29528,+6.27725
+0.29577,+6.14123
+0.29604,+6.05155
+0.29641,+5.88296
+0.29691,+5.72388
+0.29728,+5.42032
+0.29766,+5.21423
+0.29803,+4.98392
+0.2984,+4.73687
+0.29891,+4.37855
+0.29929,+4.19845
+0.29965,+3.93258
+0.30002,+3.66668
+0.30066,+3.31933
+0.30094,+2.76491
+0.30128,+2.57616
+0.30166,+2.43705
+0.30204,+2.08142
+0.30242,+1.77341
+0.30291,+1.51696
+0.30329,+1.32696
+0.30366,+1.12289
+0.30403,+0.850015
+0.30441,+0.79215
+0.30491,+0.891116
+0.30528,+0.604889
+0.30566,+0.420025
+0.30604,+0.440974
+0.30642,+0.0611489
+0.30691,-0.156172
+0.30728,-0.236328
+0.30766,-0.686883
+0.30804,-1.08657
+0.30841,-1.30659
+0.30891,-1.2535
+0.30929,-1.10858
+0.30966,-1.17034
+0.31004,-1.18602
+0.3104,-0.896667
+0.31091,-0.818578
+0.31129,-0.849728
+0.31166,-0.68798
+0.31206,-0.420795
+0.31242,-0.743042
+0.31291,-0.882719
+0.31328,-0.913818
+0.31366,-0.856938
+0.31404,-0.880163
+0.31441,-1.04421
+0.31491,-1.13897
+0.31529,-1.28093
+0.31566,-1.2113
+0.31604,-1.27105
+0.31641,-0.991959
+0.31691,-0.99471
+0.31729,-1.08677
+0.31766,-1.10217
+0.31804,-1.37704
+0.31841,-1.37564
+0.31891,-1.44016
+0.31929,-1.404
+0.31966,-1.51861
+0.32003,-1.57083
+0.32053,-1.80248
+0.32092,-2.15414
+0.32128,-2.49935
+0.32166,-2.97702
+0.32203,-3.09118
+0.32242,-3.33519
+0.32279,-3.5388
+0.32328,-3.90465
+0.32366,-4.11316
+0.32404,-4.24058
+0.32442,-4.40841
+0.32491,-4.52751
+0.32528,-4.59293
+0.32567,-4.7121
+0.32604,-4.92373
+0.32642,-5.36135
+0.32678,-5.5657
+0.32728,-5.78553
+0.32766,-5.95317
+0.32804,-6.26931
+0.32841,-6.5185
+0.32891,-6.84951
+0.32929,-7.28934
+0.32966,-7.52674
+0.33003,-7.80302
+0.33043,-7.95609
+0.33091,-8.17516
+0.33128,-8.43188
+0.33166,-8.63003
+0.33203,-8.93195
+0.33242,-9.19174
+0.33292,-9.30471
+0.33329,-9.65295
+0.33367,-9.86228
+0.33404,-10.0981
+0.33442,-10.0683
+0.33491,-10.3729
+0.33529,-10.5126
+0.33566,-10.9059
+0.33603,-11.1271
+0.33642,-11.2785
+0.33678,-11.4807
+0.33729,-11.4526
+0.33776,-11.6715
+0.33807,-11.7317
+0.33843,-11.9981
+0.33891,-12.0438
+0.33929,-12.2166
+0.33966,-12.3317
+0.34004,-12.3784
+0.34042,-12.4153
+0.34091,-12.5192
+0.34129,-12.7086
+0.34166,-12.7037
+0.34205,-12.7719
+0.34318,-12.8195
+0.34335,-12.879
+0.34366,-13.0158
+0.34404,-13.0578
+0.34441,-13.0885
+0.34478,-13.0293
+0.34529,-13.0326
+0.34567,-13.0488
+0.34603,-13.147
+0.34642,-13.1724
+0.34679,-13.2388
+0.34729,-13.2819
+0.34766,-13.1944
+0.34804,-13.073
+0.34841,-13.0213
+0.34892,-13.0857
+0.34929,-13.0521
+0.34966,-12.9029
+0.35005,-12.73
+0.35042,-12.7823
+0.35091,-12.8622
+0.35129,-12.8086
+0.35167,-12.6905
+0.35204,-12.698
+0.35242,-12.6918
+0.35279,-12.7129
+0.3533,-12.6871
+0.35367,-12.6823
+0.35404,-12.745
+0.35442,-12.4964
+0.35478,-12.3084
+0.3553,-12.2759
+0.35567,-12.1983
+0.35604,-12.0749
+0.35641,-12.0027
+0.35679,-11.9822
+0.35729,-11.9966
+0.35767,-11.762
+0.35805,-11.5941
+0.35842,-11.5898
+0.35879,-11.5901
+0.35942,-11.5962
+0.35968,-11.5978
+0.36004,-11.6143
+0.36042,-11.5712
+0.36078,-11.3989
+0.36142,-11.2791
+0.36168,-11.3807
+0.36204,-11.4767
+0.36242,-11.4485
+0.36278,-11.2284
+0.36329,-10.9783
+0.36366,-11.0105
+0.36404,-10.9306
+0.36441,-10.9612
+0.36491,-10.9336
+0.3653,-10.7713
+0.36566,-10.7029
+0.36604,-10.4323
+0.36642,-10.3927
+0.36679,-10.3566
+0.36729,-10.4639
+0.36766,-10.1405
+0.36804,-9.98978
+0.36841,-9.9084
+0.36891,-9.78167
+0.36929,-9.76978
+0.36966,-9.61875
+0.37004,-9.66427
+0.37042,-9.55781
+0.37078,-9.57913
+0.3713,-9.3505
+0.37167,-9.39944
+0.37204,-9.38452
+0.37242,-9.15792
+0.37279,-9.16267
+0.3733,-9.17225
+0.37366,-9.13828
+0.37404,-9.07637
+0.37441,-9.06608
+0.37479,-9.01372
+0.37529,-9.03334
+0.37566,-8.99549
+0.37604,-8.96859
+0.37642,-9.20075
+0.37679,-9.10461
+0.3773,-9.10907
+0.37778,-9.22677
+0.3781,-9.37078
+0.37845,-9.41799
+0.37881,-9.53485
+0.3793,-9.81177
+0.37966,-9.96706
+0.38005,-10.3277
+0.38042,-10.4436
+0.38079,-10.6668
+0.38129,-10.8557
+0.38166,-11.136
+0.38205,-11.3755
+0.38242,-11.7205
+0.38279,-11.9131
+0.38329,-12.0503
+0.38367,-12.3152
+0.38404,-12.428
+0.38442,-12.6247
+0.38479,-13.1307
+0.3853,-13.2833
+0.38567,-13.3821
+0.38604,-13.4085
+0.38642,-13.5381
+0.38679,-13.7425
+0.38729,-13.8716
+0.38766,-14.0446
+0.38804,-14.2564
+0.38842,-14.3084
+0.38879,-14.1947
+0.38929,-14.3334
+0.38967,-14.2863
+0.39005,-14.4379
+0.39042,-14.5522
+0.39079,-14.5004
+0.3913,-14.4877
+0.3918,-14.4546
+0.39206,-14.4231
+0.39242,-14.3662
+0.39279,-14.5049
+0.39334,-14.5321
+0.39371,-14.6803
+0.39407,-14.7584
+0.39446,-14.7337
+0.39483,-14.971
+0.39548,-15.1705
+0.39571,-15.2779
+0.39609,-15.1971
+0.39646,-15.326
+0.39686,-15.2584
+0.39734,-15.3276
+0.3977,-15.414
+0.39807,-15.5435
+0.39846,-15.5317
+0.39884,-15.5605
+0.39934,-15.62
+0.39971,-15.6566
+0.40008,-15.9049
+0.40047,-16.0698
+0.40084,-16.2217
+0.40135,-16.2234
+0.40171,-16.6596
+0.40209,-16.6195
+0.40245,-16.7651
+0.40283,-16.7189
+0.40333,-16.5331
+0.40371,-16.538
+0.40408,-16.4395
+0.40446,-16.3648
+0.4049,-16.2624
+0.40532,-16.1882
+0.40568,-16.1224
+0.40607,-15.9086
+0.40644,-15.7884
+0.40681,-15.5416
+0.40733,-15.4985
+0.40771,-15.3411
+0.40808,-15.2843
+0.40845,-15.0393
+0.40887,-14.859
+0.40933,-14.7069
+0.4097,-14.576
+0.41006,-14.522
+0.41046,-14.3549
+0.41084,-14.2857
+0.41134,-14.2329
+0.41172,-14.2075
+0.41209,-14.001
+0.41247,-14.0014
+0.41286,-13.9195
+0.41333,-13.838
+0.41371,-13.7768
+0.41408,-13.7843
+0.41444,-13.84
+0.41481,-13.8633
+0.41531,-13.9442
+0.41569,-13.92
+0.41608,-13.9413
+0.41645,-13.9923
+0.41686,-14.0299
+0.41734,-14.0885
+0.41771,-14.0356
+0.41807,-14.0547
+0.41844,-14.0061
+0.41883,-14.1966
+0.41934,-14.2963
+0.41971,-14.3871
+0.42008,-14.4454
+0.42046,-14.4054
+0.42085,-14.4414
+0.42133,-14.4855
+0.4217,-14.5925
+0.42209,-14.642
+0.42247,-14.8149
+0.42283,-14.7873
+0.42334,-14.7328
+0.4237,-14.6929
+0.42409,-14.6217
+0.42447,-14.5957
+0.42487,-14.529
+0.42535,-14.4959
+0.4257,-14.4552
+0.42606,-14.3483
+0.42644,-13.9962
+0.42681,-13.7247
+0.42732,-13.4819
+0.42771,-13.2889
+0.42808,-13.1522
+0.42845,-12.9785
+0.42885,-12.7428
+0.42933,-12.4088
+0.4297,-12.083
+0.43009,-11.7876
+0.43047,-11.591
+0.43083,-11.3437
+0.43135,-11.0649
+0.43171,-10.8543
+0.43208,-10.5458
+0.43247,-10.1978
+0.43284,-9.95396
+0.43334,-9.76093
+0.43372,-9.60556
+0.43409,-9.26693
+0.43446,-9.02603
+0.43484,-8.70582
+0.43534,-8.4077
+0.43571,-8.07804
+0.43609,-7.83508
+0.43647,-7.53481
+0.43686,-7.29386
+0.43732,-7.10521
+0.43769,-6.81979
+0.43807,-6.68195
+0.43844,-6.5215
+0.43883,-6.24742
+0.43934,-6.04343
+0.43971,-5.84907
+0.44008,-5.60379
+0.44046,-5.4975
+0.44084,-5.25456
+0.44132,-4.91458
+0.4417,-4.57214
+0.44207,-4.23632
+0.4426,-3.81028
+0.44284,-3.49157
+0.44335,-3.03199
+0.4437,-2.51931
+0.44408,-2.07968
+0.44447,-1.527
+0.44558,-1.0344
+0.44586,-0.445167
+0.44611,+0.00486153
+0.44647,+0.467368
+0.44684,+0.925115
+0.44735,+1.35085
+0.44771,+1.82431
+0.44807,+2.07766
+0.44845,+2.40669
+0.44884,+2.88278
+0.44933,+3.16072
+0.44971,+3.55941
+0.45009,+3.97505
+0.45044,+4.34964
+0.4508,+4.71431
+0.4513,+4.99259
+0.45168,+5.26348
+0.45205,+5.63331
+0.45242,+5.92516
+0.45283,+5.88994
+0.45331,+6.04822
+0.45368,+6.04308
+0.45406,+6.25193
+0.45444,+6.33889
+0.4548,+6.37076
+0.45531,+6.36019
+0.45568,+6.1573
+0.45605,+6.13591
+0.45643,+6.05173
+0.45681,+6.12491
+0.45731,+6.17879
+0.45768,+6.05084
+0.45805,+5.79688
+0.45843,+5.78893
+0.4588,+5.467
+0.45931,+5.4329
+0.45968,+5.31008
+0.46005,+5.18061
+0.46044,+5.04472
+0.46082,+4.71754
+0.4613,+4.56139
+0.46168,+4.27337
+0.46205,+3.89449
+0.46244,+3.563
+0.4628,+3.43608
+0.46331,+3.1262
+0.46368,+2.87071
+0.46406,+2.66024
+0.46443,+2.38972
+0.46481,+2.25735
+0.4653,+1.93694
+0.46568,+1.86397
+0.46606,+1.91532
+0.46643,+1.65764
+0.4668,+1.65923
+0.4673,+1.59941
+0.46769,+1.52996
+0.46805,+1.43051
+0.46843,+1.36199
+0.46881,+1.30017
+0.4693,+1.33307
+0.46968,+1.28375
+0.47006,+1.08962
+0.47043,+1.11998
+0.4708,+1.08081
+0.4713,+0.89362
+0.47168,+0.983844
+0.47206,+0.903469
+0.47255,+0.909968
+0.47283,+0.957103
+0.47332,+0.974294
+0.47368,+1.14247
+0.47406,+1.46452
+0.47443,+1.50182
+0.4748,+1.44102
+0.47531,+1.65167
+0.47568,+1.74663
+0.47605,+1.88778
+0.47644,+2.07232
+0.47682,+2.13614
+0.47731,+2.29194
+0.47769,+2.34963
+0.47806,+2.3524
+0.47843,+2.51078
+0.4788,+2.75919
+0.47931,+2.82098
+0.47968,+3.05111
+0.48006,+3.21532
+0.48043,+3.28329
+0.48082,+3.46286
+0.48131,+3.42226
+0.48168,+3.53239
+0.48206,+3.57075
+0.48244,+3.57769
+0.48281,+3.6996
+0.48331,+3.82193
+0.48368,+3.69398
+0.48405,+3.75446
+0.48443,+3.91281
+0.48482,+3.98542
+0.48531,+4.23284
+0.48568,+4.21564
+0.48607,+4.20534
+0.48644,+4.49921
+0.48681,+4.63222
+0.4873,+4.75952
+0.48768,+4.98501
+0.48806,+5.21972
+0.48844,+5.28166
+0.48882,+5.2953
+0.48931,+5.38357
+0.48968,+5.58978
+0.49006,+5.83231
+0.49043,+5.75737
+0.4908,+5.64443
+0.49131,+5.65036
+0.49168,+5.71456
+0.49205,+5.48958
+0.49243,+5.56202
+0.49283,+5.63242
+0.49331,+5.66706
+0.49369,+5.57597
+0.49406,+5.41073
+0.49444,+5.24079
+0.49481,+5.19856
+0.4953,+5.18657
+0.49568,+5.00342
+0.49606,+4.84751
+0.49643,+4.61081
+0.49682,+4.55166
+0.49731,+4.31656
+0.49769,+4.11726
+0.49806,+3.97735
+0.49843,+3.85421
+0.49881,+3.63375
+0.49931,+3.42971
+0.49968,+3.06985
+0.50006,+2.90202
+0.50043,+2.64425
+0.50083,+2.26787
+0.5013,+1.80653
+0.50168,+1.408
+0.50206,+1.23575
+0.50243,+1.1148
+0.50294,+0.894508
+0.50331,+0.621583
+0.50368,+0.531442
+0.50406,+0.387151
+0.50444,+0.141683
+0.50482,-0.0625131
+0.50531,-0.13835
+0.50569,-0.183924
+0.50606,-0.519628
+0.50643,-0.709554
+0.50681,-0.805789
+0.5073,-0.892382
+0.50769,-1.06511
+0.50806,-1.12572
+0.50844,-1.06784
+0.50882,-1.09196
+0.50931,-1.13678
+0.50968,-1.22308
+0.51006,-1.06318
+0.51044,-1.07235
+0.5108,-0.997903
+0.51131,-1.07551
+0.51168,-0.947456
+0.51206,-0.990421
+0.51244,-0.98825
+0.51287,-0.944678
+0.51331,-0.899067
+0.51368,-0.685121
+0.51406,-0.674849
+0.51444,-0.500289
+0.51482,-0.440843
+0.5153,-0.353005
+0.51568,-0.184948
+0.51606,+0.0103269
+0.51643,+0.223964
+0.51685,+0.510215
+0.51732,+0.890148
+0.51769,+1.09855
+0.51807,+1.41738
+0.51843,+1.5543
+0.5188,+1.74711
+0.51931,+2.0486
+0.51969,+2.21473
+0.52006,+2.4448
+0.52043,+2.42252
+0.52082,+2.61495
+0.52131,+2.73901
+0.52168,+2.85197
+0.52205,+2.90131
+0.52244,+3.16386
+0.52282,+3.43939
+0.52331,+3.54432
+0.52369,+3.7684
+0.52406,+3.96688
+0.52443,+4.27279
+0.52484,+4.31476
+0.52531,+4.43103
+0.52569,+4.51787
+0.52606,+4.6864
+0.52643,+4.53039
+0.52682,+4.505
+0.52731,+4.65228
+0.52769,+4.60583
+0.52806,+4.56045
+0.52844,+4.67791
+0.52882,+4.7228
+0.52931,+4.74414
+0.52968,+4.84697
+0.53006,+4.94556
+0.53044,+5.08282
+0.53081,+5.09425
+0.5313,+5.02579
+0.53169,+5.01739
+0.53206,+4.98854
+0.53244,+4.88427
+0.53284,+4.8559
+0.53332,+4.80338
+0.53369,+4.6571
+0.53406,+4.6387
+0.53443,+4.61174
+0.53481,+4.5151
+0.53531,+4.38056
+0.53568,+4.40631
+0.53606,+4.34493
+0.53643,+4.30779
+0.53683,+4.33086
+0.53732,+4.2757
+0.53768,+4.3777
+0.53806,+4.17087
+0.53844,+4.20451
+0.53881,+4.20655
+0.53931,+4.30966
+0.53968,+4.18676
+0.54006,+4.33301
+0.54044,+4.37825
+0.54083,+4.14085
+0.54132,+3.98078
+0.54169,+3.84545
+0.54207,+3.88835
+0.54243,+3.69752
+0.54283,+3.64978
+0.54331,+3.59313
+0.54369,+3.59877
+0.54406,+3.361
+0.54444,+3.10593
+0.54483,+3.09449
+0.54531,+3.10238
+0.54569,+3.03884
+0.54606,+2.87893
+0.54643,+2.74237
+0.54682,+2.55563
+0.54798,+2.36554
+0.54825,+2.10613
+0.54852,+1.91472
+0.54885,+1.73812
+0.54932,+1.51747
+0.54969,+1.31441
+0.55009,+1.04951
+0.55045,+0.612146
+0.55082,+0.460816
+0.55132,+0.176329
+0.55169,-0.2052
+0.55207,-0.336927
+0.55245,-0.490545
+0.55284,-0.743055
+0.55319,-1.08024
+0.55369,-1.35356
+0.55407,-1.68287
+0.55444,-1.77954
+0.55482,-2.11158
+0.55532,-2.384
+0.55569,-2.56211
+0.55607,-2.91346
+0.55645,-3.19075
+0.55684,-3.43201
+0.55732,-3.6216
+0.5577,-3.93713
+0.55807,-4.06875
+0.55844,-4.30421
+0.55882,-4.42518
+0.55932,-4.46906
+0.55969,-4.61424
+0.56007,-4.89256
+0.56045,-5.14347
+0.56084,-5.34112
+0.5612,-5.4939
+0.56169,-5.5514
+0.56208,-5.71725
+0.56245,-5.73187
+0.56283,-5.88503
+0.56332,-6.09048
+0.56369,-6.1705
+0.56406,-6.13228
+0.56445,-6.16533
+0.56484,-6.18627
+0.56519,-6.16412
+0.56569,-6.24232
+0.56607,-6.23454
+0.56657,-6.38526
+0.56681,-6.4457
+0.56732,-6.33941
+0.5677,-6.29163
+0.56807,-6.31163
+0.56844,-6.26988
+0.56884,-6.11963
+0.56932,-5.9627
+0.56969,-5.94323
+0.57008,-5.83859
+0.57045,-5.74249
+0.57083,-5.6408
+0.57119,-5.6893
+0.57169,-5.63778
+0.57207,-5.46206
+0.57245,-5.38323
+0.57283,-5.19883
+0.57332,-5.14041
+0.57369,-4.88739
+0.5742,-4.80127
+0.57446,-4.5634
+0.57482,-4.34249
+0.57532,-4.09338
+0.57569,-3.96061
+0.57608,-3.77032
+0.57645,-3.41494
+0.57683,-3.27955
+0.57732,-3.08881
+0.57769,-2.77523
+0.57807,-2.44252
+0.57845,-2.10424
+0.57882,-1.92655
+0.5792,-1.66599
+0.5797,-1.36631
+0.58007,-1.10669
+0.58045,-0.84024
+0.58084,-0.594786
+0.58119,-0.1202
+0.58169,+0.162389
+0.58208,+0.492743
+0.58245,+0.762854
+0.58283,+1.33205
+0.58319,+1.68242
+0.5837,+2.2911
+0.58407,+2.73177
+0.58445,+3.15122
+0.58484,+3.6284
+0.58533,+4.10048
+0.5857,+4.52021
+0.58607,+5.00237
+0.58644,+5.33737
+0.58683,+5.5973
+0.58733,+6.03057
+0.5877,+6.14562
+0.58807,+6.49819
+0.58845,+6.72667
+0.58884,+7.1457
+0.58932,+7.29272
+0.5897,+7.67955
+0.59008,+7.88346
+0.59045,+8.30659
+0.59083,+8.65553
+0.59119,+8.99786
+0.5917,+9.48345
+0.59208,+9.92814
+0.59244,+10.2706
+0.59284,+10.5861
+0.5932,+11.0628
+0.5937,+11.2904
+0.59407,+11.6194
+0.59445,+12.0008
+0.59483,+12.3316
+0.5952,+12.5844
+0.5957,+12.9011
+0.5961,+13.0117
+0.59645,+13.2807
+0.59684,+13.4475
+0.59719,+13.4419
+0.59771,+13.7301
+0.59808,+14.0609
+0.59845,+14.2041
+0.59883,+14.5395
+0.59919,+14.8511
+0.5997,+15.0459
+0.60007,+15.2414
+0.60045,+15.4733
+0.60083,+15.1007
+0.60119,+15.3624
+0.6017,+15.4477
+0.60208,+15.4339
+0.60246,+17.0496
+0.60283,+16.9899
+0.60319,+17.0199
+0.60369,+16.2833
+0.60407,+16.4681
+0.60458,+16.4905
+0.60485,+17.2602
+0.60532,+17.1979
+0.6057,+17.2168
+0.60608,+17.2185
+0.60645,+17.1095
+0.60684,+17.1167
+0.6072,+17.1743
+0.6077,+17.8543
+0.60807,+17.7389
+0.60844,+17.7726
+0.60885,+17.6689
+0.60932,+17.7433
+0.6097,+17.6622
+0.61007,+17.6901
+0.61044,+17.6947
+0.61083,+17.5603
+0.6112,+17.4764
+0.61169,+17.3853
+0.61208,+17.3099
+0.61245,+17.1702
+0.61284,+16.7721
+0.61319,+16.5457
+0.6137,+16.4712
+0.61408,+16.1472
+0.61445,+15.4051
+0.61483,+15.2776
+0.61519,+15.1391
+0.6157,+14.9247
+0.61608,+14.8711
+0.61646,+14.7422
+0.61684,+14.7344
+0.6172,+14.6259
+0.6177,+14.4569
+0.61807,+14.5289
+0.61844,+14.9208
+0.61883,+15.0093
+0.61919,+14.8323
+0.61969,+14.8097
+0.62009,+14.5946
+0.62045,+14.3657
+0.62084,+14.1733
+0.6212,+14.062
+0.6217,+13.7768
+0.62208,+13.6136
+0.62245,+13.5187
+0.62282,+13.2153
+0.62319,+12.891
+0.6237,+12.6995
+0.62407,+12.457
+0.62456,+11.7381
+0.62496,+11.5291
+0.62522,+11.3547
+0.6257,+11.3709
+0.62607,+11.0197
+0.62645,+10.9241
+0.62683,+10.6967
+0.6272,+10.6279
+0.62771,+10.3583
+0.62808,+10.2233
+0.62845,+10.6219
+0.62883,+10.4482
+0.62919,+10.2774
+0.6297,+9.89853
+0.63008,+9.67176
+0.63045,+9.18734
+0.63083,+8.96198
+0.6312,+8.75573
+0.63171,+8.67904
+0.63208,+8.36516
+0.63245,+8.0437
+0.63284,+8.01058
+0.63319,+7.64061
+0.6337,+7.43131
+0.63408,+7.27871
+0.63445,+7.06871
+0.63484,+6.84867
+0.63519,+6.59545
+0.6357,+6.22979
+0.63607,+6.09989
+0.63646,+5.98072
+0.63684,+5.81459
+0.6372,+5.80284
+0.6377,+5.65201
+0.63808,+5.66535
+0.63845,+5.60118
+0.63883,+5.36157
+0.6392,+5.2256
+0.63971,+5.1121
+0.64008,+4.84591
+0.64045,+4.58475
+0.64084,+4.33424
+0.6412,+4.07043
+0.6417,+3.95581
+0.64207,+3.63673
+0.64245,+3.4968
+0.64283,+3.38499
+0.6432,+3.18989
+0.6437,+3.0626
+0.64408,+2.98618
+0.64445,+2.83447
+0.64484,+2.59144
+0.64534,+2.33517
+0.6457,+2.21622
+0.64608,+1.93572
+0.64645,+1.77846
+0.64683,+1.67679
+0.6472,+1.34614
+0.6477,+1.01156
+0.64807,+0.846719
+0.64845,+0.259163
+0.64884,+0.171806
+0.6492,+0.0979826
+0.65038,-0.166973
+0.65057,-0.324322
+0.65085,-0.629822
+0.6512,-0.87121
+0.6517,-0.825318
+0.65207,-0.742632
+0.65244,-0.937714
+0.65284,-0.58175
+0.6532,-0.750021
+0.6537,-0.903107
+0.65407,-1.03365
+0.65444,-1.13669
+0.65495,-1.06916
+0.65532,-1.27816
+0.65569,-1.45511
+0.65608,-1.57293
+0.65645,-1.62218
+0.65683,-1.78187
+0.65719,-1.85234
+0.6577,-1.99975
+0.65807,-1.95903
+0.65844,-2.02781
+0.65882,-2.12378
+0.6592,-2.04666
+0.6597,-2.13722
+0.66007,-2.36485
+0.66044,-2.43102
+0.66083,-2.48255
+0.6612,-2.5921
+0.6617,-2.58161
+0.66207,-2.80256
+0.66245,-2.85263
+0.66282,-3.04783
+0.66319,-3.16737
+0.66369,-3.09196
+0.66407,-3.03761
+0.66445,-3.16939
+0.66484,-3.34342
+0.66519,-3.26879
+0.6657,-3.34022
+0.66607,-3.30583
+0.66644,-3.2944
+0.66682,-3.28244
+0.6672,-3.2575
+0.6677,-3.39207
+0.66807,-3.85465
+0.66845,-3.79862
+0.66883,-3.66895
+0.6692,-3.84898
+0.66969,-3.75289
+0.67008,-3.71411
+0.67045,-3.75434
+0.67082,-3.80315
+0.67121,-3.76259
+0.67169,-3.76814
+0.67207,-3.28539
+0.67244,-3.25599
+0.67283,-3.07691
+0.6732,-2.86533
+0.6737,-2.73437
+0.67407,-2.65709
+0.67445,-2.43351
+0.67482,-2.28953
+0.6752,-2.17598
+0.67569,-1.98046
+0.67608,-1.80485
+0.67645,-1.69762
+0.67683,-1.75289
+0.6772,-1.74094
+0.6777,-1.64484
+0.67808,-1.66067
+0.67845,-2.14418
+0.67883,-1.93692
+0.6792,-1.81722
+0.6797,-1.75174
+0.68007,-1.79072
+0.68044,-1.73051
+0.68083,-1.47431
+0.6812,-1.32502
+0.6817,-1.3349
+0.68208,-1.15864
+0.68245,-0.571355
+0.68283,-0.55997
+0.68319,-0.608573
+0.6837,-0.548907
+0.68408,-0.545347
+0.68445,-0.423962
+0.68483,-0.613593
+0.68533,-0.6369
+0.6857,-0.55884
+0.68608,-0.607151
+0.68645,-0.624451
+0.68683,-0.464073
+0.6872,-0.27527
+0.6877,-0.296891
+0.68807,-0.183039
+0.68845,-0.246447
+0.68883,-0.00833416
+0.6892,+0.0588466
+0.6897,-0.000312374
+0.69008,-0.00146301
+0.69045,-0.0410615
+0.69083,-0.138902
+0.69119,-0.272345
+0.6917,-0.264953
+0.69208,-0.329249
+0.69245,-0.2829
+0.69284,-0.406462
+0.6932,-0.406202
+0.6937,-0.429346
+0.69408,-0.397457
+0.69446,-0.267652
+0.69483,-0.178765
+0.6952,-0.0745038
+0.69583,-0.129654
+0.69609,+0.0569832
+0.69645,+0.078089
+0.69683,+0.241445
+0.6972,+0.28148
+0.6978,+0.250218
+0.69812,+0.427443
+0.69852,+0.448984
+0.69885,+0.309669
+0.6992,+0.302831
+0.69971,+0.4647
+0.70008,+0.479903
+0.70045,+0.0988096
+0.70085,+0.053245
+0.7012,+0.102377
+0.7017,+0.367994
+0.70208,+0.184944
+0.70245,+0.1545
+0.70284,+0.209913
+0.7032,+0.241259
+0.70371,+0.177288
+0.70408,+0.140973
+0.70445,+0.562462
+0.70483,+0.617255
+0.7052,+0.413418
+0.70571,+0.446415
+0.70608,+0.650022
+0.70645,+0.767877
+0.70683,+0.915349
+0.70719,+0.892733
+0.70771,+0.922576
+0.70808,+0.909128
+0.70845,+0.958555
+0.70884,+0.915855
+0.7092,+1.01247
+0.7097,+1.08951
+0.71008,+0.99882
+0.71046,+0.909905
+0.71083,+0.900002
+0.7112,+0.876993
+0.71172,+0.989709
+0.71207,+1.09894
+0.71246,+1.20393
+0.71283,+1.1916
+0.7132,+1.34103
+0.7137,+1.10294
+0.71408,+1.14908
+0.71445,+1.14557
+0.71483,+1.18479
+0.71519,+1.339
+0.71571,+1.34997
+0.71608,+0.83144
+0.71645,+0.663735
+0.71683,+0.768232
+0.7172,+0.686361
+0.71771,+0.640545
+0.71808,+0.721524
+0.71845,+0.767884
+0.71884,+0.599847
+0.7192,+0.468629
+0.7197,+0.384037
+0.72008,+0.782054
+0.72046,+0.780101
+0.72083,+0.664552
+0.7212,+0.688823
+0.72171,+0.692901
+0.72208,+0.4687
+0.72245,+0.452568
+0.72283,+0.473495
+0.7232,+0.449591
+0.7237,+0.377263
+0.72418,+0.464956
+0.72447,+0.399995
+0.72484,+0.400337
+0.7252,+0.381117
+0.7257,+0.375405
+0.7262,+0.499691
+0.72646,+0.475698
+0.72683,+0.488432
+0.7272,+0.422475
+0.7277,+0.46114
+0.72807,+0.353927
+0.72845,+0.471407
+0.72884,+0.589045
+0.72921,+0.489875
+0.7297,+0.523951
+0.73008,+0.442978
+0.73045,+0.45332
+0.73084,+0.384791
+0.73121,+0.34024
+0.7317,+0.387525
+0.73208,+0.320806
+0.73246,+0.259204
+0.73283,-0.00165015
+0.7332,+0.027181
+0.7337,+0.0317815
+0.73409,-0.0209086
+0.73446,-0.152173
+0.73488,-0.251875
+0.7352,-0.259462
+0.73571,-0.360776
+0.73609,-0.270023
+0.73645,-0.270264
+0.73683,-0.190715
+0.73721,-0.23783
+0.73771,-0.17389
+0.73808,-0.0948305
+0.73845,-0.128922
+0.73884,-0.0829424
+0.73921,+0.0017745
+0.7397,+0.0900577
+0.74009,-0.00841178
+0.74046,+0.0546046
+0.74084,+0.0242165
+0.7412,+0.0097551
+0.74171,-0.0998179
+0.74209,-0.00895216
+0.74246,+0.0755777
+0.74283,+0.157616
+0.7432,+0.09897
+0.74371,+0.0473357
+0.74409,+0.0804637
+0.74446,-0.458237
+0.74483,-0.321248
+0.7452,-0.177993
+0.7457,-0.126905
+0.74608,-0.18947
+0.74645,-0.172921
+0.74683,-0.10502
+0.74721,-0.151606
+0.74771,-0.212692
+0.74808,-0.162526
+0.74845,+0.445308
+0.74883,+0.362772
+0.7492,+0.178335
+0.74971,+0.186644
+0.75009,+0.213104
+0.75045,+0.219102
+0.75084,+0.102698
+0.75121,-0.229786
+0.75171,-0.110316
+0.75278,-0.184588
+0.75298,-0.372245
+0.75321,-0.296262
+0.75371,-0.153284
+0.75408,-0.183189
+0.75446,-0.0502032
+0.75483,+0.0315994
+0.7552,+0.0988433
+0.75571,+0.673865
+0.75608,+0.748852
+0.75646,+0.94356
+0.75684,+1.0645
+0.75721,+1.07725
+0.7577,+1.11754
+0.75809,+1.23257
+0.75846,+1.09804
+0.75883,+1.04093
+0.7592,+1.13776
+0.75971,+0.989014
+0.76009,+0.9973
+0.76045,+1.01624
+0.76083,+1.29912
+0.76121,+0.935124
+0.76171,+0.609885
+0.76208,+0.732686
+0.76246,+0.880915
+0.76283,+1.0693
+0.76321,+1.20375
+0.7637,+1.47024
+0.76408,+1.73818
+0.76446,+1.74517
+0.76484,+1.53485
+0.7652,+2.14917
+0.76571,+2.74353
+0.76609,+2.80172
+0.76646,+2.92467
+0.76684,+3.04941
+0.76721,+3.12644
+0.76771,+3.22904
+0.76808,+3.20189
+0.76845,+3.35482
+0.76883,+3.72408
+0.76921,+3.80232
+0.76971,+3.80746
+0.77008,+3.45153
+0.77045,+3.68848
+0.77084,+3.61301
+0.77121,+3.67699
+0.77171,+3.75607
+0.77208,+4.01052
+0.77246,+3.75314
+0.77284,+3.81871
+0.77321,+3.78671
+0.77372,+3.90788
+0.77409,+4.66929
+0.77446,+4.64715
+0.77483,+4.89959
+0.7752,+4.99798
+0.77571,+5.05375
+0.77608,+4.98058
+0.77646,+5.40104
+0.77684,+5.38662
+0.77721,+5.5648
+0.77771,+5.73607
+0.77808,+5.49052
+0.77846,+5.38291
+0.77884,+5.30908
+0.77922,+5.46211
+0.77971,+5.59646
+0.78009,+5.61005
+0.78046,+5.65299
+0.78084,+5.57535
+0.78121,+5.46256
+0.78171,+5.35565
+0.78209,+5.28716
+0.78246,+5.51854
+0.78283,+5.61335
+0.7832,+5.51007
+0.78371,+5.40264
+0.78409,+5.32661
+0.78446,+5.36451
+0.78483,+5.58616
+0.78522,+5.6368
+0.78571,+5.64179
+0.78608,+5.23973
+0.78645,+4.98262
+0.78684,+4.91469
+0.78721,+4.78661
+0.78771,+4.8147
+0.78809,+4.84804
+0.78846,+4.74535
+0.78884,+4.36567
+0.7892,+4.27548
+0.78972,+4.1687
+0.79013,+4.63291
+0.79065,+4.71002
+0.79109,+4.6384
+0.79136,+4.68517
+0.79184,+4.6289
+0.79221,+4.53298
+0.79248,+4.63747
+0.79283,+4.71438
+0.79321,+4.58449
+0.79371,+4.4777
+0.79408,+4.38771
+0.79446,+4.2903
+0.79484,+4.32562
+0.79522,+4.11646
+0.79571,+4.11314
+0.79609,+4.02417
+0.79646,+3.90738
+0.79685,+3.84045
+0.79722,+3.92049
+0.79772,+3.94617
+0.7981,+3.81714
+0.79846,+3.77415
+0.79883,+3.49593
+0.79921,+3.46674
+0.79971,+3.3451
+0.80009,+3.22646
+0.80046,+2.98383
+0.8009,+2.84466
+0.80122,+2.71997
+0.80171,+2.50982
+0.80209,+2.38501
+0.80246,+1.72537
+0.80283,+1.74913
+0.80322,+2.66755
+0.80372,+2.39319
+0.80409,+2.22406
+0.80446,+2.16597
+0.80484,+2.08734
+0.80521,+1.79818
+0.80571,+1.64592
+0.80609,+1.74193
+0.80646,+2.13459
+0.80697,+1.9632
+0.80723,+1.73522
+0.80771,+1.66566
+0.80809,+1.59539
+0.80846,+1.45124
+0.80885,+1.21802
+0.80923,+1.29501
+0.80971,+1.22719
+0.81008,+0.989376
+0.81046,+0.840211
+0.81083,+0.806648
+0.81122,+0.68203
+0.81172,+0.535073
+0.81209,+0.427769
+0.81246,+0.261076
+0.81284,+0.111516
+0.81322,-0.0634453
+0.81371,-0.106255
+0.81409,-0.3218
+0.81446,-0.381332
+0.81484,-0.600267
+0.81521,-0.579263
+0.81558,-0.605933
+0.8161,-0.793672
+0.81647,-0.852836
+0.81685,-0.874113
+0.81721,-1.06837
+0.81771,-1.15365
+0.81809,-1.22869
+0.81847,-1.40348
+0.81884,-1.59834
+0.81922,-1.7672
+0.81958,-2.17326
+0.82009,-2.34877
+0.82046,-2.59543
+0.82084,-2.80967
+0.82121,-2.9533
+0.82159,-3.19826
+0.82209,-3.31062
+0.82246,-3.52553
+0.82284,-3.69749
+0.82322,-3.91815
+0.82358,-3.84668
+0.82411,-3.8054
+0.82447,-3.92584
+0.82484,-4.09557
+0.82521,-4.2117
+0.82571,-4.35341
+0.82609,-4.56269
+0.82647,-4.6997
+0.82684,-4.73232
+0.82723,-4.84408
+0.82771,-4.92748
+0.82809,-5.2529
+0.82847,-5.3589
+0.82884,-5.36212
+0.82922,-5.52592
+0.82958,-5.63823
+0.8301,-5.72855
+0.83047,-5.8564
+0.83084,-6.09753
+0.83121,-6.22459
+0.83158,-6.53906
+0.83209,-6.55026
+0.83246,-6.58953
+0.83284,-6.78232
+0.83322,-6.88261
+0.83359,-6.96889
+0.83409,-7.18605
+0.83447,-7.14651
+0.83484,-7.16718
+0.83522,-7.23105
+0.83571,-7.27471
+0.83609,-7.29643
+0.83647,-7.42723
+0.83684,-7.42126
+0.83735,-7.4981
+0.83772,-7.50756
+0.83809,-7.5682
+0.83847,-7.66305
+0.83884,-7.67551
+0.83922,-7.86341
+0.83959,-7.76241
+0.84009,-8.03018
+0.84046,-8.2279
+0.84085,-8.45119
+0.84122,-8.46964
+0.84158,-8.75226
+0.84209,-8.84492
+0.84247,-9.0189
+0.84284,-9.13333
+0.84321,-9.14861
+0.84359,-9.39594
+0.84409,-9.38629
+0.84446,-9.36355
+0.84485,-9.37206
+0.84522,-9.47201
+0.84559,-9.40184
+0.8461,-9.34213
+0.84647,-9.31904
+0.84684,-9.34493
+0.84723,-9.38975
+0.84772,-9.29473
+0.84809,-9.29681
+0.84846,-9.36474
+0.84884,-9.35579
+0.84922,-9.31685
+0.84958,-9.49233
+0.8501,-9.57415
+0.85047,-9.60763
+0.85084,-9.67945
+0.85122,-9.68338
+0.85159,-9.79713
+0.85209,-9.85918
+0.85246,-9.85543
+0.85285,-9.89709
+0.85324,-10.0787
+0.85363,-9.91458
+0.85409,-9.85092
+0.85518,-9.85565
+0.8554,-9.85266
+0.85567,-9.75899
+0.85609,-9.88738
+0.85647,-9.91801
+0.85684,-9.94028
+0.85721,-9.92096
+0.85758,-9.90382
+0.85811,-9.971
+0.85846,-10.0336
+0.85883,-10.0705
+0.85921,-10.0989
+0.85959,-10.1251
+0.86009,-10.072
+0.86046,-10.0172
+0.86084,-10.0988
+0.86122,-10.1559
+0.86158,-10.189
+0.86209,-10.2967
+0.86246,-10.329
+0.86284,-10.2815
+0.86321,-10.2807
+0.86358,-10.3385
+0.86409,-10.2665
+0.86446,-10.2372
+0.86484,-10.1223
+0.86521,-10.0438
+0.86558,-9.9655
+0.86609,-9.83793
+0.86646,-9.71432
+0.86684,-9.77073
+0.86721,-9.60481
+0.86898,-9.59162
+0.86915,-9.64273
+0.86941,-9.71278
+0.86967,-9.67449
+0.86985,-9.63441
+0.8701,-9.65503
+0.87047,-9.67649
+0.87084,-9.69326
+0.87121,-9.66493
+0.87171,-9.67207
+0.87209,-9.52959
+0.87246,-9.5408
+0.87284,-9.43937
+0.87322,-9.35456
+0.87359,-9.43902
+0.87411,-9.34438
+0.87448,-9.3621
+0.87484,-9.417
+0.87522,-9.28314
+0.87559,-9.44026
+0.87609,-9.63848
+0.87647,-9.48138
+0.87686,-9.54104
+0.87722,-9.61656
+0.87771,-9.49396
+0.87809,-9.57954
+0.87847,-9.5076
+0.87884,-9.56577
+0.87922,-9.66989
+0.87971,-9.55337
+0.88009,-9.42367
+0.88047,-9.43501
+0.88084,-9.33663
+0.88121,-9.3048
+0.88159,-9.34167
+0.88209,-9.34789
+0.88247,-9.29507
+0.88284,-9.21392
+0.88322,-9.31048
+0.88358,-9.44433
+0.88409,-9.47406
+0.88446,-9.47664
+0.88485,-9.38144
+0.88522,-9.37897
+0.88559,-9.34578
+0.88609,-9.24353
+0.88647,-9.28058
+0.88684,-9.20374
+0.88721,-9.09562
+0.88758,-8.98379
+0.88809,-9.04519
+0.88847,-9.0908
+0.88884,-9.24706
+0.88921,-9.34706
+0.88972,-9.39785
+0.89009,-9.44067
+0.89047,-9.46658
+0.89084,-9.56031
+0.89122,-9.66963
+0.89159,-9.73902
+0.89209,-9.69024
+0.89246,-9.76824
+0.89285,-9.82228
+0.89322,-9.75762
+0.89359,-9.73349
+0.89409,-9.73396
+0.89446,-9.74751
+0.89484,-9.67496
+0.89522,-9.63542
+0.89585,-9.6074
+0.89612,-9.64115
+0.89647,-9.59882
+0.89685,-9.62307
+0.89722,-9.75529
+0.89759,-9.89189
+0.89809,-10.0254
+0.89847,-10.2273
+0.89884,-10.3704
+0.89921,-10.4735
+0.89985,-10.5148
+0.90011,-10.6177
+0.90047,-10.6238
+0.90084,-10.6606
+0.90121,-10.6211
+0.90172,-10.5901
+0.9021,-10.6448
+0.90247,-10.5536
+0.90284,-10.6044
+0.90329,-10.529
+0.90359,-10.4837
+0.90409,-10.518
+0.90447,-10.5952
+0.90484,-10.7027
+0.90521,-10.6915
+0.90559,-10.7554
+0.90609,-10.69
+0.90646,-10.7187
+0.90685,-10.7381
+0.90722,-10.8734
+0.90759,-10.8936
+0.90809,-10.876
+0.90846,-10.9818
+0.90885,-11.0072
+0.90922,-11.1425
+0.90959,-11.2184
+0.9101,-11.3364
+0.91047,-11.3996
+0.91084,-11.4191
+0.91122,-11.3476
+0.91159,-11.4365
+0.9121,-11.589
+0.91246,-11.5711
+0.91285,-11.4776
+0.91322,-11.4901
+0.91359,-11.4393
+0.9141,-11.331
+0.91447,-11.2347
+0.91485,-11.275
+0.91522,-11.2946
+0.91559,-11.3288
+0.91609,-11.1573
+0.91647,-11.1202
+0.91684,-11.1733
+0.91723,-11.2022
+0.91759,-11.2235
+0.91809,-11.2347
+0.91847,-11.2995
+0.91884,-11.156
+0.91922,-11.2299
+0.91972,-11.2237
+0.9201,-11.2356
+0.92047,-11.222
+0.92085,-11.2622
+0.92122,-11.2211
+0.92159,-11.0649
+0.92209,-11.0566
+0.92247,-11.1182
+0.92284,-11.2326
+0.92322,-11.155
+0.9236,-11.0913
+0.9241,-11.1674
+0.92448,-11.2768
+0.92484,-11.1122
+0.92522,-11.0215
+0.92559,-11.1462
+0.92609,-11.2165
+0.92646,-11.0276
+0.92684,-10.9641
+0.92733,-10.9186
+0.9276,-10.991
+0.92809,-10.8904
+0.92847,-10.8431
+0.92886,-10.8849
+0.92922,-11.0214
+0.92961,-11.1419
+0.93022,-11.0546
+0.93048,-11.0416
+0.93085,-11.0606
+0.93123,-11.0002
+0.9316,-10.9889
+0.93209,-10.9663
+0.93248,-10.9454
+0.93285,-10.9435
+0.93322,-10.8086
+0.93359,-10.553
+0.9341,-10.4565
+0.93447,-10.5413
+0.93484,-10.4723
+0.93522,-10.5498
+0.9356,-10.509
+0.9361,-10.634
+0.93647,-10.5753
+0.93686,-10.6394
+0.93723,-10.5673
+0.93759,-10.6491
+0.9381,-10.7797
+0.93847,-10.7771
+0.93884,-10.7233
+0.93922,-10.6591
+0.93959,-10.6683
+0.94009,-10.475
+0.94048,-10.4655
+0.94085,-10.4055
+0.94123,-10.3645
+0.94159,-10.3244
+0.9421,-10.2538
+0.94247,-10.2497
+0.94284,-10.2772
+0.94322,-10.23
+0.94359,-10.1739
+0.9441,-10.2566
+0.94447,-10.1668
+0.94484,-10.1149
+0.94523,-10.2058
+0.94559,-10.0031
+0.94609,-9.95902
+0.94647,-9.88167
+0.94685,-9.83681
+0.94722,-9.92149
+0.9476,-9.85078
+0.9481,-9.60313
+0.94847,-9.58695
+0.94885,-9.54439
+0.94923,-9.44184
+0.94959,-9.59774
+0.9501,-9.59207
+0.95048,-9.57769
+0.95085,-9.53097
+0.95122,-9.44039
+0.95159,-9.41091
+0.9521,-9.47844
+0.95248,-9.50491
+0.95285,-9.41487
+0.95323,-9.45049
+0.95359,-9.35996
+0.9541,-9.41103
+0.95446,-9.3136
+0.95484,-9.39893
+0.95523,-9.33866
+0.9556,-9.26878
+0.9561,-9.28154
+0.95647,-9.088
+0.95758,-9.20596
+0.95778,-9.13105
+0.95809,-9.18352
+0.95845,-9.12737
+0.95883,-9.15651
+0.9592,-8.98223
+0.95958,-9.13938
+0.96008,-9.19858
+0.96045,-9.04015
+0.96083,-9.05677
+0.9612,-8.91579
+0.96157,-8.79742
+0.96208,-8.73504
+0.96246,-8.63333
+0.96283,-8.524
+0.9632,-8.45012
+0.96357,-8.30307
+0.96408,-8.14662
+0.96445,-8.32173
+0.96484,-8.37962
+0.9652,-8.34521
+0.96558,-8.31236
+0.96609,-8.12579
+0.96646,-8.17142
+0.96683,-8.20024
+0.96721,-8.23782
+0.9676,-8.22049
+0.96809,-8.26736
+0.96845,-8.24981
+0.96883,-8.2701
+0.96921,-8.21778
+0.96958,-8.23111
+0.97009,-8.44692
+0.97046,-8.25044
+0.97083,-8.2652
+0.9712,-8.20232
+0.97157,-8.11333
+0.97209,-8.07501
+0.97245,-7.9551
+0.97283,-7.77765
+0.97321,-7.84028
+0.97358,-7.86865
+0.97408,-7.74039
+0.97446,-7.66813
+0.97484,-7.53959
+0.97521,-7.89331
+0.97558,-7.85554
+0.97608,-8.17264
+0.97646,-8.02138
+0.97683,-8.01677
+0.97721,-7.82208
+0.97758,-7.75884
+0.97809,-7.72021
+0.97846,-7.78929
+0.97883,-7.73816
+0.9792,-7.31088
+0.97959,-7.27717
+0.98008,-6.83798
+0.98045,-6.87208
+0.98084,-6.85836
+0.98121,-6.80267
+0.98158,-6.75029
+0.98209,-6.49649
+0.98246,-6.44356
+0.98283,-6.49319
+0.9832,-6.42093
+0.98358,-6.24555
+0.98408,-6.29108
+0.98445,-6.24204
+0.98483,-6.102
+0.98521,-6.08081
+0.98558,-5.94069
+0.98608,-6.08241
+0.98645,-6.01226
+0.98683,-5.85312
+0.9872,-5.74225
+0.98759,-5.7574
+0.98809,-5.49206
+0.98846,-5.45496
+0.98883,-5.46857
+0.98921,-5.33113
+0.98958,-5.33857
+0.99009,-5.13287
+0.99046,-5.00666
+0.99083,-4.98223
+0.99121,-4.85191
+0.99158,-4.65328
+0.99208,-4.81294
+0.99245,-4.76638
+0.99284,-4.5558
+0.99321,-4.52349
+0.99359,-4.42471
+0.99408,-4.5045
+0.99446,-4.35259
+0.99483,-4.16978
+0.99521,-4.22862
+0.99558,-4.2655
+0.99608,-3.94192
+0.99646,-3.78144
+0.99683,-3.74395
+0.9972,-3.57916
+0.99758,-3.52112
+0.99809,-3.41833
+0.99846,-3.41408
+0.99884,-3.44569
+0.99921,-3.43931
+0.99958,-3.39307
+1.00009,-3.44354
+1.00046,-3.21359
+1.00084,-3.30727
+1.00121,-3.28747
+1.00158,-3.17391
+1.00209,-3.00503
+1.00246,-2.90957
+1.00283,-2.81116
+1.00321,-2.69468
+1.00359,-2.54323
+1.00409,-2.46256
+1.00446,-2.66509
+1.00483,-2.5143
+1.00521,-2.49863
+1.00564,-2.53453
+1.00609,-2.54947
+1.00645,-2.71194
+1.00683,-2.74135
+1.00721,-2.69642
+1.00758,-2.6328
+1.00809,-2.57438
+1.00846,-2.43279
+1.00884,-2.43942
+1.00921,-2.51191
+1.00959,-2.38019
+1.01008,-2.44518
+1.01046,-2.32521
+1.01084,-2.3654
+1.01121,-2.4519
+1.01158,-2.57826
+1.01209,-2.61818
+1.01253,-2.81275
+1.01284,-2.83542
+1.01321,-2.83942
+1.01358,-3.0331
+1.01409,-2.98043
+1.01446,-2.97434
+1.01484,-2.879
+1.01521,-2.76649
+1.01559,-2.84643
+1.01609,-2.89139
+1.01646,-2.86643
+1.01683,-2.86909
+1.0172,-2.93943
+1.01759,-2.90524
+1.0181,-2.97208
+1.01846,-3.08763
+1.01884,-3.1138
+1.01921,-3.24739
+1.01959,-3.35933
+1.02009,-3.50006
+1.02046,-3.62617
+1.02084,-3.69438
+1.02133,-3.62354
+1.02161,-3.72431
+1.02209,-3.70637
+1.02245,-3.81495
+1.02284,-4.01902
+1.02321,-4.08358
+1.02358,-4.08103
+1.02409,-3.93396
+1.02446,-3.87913
+1.02484,-3.97568
+1.0252,-4.19973
+1.02559,-4.29563
+1.02609,-4.44636
+1.02646,-4.43624
+1.02683,-4.5407
+1.02721,-4.62656
+1.02758,-4.62949
+1.0281,-4.94892
+1.02848,-5.1242
+1.02884,-5.15156
+1.02921,-5.08097
+1.02959,-5.07763
+1.03009,-5.27606
+1.03046,-5.43027
+1.03083,-5.46729
+1.03121,-5.55124
+1.03158,-5.71805
+1.03208,-5.62387
+1.03246,-5.6303
+1.03284,-5.73924
+1.03321,-5.95492
+1.0336,-5.99254
+1.03408,-6.07589
+1.03446,-6.06033
+1.03484,-6.1125
+1.03521,-6.3142
+1.0356,-6.39202
+1.03608,-6.74795
+1.03646,-6.63905
+1.03684,-6.80321
+1.03721,-7.06646
+1.03758,-7.20614
+1.0381,-7.20479
+1.03846,-7.20324
+1.03884,-7.31251
+1.03922,-7.27285
+1.03959,-7.40235
+1.04008,-7.27852
+1.04046,-7.52895
+1.04084,-7.65744
+1.04134,-7.52991
+1.04159,-7.70926
+1.04209,-7.84719
+1.04246,-8.08354
+1.04284,-8.02009
+1.04321,-8.16753
+1.04358,-8.15001
+1.04409,-8.3802
+1.04446,-8.53563
+1.04485,-8.64256
+1.04521,-8.75121
+1.04559,-8.74594
+1.04609,-8.80003
+1.04647,-8.92531
+1.04684,-9.11514
+1.04721,-9.14343
+1.04758,-9.28807
+1.0481,-9.24151
+1.04846,-9.43164
+1.04884,-9.37685
+1.04921,-9.46375
+1.04959,-9.73905
+1.04996,-9.74585
+1.05046,-9.81128
+1.05083,-9.81457
+1.05121,-9.79959
+1.05159,-9.9044
+1.05208,-9.95119
+1.05246,-9.82682
+1.05284,-9.78821
+1.05321,-9.86249
+1.0536,-9.70578
+1.0541,-9.7331
+1.05446,-9.65051
+1.05485,-9.66353
+1.05522,-9.74515
+1.0556,-9.78873
+1.05609,-9.88064
+1.05646,-9.89439
+1.05684,-10.1147
+1.05721,-10.2134
+1.05759,-10.3839
+1.05809,-10.4066
+1.05846,-10.5162
+1.05883,-10.6755
+1.05998,-10.6261
+1.06026,-10.5071
+1.06048,-10.6209
+1.06084,-10.6731
+1.06121,-10.5777
+1.0616,-10.5359
+1.0621,-10.2619
+1.06246,-10.2449
+1.06284,-10.3016
+1.06321,-10.1813
+1.0636,-10.2785
+1.06409,-10.2726
+1.06446,-10.204
+1.06484,-10.2089
+1.06522,-10.298
+1.06559,-10.1412
+1.06596,-10.2523
+1.06647,-10.2732
+1.06684,-10.1483
+1.06722,-10.1884
+1.06758,-10.1102
+1.0681,-10.3059
+1.06847,-10.1584
+1.06885,-10.2032
+1.06923,-10.0864
+1.06959,-10.1145
+1.06996,-10.0838
+1.07046,-10.2225
+1.07083,-10.2165
+1.07122,-10.1557
+1.07171,-10.1309
+1.07209,-9.87242
+1.07247,-9.83761
+1.07299,-9.6795
+1.07325,-9.57869
+1.0736,-9.48058
+1.07409,-9.41955
+1.07446,-9.24362
+1.07484,-9.20426
+1.07521,-9.15248
+1.0756,-9.04944
+1.07609,-8.91556
+1.07647,-8.84684
+1.07684,-8.83306
+1.07721,-8.8106
+1.0776,-8.71544
+1.0781,-8.64587
+1.07846,-8.50508
+1.07884,-8.34652
+1.07921,-8.24492
+1.07959,-8.1353
+1.07997,-8.13434
+1.08047,-8.02115
+1.08084,-7.8977
+1.08122,-7.80899
+1.08159,-7.7649
+1.08209,-7.63102
+1.08246,-7.45038
+1.08284,-7.33516
+1.08322,-7.19428
+1.08359,-7.07292
+1.08396,-6.9637
+1.08447,-6.90654
+1.08484,-6.76656
+1.08521,-6.70875
+1.08559,-6.60703
+1.08597,-6.47514
+1.08646,-6.40244
+1.08684,-6.3518
+1.08721,-6.23377
+1.08759,-6.17976
+1.0881,-6.04911
+1.08847,-5.9368
+1.08884,-5.79769
+1.08921,-5.5742
+1.0896,-5.39821
+1.08997,-5.30957
+1.09047,-5.30706
+1.09084,-5.13319
+1.09122,-5.0686
+1.09159,-4.95309
+1.09196,-4.80404
+1.09246,-4.71883
+1.09285,-4.63022
+1.09321,-4.46976
+1.0936,-4.36162
+1.09397,-4.29647
+1.09447,-4.1135
+1.09484,-4.10052
+1.09521,-3.84814
+1.0956,-3.75567
+1.09609,-3.69911
+1.09646,-3.63486
+1.09685,-3.45924
+1.09722,-3.47806
+1.09759,-3.37657
+1.0981,-3.30656
+1.09847,-3.25348
+1.09884,-3.04151
+1.09921,-3.12895
+1.09959,-3.00846
+1.09997,-2.83406
+1.10046,-2.62543
+1.10085,-2.64822
+1.10122,-2.49871
+1.10159,-2.36662
+1.1021,-2.33314
+1.10247,-2.2133
+1.10284,-2.03814
+1.10321,-1.86075
+1.1036,-1.78537
+1.10396,-1.76923
+1.10447,-1.71316
+1.10485,-1.52103
+1.10522,-1.52584
+1.10559,-1.54016
+1.10596,-1.36951
+1.10647,-1.3716
+1.10684,-1.45629
+1.10721,-1.49231
+1.1076,-1.47138
+1.10797,-1.33751
+1.10848,-1.28897
+1.10884,-1.3818
+1.10923,-1.30527
+1.10959,-1.31479
+1.10996,-1.31181
+1.11046,-1.22295
+1.11084,-1.1379
+1.11122,-1.09394
+1.11159,-1.02539
+1.11197,-1.03432
+1.11259,-1.1734
+1.11285,-1.03023
+1.11322,-0.909004
+1.11359,-0.8906
+1.11397,-0.864347
+1.11447,-0.836714
+1.11484,-0.861821
+1.11521,-0.851145
+1.1156,-0.841449
+1.11597,-0.945268
+1.11647,-0.731935
+1.11685,-0.744376
+1.11722,-0.722189
+1.1176,-0.666335
+1.1181,-0.622101
+1.11847,-0.605272
+1.11884,-0.591756
+1.11922,-0.652715
+1.11959,-0.583962
+1.11997,-0.457522
+1.12047,-0.527464
+1.12084,-0.610209
+1.12121,-0.701583
+1.12159,-0.617815
+1.12196,-0.554748
+1.12247,-0.577403
+1.12284,-0.587901
+1.12322,-0.582163
+1.1236,-0.634208
+1.12396,-0.718657
+1.12447,-0.807997
+1.12485,-0.70442
+1.12522,-0.627817
+1.12559,-0.646746
+1.12596,-0.773997
+1.12647,-0.702691
+1.12684,-0.659146
+1.12721,-0.647437
+1.1276,-0.678973
+1.12797,-0.733191
+1.12847,-0.493002
+1.12885,-0.566773
+1.12923,-0.509805
+1.12959,-0.481547
+1.12997,-0.37791
+1.13047,-0.316862
+1.13085,-0.343997
+1.13122,-0.324813
+1.13159,-0.443041
+1.13199,-0.333572
+1.13247,-0.428228
+1.13285,-0.496211
+1.13322,-0.673635
+1.13361,-0.941701
+1.13397,-0.859694
+1.13447,-1.05603
+1.13484,-1.01223
+1.13522,-0.944956
+1.1356,-0.866238
+1.13596,-0.892586
+1.13647,-0.809807
+1.13685,-0.685845
+1.13722,-0.551449
+1.13759,-0.352657
+1.13811,-0.415077
+1.13847,-0.389038
+1.13884,-0.329448
+1.13922,-0.360678
+1.1396,-0.279741
+1.13997,-0.294186
+1.14047,-0.342421
+1.14085,-0.40102
+1.14122,-0.468872
+1.1416,-0.46089
+1.14197,-0.406755
+1.14259,-0.339852
+1.14297,-0.570033
+1.14323,-0.532362
+1.14359,-0.564037
+1.14396,-0.506773
+1.14447,-0.598461
+1.14485,-0.451131
+1.14522,-0.322338
+1.14559,-0.208989
+1.14597,-0.336732
+1.14647,-0.357564
+1.14684,-0.243993
+1.14723,-0.261986
+1.14759,-0.221497
+1.14796,-0.27125
+1.14847,-0.155396
+1.14885,-0.285724
+1.14922,-0.33429
+1.1496,-0.378447
+1.14997,-0.307589
+1.15048,-0.102491
+1.15085,-0.0535916
+1.15122,+0.0875509
+1.1516,+0.23174
+1.15197,+0.313306
+1.15247,+0.246051
+1.15285,+0.355876
+1.15322,+0.237862
+1.15359,+0.268796
+1.15397,+0.34818
+1.15447,+0.300008
+1.15484,+0.280234
+1.15522,+0.195182
+1.1556,+0.223521
+1.15597,+0.309606
+1.15648,+0.521889
+1.15698,+0.520748
+1.15724,+0.713664
+1.1576,+0.689931
+1.15797,+0.873614
+1.15848,+0.94847
+1.15885,+1.12755
+1.15923,+1.41921
+1.1596,+1.38349
+1.15997,+1.41441
+1.16047,+1.36568
+1.16085,+1.58171
+1.16122,+1.64955
+1.16238,+1.86747
+1.16263,+1.82259
+1.16285,+1.84213
+1.16322,+2.01155
+1.16359,+2.0205
+1.16396,+2.29786
+1.16447,+2.4967
+1.16485,+2.6795
+1.16522,+2.71353
+1.16559,+2.78117
+1.16597,+2.85888
+1.16647,+2.95317
+1.16684,+3.12029
+1.16722,+3.24684
+1.16759,+3.39257
+1.16796,+3.48159
+1.16848,+3.63411
+1.16885,+3.81424
+1.16922,+3.96153
+1.16972,+4.1301
+1.16999,+4.25211
+1.17046,+4.39362
+1.17085,+4.55818
+1.17122,+4.63002
+1.1716,+4.74621
+1.17197,+4.76963
+1.17247,+4.82663
+1.17285,+4.96742
+1.17322,+5.09089
+1.17359,+5.30589
+1.17398,+5.461
+1.17446,+5.62178
+1.17484,+5.74485
+1.17522,+5.83811
+1.17559,+6.03018
+1.17597,+6.26181
+1.17647,+6.4659
+1.17685,+6.54691
+1.17721,+6.65017
+1.1776,+6.81467
+1.17797,+6.90834
+1.17847,+6.9864
+1.17884,+7.08265
+1.17922,+7.22067
+1.1796,+7.29381
+1.17996,+7.36379
+1.18047,+7.43821
+1.18085,+7.58943
+1.18122,+7.72511
+1.1816,+7.73412
+1.18197,+7.92018
+1.18247,+8.06968
+1.18284,+8.22654
+1.18322,+8.3155
+1.1836,+8.35076
+1.18396,+8.33013
+1.18447,+8.4011
+1.18485,+8.37779
+1.18522,+8.38545
+1.1856,+8.39388
+1.18597,+8.35226
+1.18647,+8.32553
+1.18684,+8.31039
+1.18722,+8.43289
+1.1876,+8.63684
+1.18796,+8.73186
+1.18847,+8.7695
+1.18885,+8.65576
+1.18922,+8.71134
+1.18959,+8.83546
+1.18996,+8.89864
+1.19047,+9.02906
+1.19085,+9.12766
+1.19122,+9.03832
+1.1916,+8.91763
+1.19197,+8.93654
+1.19247,+8.96085
+1.19285,+9.27065
+1.19323,+9.17665
+1.19359,+9.15911
+1.19397,+9.03645
+1.19447,+9.15136
+1.19484,+9.17486
+1.19521,+9.2908
+1.1956,+9.35452
+1.19597,+9.33742
+1.19647,+9.29619
+1.19685,+9.20326
+1.19722,+9.49963
+1.1976,+9.53174
+1.19797,+9.70313
+1.19847,+9.5859
+1.19885,+9.54228
+1.19922,+9.54499
+1.1996,+9.45283
+1.19997,+9.4786
+1.20048,+9.50176
+1.20085,+9.41697
+1.20122,+9.31502
+1.2016,+9.37325
+1.20196,+9.36074
+1.20247,+9.43087
+1.20285,+9.4868
+1.20321,+9.34801
+1.20372,+9.37974
+1.20409,+9.54736
+1.20447,+9.62585
+1.20484,+9.67363
+1.20523,+10.0148
+1.2056,+10.0234
+1.20597,+10.0166
+1.20648,+9.99824
+1.20685,+9.96944
+1.20722,+10.1356
+1.2076,+10.2403
+1.20797,+10.1087
+1.20847,+10.0664
+1.20886,+10.1363
+1.20923,+10.2298
+1.2096,+10.2313
+1.20997,+10.2058
+1.21048,+10.0336
+1.21085,+10.0733
+1.21122,+10.0506
+1.21159,+9.93825
+1.21197,+10.0276
+1.21247,+9.982
+1.21284,+9.9491
+1.21323,+9.96779
+1.2136,+9.76688
+1.21398,+9.71206
+1.21447,+9.83122
+1.21485,+9.88061
+1.21523,+9.86485
+1.2156,+9.87773
+1.21597,+9.68044
+1.21647,+9.71147
+1.21686,+9.72405
+1.21723,+9.6508
+1.2176,+9.70936
+1.21797,+9.75432
+1.21848,+9.94946
+1.21885,+9.74822
+1.21922,+9.63637
+1.2196,+9.67299
+1.21997,+9.94611
+1.22047,+9.46613
+1.22085,+9.47565
+1.22122,+9.55308
+1.2216,+9.64407
+1.22197,+9.65791
+1.22247,+9.30024
+1.22285,+9.33827
+1.22322,+9.37597
+1.22373,+9.16059
+1.22399,+8.93996
+1.22448,+9.32443
+1.22486,+9.26226
+1.22523,+8.97397
+1.2256,+8.86993
+1.22597,+8.93115
+1.22648,+8.93233
+1.22685,+8.80221
+1.22722,+8.6938
+1.22763,+8.77303
+1.22797,+8.62178
+1.22848,+8.46487
+1.22885,+8.37156
+1.22922,+8.23567
+1.2296,+8.01086
+1.22999,+7.86233
+1.23047,+7.90433
+1.23085,+7.99954
+1.23123,+8.04617
+1.2316,+7.82941
+1.23198,+7.85946
+1.23247,+7.91518
+1.23286,+7.93959
+1.23322,+8.09777
+1.2336,+8.22015
+1.23398,+8.19417
+1.23448,+8.10563
+1.23485,+7.87878
+1.23522,+7.73756
+1.23559,+7.81411
+1.23598,+7.72951
+1.23648,+7.598
+1.23686,+7.4226
+1.23723,+7.21065
+1.2376,+7.00742
+1.23797,+6.8056
+1.23848,+6.73888
+1.23885,+6.92085
+1.23922,+6.84053
+1.23961,+6.88423
+1.23998,+6.9337
+1.24047,+7.04843
+1.24085,+7.13274
+1.24122,+7.2781
+1.2416,+7.49008
+1.24198,+7.55895
+1.24249,+7.62709
+1.24285,+7.56255
+1.24323,+7.66444
+1.2436,+7.56448
+1.24398,+7.60328
+1.24447,+7.53299
+1.24485,+7.43409
+1.24523,+7.46339
+1.2456,+7.34099
+1.24598,+7.27129
+1.24648,+7.31553
+1.24685,+7.10625
+1.24722,+7.11955
+1.2476,+7.16153
+1.24798,+7.08073
+1.24848,+7.12152
+1.24885,+7.14576
+1.24922,+7.15673
+1.2496,+7.28836
+1.24997,+7.34103
+1.25047,+7.31261
+1.25085,+7.45778
+1.25123,+7.54233
+1.2516,+7.53708
+1.25197,+7.58393
+1.25248,+7.68592
+1.25285,+7.67878
+1.25323,+7.75211
+1.25361,+7.82382
+1.25411,+8.00779
+1.25448,+8.10946
+1.25485,+8.28982
+1.25523,+8.31827
+1.25561,+8.32956
+1.25597,+8.35867
+1.25648,+8.44344
+1.25686,+8.65974
+1.25723,+8.75273
+1.2576,+8.71245
+1.25797,+8.60081
+1.25848,+8.68422
+1.25885,+8.7791
+1.25922,+8.79856
+1.25961,+9.01792
+1.25998,+9.14584
+1.26048,+9.23671
+1.26085,+9.37254
+1.26123,+9.47341
+1.2616,+9.81569
+1.26198,+10.0836
+1.26248,+10.1807
+1.26285,+10.2265
+1.26323,+10.5188
+1.26361,+10.6292
+1.26478,+10.6834
+1.26498,+10.6955
+1.26524,+10.8177
+1.2656,+10.8846
+1.26597,+10.8368
+1.26647,+11.0714
+1.26686,+11.3179
+1.26724,+11.413
+1.2676,+11.3915
+1.26797,+11.5893
+1.26848,+11.7831
+1.26885,+11.803
+1.26922,+11.8251
+1.2696,+11.7986
+1.26998,+11.907
+1.27047,+11.7978
+1.27085,+11.6097
+1.27123,+11.7782
+1.2716,+11.7619
+1.27197,+11.736
+1.27248,+11.6367
+1.27286,+11.78
+1.27323,+11.7114
+1.27361,+11.9207
+1.27398,+11.8414
+1.27448,+11.9829
+1.27485,+11.9399
+1.27522,+11.8979
+1.2756,+11.8473
+1.27598,+11.7004
+1.27647,+11.7777
+1.27685,+11.7405
+1.27723,+11.8789
+1.2776,+11.6714
+1.27797,+11.7237
+1.27848,+11.6117
+1.27885,+11.7802
+1.27923,+11.8251
+1.27961,+11.9474
+1.27999,+12.1607
+1.28048,+12.2349
+1.28085,+12.4112
+1.28123,+12.3908
+1.28161,+12.6368
+1.28198,+12.5811
+1.28247,+12.546
+1.28286,+12.4885
+1.28323,+12.3374
+1.2836,+12.2369
+1.28398,+11.9815
+1.28448,+11.8679
+1.28486,+11.1903
+1.28523,+11.0999
+1.2856,+10.8674
+1.28598,+11.0083
+1.28648,+11.0756
+1.28686,+11.0741
+1.28723,+11.0271
+1.2876,+11.0675
+1.28797,+11.2002
+1.28848,+11.3548
+1.28886,+11.8477
+1.28922,+11.7569
+1.2896,+11.8377
+1.28997,+11.7657
+1.29047,+11.8006
+1.29086,+11.7107
+1.29123,+11.6915
+1.29161,+11.6989
+1.29199,+11.6168
+1.29248,+11.5281
+1.29285,+11.4191
+1.29323,+11.4728
+1.29361,+11.3957
+1.29397,+11.3402
+1.29447,+11.3747
+1.29486,+11.531
+1.29523,+11.5947
+1.2956,+11.6277
+1.29598,+11.692
+1.29648,+11.5871
+1.29688,+11.6459
+1.29726,+11.7342
+1.29764,+11.9088
+1.29799,+11.9433
+1.29848,+11.8949
+1.29886,+11.9541
+1.29923,+12.0168
+1.2996,+12.0062
+1.29998,+12.0768
+1.30036,+12.1804
+1.30087,+12.4241
+1.30123,+12.4098
+1.30161,+12.3623
+1.30199,+12.2447
+1.30247,+12.1589
+1.30286,+12.0144
+1.30323,+11.9263
+1.3036,+12.0143
+1.30398,+11.9606
+1.30448,+11.9729
+1.30486,+11.8652
+1.30523,+11.7999
+1.3056,+11.8418
+1.30599,+11.9747
+1.30648,+12.0466
+1.30685,+12.2465
+1.30723,+12.4055
+1.3076,+12.3788
+1.30799,+12.4282
+1.30848,+12.4316
+1.30886,+12.4725
+1.30923,+12.65
+1.3096,+12.5526
+1.30998,+12.4751
+1.31049,+12.5253
+1.31085,+12.3379
+1.31123,+12.2594
+1.31161,+12.2511
+1.31199,+12.1607
+1.31235,+12.1758
+1.31288,+12.1619
+1.31324,+12.0777
+1.31361,+12.1472
+1.31398,+12.1598
+1.31435,+12.0192
+1.31486,+11.957
+1.31523,+11.8934
+1.3156,+11.8462
+1.31599,+11.9509
+1.31648,+11.8738
+1.31686,+11.8448
+1.31724,+11.7485
+1.3176,+11.7575
+1.31798,+11.7246
+1.31848,+11.7245
+1.31885,+11.6721
+1.31924,+11.72
+1.31961,+11.5873
+1.32001,+11.4147
+1.32048,+11.3835
+1.32086,+11.1646
+1.32123,+11.1396
+1.3216,+10.9926
+1.32198,+10.8208
+1.32248,+10.8056
+1.32286,+10.7259
+1.32323,+10.4548
+1.3236,+10.3677
+1.32398,+10.22
+1.32448,+10.1763
+1.32486,+10.1595
+1.32523,+9.91085
+1.3256,+9.65378
+1.32599,+9.75436
+1.32648,+9.51725
+1.32686,+9.53524
+1.32723,+9.67045
+1.32761,+9.6866
+1.32799,+9.76435
+1.32848,+9.6026
+1.32887,+9.50592
+1.32923,+9.50968
+1.32961,+9.56276
+1.32998,+9.35947
+1.33048,+9.25218
+1.33086,+9.18702
+1.33123,+8.83648
+1.33161,+8.7494
+1.33198,+8.65326
+1.33236,+8.50481
+1.33287,+8.55027
+1.33323,+8.51213
+1.3336,+8.28409
+1.33399,+8.30436
+1.33448,+8.32143
+1.33486,+8.27005
+1.33524,+8.51241
+1.33561,+8.4249
+1.33601,+8.4443
+1.33649,+8.39674
+1.33686,+8.18033
+1.33723,+8.15544
+1.33761,+8.29587
+1.33799,+8.1247
+1.33848,+7.99492
+1.33886,+7.94136
+1.33923,+7.7367
+1.33961,+7.7622
+1.33999,+7.65014
+1.34035,+7.77781
+1.34087,+7.7327
+1.34123,+7.77197
+1.34161,+7.69758
+1.34198,+7.88431
+1.34236,+7.95699
+1.34286,+7.99663
+1.34323,+8.03063
+1.34361,+8.0353
+1.34399,+8.01492
+1.34448,+7.94924
+1.34486,+7.97806
+1.34524,+7.92989
+1.34561,+7.94034
+1.34599,+7.82492
+1.34648,+7.90696
+1.34686,+7.89158
+1.34723,+7.71937
+1.34761,+7.65173
+1.34798,+7.60738
+1.34849,+7.53869
+1.34887,+7.49887
+1.34923,+7.31665
+1.34961,+7.3991
+1.34999,+7.30513
+1.35036,+7.29095
+1.35086,+7.08446
+1.35123,+7.14445
+1.3516,+7.09558
+1.35199,+6.99171
+1.35248,+6.91483
+1.35286,+6.92522
+1.35324,+6.98789
+1.35361,+6.8259
+1.35398,+6.82461
+1.35435,+6.7127
+1.35486,+6.71698
+1.35523,+6.66841
+1.35561,+6.43475
+1.35599,+6.39247
+1.35649,+6.38052
+1.35687,+6.21462
+1.35723,+6.16675
+1.35761,+5.98695
+1.358,+5.84548
+1.35849,+5.76123
+1.35886,+5.66842
+1.35923,+5.36747
+1.35974,+5.27651
+1.36,+5.20544
+1.36036,+5.03735
+1.36086,+5.00598
+1.36124,+4.79596
+1.36161,+4.70716
+1.36199,+4.65029
+1.36236,+4.32441
+1.36286,+4.11522
+1.36324,+4.24538
+1.36361,+4.24112
+1.36399,+3.96561
+1.36436,+3.79058
+1.36486,+3.56605
+1.36523,+3.35499
+1.36561,+3.16598
+1.366,+2.93828
+1.36718,+2.8172
+1.36739,+2.60968
+1.36768,+2.24137
+1.36799,+1.90862
+1.36848,+1.82546
+1.36887,+1.67724
+1.36923,+1.42862
+1.36962,+1.29527
+1.36998,+1.16543
+1.37036,+0.96744
+1.37086,+0.746927
+1.37123,+0.664599
+1.37161,+0.602884
+1.37199,+0.485338
+1.37236,+0.347608
+1.37287,+0.18122
+1.37324,+0.0730955
+1.37361,-0.132267
+1.37399,-0.35993
+1.37436,-0.562687
+1.37486,-0.685582
+1.37524,-0.8708
+1.37574,-1.10568
+1.37601,-1.27661
+1.37636,-1.48276
+1.37687,-1.62451
+1.37724,-1.72669
+1.37762,-1.82849
+1.37799,-1.94395
+1.37849,-2.03206
+1.37887,-2.07789
+1.37924,-2.2835
+1.37962,-2.36933
+1.37998,-2.60403
+1.38036,-2.84754
+1.38087,-3.12972
+1.38124,-3.26506
+1.38161,-3.34414
+1.38199,-3.47974
+1.38236,-3.69357
+1.38287,-3.84102
+1.38324,-3.91215
+1.38362,-3.97918
+1.38399,-3.96939
+1.38436,-3.99609
+1.38487,-4.04699
+1.38524,-4.0803
+1.38561,-4.18447
+1.38599,-4.20402
+1.38649,-4.24105
+1.38687,-4.4066
+1.38724,-4.40921
+1.38761,-4.53196
+1.388,-4.72425
+1.38849,-4.83963
+1.38886,-4.86168
+1.38924,-5.03105
+1.38961,-5.17491
+1.38999,-5.24733
+1.39036,-5.24668
+1.39087,-5.21847
+1.39124,-5.35563
+1.39161,-5.38226
+1.39198,-5.40326
+1.39237,-5.38592
+1.39287,-5.33446
+1.39324,-5.38661
+1.39361,-5.3468
+1.39399,-5.22218
+1.39436,-5.16403
+1.39486,-5.14332
+1.39524,-5.00583
+1.39561,-4.95099
+1.39612,-4.67842
+1.39649,-4.59537
+1.39687,-4.51817
+1.39724,-4.30835
+1.39761,-4.29277
+1.398,-4.37051
+1.39836,-4.51793
+1.39887,-4.53626
+1.39924,-4.59747
+1.39962,-4.52519
+1.4,-4.41975
+1.40036,-4.36982
+1.40087,-4.29681
+1.40124,-4.37647
+1.40162,-4.25028
+1.40199,-4.16394
+1.40236,-3.91897
+1.40287,-3.79843
+1.40324,-3.70556
+1.40361,-3.55894
+1.404,-3.62833
+1.40436,-3.48839
+1.40487,-3.51817
+1.40525,-3.36118
+1.40562,-3.14066
+1.40612,-2.83932
+1.40649,-2.78643
+1.40687,-2.68841
+1.40724,-2.54015
+1.40761,-2.49165
+1.40799,-2.40755
+1.40849,-2.44886
+1.40887,-2.29305
+1.40924,-2.2556
+1.40961,-2.38542
+1.40999,-2.21013
+1.41037,-2.06203
+1.41086,-1.95521
+1.41124,-1.9262
+1.41162,-2.06011
+1.41199,-1.89199
+1.41236,-1.83329
+1.41287,-1.783
+1.41324,-1.64803
+1.41362,-1.42152
+1.414,-1.42898
+1.41436,-1.44186
+1.41487,-1.46082
+1.41527,-1.49015
+1.41562,-1.37317
+1.41601,-1.41819
+1.41638,-1.29464
+1.41687,-1.23776
+1.41724,-1.43769
+1.41761,-1.54391
+1.41799,-1.56953
+1.41849,-1.69018
+1.41886,-1.62237
+1.41925,-1.54982
+1.41962,-1.51686
+1.41999,-1.46539
+1.42036,-1.42147
+1.42087,-1.36858
+1.42124,-1.27336
+1.42162,-1.25987
+1.42199,-1.12107
+1.42237,-1.04704
+1.42287,-0.991638
+1.42324,-0.921467
+1.42361,-0.83401
+1.42399,-0.808658
+1.42437,-0.846082
+1.42487,-0.995579
+1.42524,-0.796188
+1.42562,-0.699558
+1.42599,-0.725561
+1.42637,-0.53034
+1.42687,-0.635193
+1.42724,-0.604232
+1.42762,-0.736532
+1.42799,-0.711623
+1.42849,-0.687131
+1.42888,-0.653224
+1.42925,-0.689366
+1.42962,-0.802737
+1.42999,-0.814153
+1.43037,-0.932329
+1.43087,-0.811519
+1.43124,-0.866911
+1.43162,-0.708747
+1.432,-0.806746
+1.43236,-0.757126
+1.43287,-0.657782
+1.43324,-0.725352
+1.43361,-0.616121
+1.434,-0.682963
+1.43437,-0.608834
+1.43487,-0.707761
+1.43524,-0.848317
+1.43562,-1.287
+1.436,-1.27961
+1.43649,-1.28792
+1.43689,-1.38118
+1.43726,-1.27544
+1.43762,-1.26043
+1.438,-1.12788
+1.43837,-1.2826
+1.43887,-1.11188
+1.43925,-0.997582
+1.43962,-0.60619
+1.44,-0.722369
+1.44036,-0.785379
+1.44088,-0.72253
+1.44125,-0.68413
+1.44162,-0.835221
+1.44201,-0.946043
+1.44237,-0.841969
+1.44287,-1.0298
+1.44324,-1.06306
+1.44362,-1.14878
+1.444,-1.14184
+1.44437,-1.27075
+1.44487,-1.48669
+1.44525,-1.6124
+1.44562,-1.65534
+1.446,-1.70823
+1.44636,-1.93698
+1.447,-1.97648
+1.44726,-2.04224
+1.44762,-2.1028
+1.448,-2.247
+1.4485,-2.23313
+1.44887,-2.31389
+1.44924,-2.47413
+1.44962,-2.58507
+1.45,-3.13217
+1.45037,-3.20189
+1.45087,-3.33701
+1.45125,-3.49361
+1.45162,-3.65348
+1.452,-3.81203
+1.45236,-3.99422
+1.45289,-4.03456
+1.45329,-4.06424
+1.45364,-4.24446
+1.45404,-4.01158
+1.4544,-4.04
+1.45491,-4.14667
+1.4553,-4.24733
+1.45566,-4.50308
+1.45604,-4.55959
+1.4564,-4.67589
+1.45692,-4.80972
+1.45729,-5.24288
+1.45766,-5.13561
+1.45802,-5.15582
+1.45853,-5.38321
+1.45891,-5.52375
+1.45928,-5.73872
+1.45966,-5.63999
+1.46004,-5.71753
+1.46042,-5.79107
+1.46091,-5.9349
+1.46128,-5.83599
+1.46168,-6.03876
+1.46204,-6.20775
+1.4624,-6.24677
+1.46291,-6.31812
+1.46329,-6.3106
+1.46366,-6.39188
+1.46403,-6.78398
+1.46441,-6.85561
+1.46491,-6.91718
+1.46527,-7.04604
+1.46564,-7.08844
+1.46602,-7.09464
+1.46639,-6.95073
+1.4669,-6.90944
+1.46728,-6.87564
+1.46766,-7.0837
+1.46804,-6.71024
+1.46855,-6.6955
+1.46962,-6.62819
+1.46983,-6.43869
+1.47004,-6.44729
+1.47041,-6.50684
+1.47092,-6.58158
+1.47128,-6.68927
+1.47165,-6.75797
+1.47204,-7.01592
+1.47241,-6.97249
+1.47291,-6.89103
+1.47328,-6.85412
+1.47365,-7.00707
+1.47403,-6.91068
+1.47438,-6.94965
+1.47489,-6.9576
+1.47526,-6.89859
+1.47563,-6.84089
+1.47603,-6.30737
+1.4764,-6.28403
+1.47692,-6.37457
+1.47742,-6.20311
+1.47763,-6.00783
+1.47803,-5.8818
+1.47839,-5.64385
+1.47892,-5.47985
+1.47928,-5.35833
+1.47965,-5.31766
+1.48003,-5.27141
+1.48041,-5.15559
+1.48092,-4.95081
+1.48127,-5.0269
+1.48165,-4.94531
+1.48203,-4.90566
+1.48242,-4.92743
+1.48291,-5.03654
+1.48329,-4.90705
+1.48366,-4.73256
+1.48404,-4.67125
+1.4844,-4.62874
+1.48491,-4.58273
+1.48529,-4.47307
+1.48565,-4.42007
+1.48601,-4.44976
+1.48638,-4.30352
+1.48689,-4.20195
+1.48727,-4.18969
+1.48765,-4.05056
+1.48804,-4.07101
+1.48854,-4.01133
+1.48891,-4.06941
+1.48926,-4.05591
+1.48966,-3.94293
+1.49003,-3.83384
+1.49041,-3.76966
+1.49091,-3.76974
+1.49129,-3.69547
+1.49166,-3.6668
+1.49203,-3.5858
+1.4924,-3.44735
+1.49291,-3.367
+1.49328,-3.22685
+1.49366,-3.3364
+1.49404,-3.22828
+1.4944,-3.04657
+1.49492,-2.86081
+1.49528,-2.78141
+1.49566,-2.79331
+1.49604,-2.75209
+1.49641,-2.74681
+1.49691,-2.7612
+1.49727,-2.71266
+1.49764,-2.53995
+1.49801,-2.56718
+1.49839,-2.60313
+1.49891,-2.57971
+1.49928,-2.4872
+1.49967,-2.30464
+1.50004,-2.28251
+1.5004,-2.28977
+1.5009,-2.153
+1.50128,-2.17988
+1.50166,-2.12389
+1.50203,-2.09893
+1.50241,-2.07857
+1.50291,-2.03054
+1.50327,-1.98189
+1.50365,-2.05779
+1.50403,-1.9207
+1.50442,-1.70686
+1.50491,-1.53296
+1.50528,-1.44588
+1.50566,-1.54957
+1.50603,-1.52801
+1.50641,-1.48562
+1.50692,-1.51559
+1.50729,-1.64631
+1.50765,-1.69201
+1.50802,-1.52678
+1.50852,-1.43045
+1.5089,-1.51917
+1.50927,-1.43862
+1.50966,-1.24444
+1.51003,-1.23669
+1.51037,-1.25905
+1.51087,-1.22508
+1.51125,-1.02891
+1.51162,-0.90888
+1.512,-0.935836
+1.51236,-1.04887
+1.51288,-0.988312
+1.51324,-0.900889
+1.51363,-0.977034
+1.514,-0.866354
+1.51437,-0.83212
+1.51487,-0.6647
+1.51525,-0.651826
+1.51562,-0.65443
+1.516,-0.584785
+1.51637,-0.699688
+1.51687,-0.665012
+1.51724,-0.687184
+1.51766,-0.678309
+1.518,-0.694423
+1.51837,-0.716841
+1.51888,-0.8258
+1.51925,-0.919339
+1.51962,-0.963086
+1.52,-1.11186
+1.52037,-1.03891
+1.52088,-1.05312
+1.52125,-1.16882
+1.52162,-1.13962
+1.522,-1.09392
+1.52237,-1.13001
+1.52287,-1.06756
+1.52325,-1.11903
+1.52363,-1.10852
+1.524,-1.06119
+1.52438,-1.10383
+1.52488,-1.18078
+1.52524,-1.21612
+1.52563,-1.32944
+1.526,-1.56164
+1.52637,-1.51522
+1.52687,-1.64975
+1.52724,-1.64195
+1.52764,-1.60054
+1.52801,-1.67899
+1.52837,-1.71738
+1.52887,-1.79128
+1.52924,-1.82495
+1.52963,-1.80046
+1.53,-1.73845
+1.53037,-1.88811
+1.53088,-1.9944
+1.53126,-2.13523
+1.53163,-2.45177
+1.532,-2.40312
+1.53238,-2.3643
+1.53288,-2.34084
+1.53325,-2.38407
+1.53363,-2.56247
+1.53401,-2.61713
+1.53437,-2.54633
+1.53488,-2.43563
+1.53525,-2.29442
+1.53562,-2.30677
+1.536,-2.49875
+1.53639,-2.60185
+1.53688,-2.62192
+1.53725,-2.71756
+1.53762,-2.55295
+1.53825,-2.496
+1.53851,-2.42312
+1.53887,-2.39114
+1.53925,-2.54061
+1.53963,-2.2876
+1.54013,-2.56434
+1.5404,-2.44115
+1.54088,-2.60287
+1.54124,-2.54249
+1.54163,-2.55551
+1.542,-2.56149
+1.54237,-2.61667
+1.54287,-2.53064
+1.54325,-2.42892
+1.54363,-2.47878
+1.544,-2.12719
+1.54438,-2.1179
+1.54488,-1.95132
+1.54525,-1.90818
+1.54563,-1.98086
+1.546,-1.76848
+1.54638,-1.80821
+1.54687,-1.80464
+1.54725,-1.70925
+1.54762,-1.71469
+1.548,-1.51188
+1.5485,-1.52231
+1.54888,-1.29213
+1.54925,-1.12916
+1.54963,-0.996786
+1.55,-1.02056
+1.55038,-1.00412
+1.55087,-1.08602
+1.55126,-1.08203
+1.55163,-1.03958
+1.552,-1.22505
+1.55237,-1.24752
+1.55288,-1.33581
+1.55325,-1.39027
+1.55363,-1.44928
+1.554,-1.41693
+1.55439,-1.25462
+1.55488,-1.26567
+1.55525,-1.22796
+1.55563,-1.19423
+1.556,-1.03301
+1.55638,-0.95021
+1.55688,-0.911889
+1.55724,-0.907885
+1.55762,-0.915763
+1.55801,-0.951305
+1.55837,-1.03359
+1.55887,-1.08354
+1.55925,-1.10027
+1.55962,-1.14793
+1.56,-1.28825
+1.56039,-1.46832
+1.56088,-1.67217
+1.56125,-1.67449
+1.56163,-1.65241
+1.562,-1.79596
+1.56238,-1.85821
+1.56288,-1.83534
+1.56325,-1.98451
+1.56363,-1.98422
+1.564,-1.96348
+1.56438,-2.1087
+1.56475,-2.06762
+1.56525,-2.27329
+1.56562,-2.45242
+1.566,-2.55551
+1.56638,-2.78124
+1.56689,-2.8224
+1.56739,-2.98784
+1.56765,-3.09984
+1.568,-3.21351
+1.56863,-3.20813
+1.56889,-3.33499
+1.56926,-3.3907
+1.56963,-3.45266
+1.57,-3.67089
+1.57038,-3.71256
+1.57088,-3.91491
+1.57198,-3.9999
+1.57227,-4.15179
+1.57247,-4.32326
+1.57288,-4.44838
+1.57325,-4.59279
+1.57363,-4.66075
+1.574,-4.76712
+1.57437,-4.72376
+1.57488,-4.79783
+1.57525,-4.96685
+1.57562,-5.06765
+1.576,-5.24706
+1.57638,-5.42889
+1.57688,-5.47174
+1.57724,-5.60013
+1.57763,-5.76443
+1.578,-6.25099
+1.57837,-6.3371
+1.57888,-6.33162
+1.57926,-6.41732
+1.57962,-6.48036
+1.58,-6.4409
+1.58039,-6.41116
+1.58088,-6.64645
+1.58125,-6.7535
+1.58163,-6.86265
+1.582,-6.62385
+1.58237,-6.75422
+1.58288,-7.01304
+1.58325,-7.00622
+1.58363,-7.05513
+1.584,-7.56589
+1.58438,-7.7651
+1.58489,-7.72983
+1.58526,-7.83125
+1.58563,-7.91598
+1.586,-7.86024
+1.58638,-8.00224
+1.58675,-7.97205
+1.58725,-8.08093
+1.58762,-8.04112
+1.58801,-7.77478
+1.5885,-7.82478
+1.58888,-7.86217
+1.58926,-7.97002
+1.58963,-7.984
+1.59,-8.08916
+1.59037,-8.10583
+1.59088,-8.31423
+1.59125,-8.44201
+1.59163,-8.60489
+1.592,-8.60691
+1.59238,-8.63594
+1.59275,-8.61478
+1.59326,-8.4257
+1.59362,-8.30893
+1.59401,-8.20293
+1.59438,-8.33852
+1.59475,-8.16183
+1.59525,-7.95149
+1.59563,-7.91615
+1.59601,-8.01903
+1.59638,-7.95438
+1.59675,-7.96335
+1.59726,-8.0532
+1.59763,-8.22552
+1.59801,-8.26051
+1.59837,-8.04851
+1.59901,-8.01965
+1.59929,-8.19127
+1.59963,-8.23609
+1.6,-8.09794
+1.60037,-8.02453
+1.60088,-8.08637
+1.60125,-8.11223
+1.60162,-8.07218
+1.60201,-8.12294
+1.60238,-8.28234
+1.60288,-8.25557
+1.60325,-8.22484
+1.60363,-8.18778
+1.604,-8.1518
+1.60438,-8.31002
+1.60475,-8.35504
+1.60525,-8.34472
+1.60563,-8.36169
+1.606,-8.30867
+1.60637,-8.06969
+1.60687,-8.91316
+1.60725,-8.94621
+1.60763,-9.08722
+1.60801,-9.13717
+1.60838,-9.03184
+1.60888,-8.87724
+1.60925,-8.94998
+1.60962,-9.0803
+1.61,-9.31502
+1.61038,-9.53736
+1.61075,-9.60115
+1.61125,-9.49716
+1.61163,-9.36694
+1.612,-9.5325
+1.61238,-9.75104
+1.61274,-9.93303
+1.61326,-9.81101
+1.61363,-9.64899
+1.614,-9.49313
+1.61438,-9.42643
+1.61475,-9.29578
+1.61525,-9.27057
+1.61563,-9.41904
+1.616,-9.42207
+1.61638,-9.44702
+1.61675,-9.52154
+1.61726,-9.67366
+1.61762,-9.77283
+1.61801,-9.868
+1.61838,-9.95252
+1.61888,-10.4399
+1.61925,-10.6783
+1.61963,-10.674
+1.62006,-10.5947
+1.62038,-10.4955
+1.62089,-10.4107
+1.62126,-10.2488
+1.62163,-10.2084
+1.622,-10.149
+1.62238,-10.0551
+1.62288,-9.62533
+1.62325,-9.49365
+1.62362,-9.52052
+1.62401,-9.54082
+1.62438,-9.37713
+1.62475,-9.51405
+1.62525,-9.64755
+1.62563,-9.6911
+1.62601,-9.85067
+1.62639,-10.0137
+1.62677,-10.1244
+1.62726,-10.5724
+1.62763,-10.5703
+1.628,-10.6058
+1.62838,-10.8929
+1.62874,-10.7758
+1.62939,-10.7588
+1.62964,-10.7641
+1.63,-10.6932
+1.63038,-10.7796
+1.63075,-10.7049
+1.63125,-10.354
+1.63163,-10.4373
+1.63201,-10.5865
+1.63238,-10.5455
+1.63275,-10.6516
+1.63326,-10.8254
+1.63363,-10.9007
+1.63401,-10.9313
+1.63438,-10.9967
+1.63475,-11.1486
+1.63525,-11.2213
+1.63563,-11.2278
+1.636,-11.1837
+1.63639,-11.072
+1.63675,-11.0604
+1.63725,-10.8957
+1.63763,-10.944
+1.63801,-10.9369
+1.63838,-10.7896
+1.63888,-10.8347
+1.63926,-10.7692
+1.63963,-10.6722
+1.64,-10.5911
+1.64037,-10.7196
+1.64075,-10.8733
+1.64126,-11.0383
+1.64163,-11.134
+1.64201,-11.211
+1.64238,-11.3188
+1.64275,-11.2749
+1.64325,-11.3779
+1.64366,-11.5252
+1.64401,-11.6762
+1.64438,-11.6484
+1.64475,-11.4543
+1.64527,-11.4647
+1.64564,-11.343
+1.64601,-11.4708
+1.64637,-11.4058
+1.64689,-11.2965
+1.64726,-11.3463
+1.64763,-11.3085
+1.648,-11.2954
+1.64838,-11.2441
+1.64875,-11.3299
+1.64926,-11.2458
+1.64963,-11.1333
+1.65001,-10.9134
+1.65038,-11.014
+1.65075,-11.0031
+1.65126,-10.9016
+1.65163,-10.9371
+1.65201,-10.853
+1.65238,-10.7691
+1.65275,-10.7259
+1.65327,-10.7447
+1.65363,-10.6817
+1.654,-10.7272
+1.65439,-10.6632
+1.65476,-10.739
+1.65526,-10.7951
+1.65563,-10.734
+1.65601,-10.6687
+1.65638,-10.5686
+1.65675,-10.3865
+1.65726,-10.2062
+1.65763,-10.3867
+1.65801,-10.2693
+1.65838,-9.91412
+1.65888,-9.8043
+1.65926,-9.57327
+1.65963,-9.28758
+1.66,-9.28101
+1.66039,-9.30055
+1.66077,-9.17808
+1.66126,-9.0445
+1.66163,-8.73007
+1.66201,-8.64792
+1.66239,-8.67884
+1.66276,-8.49689
+1.66326,-8.35282
+1.66363,-8.33195
+1.66401,-8.02446
+1.66438,-8.05095
+1.66477,-8.10909
+1.66526,-8.00683
+1.66563,-7.87931
+1.66601,-7.74658
+1.66639,-7.66498
+1.66676,-7.56077
+1.66726,-7.41226
+1.66763,-7.41806
+1.66801,-7.38033
+1.66839,-7.01338
+1.66888,-6.79901
+1.66927,-6.79706
+1.66964,-6.8008
+1.67001,-6.67213
+1.67039,-6.44874
+1.67076,-6.34424
+1.67126,-6.44872
+1.67163,-6.04453
+1.67201,-5.92106
+1.67239,-5.84829
+1.67277,-5.80873
+1.67326,-5.7267
+1.67438,-5.545
+1.67462,-5.56468
+1.67481,-5.40208
+1.67526,-5.31836
+1.67563,-5.08398
+1.67601,-5.17142
+1.67638,-5.11291
+1.67676,-5.05996
+1.67726,-4.75774
+1.67763,-4.42789
+1.67801,-4.46846
+1.67839,-4.11905
+1.67888,-4.16215
+1.67926,-3.95617
+1.67963,-3.8749
+1.68,-3.62459
+1.68039,-3.5537
+1.68076,-3.43419
+1.68126,-3.43682
+1.68164,-3.39738
+1.68201,-3.10946
+1.68239,-3.15265
+1.68275,-2.98401
+1.68325,-2.95798
+1.68364,-2.88115
+1.68402,-2.78835
+1.68439,-2.53672
+1.68476,-2.44881
+1.68527,-2.39636
+1.68563,-2.37031
+1.68601,-2.31392
+1.68639,-2.30048
+1.68676,-2.21414
+1.68726,-1.97991
+1.68763,-1.80857
+1.688,-1.73201
+1.68839,-1.96168
+1.68876,-1.90437
+1.68926,-1.77286
+1.68963,-1.73203
+1.69014,-1.741
+1.6904,-1.55284
+1.69076,-1.53061
+1.69127,-1.71688
+1.69164,-1.86054
+1.69201,-1.83009
+1.69239,-1.69473
+1.69275,-1.63801
+1.69327,-1.70148
+1.69363,-1.61393
+1.69401,-1.64456
+1.69438,-1.72767
+1.69477,-1.73896
+1.69527,-1.62205
+1.69564,-1.43918
+1.69601,-1.57833
+1.6964,-1.43849
+1.69677,-1.52363
+1.69726,-1.49912
+1.69763,-1.60114
+1.69801,-1.51679
+1.69839,-1.52391
+1.69876,-1.47176
+1.69926,-1.33262
+1.69963,-1.47388
+1.70001,-1.3449
+1.70039,-1.24866
+1.70077,-1.29895
+1.70127,-1.31099
+1.70164,-1.33836
+1.70201,-1.19147
+1.70238,-1.16235
+1.70276,-1.18925
+1.70326,-1.4036
+1.70364,-1.32394
+1.70401,-1.37589
+1.70438,-1.56661
+1.70477,-1.59495
+1.70526,-1.65045
+1.70564,-1.71833
+1.70601,-1.92384
+1.70639,-1.90978
+1.70677,-2.00169
+1.70726,-1.98501
+1.70764,-1.95882
+1.70801,-2.10191
+1.70839,-2.15512
+1.70877,-2.06236
+1.70926,-1.95788
+1.70963,-1.94174
+1.71002,-1.92168
+1.71039,-1.97349
+1.71076,-2.06987
+1.71126,-2.08592
+1.71164,-2.18002
+1.71201,-2.24961
+1.71239,-2.27379
+1.71276,-2.43105
+1.71327,-2.54151
+1.71364,-2.46414
+1.71401,-2.42974
+1.71438,-2.47891
+1.71477,-2.44237
+1.71526,-2.59195
+1.71563,-2.45357
+1.71602,-2.24561
+1.71639,-2.26575
+1.71677,-2.18245
+1.71726,-2.32714
+1.71764,-2.37432
+1.71801,-2.55734
+1.71838,-2.51051
+1.71888,-2.49981
+1.71926,-2.44869
+1.71964,-2.62484
+1.72001,-2.83971
+1.72051,-2.88083
+1.72079,-2.94188
+1.72127,-2.78102
+1.72164,-2.94889
+1.72201,-2.96234
+1.72245,-2.89562
+1.72276,-3.02313
+1.72326,-3.0384
+1.72364,-3.01726
+1.72401,-3.04448
+1.72439,-2.91585
+1.72478,-2.90382
+1.72526,-2.90381
+1.72563,-2.77504
+1.72602,-2.64453
+1.7264,-2.89432
+1.72676,-2.97309
+1.72726,-3.08383
+1.72764,-3.2766
+1.72802,-3.31772
+1.72838,-3.37257
+1.72889,-3.44768
+1.72927,-3.55747
+1.72964,-3.44585
+1.73001,-3.68172
+1.7304,-3.6725
+1.73076,-3.43927
+1.73127,-3.28209
+1.73163,-3.26421
+1.73201,-3.2815
+1.73239,-3.17548
+1.73277,-3.00469
+1.73327,-2.9111
+1.73364,-3.198
+1.73401,-2.98186
+1.73439,-2.86478
+1.73477,-2.94437
+1.73526,-2.97947
+1.73564,-2.67871
+1.73602,-2.53116
+1.73639,-2.64836
+1.73678,-2.80553
+1.73726,-2.90946
+1.73764,-2.84964
+1.73802,-2.99531
+1.73839,-2.96448
+1.73877,-2.97085
+1.73927,-2.88677
+1.73964,-3.02249
+1.74001,-3.13681
+1.74039,-3.15787
+1.74078,-3.12261
+1.74126,-3.12936
+1.74164,-2.9618
+1.74202,-2.82905
+1.74239,-3.06824
+1.74276,-3.11116
+1.74327,-3.18994
+1.74364,-3.09431
+1.74401,-2.92546
+1.74439,-2.8634
+1.74477,-2.89544
+1.74526,-2.89682
+1.74567,-2.98802
+1.74602,-2.92546
+1.74639,-2.6283
+1.74676,-2.40601
+1.74726,-2.30836
+1.74763,-2.4226
+1.74802,-2.4489
+1.74839,-2.47403
+1.74878,-2.25405
+1.74927,-2.12336
+1.74964,-2.16139
+1.75001,-2.32875
+1.75039,-2.44454
+1.75102,-2.60611
+1.75126,-2.69383
+1.75164,-2.68383
+1.75202,-2.74165
+1.75239,-2.6011
+1.75278,-2.75103
+1.75327,-2.73257
+1.75364,-2.61578
+1.75402,-2.46699
+1.75439,-2.34631
+1.75476,-2.45904
+1.75526,-2.54057
+1.75564,-2.49485
+1.75601,-2.40193
+1.75639,-2.6047
+1.75678,-2.66369
+1.75727,-2.79076
+1.75764,-2.78547
+1.75802,-2.87609
+1.75839,-2.97739
+1.75876,-2.92529
+1.75926,-2.89091
+1.75965,-2.90561
+1.76002,-2.93968
+1.76039,-2.71037
+1.76078,-2.69255
+1.76126,-2.49661
+1.76164,-2.47139
+1.76202,-2.35539
+1.76239,-2.31547
+1.76276,-2.25885
+1.76327,-2.06718
+1.76364,-2.12632
+1.76401,-2.05195
+1.76439,-2.28088
+1.76479,-2.32601
+1.76527,-2.44715
+1.76564,-2.59105
+1.76602,-2.70906
+1.7664,-2.62319
+1.76678,-2.5976
+1.76727,-2.65289
+1.76765,-2.62044
+1.76802,-2.74452
+1.7684,-2.64415
+1.76877,-2.58456
+1.76928,-2.62844
+1.76965,-2.55269
+1.77002,-2.4238
+1.77039,-2.44467
+1.7709,-2.54297
+1.77127,-2.54614
+1.77165,-2.46721
+1.77201,-2.4489
+1.77239,-2.49087
+1.77278,-2.46339
+1.77327,-2.53692
+1.77364,-2.55846
+1.77402,-2.64017
+1.7744,-2.62918
+1.77476,-2.52783
+1.77526,-2.64955
+1.77564,-2.75882
+1.77678,-2.77931
+1.77702,-2.79211
+1.77727,-2.72143
+1.77764,-2.53365
+1.77801,-2.45909
+1.77839,-2.45912
+1.77876,-2.50299
+1.77927,-2.52558
+1.77964,-2.40091
+1.78001,-2.28837
+1.78038,-2.32848
+1.78079,-2.23628
+1.78126,-2.36576
+1.78164,-2.42812
+1.78202,-2.63586
+1.78239,-2.72731
+1.78276,-2.8048
+1.78326,-2.80929
+1.78363,-2.92967
+1.78401,-2.93549
+1.78439,-2.76782
+1.78477,-2.8827
+1.78526,-2.77948
+1.78564,-2.80077
+1.78601,-2.64597
+1.78639,-2.62085
+1.78677,-2.56988
+1.78726,-2.56635
+1.78764,-2.48845
+1.78801,-2.49812
+1.78839,-2.60993
+1.78878,-2.53708
+1.78926,-2.63002
+1.78964,-2.55304
+1.79002,-2.5908
+1.79039,-2.55687
+1.79077,-2.53971
+1.79127,-2.50368
+1.79163,-2.67435
+1.79202,-2.8879
+1.79264,-2.82485
+1.7929,-2.83849
+1.79338,-2.91219
+1.7939,-2.94988
+1.79415,-2.88818
+1.79464,-2.84968
+1.79493,-2.89019
+1.79526,-2.98007
+1.79563,-2.81087
+1.79601,-2.64502
+1.79639,-2.66123
+1.79677,-2.60105
+1.79727,-2.47624
+1.79764,-2.58122
+1.79801,-2.58416
+1.7984,-2.64258
+1.79876,-2.58289
+1.79926,-2.46036
+1.79964,-2.52828
+1.80001,-2.55396
+1.80039,-2.65555
+1.80078,-2.7577
+1.80126,-2.87841
+1.80163,-2.7371
+1.80202,-2.83706
+1.80239,-2.8587
+1.80277,-3.00489
+1.80327,-3.11271
+1.80364,-2.92794
+1.80401,-2.84943
+1.80438,-2.86072
+1.8048,-2.81457
+1.8054,-2.7568
+1.80568,-2.83868
+1.80601,-2.70064
+1.8064,-2.66323
+1.80677,-2.469
+1.80726,-2.3694
+1.80764,-2.5088
+1.80802,-2.57706
+1.8084,-2.39147
+1.80879,-2.4362
+1.80926,-2.30051
+1.80965,-2.29484
+1.81005,-2.33526
+1.81039,-2.35693
+1.81077,-2.34061
+1.81127,-2.38347
+1.81164,-2.56
+1.81202,-2.56239
+1.81239,-2.73688
+1.81279,-2.55745
+1.81329,-2.72599
+1.81364,-2.80106
+1.81401,-2.82887
+1.8144,-2.7925
+1.81477,-3.02433
+1.81526,-3.16326
+1.81563,-2.97728
+1.81602,-3.07316
+1.81639,-3.08439
+1.81679,-3.23792
+1.81727,-3.07087
+1.81764,-2.95253
+1.81802,-2.95598
+1.81839,-2.97608
+1.81876,-2.77992
+1.81927,-2.5993
+1.81964,-2.75885
+1.82001,-2.6343
+1.82039,-2.48954
+1.82078,-2.45811
+1.82127,-2.50748
+1.82164,-2.61274
+1.82201,-2.64915
+1.8224,-2.45851
+1.82277,-2.53148
+1.82326,-2.61418
+1.82364,-2.6418
+1.82401,-2.70319
+1.82439,-2.82187
+1.82486,-2.96151
+1.82527,-3.01977
+1.82565,-2.95338
+1.82602,-2.91661
+1.82639,-3.1439
+1.82677,-3.09768
+1.82727,-3.17364
+1.82764,-3.04414
+1.82802,-3.03042
+1.82839,-3.13786
+1.82879,-3.16108
+1.82927,-3.15204
+1.82964,-3.34853
+1.83002,-3.51755
+1.8304,-3.55229
+1.83077,-3.59394
+1.83114,-3.58884
+1.83164,-3.73835
+1.83202,-3.78988
+1.83239,-3.8157
+1.83279,-3.69808
+1.83327,-3.85015
+1.83364,-3.86362
+1.83401,-3.83459
+1.8344,-3.81524
+1.83478,-4.05014
+1.83527,-4.15559
+1.83564,-4.23939
+1.83602,-4.21452
+1.83639,-4.12934
+1.8368,-4.32338
+1.83727,-4.471
+1.83764,-4.41774
+1.83802,-4.39586
+1.83839,-4.52187
+1.83876,-4.43974
+1.83927,-4.49788
+1.83964,-4.44138
+1.84002,-4.50213
+1.84039,-4.53696
+1.84079,-4.41165
+1.84114,-4.22653
+1.84177,-4.29224
+1.84215,-4.40863
+1.84242,-4.34585
+1.84278,-4.29165
+1.84314,-4.2032
+1.84365,-4.26153
+1.84402,-4.38762
+1.84439,-4.4655
+1.84478,-4.47252
+1.84527,-4.54392
+1.84564,-4.67098
+1.84601,-4.49241
+1.8464,-4.55289
+1.84677,-4.68591
+1.84714,-4.80012
+1.84764,-4.82707
+1.84802,-4.81487
+1.84839,-4.76308
+1.84878,-4.9273
+1.84914,-4.83742
+1.84965,-4.64364
+1.85002,-4.74533
+1.85039,-4.66807
+1.85077,-4.59319
+1.85114,-4.51284
+1.85164,-4.44094
+1.85202,-4.41278
+1.85241,-4.59145
+1.85279,-4.57849
+1.85327,-4.66874
+1.85364,-4.69041
+1.85402,-4.743
+1.85439,-4.74138
+1.85478,-4.77072
+1.85527,-4.73216
+1.85565,-4.66975
+1.85602,-4.68534
+1.8564,-4.70025
+1.85679,-4.72169
+1.8573,-4.83367
+1.85767,-4.84089
+1.85802,-4.83297
+1.8584,-4.89792
+1.85878,-5.01834
+1.85915,-5.08327
+1.85965,-5.11181
+1.86002,-5.0756
+1.8604,-4.8394
+1.8608,-4.73693
+1.86114,-4.63865
+1.86164,-4.61458
+1.86202,-4.61162
+1.8624,-4.56711
+1.86278,-4.46627
+1.86314,-4.39987
+1.86364,-4.39671
+1.86402,-4.36503
+1.8644,-4.38794
+1.86478,-4.42759
+1.86514,-4.27246
+1.86565,-4.25743
+1.86602,-4.23381
+1.86639,-4.25896
+1.86677,-4.2493
+1.86715,-4.31928
+1.86764,-4.51112
+1.86802,-4.50878
+1.86839,-4.56787
+1.86879,-4.52724
+1.86915,-4.56678
+1.86964,-4.66814
+1.87002,-4.55142
+1.87041,-4.49312
+1.87077,-4.53978
+1.87114,-4.35468
+1.87164,-4.1466
+1.87202,-4.15262
+1.8738,-3.9567
+1.87406,-3.8188
+1.87425,-3.9446
+1.87446,-3.7839
+1.87477,-3.90199
+1.87519,-3.84609
+1.87578,-3.81337
+1.87603,-3.88166
+1.8764,-4.0208
+1.8768,-3.95233
+1.87714,-3.96707
+1.87765,-4.07498
+1.87802,-4.06089
+1.87918,-4.22267
+1.87942,-4.06974
+1.87965,-4.15392
+1.88001,-3.98599
+1.88038,-3.91135
+1.88078,-3.64886
+1.88114,-3.6561
+1.88164,-3.69801
+1.88202,-3.62703
+1.88239,-3.40917
+1.88276,-3.24752
+1.88313,-3.17596
+1.88364,-3.02177
+1.88402,-2.90697
+1.88439,-2.93427
+1.88477,-2.89013
+1.88514,-2.69064
+1.88564,-2.69561
+1.88601,-2.59261
+1.88639,-2.58654
+1.88677,-2.4645
+1.88713,-2.49329
+1.88764,-2.49521
+1.88802,-2.51307
+1.88839,-2.35778
+1.88878,-2.35741
+1.88913,-2.29926
+1.88964,-2.10781
+1.89002,-2.09643
+1.89039,-1.93657
+1.89076,-2.09592
+1.89114,-2.20795
+1.89164,-2.0408
+1.89202,-2.06077
+1.89239,-2.14162
+1.89277,-2.02004
+1.89314,-2.1575
+1.89364,-2.36789
+1.89401,-2.38281
+1.89439,-2.48218
+1.89477,-2.73289
+1.89513,-2.58232
+1.89565,-2.76733
+1.89602,-2.73234
+1.89653,-2.79027
+1.8968,-2.91777
+1.89727,-2.94592
+1.89764,-2.71838
+1.89801,-2.63312
+1.89839,-2.63083
+1.89877,-2.24205
+1.89914,-2.21695
+1.89964,-2.04985
+1.90001,-2.56267
+1.9004,-2.47216
+1.90079,-2.4256
+1.90114,-2.3535
+1.90164,-2.36176
+1.90202,-2.33691
+1.9024,-2.29304
+1.90277,-2.32642
+1.90314,-2.80711
+1.90377,-2.84099
+1.90403,-2.29242
+1.90527,-2.12889
+1.90545,-2.1129
+1.90569,-2.07249
+1.90602,-2.07239
+1.90639,-2.14043
+1.90676,-2.6449
+1.90714,-2.49756
+1.90765,-2.09046
+1.90802,-2.15471
+1.90839,-2.24255
+1.90878,-2.81606
+1.90914,-2.82165
+1.90964,-2.95604
+1.91002,-2.97241
+1.9104,-2.95399
+1.91077,-2.38749
+1.91114,-2.50661
+1.91165,-2.37135
+1.91202,-2.34865
+1.91239,-2.18297
+1.91277,-1.61446
+1.91313,-1.69775
+1.91365,-1.53875
+1.91402,-1.56181
+1.91439,-1.57567
+1.91477,-1.69027
+1.91514,-1.6584
+1.91564,-1.79697
+1.91601,-1.64682
+1.91639,-1.70188
+1.91678,-1.97303
+1.91714,-1.7954
+1.91764,-1.82838
+1.91801,-1.87202
+1.9184,-1.91316
+1.91877,-1.92074
+1.91914,-1.90861
+1.91965,-1.94955
+1.92001,-2.18714
+1.9204,-2.21035
+1.92078,-2.09764
+1.92114,-2.25679
+1.92165,-2.26724
+1.92201,-2.24523
+1.92239,-2.25859
+1.92277,-2.14965
+1.92314,-2.07061
+1.92364,-1.98805
+1.92402,-1.97724
+1.92439,-1.99576
+1.92478,-2.09634
+1.92514,-2.06445
+1.92564,-2.09444
+1.92602,-2.1118
+1.92639,-2.11747
+1.92677,-2.74191
+1.92715,-2.70359
+1.92765,-2.7032
+1.92802,-2.70391
+1.92839,-3.25244
+1.92878,-3.16221
+1.92913,-3.56056
+1.92964,-3.58765
+1.93002,-4.16209
+1.93039,-4.24804
+1.93077,-4.23739
+1.93114,-4.44448
+1.93164,-4.37753
+1.93202,-4.38451
+1.93239,-4.00905
+1.93278,-3.94291
+1.93314,-3.6357
+1.93364,-3.61107
+1.93407,-3.15184
+1.93453,-3.01795
+1.93479,-2.54552
+1.93514,-3.01084
+1.93564,-3.05896
+1.93601,-3.11053
+1.93639,-3.55484
+1.93678,-4.12053
+1.93714,-4.03186
+1.93765,-3.95863
+1.93802,-3.8091
+1.93839,-3.82691
+1.93877,-4.25002
+1.93914,-3.81557
+1.93964,-3.87122
+1.94002,-3.80746
+1.9404,-3.35809
+1.94078,-2.8913
+1.94114,-2.87733
+1.94165,-3.37338
+1.94202,-3.55928
+1.9424,-3.67158
+1.94277,-3.21212
+1.94314,-3.23956
+1.94365,-3.15231
+1.94402,-3.09009
+1.9444,-3.02168
+1.94478,-3.04257
+1.94514,-3.10832
+1.94564,-2.77982
+1.94602,-2.6811
+1.94639,-3.07499
+1.94677,-3.17379
+1.94715,-3.08149
+1.94765,-3.18731
+1.94802,-3.29595
+1.94839,-3.34301
+1.94878,-3.35037
+1.94914,-3.21075
+1.94966,-3.33679
+1.95002,-3.12187
+1.9504,-2.62343
+1.95078,-2.54752
+1.95114,-2.58603
+1.95165,-2.66956
+1.95202,-2.66989
+1.9524,-2.69504
+1.95278,-2.76027
+1.95314,-2.99916
+1.95365,-2.79771
+1.95402,-3.01698
+1.9544,-3.22847
+1.95478,-3.26115
+1.95514,-3.27564
+1.95564,-3.27419
+1.95602,-3.20847
+1.9564,-3.23862
+1.95677,-3.6495
+1.95714,-3.60453
+1.95765,-3.7096
+1.95802,-3.73095
+1.95839,-3.64435
+1.95877,-3.67588
+1.95915,-3.76319
+1.95964,-3.59538
+1.96003,-3.77854
+1.96039,-3.59779
+1.96078,-3.05295
+1.96114,-2.82332
+1.96164,-2.71304
+1.96202,-2.79319
+1.9624,-2.63113
+1.96278,-2.75176
+1.96314,-2.63049
+1.96365,-2.70182
+1.96402,-3.00156
+1.96439,-3.11
+1.9649,-3.08444
+1.96527,-3.31758
+1.96565,-3.91488
+1.96602,-3.86
+1.96639,-3.92466
+1.96678,-3.86404
+1.96715,-3.92442
+1.96764,-3.88271
+1.96803,-4.00495
+1.9684,-3.89404
+1.96877,-4.0748
+1.96914,-4.00531
+1.96964,-3.49518
+1.97002,-3.55763
+1.9704,-3.61099
+1.97077,-3.54768
+1.97114,-3.45238
+1.97165,-3.47791
+1.97203,-3.01891
+1.97239,-3.16437
+1.97278,-3.05922
+1.97315,-3.05438
+1.97365,-2.96478
+1.97402,-2.82446
+1.97439,-3.29277
+1.97478,-3.19157
+1.97514,-3.23952
+1.97564,-3.27656
+1.97603,-3.27613
+1.9764,-3.28194
+1.97678,-3.35347
+1.97715,-3.52761
+1.97765,-3.62446
+1.97802,-3.56139
+1.9784,-3.00099
+1.97878,-3.31542
+1.97915,-3.43041
+1.97964,-3.24776
+1.98002,-2.97358
+1.98039,-3.00771
+1.98158,-2.92265
+1.9818,-2.91032
+1.98203,-2.90951
+1.9824,-2.99154
+1.98277,-3.09082
+1.98315,-2.89056
+1.98365,-2.88752
+1.98402,-3.13725
+1.98439,-3.38784
+1.98491,-3.43282
+1.98517,-3.45009
+1.98565,-3.24307
+1.98603,-3.29892
+1.9864,-3.69219
+1.98678,-3.49997
+1.98715,-3.60565
+1.98765,-3.55792
+1.98803,-3.43255
+1.9884,-3.26611
+1.98879,-3.15147
+1.98914,-3.12509
+1.98965,-3.11033
+1.99003,-3.08866
+1.9904,-2.695
+1.99079,-2.79808
+1.99115,-2.73187
+1.99165,-2.56788
+1.99203,-2.66392
+1.9924,-2.7982
+1.99278,-2.72662
+1.99314,-2.71917
+1.99366,-2.97709
+1.99402,-2.97306
+1.99441,-3.00174
+1.99479,-3.11937
+1.99515,-3.04647
+1.99565,-3.14111
+1.99603,-3.16217
+1.9964,-3.0881
+1.99678,-3.17948
+1.99715,-3.23079
+1.99765,-3.04978
+1.99802,-3.06499
+1.9984,-3.02432
+1.99879,-2.66613
+1.99916,-2.38358
+1.99965,-2.10736
+2.00003,-1.75757
