+0,+1.81305
+0.0004,+2.1832
+0.0007,+2.56723
+0.0011,+2.85931
+0.0016,+3.32388
+0.002,+3.69557
+0.0024,+3.84028
+0.0027,+3.8568
+0.0031,+3.78473
+0.0035,+3.79723
+0.004,+3.85149
+0.0044,+3.93705
+0.0047,+3.91206
+0.0051,+3.93519
+0.0056,+3.90045
+0.006,+3.92819
+0.0064,+3.81631
+0.0067,+3.89594
+0.0071,+3.9388
+0.0075,+3.82369
+0.008,+3.6257
+0.0084,+3.47797
+0.0087,+3.56353
+0.0091,+3.59395
+0.0095,+3.42793
+0.01,+3.37858
+0.0104,+3.32429
+0.0107,+3.18478
+0.0111,+3.23673
+0.0116,+3.3045
+0.012,+3.48468
+0.0124,+3.48481
+0.0127,+3.34584
+0.0131,+3.44465
+0.0136,+3.54015
+0.014,+3.43468
+0.0144,+3.56788
+0.0147,+3.57716
+0.0151,+3.26712
+0.0155,+3.19088
+0.016,+3.25373
+0.0164,+3.28137
+0.0167,+3.35023
+0.0171,+3.22084
+0.0175,+3.13265
+0.018,+3.19791
+0.0184,+3.09366
+0.0187,+3.10059
+0.0191,+3.32438
+0.0195,+3.4769
+0.02,+3.36418
+0.0204,+3.39685
+0.0207,+3.35491
+0.0211,+3.35391
+0.0216,+3.39541
+0.022,+3.52912
+0.0224,+3.76421
+0.0227,+3.79689
+0.0238,+3.90186
+0.024,+3.7441
+0.0242,+3.65235
+0.0244,+3.64793
+0.0247,+3.60524
+0.0251,+3.56024
+0.0255,+3.49938
+0.026,+3.52101
+0.0264,+3.23711
+0.0267,+3.17314
+0.0271,+2.93535
+0.0275,+3.01155
+0.028,+2.97486
+0.0284,+2.99695
+0.0287,+3.1602
+0.0291,+3.29544
+0.0296,+3.34842
+0.03,+3.22072
+0.0304,+3.25645
+0.0307,+3.23423
+0.0311,+3.33468
+0.0316,+3.39289
+0.032,+3.5453
+0.0324,+3.48796
+0.0327,+3.27468
+0.0331,+3.26328
+0.0335,+3.31388
+0.034,+3.36499
+0.0344,+3.15993
+0.0347,+3.12361
+0.0351,+3.10044
+0.0355,+3.07819
+0.036,+3.10456
+0.0364,+3.09172
+0.0367,+3.1787
+0.0371,+3.15747
+0.0376,+3.09779
+0.038,+3.05032
+0.0384,+3.29312
+0.0387,+3.25959
+0.0391,+3.15954
+0.0395,+3.18027
+0.04,+3.14461
+0.0404,+3.16282
+0.0407,+3.20265
+0.0411,+3.18849
+0.0416,+3.16164
+0.042,+3.16879
+0.0424,+3.11149
+0.0427,+3.37476
+0.0431,+3.51157
+0.0435,+3.3738
+0.044,+3.26374
+0.0444,+3.28653
+0.0447,+3.17933
+0.0451,+3.09722
+0.0456,+3.01597
+0.046,+2.96031
+0.0464,+2.92196
+0.0469,+2.83141
+0.0472,+2.82005
+0.0476,+2.8215
+0.048,+2.85664
+0.0484,+2.75792
+0.0487,+2.80341
+0.0491,+2.7549
+0.0495,+2.82905
+0.05,+2.84508
+0.0504,+2.89788
+0.0507,+2.75966
+0.0511,+2.74717
+0.0516,+2.80775
+0.052,+2.63231
+0.0524,+2.64532
+0.0527,+2.61103
+0.0531,+2.74351
+0.0536,+2.64369
+0.054,+2.72067
+0.0544,+2.66544
+0.0547,+2.66143
+0.0551,+2.56484
+0.0555,+2.49292
+0.056,+2.68631
+0.0564,+2.7568
+0.0567,+2.78691
+0.0571,+2.63767
+0.0576,+2.72658
+0.058,+2.56443
+0.0584,+2.55882
+0.0587,+2.42668
+0.0591,+2.52665
+0.0595,+2.5824
+0.06,+2.60629
+0.0604,+2.5127
+0.0607,+2.51991
+0.0611,+2.56117
+0.0616,+2.62891
+0.062,+2.71565
+0.0624,+2.77026
+0.0627,+2.93297
+0.0631,+2.96224
+0.0635,+2.90022
+0.064,+2.79771
+0.0644,+2.74756
+0.0647,+2.64186
+0.0651,+2.55858
+0.0655,+2.38236
+0.066,+2.17795
+0.0664,+2.02003
+0.0667,+1.82677
+0.0671,+1.72829
+0.0676,+1.69443
+0.068,+1.68587
+0.0684,+1.59721
+0.0687,+1.63455
+0.0691,+1.63953
+0.0696,+1.74332
+0.07,+1.87003
+0.0704,+1.88967
+0.0707,+2.08048
+0.0711,+2.06555
+0.0716,+2.16152
+0.072,+2.16931
+0.0724,+2.18243
+0.0727,+2.04947
+0.0731,+1.97892
+0.0735,+1.97013
+0.074,+1.83013
+0.0744,+1.89887
+0.0747,+1.74294
+0.0751,+1.73805
+0.0755,+1.82007
+0.076,+1.76605
+0.0764,+1.93132
+0.0767,+2.16555
+0.0772,+2.13301
+0.0776,+2.16937
+0.078,+2.25008
+0.0784,+2.31691
+0.0787,+2.39123
+0.0791,+2.26103
+0.0795,+2.09568
+0.08,+2.06716
+0.0804,+2.01519
+0.0807,+1.72723
+0.0811,+1.94031
+0.0816,+1.84476
+0.082,+1.88268
+0.0824,+1.82378
+0.0827,+1.81022
+0.0831,+1.86273
+0.0835,+1.8062
+0.084,+1.75183
+0.0844,+1.76554
+0.0847,+1.86482
+0.0851,+1.82194
+0.0855,+1.70617
+0.086,+1.59705
+0.0864,+1.55531
+0.0867,+1.54652
+0.0871,+1.45737
+0.0875,+1.57685
+0.088,+1.46648
+0.0884,+1.3205
+0.0887,+1.31875
+0.0891,+1.2899
+0.0895,+1.26368
+0.09,+1.37506
+0.0904,+1.24749
+0.0907,+1.14121
+0.0911,+1.26437
+0.0916,+1.05599
+0.092,+1.25777
+0.0924,+1.24338
+0.0927,+1.2566
+0.0931,+1.22963
+0.0935,+1.32706
+0.094,+1.16475
+0.0944,+1.26183
+0.0947,+1.37709
+0.0951,+1.46934
+0.0955,+1.59235
+0.096,+1.5751
+0.0964,+1.63478
+0.0967,+1.62051
+0.0971,+1.53847
+0.0975,+1.41914
+0.098,+1.42149
+0.0986,+1.37001
+0.0989,+1.27755
+0.0991,+1.14406
+0.0995,+1.12615
+0.1,+1.11471
+0.1004,+0.949836
+0.1007,+0.937253
+0.1011,+0.947717
+0.1015,+1.02082
+0.102,+1.10391
+0.1024,+1.18351
+0.1027,+1.25954
+0.1031,+1.24577
+0.1035,+1.06891
+0.104,+1.02187
+0.1044,+1.06642
+0.1047,+1.05841
+0.1051,+0.889187
+0.1055,+0.887826
+0.106,+0.792487
+0.1064,+0.775641
+0.1067,+0.618258
+0.1071,+0.40509
+0.1076,+0.411266
+0.108,+0.383285
+0.1084,+0.488054
+0.1087,+0.383457
+0.1091,+0.584181
+0.1095,+0.534197
+0.11,+0.487584
+0.1104,+0.275304
+0.1107,+0.150975
+0.1111,+0.202416
+0.1116,+0.0450159
+0.112,-0.0198739
+0.1124,-0.0362699
+0.1127,-0.189252
+0.1131,-0.302013
+0.1135,-0.240457
+0.114,-0.243659
+0.1144,-0.0246621
+0.1147,+0.0186771
+0.1151,+0.120025
+0.1155,+0.196919
+0.116,+0.216389
+0.1164,+0.0927738
+0.1167,+0.250462
+0.1171,+0.184813
+0.1175,+0.064419
+0.1181,+0.110395
+0.1184,-0.0663464
+0.1187,+0.0926098
+0.1191,+0.0151713
+0.1195,+0.131139
+0.12,+0.00902785
+0.1204,-0.0662931
+0.1207,-0.0975686
+0.1211,-0.146859
+0.1215,-0.0568723
+0.122,-0.191899
+0.1224,-0.151766
+0.1227,-0.248813
+0.1231,-0.43724
+0.1235,-0.620107
+0.124,-0.554659
+0.1244,-0.560447
+0.1247,-0.685397
+0.1251,-0.574732
+0.1262,-0.694665
+0.1264,-0.75385
+0.1266,-0.997668
+0.1268,-1.06929
+0.1271,-1.01457
+0.1275,-0.872716
+0.128,-0.90095
+0.1284,-1.03679
+0.1287,-0.989685
+0.1291,-1.19931
+0.1295,-1.25913
+0.13,-1.36014
+0.1304,-1.27175
+0.1307,-1.32714
+0.1311,-1.41369
+0.1315,-1.46212
+0.132,-1.50832
+0.1324,-1.42509
+0.1327,-1.51905
+0.1331,-1.39234
+0.1335,-1.4491
+0.134,-1.30238
+0.1344,-1.34761
+0.1347,-1.38266
+0.1351,-1.30634
+0.1355,-1.40518
+0.136,-1.51885
+0.1364,-1.64432
+0.1367,-1.82145
+0.1371,-1.88777
+0.1375,-1.95852
+0.138,-2.04576
+0.1384,-2.15579
+0.1387,-2.18982
+0.1391,-2.15574
+0.1395,-2.31239
+0.14,-2.31729
+0.1404,-2.29828
+0.1407,-2.14613
+0.1411,-2.24792
+0.1415,-2.29051
+0.142,-2.20769
+0.1424,-2.06867
+0.1427,-2.15173
+0.1431,-2.19555
+0.1435,-2.23449
+0.144,-2.24302
+0.1444,-2.14619
+0.1447,-2.23027
+0.1451,-2.25455
+0.1455,-2.36425
+0.146,-2.40749
+0.1464,-2.68405
+0.1467,-2.71055
+0.1471,-2.94118
+0.1475,-2.74262
+0.148,-2.82961
+0.1484,-2.93121
+0.1487,-2.87049
+0.1491,-2.89797
+0.1495,-2.84587
+0.15,-3.08792
+0.1504,-3.09544
+0.1507,-3.09454
+0.1511,-3.04827
+0.1515,-3.15511
+0.152,-3.06702
+0.1524,-3.21644
+0.1527,-3.35208
+0.1531,-3.42168
+0.1535,-3.38111
+0.154,-3.33632
+0.1544,-3.30726
+0.1547,-3.33911
+0.1551,-3.32514
+0.1555,-3.30792
+0.156,-3.5828
+0.1564,-3.48887
+0.1567,-3.44425
+0.1571,-3.62057
+0.1575,-3.65779
+0.158,-3.65258
+0.1584,-3.8945
+0.1587,-3.98379
+0.1591,-4.14096
+0.1595,-4.35041
+0.16,-4.22216
+0.1604,-4.38178
+0.1607,-4.55496
+0.1611,-4.44817
+0.1615,-4.45134
+0.162,-4.4138
+0.1624,-4.1789
+0.1627,-4.13405
+0.1631,-4.09462
+0.1635,-4.06738
+0.164,-4.09051
+0.1644,-4.22646
+0.1647,-4.30991
+0.1651,-4.50429
+0.1655,-4.55516
+0.166,-4.74925
+0.1664,-4.80809
+0.1667,-4.8746
+0.1671,-4.92318
+0.1675,-5.03899
+0.168,-5.16679
+0.1684,-5.04738
+0.1687,-5.0085
+0.1691,-4.8412
+0.1695,-5.08791
+0.17,-4.99095
+0.1704,-5.10902
+0.1707,-5.16372
+0.1711,-5.2131
+0.1715,-5.12366
+0.172,-5.03556
+0.1724,-5.14603
+0.1727,-5.28709
+0.1731,-5.37141
+0.1735,-5.1746
+0.174,-5.49692
+0.1744,-5.45838
+0.1747,-5.50593
+0.1751,-5.49393
+0.1755,-5.6162
+0.176,-5.80399
+0.1764,-5.89939
+0.1767,-5.81961
+0.1771,-5.88309
+0.1775,-6.05472
+0.178,-5.98758
+0.1784,-6.06574
+0.1787,-6.1714
+0.1791,-6.38233
+0.1795,-6.37524
+0.18,-6.37055
+0.1804,-6.32392
+0.1807,-6.30726
+0.1811,-6.37973
+0.1815,-6.33468
+0.182,-6.38018
+0.1824,-6.04501
+0.1827,-5.95171
+0.1831,-5.82638
+0.1835,-5.94616
+0.184,-5.90465
+0.1844,-6.02377
+0.1847,-6.12724
+0.1851,-6.2568
+0.1855,-6.43657
+0.186,-6.45905
+0.1864,-6.99894
+0.1867,-7.16848
+0.1871,-7.31942
+0.1875,-7.4974
+0.188,-7.55993
+0.1884,-7.56051
+0.1887,-7.69787
+0.1891,-7.74225
+0.1895,-7.89472
+0.19,-7.9744
+0.1904,-8.00758
+0.1907,-8.1498
+0.1911,-8.24387
+0.1915,-8.23362
+0.192,-8.44549
+0.1924,-8.56952
+0.1927,-8.63636
+0.1931,-8.55169
+0.1935,-8.45771
+0.194,-8.56965
+0.1944,-8.55458
+0.1947,-8.51585
+0.1951,-8.47117
+0.1955,-8.54349
+0.196,-8.53897
+0.1964,-8.57053
+0.1967,-8.53217
+0.1971,-8.64147
+0.1975,-8.8081
+0.198,-8.78729
+0.1984,-8.83055
+0.1988,-8.88899
+0.1991,-9.02953
+0.1995,-8.92623
+0.2,-10.3976
+0.2004,-10.5132
+0.2007,-10.5929
+0.2011,-10.6926
+0.2015,-10.5987
+0.202,-10.5987
+0.2024,-10.6879
+0.2027,-10.6508
+0.2031,-10.6144
+0.2035,-10.6705
+0.2039,-10.6522
+0.2044,-10.5546
+0.2047,-10.5223
+0.2051,-10.6144
+0.2055,-10.5596
+0.2059,-10.6358
+0.2064,-10.5462
+0.2067,-10.6723
+0.2071,-10.6869
+0.2075,-10.6814
+0.2079,-10.6406
+0.2084,-10.6068
+0.2087,-10.7468
+0.2091,-10.4543
+0.2095,-10.5273
+0.2099,-10.576
+0.2104,-10.7666
+0.2107,-10.7112
+0.2111,-10.8344
+0.2115,-10.9027
+0.212,-10.948
+0.2124,-11.0911
+0.2127,-11.0857
+0.2131,-11.4012
+0.2135,-11.5444
+0.214,-11.5314
+0.2144,-11.4996
+0.2147,-11.5303
+0.2151,-11.4947
+0.2155,-11.5265
+0.216,-11.5814
+0.2164,-11.4682
+0.2167,-11.3854
+0.2171,-11.4473
+0.2175,-11.4378
+0.218,-11.4415
+0.2184,-11.4692
+0.2187,-11.5142
+0.2191,-11.2915
+0.2195,-11.2644
+0.22,-11.2373
+0.2204,-11.2744
+0.2207,-11.2117
+0.2211,-10.9886
+0.2215,-10.9777
+0.222,-10.9157
+0.2224,-11.0524
+0.2227,-11.0469
+0.2231,-11.1959
+0.2235,-11.0953
+0.2239,-10.9152
+0.2244,-11.0913
+0.2247,-11.1987
+0.2251,-11.3034
+0.2255,-11.3536
+0.226,-11.5399
+0.2264,-11.5658
+0.2267,-11.5818
+0.2271,-11.9711
+0.2275,-12.1214
+0.2286,-12.2564
+0.2289,-12.0432
+0.2291,-12.1356
+0.2294,-12.3115
+0.2296,-12.4092
+0.23,-12.2847
+0.2304,-12.2369
+0.2307,-12.0844
+0.2311,-11.8913
+0.2315,-12.0437
+0.232,-12.1257
+0.2324,-12.2989
+0.2327,-12.2475
+0.2331,-12.0772
+0.2335,-12.1849
+0.234,-12.2066
+0.2344,-12.2591
+0.2347,-12.4778
+0.2351,-12.3816
+0.2355,-12.2602
+0.236,-12.3274
+0.2364,-12.4768
+0.2367,-12.4125
+0.2371,-12.5305
+0.2375,-12.3564
+0.238,-12.4434
+0.2384,-12.3725
+0.2387,-12.3204
+0.2391,-12.4638
+0.2395,-12.3782
+0.24,-12.4887
+0.2404,-12.3566
+0.2407,-12.4788
+0.2411,-12.4016
+0.2415,-12.4923
+0.242,-12.5583
+0.2424,-12.4978
+0.2428,-12.4739
+0.2431,-12.5122
+0.2435,-12.6694
+0.244,-12.2428
+0.2444,-12.0201
+0.2447,-11.9861
+0.2451,-12.0914
+0.2455,-12.127
+0.246,-11.9973
+0.2464,-12.1791
+0.2468,-12.3169
+0.2471,-12.2059
+0.2475,-12.1611
+0.248,-12.5344
+0.2484,-12.7845
+0.2487,-12.7896
+0.2491,-12.7501
+0.2495,-12.6102
+0.25,-12.7172
+0.2504,-12.6659
+0.2507,-12.5997
+0.2511,-12.6895
+0.2515,-12.6474
+0.252,-12.6297
+0.2524,-12.6714
+0.2527,-12.7166
+0.2531,-12.6301
+0.2535,-12.6332
+0.2539,-12.6345
+0.2544,-12.5767
+0.2547,-12.6241
+0.2551,-12.4521
+0.2555,-12.5291
+0.2559,-12.345
+0.2564,-12.3888
+0.2567,-12.3897
+0.2571,-12.4498
+0.2575,-12.4689
+0.258,-12.3234
+0.2584,-12.2738
+0.2587,-12.0603
+0.2591,-12.0281
+0.2596,-11.941
+0.26,-12.0248
+0.2604,-11.8124
+0.2608,-11.7134
+0.2611,-11.7645
+0.2615,-11.9123
+0.262,-12.0624
+0.2624,-12.0546
+0.2627,-12.0136
+0.2631,-12.1737
+0.2635,-12.2951
+0.2639,-12.0673
+0.2644,-12.1678
+0.2647,-12.199
+0.2651,-12.1056
+0.2655,-11.9636
+0.2659,-11.8812
+0.2664,-11.9438
+0.2667,-11.9666
+0.2671,-11.9054
+0.2675,-11.7564
+0.268,-12.0237
+0.2684,-12.0826
+0.2688,-11.9916
+0.2691,-11.7609
+0.2695,-11.8054
+0.27,-11.7245
+0.2704,-11.7396
+0.2707,-11.8991
+0.2711,-11.8519
+0.2715,-11.8942
+0.2719,-11.9032
+0.2724,-11.673
+0.2728,-11.7476
+0.2731,-11.9343
+0.2735,-11.783
+0.2739,-11.7401
+0.2744,-11.5848
+0.2748,-11.4337
+0.2751,-11.4105
+0.2755,-11.1368
+0.2759,-11.0551
+0.2764,-11.086
+0.2768,-11.0007
+0.2771,-10.8961
+0.2775,-10.7384
+0.278,-10.6404
+0.2784,-10.6941
+0.2787,-10.5947
+0.2791,-10.445
+0.2795,-10.4082
+0.28,-10.243
+0.2804,-10.2279
+0.2808,-10.1128
+0.2811,-10.0871
+0.2815,-10.0604
+0.282,-10.1089
+0.2824,-9.9933
+0.2828,-9.95651
+0.2831,-10.0454
+0.2835,-9.95208
+0.2839,-9.93616
+0.2844,-9.75007
+0.2848,-9.72501
+0.2851,-9.70744
+0.2855,-9.6379
+0.286,-9.48272
+0.2864,-9.55903
+0.2868,-9.31193
+0.2871,-9.06363
+0.2875,-9.15311
+0.2879,-9.09619
+0.2884,-9.22583
+0.2888,-9.18074
+0.2891,-9.0064
+0.2895,-8.98278
+0.29,-8.88782
+0.2904,-8.52678
+0.2908,-8.5983
+0.2911,-8.7166
+0.2915,-8.7349
+0.2919,-8.59936
+0.2924,-8.28516
+0.2928,-8.22299
+0.2931,-8.23484
+0.2935,-8.15188
+0.2939,-8.15815
+0.2944,-8.21116
+0.2948,-8.39409
+0.2951,-8.15094
+0.2955,-8.01054
+0.2959,-7.95861
+0.2964,-7.67835
+0.2968,-7.61702
+0.2971,-7.57793
+0.2975,-7.55125
+0.2979,-7.52416
+0.2984,-7.61137
+0.2988,-7.4574
+0.2991,-7.4294
+0.2995,-7.32573
+0.2999,-7.34685
+0.3005,-7.57953
+0.3008,-7.54567
+0.3011,-7.47396
+0.3015,-7.34809
+0.302,-6.88239
+0.3024,-6.55953
+0.3028,-6.2762
+0.3031,-6.25776
+0.3035,-6.21674
+0.3039,-5.88193
+0.3044,-5.65616
+0.3048,-5.46166
+0.3051,-5.37215
+0.3055,-5.27162
+0.3059,-5.50947
+0.3064,-5.5261
+0.3068,-5.45274
+0.3071,-5.3587
+0.3075,-5.24466
+0.3079,-5.30924
+0.3084,-5.42176
+0.3088,-5.38546
+0.3091,-5.13616
+0.3095,-5.05461
+0.3099,-4.93698
+0.3104,-4.93149
+0.3108,-4.75532
+0.3111,-4.6126
+0.3115,-4.50191
+0.312,-4.37589
+0.3124,-4.22193
+0.3128,-4.11944
+0.3131,-4.01781
+0.3135,-3.86062
+0.3139,-3.76757
+0.3144,-3.43245
+0.3148,-3.35339
+0.3151,-3.20352
+0.3155,-3.09526
+0.3159,-3.12357
+0.3164,-3.06929
+0.3168,-2.94114
+0.3171,-2.81051
+0.3175,-2.79917
+0.3179,-2.81138
+0.3184,-2.72649
+0.3188,-2.65415
+0.3191,-2.55253
+0.3195,-2.32108
+0.3199,-2.2459
+0.3204,-2.05562
+0.3208,-2.02069
+0.3211,-1.92796
+0.3215,-1.88147
+0.3219,-1.73249
+0.3224,-1.70861
+0.3228,-1.6745
+0.3231,-1.50866
+0.3235,-1.55341
+0.3239,-1.27424
+0.3244,-1.23449
+0.3248,-1.20215
+0.3251,-1.05171
+0.3255,-0.957151
+0.3259,-0.839116
+0.3264,-0.665157
+0.3268,-0.5348
+0.3271,-0.628613
+0.3275,-0.522418
+0.3279,-0.526537
+0.3284,-0.508242
+0.3288,-0.214974
+0.3291,-0.284041
+0.3295,-0.0383497
+0.3299,+0.194175
+0.331,+0.495063
+0.3312,+0.606117
+0.3315,+0.743797
+0.3319,+0.925256
+0.3324,+1.08972
+0.3328,+1.26009
+0.3331,+1.38049
+0.3335,+1.51501
+0.3339,+1.47266
+0.3344,+1.35678
+0.3348,+1.09211
+0.3351,+1.11091
+0.3355,+1.32584
+0.3359,+1.4297
+0.3364,+1.43004
+0.3368,+1.55625
+0.3371,+1.4998
+0.3375,+1.55016
+0.3379,+1.63162
+0.3384,+1.94789
+0.3388,+2.02468
+0.3391,+2.18489
+0.3395,+2.19712
+0.3399,+2.23091
+0.3404,+2.34193
+0.3408,+2.38823
+0.3411,+2.53576
+0.3415,+2.55341
+0.3419,+2.62481
+0.3424,+2.49497
+0.3428,+2.7546
+0.3431,+2.64947
+0.3435,+2.70679
+0.3439,+2.69836
+0.3444,+2.65962
+0.3448,+2.68134
+0.3452,+2.63319
+0.3455,+2.69214
+0.3459,+2.69802
+0.3464,+2.80325
+0.3468,+2.72635
+0.3472,+2.93425
+0.3475,+2.95698
+0.3479,+3.06326
+0.3484,+3.18343
+0.3488,+3.25798
+0.3492,+3.44931
+0.3495,+3.45747
+0.3499,+3.46435
+0.3505,+3.4311
+0.3508,+3.37657
+0.3514,+3.40474
+0.3517,+3.30972
+0.3519,+3.30174
+0.3524,+3.19709
+0.3528,+3.2199
+0.3532,+3.14566
+0.3535,+3.24191
+0.3539,+3.27989
+0.3544,+3.30306
+0.3548,+3.41344
+0.3552,+3.42905
+0.3555,+3.52391
+0.3559,+3.56101
+0.3564,+3.72893
+0.3568,+3.68367
+0.3571,+3.59717
+0.3575,+3.50267
+0.3579,+3.55923
+0.3584,+3.63696
+0.3588,+3.57448
+0.3592,+3.57889
+0.3595,+3.61052
+0.3599,+3.60216
+0.3604,+3.56424
+0.3608,+3.59382
+0.3612,+3.60027
+0.3615,+3.75302
+0.3619,+3.92786
+0.3624,+3.95087
+0.3628,+4.02186
+0.3632,+3.96813
+0.3636,+3.89452
+0.3639,+3.91226
+0.3644,+3.93473
+0.3648,+3.90864
+0.3652,+3.9975
+0.3655,+3.92442
+0.3659,+3.70929
+0.3664,+3.58877
+0.3668,+3.46238
+0.3672,+3.573
+0.3675,+3.54216
+0.3679,+3.45704
+0.3684,+3.21622
+0.3688,+3.21892
+0.3692,+3.21171
+0.3695,+3.13992
+0.3699,+3.06788
+0.3704,+3.07702
+0.3708,+3.1882
+0.3712,+2.97346
+0.3715,+3.05608
+0.3719,+2.9408
+0.3724,+3.14839
+0.3728,+3.10717
+0.3732,+3.0014
+0.3736,+3.01781
+0.3739,+3.03007
+0.3744,+3.0314
+0.3748,+2.98514
+0.3752,+2.95952
+0.3756,+2.78866
+0.3759,+2.93826
+0.3764,+2.91609
+0.3768,+2.99291
+0.3771,+3.03971
+0.3775,+3.05899
+0.3779,+3.11801
+0.3784,+3.0114
+0.3788,+2.90443
+0.3792,+2.82085
+0.3795,+2.79658
+0.3799,+2.74633
+0.3804,+2.57102
+0.3808,+2.40917
+0.3812,+2.15543
+0.3818,+2.07996
+0.3821,+1.9895
+0.3824,+2.04221
+0.3828,+1.87673
+0.3832,+1.77784
+0.3836,+1.88636
+0.3839,+1.72583
+0.3844,+1.75569
+0.3848,+1.7423
+0.3852,+1.92829
+0.3856,+1.92051
+0.3859,+1.95569
+0.3864,+1.87342
+0.3868,+1.9595
+0.3872,+2.08311
+0.3876,+1.74017
+0.3879,+1.75265
+0.3884,+1.6553
+0.3888,+1.53365
+0.3891,+1.60811
+0.3895,+1.53352
+0.3899,+1.49168
+0.3904,+1.43358
+0.3908,+1.40282
+0.3912,+1.28762
+0.3916,+1.47859
+0.3919,+1.37556
+0.3924,+1.40113
+0.3928,+1.56609
+0.3932,+1.44902
+0.3935,+1.30238
+0.3939,+1.1151
+0.3944,+1.00096
+0.3948,+0.938277
+0.3952,+0.995237
+0.3956,+0.919166
+0.3959,+0.927824
+0.3964,+0.89928
+0.3968,+0.761309
+0.3972,+0.727605
+0.3976,+0.700342
+0.3979,+0.797974
+0.3984,+0.839005
+0.3988,+0.815311
+0.3991,+0.626601
+0.3995,+0.491075
+0.3999,+0.523298
+0.4004,-12.3103
+0.4008,-12.1766
+0.4012,-12.2184
+0.4015,-12.0415
+0.4021,-12.4423
+0.4024,-11.3794
+0.4028,-11.1761
+0.4031,-11.1545
+0.4035,-11.1546
+0.4039,-11.1491
+0.4044,-11.155
+0.4048,-11.1917
+0.4051,-11.1928
+0.4055,-11.3807
+0.4059,-11.9534
+0.4064,-13.006
+0.4068,-13.2323
+0.4071,-13.1859
+0.4075,-13.0505
+0.4079,-12.9767
+0.4084,-12.9555
+0.4088,-12.0772
+0.4091,-11.9719
+0.4095,-11.8659
+0.4099,-11.6905
+0.4104,-11.5531
+0.4108,-11.3456
+0.4111,-10.3977
+0.4115,-10.3532
+0.4131,-10.3803
+0.4133,-9.36393
+0.4135,-10.2144
+0.4137,-10.2002
+0.4139,-10.1359
+0.4144,-10.1267
+0.4148,-10.0798
+0.4151,-10.0813
+0.4155,-10.8488
+0.4159,-10.7706
+0.4164,-10.6627
+0.4168,-11.5987
+0.4171,-11.4933
+0.4175,-11.479
+0.4179,-11.4124
+0.4184,-11.3304
+0.4188,-11.3013
+0.4191,-11.3111
+0.4195,-11.3092
+0.4199,-11.4319
+0.4204,-11.4937
+0.4208,-11.3937
+0.4211,-11.4028
+0.4216,-11.2151
+0.4219,-11.0441
+0.4224,-10.9349
+0.4228,-10.7894
+0.4231,-10.7421
+0.4236,-10.6882
+0.4239,-9.61563
+0.4244,-9.62948
+0.4248,-9.78471
+0.4251,-9.75046
+0.4255,-9.98831
+0.4259,-10.1615
+0.4264,-10.4154
+0.4268,-9.64562
+0.4272,-9.64741
+0.4275,-9.77264
+0.4279,-10.7937
+0.4284,-10.7576
+0.4288,-10.7364
+0.4293,-10.8115
+0.4295,-10.7402
+0.43,-10.7658
+0.4304,-10.7494
+0.4308,-11.6653
+0.4311,-11.7877
+0.4315,-11.9237
+0.4319,-11.9791
+0.4324,-12.1345
+0.4334,-12.0864
+0.4337,-12.2167
+0.4339,-12.3431
+0.4344,-12.518
+0.4348,-12.6256
+0.4351,-12.7601
+0.4355,-12.7979
+0.4359,-12.7462
+0.4364,-11.7953
+0.4367,-11.8674
+0.4371,-12.0145
+0.4375,-11.9499
+0.4379,-12.1089
+0.4384,-12.1503
+0.4388,-12.1722
+0.4391,-12.3996
+0.4395,-12.3994
+0.4399,-12.5169
+0.4404,-13.6715
+0.4408,-13.7664
+0.4411,-13.4167
+0.4415,-13.0669
+0.4419,-12.8516
+0.4424,-12.78
+0.4428,-12.3568
+0.4431,-11.8822
+0.4435,-11.9607
+0.4439,-11.9537
+0.4444,-11.8466
+0.4448,-10.7477
+0.4451,-10.7676
+0.4455,-11.1807
+0.4459,-10.4099
+0.4464,-10.4837
+0.4468,-10.8719
+0.4471,-10.6906
+0.4475,-10.4898
+0.4479,-10.0335
+0.4484,-9.50139
+0.4488,-10.435
+0.4491,-10.2567
+0.4495,-9.8383
+0.4499,-9.62406
+0.4504,-8.99321
+0.4508,-7.86962
+0.4511,-7.74637
+0.4515,-7.32149
+0.4519,-7.67109
+0.4524,-7.53955
+0.4528,-6.88661
+0.4531,-6.75514
+0.4536,-6.52305
+0.4539,-6.84753
+0.4544,-6.68481
+0.4548,-7.4123
+0.4551,-7.61115
+0.4555,-7.43219
+0.4559,-6.99968
+0.4564,-6.73685
+0.4568,-6.4967
+0.4571,-6.20305
+0.4575,-5.48852
+0.4579,-5.65018
+0.4584,-5.40426
+0.4588,-4.78491
+0.4591,-3.64274
+0.4595,-3.69697
+0.4599,-2.5691
+0.4604,-2.76467
+0.4608,-2.4794
+0.4611,-2.71138
+0.4615,-2.8932
+0.4619,-2.25674
+0.4624,-2.3687
+0.4628,-2.1694
+0.4631,-2.42026
+0.4635,-1.96078
+0.4639,-1.94104
+0.4644,-1.34711
+0.4648,-0.737333
+0.4651,-0.484108
+0.4655,-0.348092
+0.4659,+0.179894
+0.4664,+0.275823
+0.4668,+0.843853
+0.4671,+0.512164
+0.4675,+0.260239
+0.4679,-0.379822
+0.4684,-0.684686
+0.4688,-1.53577
+0.4691,-1.58289
+0.4695,-1.9787
+0.4699,-2.87101
+0.4704,-2.83949
+0.4708,-3.77048
+0.4711,-3.86009
+0.4715,-3.86975
+0.4719,-4.00004
+0.4724,-4.14688
+0.4728,-4.22962
+0.4731,-4.21693
+0.4735,-4.35049
+0.4739,-4.42009
+0.4744,-4.5302
+0.4748,-4.65806
+0.4751,-4.65557
+0.4755,-4.86826
+0.4759,-4.96887
+0.4764,-5.15041
+0.4768,-5.36033
+0.4771,-5.60577
+0.4775,-5.82675
+0.4779,-6.05888
+0.4784,-6.44742
+0.4788,-6.6411
+0.4791,-7.06762
+0.4795,-7.28201
+0.4799,-7.60832
+0.4804,-7.95631
+0.4808,-8.31944
+0.4811,-8.73964
+0.4815,-8.93153
+0.4819,-9.06969
+0.4824,-9.17901
+0.4828,-9.45375
+0.4831,-9.683
+0.4835,-9.95657
+0.484,-10.1742
+0.4844,-10.3168
+0.4848,-10.5391
+0.4851,-10.6826
+0.4855,-11.0085
+0.4859,-11.2415
+0.4864,-11.5973
+0.4868,-11.6981
+0.4871,-11.7876
+0.4875,-12.1077
+0.4879,-12.2021
+0.4884,-12.2937
+0.4888,-12.2446
+0.4891,-12.2507
+0.4895,-12.128
+0.4899,-12.197
+0.4904,-12.1173
+0.4908,-12.1875
+0.4911,-12.1618
+0.4915,-11.7808
+0.4919,-11.702
+0.4924,-11.5729
+0.4928,-11.4985
+0.4931,-11.3123
+0.4935,-11.2062
+0.4939,-10.931
+0.4944,-10.7573
+0.4948,-10.4789
+0.4951,-10.0886
+0.4955,-9.77565
+0.4959,-8.95905
+0.4964,-8.43792
+0.4968,-7.86775
+0.4971,-7.29201
+0.4975,-5.92871
+0.4979,-5.14981
+0.4984,-4.59758
+0.4988,-3.15461
+0.4991,-2.36769
+0.4995,-1.92041
+0.4999,-1.78141
+0.5004,-1.04933
+0.5008,-0.063809
+0.5011,+0.74675
+0.5015,+0.803595
+0.5019,+1.53422
+0.5024,+2.55401
+0.5028,+3.14456
+0.5031,+3.78363
+0.5035,+4.51731
+0.5039,+5.53575
+0.5044,+6.53254
+0.5048,+6.63816
+0.5051,+7.56772
+0.5055,+8.52956
+0.5059,+8.88987
+0.5063,+9.13299
+0.5068,+8.80379
+0.5071,+9.22524
+0.5075,+9.86548
+0.5079,+10.2614
+0.5084,+10.2031
+0.5088,+10.9494
+0.5091,+10.5516
+0.5095,+10.9555
+0.5099,+11.2338
+0.5104,+11.5148
+0.5108,+12.0841
+0.5111,+12.4003
+0.5115,+12.4369
+0.5119,+12.8871
+0.5123,+13.1754
+0.5128,+12.9508
+0.5131,+13.0868
+0.5135,+12.7977
+0.5139,+12.9136
+0.5144,+13.2479
+0.5148,+12.995
+0.5151,+12.9956
+0.5155,+12.9752
+0.5159,+12.1593
+0.5164,+11.8525
+0.5168,+12.0943
+0.5171,+12.002
+0.5175,+11.3648
+0.5179,+11.5682
+0.5184,+10.9463
+0.5188,+10.6095
+0.5191,+10.0338
+0.5195,+9.67071
+0.5199,+10.2099
+0.5204,+9.76885
+0.5208,+9.09049
+0.5211,+8.75974
+0.5215,+9.16839
+0.5219,+8.11818
+0.5223,+7.81892
+0.5228,+7.83361
+0.5231,+7.44881
+0.5235,+7.0825
+0.5239,+5.97734
+0.5243,+5.56735
+0.5249,+5.17361
+0.5252,+4.83733
+0.5255,+3.6897
+0.5259,+3.33549
+0.5264,+2.88031
+0.5268,+2.19966
+0.5271,+1.69157
+0.5275,+1.26763
+0.5279,+0.83703
+0.5284,+0.532723
+0.5288,+0.146595
+0.5291,-0.397365
+0.5295,-0.617664
+0.5299,-0.955013
+0.5304,-1.08307
+0.5308,-1.25558
+0.5311,-1.35657
+0.5315,-1.35225
+0.5319,-1.37235
+0.5324,-1.46836
+0.5328,-1.52851
+0.5331,-1.45119
+0.5335,-1.54776
+0.5339,-1.6814
+0.5343,-1.74993
+0.5348,-1.84607
+0.5358,-1.83768
+0.536,-2.11032
+0.5363,-2.10669
+0.5368,-2.11042
+0.5371,-1.23577
+0.5375,-1.29176
+0.5379,-1.20951
+0.5383,-1.07171
+0.5388,-1.17192
+0.5391,-1.2109
+0.5395,-1.30793
+0.5399,-0.36728
+0.5403,+0.384096
+0.5408,+0.367357
+0.5411,-0.450878
+0.5415,-0.405523
+0.5419,+0.36268
+0.5423,+0.807713
+0.5428,+0.926307
+0.5431,+1.83149
+0.5435,+1.83313
+0.5439,+1.31957
+0.5443,+1.2503
+0.5448,+1.21799
+0.5451,+1.56324
+0.5455,+1.60376
+0.5459,+1.10594
+0.5463,+0.968483
+0.5468,+1.22656
+0.5471,+0.251533
+0.5475,+0.697892
+0.5479,+0.700824
+0.5484,-0.131765
+0.5488,+0.174644
+0.5491,+0.0409947
+0.5495,+0.246389
+0.5499,+0.652775
+0.5503,+0.995613
+0.5508,+0.956532
+0.5511,+1.25769
+0.5515,+1.10373
+0.5519,+1.05789
+0.5523,+1.25803
+0.5528,+1.59448
+0.5531,+1.58713
+0.5535,+1.55354
+0.5539,+0.962085
+0.5543,+0.589247
+0.5548,+0.489231
+0.5553,+0.0219053
+0.5555,-0.424743
+0.5559,-0.0382249
+0.5563,+0.0459933
+0.5568,-0.368117
+0.5571,-0.457357
+0.5575,-0.531504
+0.5579,-0.483625
+0.5583,-0.632885
+0.5588,-0.0639254
+0.5591,-0.00120459
+0.5595,+0.478454
+0.5599,+0.105043
+0.5603,+0.499337
+0.5608,+0.533537
+0.5611,+0.529731
+0.5615,+1.11995
+0.5619,+1.18945
+0.5623,+1.39025
+0.5628,+0.979662
+0.5631,+1.47414
+0.5635,+1.94503
+0.5639,+1.94524
+0.5643,+1.60104
+0.5648,+1.75174
+0.5651,+1.97369
+0.5655,+1.46808
+0.5659,+2.01766
+0.5663,+1.54853
+0.5668,+1.26126
+0.5671,+0.822127
+0.5675,+0.470859
+0.5679,+0.583494
+0.5683,+0.602968
+0.5688,+0.245367
+0.5691,+0.286569
+0.5695,+0.0021532
+0.5699,-0.462725
+0.5703,-0.0279433
+0.5708,-0.0206802
+0.5711,+0.588034
+0.5715,+0.274566
+0.5719,+0.649637
+0.5723,+0.314339
+0.5728,+0.214327
+0.5731,+0.255428
+0.5735,+0.340993
+0.5739,+0.324341
+0.5743,+0.42947
+0.5748,+0.446743
+0.5751,+0.319029
+0.5755,+0.228243
+0.5759,-0.126304
+0.5763,-0.0144262
+0.5768,+0.141757
+0.5771,+0.0324833
+0.5775,+0.257305
+0.5779,-0.0679191
+0.5783,-0.472734
+0.5788,-0.634745
+0.5791,-0.908784
+0.5795,-0.720283
+0.5799,-1.06695
+0.5803,-1.01336
+0.5808,-0.657215
+0.5811,-1.0728
+0.5815,-0.389947
+0.5819,-0.277961
+0.5823,-0.176321
+0.5828,+0.458009
+0.5831,+0.440592
+0.5835,+0.417955
+0.5839,+0.454259
+0.5843,+0.37595
+0.5848,+0.0699779
+0.5851,+0.195401
+0.5855,-0.695001
+0.5859,-0.722969
+0.5863,-0.679044
+0.5868,-1.12598
+0.5871,-0.906933
+0.5875,-0.790175
+0.5879,-0.651937
+0.5883,-0.545531
+0.5888,+0.407909
+0.5891,+0.611774
+0.5895,+0.811691
+0.5899,+1.03145
+0.5903,+1.28449
+0.5908,+1.57911
+0.5911,+1.68547
+0.5915,+1.84977
+0.5919,+1.91173
+0.5923,+2.13448
+0.5928,+1.42171
+0.5931,+1.49425
+0.5935,+1.78673
+0.5939,+1.94591
+0.5943,+1.94587
+0.5948,+1.94713
+0.5951,+2.04374
+0.5955,+1.943
+0.5959,+2.08407
+0.5963,+2.11863
+0.5968,+2.18759
+0.5971,+2.37385
+0.5975,+2.3522
+0.5979,+2.29073
+0.5985,+2.44377
+0.5988,+2.59503
+0.5991,+2.65401
+0.5995,+2.8266
+0.5999,+3.04233
+0.6003,+3.13086
+0.6008,+3.14576
+0.6011,+3.17149
+0.6015,+4.77725
+0.6019,+5.02132
+0.6023,+5.08527
+0.6028,+5.16245
+0.6031,+5.09066
+0.6035,+5.11227
+0.6039,+4.84312
+0.6043,+4.72252
+0.6048,+4.68945
+0.6051,+4.53313
+0.6055,+4.45025
+0.6059,+4.23701
+0.6063,+3.91304
+0.6068,+3.73673
+0.6071,+3.6225
+0.6075,+3.40207
+0.6079,+3.33408
+0.6083,+3.16444
+0.6088,+3.00723
+0.6091,+2.8268
+0.6095,+2.61202
+0.6099,+2.49835
+0.6103,+2.3928
+0.6108,+2.2013
+0.6111,+1.99908
+0.6115,+1.72017
+0.6119,+1.50575
+0.6123,+1.4041
+0.6128,+1.12182
+0.6131,+1.00395
+0.6135,+0.664462
+0.6139,+0.298979
+0.6143,+0.0525829
+0.6148,-0.337464
+0.6151,-0.706956
+0.6155,-0.853616
+0.616,-1.16488
+0.6164,-1.45075
+0.6168,-1.63459
+0.6171,-1.90132
+0.6175,-1.97291
+0.6179,-2.12921
+0.6183,-2.26345
+0.6188,-2.38277
+0.6191,-2.31909
+0.6195,-2.60953
+0.6199,-2.62783
+0.6203,-2.76252
+0.6208,-2.94973
+0.6211,-3.15071
+0.6215,-3.09689
+0.6219,-3.17483
+0.6223,-3.23207
+0.6228,-3.08948
+0.6231,-3.30375
+0.6235,-3.12755
+0.6239,-3.29414
+0.6243,-3.3528
+0.6248,-3.24369
+0.6251,-3.04948
+0.6255,-3.12586
+0.6259,-3.12115
+0.6263,-3.15128
+0.6268,-3.35449
+0.6271,-3.17241
+0.6275,-3.13746
+0.6279,-2.93154
+0.6283,-2.29906
+0.629,-2.24385
+0.6295,-2.20379
+0.6297,-2.03943
+0.63,-1.82638
+0.6305,-1.64698
+0.6309,-1.35685
+0.6311,-0.756865
+0.6315,-0.14845
+0.6319,+0.385516
+0.6323,+0.133961
+0.6328,+0.387321
+0.6332,+0.71369
+0.6335,+0.973211
+0.6339,+1.14128
+0.6343,+1.86796
+0.6348,+2.08313
+0.6351,+1.91791
+0.6355,+1.75675
+0.636,+1.6772
+0.6363,+2.01483
+0.6368,+2.18169
+0.6371,+2.35622
+0.6382,+2.54006
+0.6385,+2.92704
+0.6388,+2.63187
+0.6391,+2.91505
+0.6395,+3.07654
+0.6399,+3.30021
+0.6403,+3.51848
+0.6408,+3.57364
+0.6411,+3.90003
+0.6415,+4.12131
+0.6419,+4.38706
+0.6423,+4.48781
+0.6428,+4.78603
+0.6431,+4.85966
+0.6435,+4.94752
+0.6439,+4.95536
+0.6443,+5.14385
+0.6448,+5.35209
+0.6451,+5.4058
+0.6455,+5.4117
+0.6459,+5.33445
+0.6463,+5.30938
+0.6468,+5.25246
+0.6471,+5.28687
+0.6475,+5.41262
+0.6479,+5.53312
+0.6483,+5.48713
+0.6488,+5.38778
+0.6491,+5.43388
+0.6495,+5.51616
+0.6499,+5.54142
+0.6503,+5.58451
+0.6508,+5.63061
+0.6511,+5.65189
+0.6515,+5.74394
+0.6519,+5.67045
+0.6523,+5.54841
+0.6528,+5.56453
+0.6531,+5.56735
+0.6535,+5.42308
+0.6539,+5.46088
+0.6543,+5.43376
+0.6548,+5.41834
+0.6551,+5.45382
+0.6555,+5.26059
+0.6559,+5.30363
+0.6563,+5.27606
+0.6568,+5.29334
+0.6571,+5.19635
+0.6575,+5.1732
+0.6579,+5.14391
+0.6583,+5.06923
+0.6588,+4.99737
+0.6591,+5.04426
+0.6595,+5.12904
+0.6599,+5.05383
+0.6603,+5.17131
+0.6608,+5.18486
+0.6611,+5.19334
+0.6615,+5.23739
+0.6619,+5.32788
+0.6623,+5.54381
+0.6628,+6.11091
+0.6631,+6.14245
+0.6635,+6.15659
+0.6639,+6.16141
+0.6643,+6.24701
+0.6648,+6.21425
+0.6651,+6.22809
+0.6655,+6.17349
+0.6659,+6.10979
+0.6664,+5.96989
+0.6668,+5.46983
+0.6671,+5.4243
+0.6675,+5.357
+0.6679,+5.32728
+0.6683,+5.69489
+0.6688,+5.70504
+0.6691,+5.71338
+0.6695,+5.74938
+0.6699,+5.78496
+0.6703,+5.77358
+0.6708,+5.76258
+0.6711,+5.65002
+0.6715,+5.51812
+0.6719,+5.84344
+0.6723,+5.33053
+0.6728,+5.28793
+0.6731,+5.22146
+0.6735,+5.2171
+0.6739,+5.04823
+0.6743,+5.04666
+0.6748,+5.06083
+0.6751,+4.92239
+0.6755,+5.04028
+0.6759,+4.66535
+0.6763,+4.54087
+0.6768,+4.45378
+0.6771,+4.49266
+0.6775,+4.54958
+0.6779,+4.95501
+0.6783,+4.91127
+0.6788,+4.82853
+0.6791,+4.90692
+0.6795,+4.92845
+0.6799,+5.00402
+0.6803,+5.05884
+0.6808,+5.21288
+0.6811,+5.15982
+0.6815,+5.56283
+0.6819,+5.64564
+0.6823,+5.7425
+0.6828,+5.91561
+0.6831,+5.90582
+0.6835,+5.77921
+0.6839,+6.1406
+0.6843,+6.21874
+0.6848,+6.26329
+0.6851,+6.33818
+0.6855,+5.92507
+0.6859,+5.54905
+0.6863,+5.69436
+0.6868,+5.57784
+0.6871,+5.7824
+0.6875,+5.90801
+0.6879,+5.82593
+0.6883,+5.76564
+0.6888,+5.83127
+0.6891,+5.93604
+0.6895,+5.99385
+0.6899,+6.16001
+0.6903,+6.14187
+0.6908,+6.40689
+0.6911,+6.58641
+0.6915,+6.67437
+0.6919,+6.43216
+0.6923,+7.17612
+0.6928,+7.26693
+0.6931,+7.25502
+0.6935,+7.4028
+0.6939,+7.35541
+0.6943,+7.42554
+0.6948,+7.43122
+0.6951,+7.35755
+0.6955,+7.568
+0.6959,+7.7947
+0.6963,+7.29504
+0.6968,+7.39147
+0.6971,+7.62889
+0.6975,+7.68456
+0.6979,+7.77062
+0.6983,+7.79529
+0.6988,+7.79624
+0.6991,+7.85627
+0.6995,+7.79313
+0.6999,+7.82144
+0.7003,+7.90305
+0.7008,+7.81731
+0.7011,+7.72349
+0.7015,+7.73829
+0.7019,+7.81393
+0.7023,+7.74263
+0.7026,+7.72197
+0.7031,+7.64921
+0.7035,+7.60297
+0.7039,+7.50669
+0.7043,+7.29922
+0.7046,+7.5955
+0.7051,+7.48318
+0.7055,+7.38731
+0.7059,+7.20784
+0.7063,+7.12907
+0.7066,+6.89568
+0.7073,+6.72455
+0.7075,+6.51458
+0.7079,+6.24498
+0.7083,+6.19923
+0.7087,+5.7892
+0.7092,+5.68486
+0.7095,+5.34002
+0.7099,+5.15396
+0.7103,+4.93701
+0.7106,+4.70008
+0.7111,+4.44638
+0.7115,+4.3789
+0.712,+4.19923
+0.7123,+3.94498
+0.7128,+3.49204
+0.7131,+3.15362
+0.7135,+2.95853
+0.7139,+2.6416
+0.7143,+2.37482
+0.7148,+2.24329
+0.7151,+2.01642
+0.7155,+1.73497
+0.7159,+1.41576
+0.7163,+1.11189
+0.7168,+0.81579
+0.7171,+0.528409
+0.7175,+0.371719
+0.7179,+0.152585
+0.7183,-0.181884
+0.7188,-0.569135
+0.7191,-0.830373
+0.7195,-1.14395
+0.7199,-1.43607
+0.7203,-1.71967
+0.7208,-1.62978
+0.7211,-1.75877
+0.7215,-2.17881
+0.7219,-2.35899
+0.7223,-2.5785
+0.7228,-2.69315
+0.7231,-2.89342
+0.7235,-3.14964
+0.7239,-3.24859
+0.7243,-3.52552
+0.7246,-3.42426
+0.7251,-3.68182
+0.7255,-3.75923
+0.7259,-4.04588
+0.7263,-4.15232
+0.7268,-4.31581
+0.7271,-3.96744
+0.7277,-4.15904
+0.7279,-3.81133
+0.7283,-3.82298
+0.7288,-4.62302
+0.7291,-4.81208
+0.7295,-4.38952
+0.7299,-4.50598
+0.7303,-4.62218
+0.7308,-4.80314
+0.7311,-4.97868
+0.7315,-5.13905
+0.7319,-5.74804
+0.7323,-5.84866
+0.7326,-5.92646
+0.7332,-5.96255
+0.7335,-6.56005
+0.7339,-6.57613
+0.7343,-6.73728
+0.7348,-6.91332
+0.7352,-7.44447
+0.7355,-7.58352
+0.7359,-7.68859
+0.7363,-7.76287
+0.7366,-7.87832
+0.7371,-7.93869
+0.7375,-8.21125
+0.7379,-8.37436
+0.7383,-8.35544
+0.7388,-8.38286
+0.7391,-8.4464
+0.7395,-8.41594
+0.7406,-8.44108
+0.7408,-8.47856
+0.7412,-8.44507
+0.7415,-8.39745
+0.7419,-8.2767
+0.7423,-8.30728
+0.7426,-8.31915
+0.7431,-8.26895
+0.7435,-8.32992
+0.7439,-7.76983
+0.7443,-7.79773
+0.7446,-7.80031
+0.7452,-7.75368
+0.7455,-7.90864
+0.7459,-7.60423
+0.7463,-7.59694
+0.7466,-7.81555
+0.7471,-7.83018
+0.7475,-7.85248
+0.7479,-8.09967
+0.7483,-8.10542
+0.7488,-8.21154
+0.7491,-8.26921
+0.7495,-8.00353
+0.7499,-8.32362
+0.7503,-8.38091
+0.7506,-8.19416
+0.7511,-8.15207
+0.7515,-7.60292
+0.7519,-7.43
+0.7523,-7.53992
+0.7526,-7.49063
+0.7531,-6.87916
+0.7535,-7.14682
+0.7539,-7.24147
+0.7543,-6.92282
+0.7546,-6.7381
+0.7551,-6.56256
+0.7555,-6.75246
+0.7559,-7.11161
+0.7563,-6.87726
+0.7566,-6.91299
+0.7571,-7.57209
+0.7575,-7.44535
+0.7579,-7.10685
+0.7583,-7.3037
+0.7588,-7.00825
+0.7591,-7.15509
+0.7595,-7.08882
+0.7599,-7.04737
+0.7603,-6.98657
+0.7606,-6.62167
+0.7611,-6.36822
+0.7615,-6.29162
+0.7619,-6.15516
+0.7623,-5.61161
+0.7626,-5.94235
+0.7631,-5.89086
+0.7635,-6.11546
+0.7639,-5.80908
+0.7643,-5.73701
+0.7646,-5.70215
+0.7652,-5.41242
+0.7655,-5.15925
+0.7659,-5.05472
+0.7663,-5.17484
+0.7666,-5.05736
+0.7671,-4.26686
+0.7675,-3.50091
+0.7679,-3.53572
+0.7683,-3.05653
+0.7688,-2.79955
+0.7692,-2.78062
+0.7695,-2.80746
+0.7699,-3.01561
+0.7703,-3.14706
+0.7706,-3.1536
+0.7712,-3.45501
+0.7715,-3.79169
+0.7719,-3.17305
+0.7723,-2.92554
+0.7726,-3.14944
+0.7735,-3.03556
+0.7738,-2.7855
+0.7742,-2.2865
+0.7744,-2.07469
+0.7746,-1.94927
+0.7751,-1.89077
+0.7755,-1.44346
+0.7759,-1.44669
+0.7763,-1.94006
+0.7766,-1.3141
+0.7772,-1.1814
+0.7775,-0.841282
+0.778,-0.98999
+0.7783,-1.13717
+0.7788,-1.13831
+0.7792,-1.20372
+0.7795,-1.47791
+0.7806,-2.03841
+0.7812,-1.985
+0.7814,-2.25238
+0.7817,-2.4098
+0.7819,-2.81568
+0.7823,-2.27836
+0.7826,-2.09257
+0.7832,-1.47285
+0.7835,-1.0045
+0.7839,-1.35722
+0.7844,-0.820662
+0.7848,-0.781478
+0.7852,-0.931794
+0.7855,-0.564184
+0.7864,-0.792786
+0.7867,-1.28119
+0.7869,-0.967267
+0.7872,-0.963209
+0.7875,-1.45946
+0.7879,-1.3862
+0.7883,-1.46691
+0.7888,-0.87422
+0.7892,-0.641625
+0.7895,-0.795488
+0.7899,-0.642911
+0.7903,-0.741738
+0.7906,-0.924965
+0.7912,-1.37098
+0.7915,-1.15923
+0.7919,-1.09665
+0.7923,-1.48892
+0.7926,-1.77551
+0.7932,-1.97733
+0.7935,-1.87641
+0.7939,-1.54041
+0.7943,-1.25639
+0.7946,-0.993264
+0.7952,-0.688481
+0.7955,-0.529508
+0.7959,-0.00874124
+0.7963,+0.341212
+0.7966,+0.417801
+0.7972,+0.808274
+0.7975,+0.940335
+0.7979,+1.29587
+0.7983,+1.3718
+0.7986,+1.75458
+0.7992,+2.21316
+0.7995,+2.42712
+0.7999,+2.36945
+0.8003,+2.65017
+0.8006,+2.81505
+0.8012,+2.81865
+0.8015,+2.9356
+0.8019,+2.91083
+0.8023,+3.13584
+0.8027,+3.02373
+0.8032,+2.85901
+0.8035,+2.96811
+0.8039,+3.06264
+0.8043,+3.14686
+0.8047,+3.20865
+0.8052,+3.22186
+0.8055,+3.228
+0.8059,+3.26831
+0.8063,+3.12353
+0.8066,+3.32344
+0.8072,+3.02798
+0.8075,+2.86455
+0.8079,+2.86089
+0.8084,+2.7266
+0.8087,+2.78801
+0.8092,+3.03157
+0.8095,+3.06955
+0.8099,+3.13516
+0.8103,+3.41977
+0.8107,+3.26086
+0.8112,+3.61547
+0.8115,+3.86696
+0.8119,+4.10344
+0.8123,+4.58583
+0.8127,+4.91619
+0.8132,+4.77701
+0.8135,+4.81553
+0.8139,+4.88046
+0.8143,+4.87594
+0.8147,+4.91693
+0.8152,+4.75239
+0.8155,+4.80831
+0.8159,+4.63553
+0.8163,+4.76702
+0.8167,+4.7225
+0.8172,+5.01503
+0.8175,+5.12648
+0.8179,+5.30323
+0.8183,+5.59679
+0.8188,+5.87852
+0.8192,+6.34575
+0.8195,+6.76104
+0.8199,+6.8855
+0.8203,+6.51957
+0.8207,+6.59668
+0.8212,+6.5239
+0.8215,+6.8719
+0.8219,+6.91617
+0.8223,+6.93571
+0.8227,+6.82516
+0.8232,+6.89032
+0.8235,+6.5135
+0.8239,+6.92742
+0.8243,+7.43946
+0.8247,+7.44704
+0.8252,+7.78929
+0.8255,+7.66129
+0.8259,+7.85957
+0.8263,+8.21701
+0.8267,+8.15472
+0.8272,+8.45969
+0.8275,+9.05324
+0.8279,+8.89268
+0.8283,+8.72964
+0.8288,+8.65561
+0.8292,+8.61924
+0.8295,+8.79082
+0.8299,+9.03136
+0.8303,+8.94256
+0.8307,+9.04989
+0.8312,+9.09661
+0.8315,+8.74456
+0.8319,+8.77549
+0.8323,+8.64018
+0.8327,+8.68798
+0.8332,+8.72693
+0.8335,+8.69441
+0.8339,+8.51845
+0.8343,+8.2396
+0.8347,+8.37023
+0.8352,+7.98926
+0.8355,+8.31666
+0.8359,+8.26507
+0.8363,+8.26236
+0.8367,+8.34639
+0.8372,+8.21765
+0.8375,+8.25023
+0.8379,+8.08279
+0.8383,+7.99043
+0.8388,+7.99685
+0.8392,+7.931
+0.8395,+7.42356
+0.8399,+7.54256
+0.8403,+7.62761
+0.8407,+7.54405
+0.8412,+7.83337
+0.8415,+7.93771
+0.8419,+7.90701
+0.843,+7.94679
+0.8432,+7.94861
+0.8434,+8.13365
+0.8436,+8.56835
+0.8439,+8.70906
+0.8443,+8.65386
+0.8446,+8.5526
+0.8452,+8.46424
+0.8455,+8.17508
+0.8459,+7.9425
+0.8463,+7.91054
+0.8467,+7.81477
+0.8472,+8.03766
+0.8475,+7.48715
+0.8479,+7.03423
+0.8483,+7.15879
+0.8487,+7.56733
+0.8493,+7.25494
+0.8495,+7.02575
+0.8499,+7.44225
+0.8503,+7.4399
+0.851,+7.26115
+0.8513,+6.82071
+0.8515,+6.77237
+0.8519,+6.69625
+0.8523,+6.1455
+0.8527,+5.51326
+0.8532,+5.23988
+0.8535,+5.08733
+0.8539,+4.40242
+0.8543,+3.91955
+0.8547,+3.71315
+0.8552,+3.55538
+0.8555,+3.32581
+0.8559,+3.5182
+0.8563,+3.38913
+0.8567,+3.1711
+0.8574,+3.02068
+0.8577,+2.97442
+0.8579,+2.86617
+0.8583,+2.72955
+0.8587,+2.73753
+0.8592,+2.24575
+0.8595,+2.52381
+0.8599,+1.92008
+0.8603,+1.70724
+0.8607,+1.76736
+0.8612,+1.56742
+0.8615,+1.334
+0.8619,+1.6947
+0.8623,+1.89731
+0.8627,+1.5455
+0.8632,+1.4997
+0.8635,+0.760758
+0.8639,+0.616731
+0.8643,+0.587722
+0.8647,+0.160525
+0.8652,-0.0308002
+0.8655,-0.222801
+0.8659,-0.789986
+0.8663,-1.22506
+0.8667,-1.41776
+0.8672,-1.58678
+0.8675,-1.58513
+0.8679,-1.54961
+0.8683,-1.67807
+0.8687,-1.48044
+0.8692,-1.4305
+0.8695,-1.41586
+0.8699,-1.32154
+0.8703,-1.27237
+0.8707,-1.12635
+0.8712,-0.979448
+0.8715,-0.785764
+0.8719,-0.702896
+0.8723,-0.536666
+0.8727,-0.520811
+0.8732,-0.275131
+0.8735,-0.00240813
+0.8739,-0.0234006
+0.8743,+0.212182
+0.8747,+0.406182
+0.8752,+0.522722
+0.8755,+0.742731
+0.8759,+1.09282
+0.8763,+1.49888
+0.8767,+1.69544
+0.8772,+1.91857
+0.8775,+2.03716
+0.8779,+2.37513
+0.8783,+2.74358
+0.8787,+2.89599
+0.8792,+3.30375
+0.8797,+3.54973
+0.8799,+3.73903
+0.8803,+3.90333
+0.8807,+4.23327
+0.8812,+4.44634
+0.8815,+5.08966
+0.8819,+5.39303
+0.8823,+5.54515
+0.8827,+6.24856
+0.8832,+6.5508
+0.8835,+6.74861
+0.8839,+6.98223
+0.8843,+7.11251
+0.8851,+7.79549
+0.8853,+8.04247
+0.8857,+7.90593
+0.8859,+8.15668
+0.8863,+8.28396
+0.8867,+8.1037
+0.8872,+8.13367
+0.8875,+8.2874
+0.8879,+8.24521
+0.8883,+8.45853
+0.8887,+8.28876
+0.8892,+8.9074
+0.8895,+8.97621
+0.8899,+9.03417
+0.8903,+9.09759
+0.8907,+9.20438
+0.8912,+9.65794
+0.8915,+9.67594
+0.8919,+10.2193
+0.8923,+10.1073
+0.8927,+9.81329
+0.893,+9.45499
+0.8935,+9.37721
+0.8939,+9.15293
+0.8943,+9.05338
+0.8947,+8.95702
+0.8952,+8.44951
+0.8955,+8.46921
+0.8959,+7.87691
+0.8963,+7.79842
+0.8967,+7.76566
+0.897,+7.54274
+0.8975,+7.84319
+0.8979,+7.81317
+0.8983,+7.7445
+0.8987,+8.10603
+0.8992,+7.87134
+0.8995,+7.69346
+0.8999,+7.52993
+0.9003,+7.40959
+0.9007,+7.28627
+0.901,+7.00917
+0.9015,+6.51494
+0.902,+6.39568
+0.9023,+6.28694
+0.9027,+5.63683
+0.9032,+5.99688
+0.9035,+5.73484
+0.9039,+5.72689
+0.9043,+5.50109
+0.9047,+5.25539
+0.9052,+5.03973
+0.9055,+4.8849
+0.9059,+4.64125
+0.9063,+4.29369
+0.9067,+4.19009
+0.9072,+3.62873
+0.9075,+3.45067
+0.9079,+3.23663
+0.9083,+3.18642
+0.9087,+3.03069
+0.909,+2.91018
+0.9097,+2.75422
+0.91,+2.43061
+0.9103,+2.24502
+0.9107,+1.9699
+0.9112,+1.70143
+0.9115,+1.40994
+0.9119,+1.16589
+0.9123,+0.938293
+0.9127,+0.701944
+0.9132,+0.579608
+0.9135,+0.278401
+0.9139,+0.212804
+0.9143,+0.0681765
+0.9147,-0.22864
+0.9152,-0.406354
+0.9155,-0.507962
+0.9159,-0.58289
+0.9163,-0.758281
+0.9167,-0.756246
+0.9171,-1.0021
+0.9175,-1.23854
+0.9179,-1.31998
+0.9183,-0.886425
+0.9187,-1.01078
+0.9192,-1.14548
+0.9196,-0.715734
+0.9199,-1.01036
+0.9203,-1.12357
+0.9207,-1.14863
+0.9212,-1.27741
+0.9215,-0.905647
+0.9219,-1.11695
+0.9223,-1.91686
+0.9227,-1.60201
+0.9232,-1.6334
+0.9235,-2.05816
+0.9239,-1.89617
+0.9243,-2.08299
+0.9247,-2.46544
+0.9251,-2.61888
+0.9255,-3.14977
+0.9259,-3.17502
+0.9263,-3.1978
+0.9267,-3.58251
+0.9272,-3.43449
+0.9275,-3.76162
+0.9279,-3.74288
+0.9283,-3.45746
+0.9287,-3.38968
+0.9292,-3.02064
+0.9296,-2.63765
+0.9299,-2.46639
+0.9303,-2.39246
+0.9307,-2.14417
+0.9312,-1.76991
+0.9315,-1.41839
+0.9319,-1.60531
+0.9323,-1.49481
+0.9327,-1.24184
+0.933,-1.19703
+0.9335,-1.10224
+0.9339,-0.975309
+0.9343,-0.654267
+0.9347,-0.842417
+0.9352,-0.972349
+0.9355,-0.805681
+0.9359,-0.417853
+0.9363,-0.228137
+0.9367,-0.019524
+0.9372,+0.166277
+0.9375,+0.452644
+0.9379,+0.693081
+0.9383,+0.880645
+0.9387,+1.37201
+0.9392,+1.23339
+0.9395,+1.66701
+0.9399,+1.56418
+0.9404,+1.5896
+0.9408,+1.69724
+0.9412,+1.83043
+0.9415,+1.72342
+0.9419,+1.6646
+0.9423,+2.16133
+0.9427,+2.42929
+0.9432,+2.65849
+0.9435,+2.83351
+0.9439,+3.32973
+0.9443,+3.55998
+0.9454,+3.61215
+0.9456,+3.5306
+0.9459,+3.81297
+0.9463,+3.79164
+0.9467,+3.28388
+0.9472,+3.47001
+0.9475,+3.49421
+0.9479,+3.09362
+0.9483,+3.40517
+0.9487,+3.25437
+0.949,+3.19414
+0.9495,+3.17918
+0.9499,+2.9442
+0.9503,+3.07544
+0.9507,+3.73087
+0.9512,+3.20397
+0.9515,+3.16601
+0.9519,+3.15879
+0.9523,+2.57006
+0.9527,+3.05662
+0.9532,+2.98833
+0.9535,+3.05212
+0.9539,+2.87983
+0.9543,+2.67326
+0.9547,+2.15363
+0.9552,+2.24638
+0.9555,+2.71211
+0.9559,+2.64025
+0.9563,+2.58825
+0.9567,+1.9281
+0.957,+1.81872
+0.9575,+1.63778
+0.9579,+2.14678
+0.9583,+2.43005
+0.9587,+2.27662
+0.9592,+2.10188
+0.9595,+2.01688
+0.9599,+1.79076
+0.9603,+2.09875
+0.9608,+2.22755
+0.9612,+2.19298
+0.9615,+2.22195
+0.9619,+2.19623
+0.9623,+2.08791
+0.9627,+2.26727
+0.9632,+2.57398
+0.9635,+2.2258
+0.9639,+2.63488
+0.9643,+2.47235
+0.9647,+2.69536
+0.965,+2.80815
+0.9655,+2.94484
+0.9659,+2.58774
+0.9663,+2.27398
+0.9667,+2.00438
+0.9672,+1.74673
+0.9675,+1.96909
+0.9679,+1.73716
+0.9683,+1.65792
+0.9687,+1.2406
+0.9692,+0.960071
+0.9695,+0.818292
+0.9699,+1.0466
+0.9703,+1.17508
+0.9709,+1.27737
+0.9712,+1.28849
+0.9715,+0.939943
+0.9719,+1.02851
+0.9723,+1.34088
+0.9727,+1.54132
+0.973,+1.76525
+0.9735,+1.77936
+0.9739,+1.32944
+0.9743,+1.52135
+0.9747,+1.4613
+0.9752,+1.86066
+0.9755,+2.18128
+0.9759,+2.15456
+0.9763,+1.82524
+0.9767,+1.64268
+0.9772,+1.85583
+0.9775,+2.04364
+0.9779,+2.42694
+0.9783,+2.57551
+0.9787,+2.80659
+0.9792,+2.54771
+0.9795,+2.42515
+0.9799,+2.39579
+0.9803,+2.55397
+0.9807,+2.74099
+0.9812,+2.78252
+0.9815,+2.64262
+0.9819,+2.59981
+0.9823,+2.64862
+0.9827,+3.18432
+0.9832,+3.30602
+0.9835,+3.35408
+0.9839,+3.59913
+0.9843,+3.98088
+0.9847,+4.01018
+0.9852,+4.15568
+0.9855,+4.24765
+0.9859,+4.14954
+0.9863,+4.00079
+0.9867,+3.63358
+0.9872,+3.63063
+0.9875,+4.02633
+0.9879,+3.87629
+0.9883,+3.62152
+0.9887,+3.63709
+0.989,+3.35298
+0.9895,+3.29925
+0.9899,+3.35508
+0.9903,+3.576
+0.9908,+3.28412
+0.9912,+3.16964
+0.9915,+2.6538
+0.9919,+2.64873
+0.9923,+2.37627
+0.9927,+2.25335
+0.993,+2.34025
+0.9935,+2.88732
+0.9939,+2.74628
+0.9943,+2.34504
+0.9947,+2.2913
+0.9952,+2.67332
+0.9955,+2.57628
+0.9959,+2.49457
+0.9963,+2.44048
+0.9967,+2.34853
+0.997,+2.12481
+0.9975,+1.44629
+0.9979,+1.40657
+0.9983,+1.43407
+0.9987,+1.43393
+0.9992,+0.843347
+0.9995,+0.743703
+0.9999,+0.526751
+1.0003,+0.357885
+1.0007,+0.189886
+1.0012,+0.120609
+1.0015,-0.0127627
+1.0019,+0.0403082
+1.0023,-0.104362
+1.0027,-0.26521
+1.003,-0.676097
+1.0035,-0.140813
+1.0039,-0.278714
+1.0043,-0.361816
+1.0047,-0.29093
+1.005,-0.493626
+1.0055,-0.606951
+1.0059,-0.402835
+1.0063,-0.555117
+1.0067,-0.0288231
+1.0072,-0.198448
+1.0075,-0.881827
+1.0079,-0.826685
+1.0083,-1.0049
+1.0087,-1.26845
+1.009,-1.07058
+1.0095,-0.433087
+1.0099,-1.05441
+1.0103,-1.16842
+1.0107,-1.23773
+1.011,-1.18003
+1.0115,-1.23952
+1.0119,-1.411
+1.0123,-1.29141
+1.0127,-1.22588
+1.013,-1.34649
+1.0135,-2.01099
+1.0139,-1.92775
+1.0143,-1.58928
+1.0147,-2.0944
+1.015,-1.82567
+1.0155,-1.92865
+1.0159,-1.52734
+1.0163,-1.54409
+1.0167,-1.16565
+1.017,-0.85158
+1.0175,-0.178699
+1.0179,-0.174752
+1.0183,-0.240585
+1.0187,+0.0330938
+1.019,-0.209725
+1.0196,+0.580519
+1.0199,+0.309792
+1.0203,+0.547231
+1.0207,+0.412039
+1.0212,+0.253669
+1.0215,+0.0521431
+1.0219,+0.245629
+1.0223,+0.281673
+1.0227,+0.226749
+1.023,+0.378835
+1.0235,-0.275833
+1.0239,-0.0886402
+1.0243,-0.091726
+1.0247,-0.0515895
+1.025,+0.444085
+1.0255,+0.236286
+1.0259,+0.0650027
+1.0263,-0.0342265
+1.0267,+0.366636
+1.0272,+1.0104
+1.0275,+1.15412
+1.0279,+1.0253
+1.0283,+0.866612
+1.0287,+0.915247
+1.029,+0.343417
+1.0295,+0.235928
+1.0299,+0.476054
+1.0303,+0.547943
+1.0307,+0.104341
+1.031,-0.722699
+1.0317,-0.856548
+1.032,-0.975623
+1.0323,-1.08565
+1.0327,-1.37563
+1.0332,-0.890987
+1.0335,-0.943571
+1.0339,-1.25358
+1.0343,-1.46903
+1.0347,-1.75141
+1.035,-1.79661
+1.0355,-1.95589
+1.0359,-2.03941
+1.0363,-2.13273
+1.0367,-1.66959
+1.037,-2.31227
+1.0376,-2.55738
+1.0379,-2.68861
+1.0383,-2.49087
+1.0387,-2.65756
+1.039,-2.78725
+1.0395,-2.86912
+1.0399,-2.9852
+1.0403,-2.56645
+1.0407,-2.62298
+1.041,-2.65832
+1.0415,-2.72916
+1.0419,-2.5424
+1.0423,-2.97043
+1.0427,-3.04764
+1.043,-2.44359
+1.0438,-2.60508
+1.0442,-2.74961
+1.0444,-3.27022
+1.0447,-3.68716
+1.045,-3.96918
+1.0455,-3.77092
+1.0459,-3.79611
+1.0463,-3.67398
+1.0467,-3.09019
+1.0478,-3.422
+1.048,-3.07212
+1.0483,-2.8539
+1.0487,-2.93688
+1.049,-2.47909
+1.0495,-2.0104
+1.0499,-1.92587
+1.0503,-2.22368
+1.0507,-2.0447
+1.051,-2.2483
+1.0517,-2.51683
+1.052,-2.63786
+1.0523,-2.43864
+1.0527,-2.03585
+1.053,-2.35154
+1.0535,-2.23779
+1.0539,-2.33028
+1.0543,-2.18533
+1.0547,-1.99622
+1.055,-1.97203
+1.0555,-1.62944
+1.0559,-1.27295
+1.0563,-0.982848
+1.0567,-0.457112
+1.057,-0.284497
+1.0575,-0.345368
+1.0579,+0.371275
+1.0583,+1.29068
+1.0587,+1.36993
+1.059,+1.75701
+1.0595,+1.76163
+1.0599,+1.96572
+1.0603,+1.84269
+1.0607,+1.5673
+1.061,+1.34453
+1.0615,+1.7031
+1.0619,+1.64841
+1.0623,+1.53221
+1.0627,+1.75266
+1.063,+1.51806
+1.0635,+2.20951
+1.0639,+2.14902
+1.0643,+2.2583
+1.0647,+2.64812
+1.065,+2.79055
+1.0655,+2.70643
+1.0659,+2.4239
+1.0663,+2.03649
+1.0667,+1.77342
+1.067,+2.35812
+1.0675,+1.9764
+1.0679,+2.31154
+1.0683,+2.83994
+1.0687,+2.34232
+1.069,+2.20811
+1.0695,+1.90125
+1.0699,+1.83815
+1.0703,+2.3262
+1.0707,+2.24101
+1.071,+1.49786
+1.0715,+1.10649
+1.0719,+0.782333
+1.0723,-0.079369
+1.0727,-0.247341
+1.073,-0.228608
+1.0735,-0.249532
+1.0739,-0.443957
+1.0743,-1.13102
+1.0747,-1.15232
+1.075,-0.672073
+1.0755,-0.379098
+1.0759,-0.766875
+1.0763,-0.424686
+1.0767,-0.375621
+1.077,-0.418451
+1.0775,-0.402647
+1.0779,-0.510984
+1.0783,-0.51433
+1.0787,-0.712444
+1.079,-1.32878
+1.0795,-1.76145
+1.0799,-1.75727
+1.0803,-2.09678
+1.0807,-1.66498
+1.081,-1.59657
+1.0815,-1.56345
+1.0819,-0.828757
+1.0824,-0.224044
+1.0827,-0.188007
+1.083,+0.229668
+1.0835,+0.500888
+1.0839,+0.893264
+1.0843,+1.30429
+1.0847,+0.950383
+1.085,+0.942122
+1.0855,+1.00972
+1.0859,+0.579233
+1.0863,+0.19104
+1.0867,+0.450158
+1.087,+0.616931
+1.0875,+0.710508
+1.0879,+0.685758
+1.0883,+0.588617
+1.0887,+1.06397
+1.089,+1.32575
+1.0895,+1.49972
+1.0899,+1.67249
+1.0903,+1.88089
+1.0907,+2.14658
+1.091,+2.64537
+1.0915,+2.7777
+1.0919,+3.06213
+1.0923,+3.33569
+1.0927,+3.25941
+1.093,+3.33035
+1.0935,+4.04505
+1.0939,+4.27005
+1.0943,+4.42676
+1.0947,+4.57004
+1.095,+4.11113
+1.0955,+4.90303
+1.0959,+5.07103
+1.0963,+5.23821
+1.0967,+5.36876
+1.097,+5.73068
+1.0975,+5.93248
+1.0979,+5.94203
+1.0983,+6.04413
+1.0987,+6.67397
+1.0992,+7.07552
+1.0995,+6.6594
+1.0999,+6.55379
+1.1003,+6.53753
+1.1007,+6.59092
+1.101,+6.49864
+1.1015,+6.15446
+1.1019,+6.49835
+1.1023,+6.73993
+1.1027,+6.29982
+1.103,+6.09647
+1.1035,+5.85682
+1.1039,+6.12194
+1.1043,+6.44648
+1.1047,+6.8155
+1.105,+6.6248
+1.1055,+6.46741
+1.1059,+5.9989
+1.1063,+5.61356
+1.1067,+5.27174
+1.107,+5.06864
+1.1075,+4.95205
+1.1079,+4.71976
+1.1083,+4.20731
+1.1087,+4.13076
+1.109,+4.23745
+1.1095,+3.69491
+1.1099,+3.55148
+1.1103,+3.29845
+1.1107,+3.08917
+1.111,+3.29788
+1.1115,+3.66331
+1.1119,+3.4084
+1.1123,+3.70402
+1.1128,+3.07438
+1.1132,+2.85129
+1.1135,+2.70821
+1.1139,+2.67846
+1.1143,+2.82525
+1.1147,+2.66435
+1.115,+1.90751
+1.1155,+1.1811
+1.1159,+1.14237
+1.1163,+0.358827
+1.1167,+0.647968
+1.117,+1.00263
+1.1175,+0.928736
+1.1179,+1.1998
+1.1183,+0.990584
+1.1187,+1.49761
+1.119,+1.7893
+1.1195,+1.62016
+1.1199,+1.83728
+1.1203,+1.88821
+1.1207,+1.25869
+1.121,+0.517824
+1.1215,+0.756047
+1.1219,+0.775135
+1.1223,+0.595226
+1.1227,+0.703928
+1.123,+0.45694
+1.1235,+0.828188
+1.1239,+0.885966
+1.1243,+0.891838
+1.1247,+0.899719
+1.125,+1.23863
+1.1255,+1.62529
+1.1259,+1.73301
+1.1263,+2.41454
+1.1267,+2.04584
+1.127,+2.78679
+1.1275,+2.59891
+1.1279,+2.14857
+1.1283,+2.88254
+1.1287,+3.24333
+1.129,+3.09354
+1.1295,+2.96373
+1.1299,+2.74091
+1.1303,+2.22059
+1.1307,+2.40874
+1.131,+2.12354
+1.1315,+2.83622
+1.1319,+3.24496
+1.1323,+2.99017
+1.1328,+2.81809
+1.133,+3.04744
+1.1335,+2.93397
+1.1339,+3.35308
+1.1343,+3.78376
+1.1347,+3.85941
+1.135,+3.89115
+1.1355,+3.58688
+1.1359,+3.39075
+1.1363,+3.46412
+1.1367,+4.01917
+1.137,+4.4076
+1.1375,+4.53894
+1.1379,+4.61082
+1.1383,+4.73688
+1.1387,+4.64226
+1.139,+4.91535
+1.1395,+4.90622
+1.1399,+5.05259
+1.1403,+5.5474
+1.1407,+5.32174
+1.141,+4.94411
+1.1415,+5.06628
+1.1419,+4.91358
+1.1423,+4.82724
+1.1427,+5.43219
+1.143,+5.56319
+1.1435,+5.70222
+1.1439,+5.845
+1.1443,+5.41948
+1.1447,+5.58437
+1.1452,+5.87767
+1.1455,+5.77321
+1.1459,+5.60374
+1.1463,+5.42676
+1.1467,+4.93702
+1.1471,+4.5219
+1.1475,+4.43069
+1.1479,+4.29935
+1.1483,+4.18936
+1.1487,+3.99467
+1.1491,+4.0034
+1.1502,+4.35211
+1.1504,+4.2171
+1.1507,+4.63531
+1.151,+4.64823
+1.1515,+4.96654
+1.1519,+5.30668
+1.1523,+5.33684
+1.1527,+5.42153
+1.153,+5.51176
+1.1535,+5.46234
+1.1539,+5.73917
+1.1543,+6.40577
+1.1547,+6.30766
+1.155,+6.36319
+1.1555,+6.47716
+1.1559,+7.0058
+1.1563,+7.07578
+1.1567,+6.98043
+1.157,+7.12455
+1.1575,+7.1792
+1.1579,+6.73769
+1.1583,+6.36593
+1.1587,+6.38807
+1.159,+6.55155
+1.1595,+6.48875
+1.1599,+5.96331
+1.1603,+6.05486
+1.1607,+6.36608
+1.161,+6.40811
+1.1615,+6.61887
+1.1619,+6.85735
+1.1623,+7.01612
+1.1627,+7.09214
+1.1632,+7.11442
+1.1635,+7.01018
+1.1639,+6.92386
+1.1643,+6.83282
+1.1647,+6.7359
+1.165,+6.56318
+1.1655,+6.32689
+1.1659,+6.0509
+1.1663,+5.73398
+1.1667,+5.46283
+1.167,+5.18822
+1.1675,+5.01209
+1.1679,+4.80231
+1.1683,+4.72863
+1.1687,+4.56763
+1.169,+4.44664
+1.1695,+4.16901
+1.1699,+3.99827
+1.1703,+3.62455
+1.1707,+3.36247
+1.171,+2.96442
+1.1715,+2.64369
+1.1719,+2.36575
+1.1723,+2.04231
+1.1727,+1.54327
+1.1731,+1.24838
+1.1735,+0.951391
+1.1739,+0.526373
+1.1743,+0.219834
+1.1747,-0.170659
+1.175,-0.442505
+1.1755,-0.893986
+1.1759,-1.34098
+1.1763,-1.76607
+1.1767,-1.98384
+1.177,-2.36904
+1.1775,-2.70488
+1.1779,-3.06893
+1.1783,-3.36364
+1.1787,-3.60497
+1.179,-3.89465
+1.1795,-4.05921
+1.1799,-4.25762
+1.1803,-4.47378
+1.1807,-4.8376
+1.181,-5.07833
+1.1815,-5.15864
+1.1819,-4.39138
+1.1823,-4.40202
+1.1827,-4.35809
+1.183,-4.3268
+1.1835,-4.44544
+1.1839,-4.41974
+1.1843,-4.5374
+1.1847,-4.3311
+1.185,-4.01908
+1.1855,-4.15033
+1.1859,-4.84831
+1.1863,-4.76155
+1.1867,-4.93672
+1.187,-4.86853
+1.1875,-4.1218
+1.1879,-3.80254
+1.1883,-3.27847
+1.1887,-3.06308
+1.1891,-3.24287
+1.1895,-2.71147
+1.1899,-2.29346
+1.1903,-2.09457
+1.1907,-1.50531
+1.191,-1.1703
+1.1915,-1.354
+1.1919,-1.07945
+1.1923,-1.22571
+1.1927,-1.19581
+1.193,-0.861317
+1.1936,-0.333502
+1.1939,-0.137378
+1.1943,+0.241478
+1.1947,+0.705325
+1.195,+1.31131
+1.1955,+1.41341
+1.1959,+1.36972
+1.1963,+1.85193
+1.1967,+2.0964
+1.197,+2.57315
+1.1975,+2.12807
+1.1979,+2.29107
+1.1983,+2.1185
+1.1987,+1.9118
+1.199,+1.66574
+1.1995,+1.67336
+1.1999,+1.98047
+1.2003,+1.78487
+1.2007,+1.75323
+1.201,+1.58622
+1.2015,+1.70023
+1.2019,+1.49605
+1.2023,+1.80196
+1.2027,+1.61756
+1.2031,+1.7754
+1.2034,+2.00481
+1.204,+1.71019
+1.2043,+1.87001
+1.2047,+1.74026
+1.2051,+1.5941
+1.2054,+1.5721
+1.2059,+1.42128
+1.2063,+1.7703
+1.2067,+1.59771
+1.207,+1.0099
+1.2074,+0.909436
+1.2079,+1.49553
+1.2083,+2.01927
+1.2087,+2.42394
+1.209,+2.17208
+1.2094,+2.04401
+1.2099,+2.30479
+1.2103,+1.67571
+1.2107,+1.63667
+1.2111,+1.96971
+1.2116,+1.72635
+1.2119,+1.58233
+1.2123,+0.756893
+1.2127,+0.58413
+1.2131,+0.471251
+1.2136,+0.254699
+1.2139,-0.176029
+1.2143,-0.457022
+1.2147,-0.502344
+1.2151,-0.816653
+1.2155,-1.00319
+1.2159,-1.84291
+1.2163,-1.7725
+1.2167,-2.11458
+1.2171,-2.03313
+1.2175,-2.11519
+1.2179,-2.13725
+1.2183,-2.03697
+1.2187,-2.16708
+1.219,-2.30086
+1.2196,-2.28991
+1.2199,-2.06524
+1.2203,-2.09506
+1.2207,-2.15236
+1.2211,-2.30501
+1.2216,-2.20021
+1.2219,-1.49423
+1.2223,-1.6025
+1.2227,-1.51838
+1.2231,-1.55362
+1.2236,-1.57669
+1.2239,-1.80592
+1.2243,-2.04702
+1.2247,-2.03001
+1.2251,-1.91815
+1.2256,-1.85404
+1.2259,-2.56224
+1.2263,-2.57194
+1.2267,-2.65755
+1.2271,-2.71603
+1.2276,-2.75997
+1.2279,-2.6488
+1.2283,-2.55639
+1.2287,-2.51055
+1.2291,-2.5711
+1.2296,-2.68964
+1.2299,-2.67566
+1.2303,-2.66692
+1.2307,-2.54343
+1.2311,-2.40844
+1.2316,-2.37452
+1.2319,-2.32272
+1.2323,-2.30519
+1.2327,-2.32593
+1.2331,-2.20262
+1.2336,-2.20628
+1.2339,-2.1969
+1.2343,-2.02961
+1.2347,-2.03828
+1.2351,-2.10997
+1.2356,-2.09116
+1.2359,-2.03255
+1.2363,-2.07446
+1.2367,-1.98824
+1.2371,-1.90146
+1.2376,-1.70901
+1.2379,-1.71064
+1.2383,-1.78237
+1.2387,-1.77883
+1.2391,-1.68607
+1.2396,-0.956383
+1.2399,-0.70825
+1.2403,-0.285852
+1.2407,-0.216652
+1.2411,+0.0616797
+1.2416,+0.263272
+1.2419,+0.674109
+1.2423,+1.04828
+1.2427,+1.50188
+1.2431,+1.58762
+1.2436,+1.1766
+1.2439,+1.25224
+1.2443,+0.936784
+1.2447,+1.23673
+1.2451,+0.95712
+1.2456,+0.768174
+1.2459,+0.566525
+1.2463,+0.886537
+1.2467,+0.501005
+1.2471,+0.790776
+1.2474,+1.03357
+1.2479,+1.13038
+1.2483,+1.19951
+1.2487,+1.23813
+1.2491,+1.3668
+1.2494,+1.68578
+1.2499,+1.62833
+1.2503,+1.7775
+1.2507,+2.02154
+1.2511,+1.79907
+1.2516,+1.55304
+1.2526,+1.18775
+1.2529,+1.93604
+1.2531,+1.63334
+1.2534,+1.85913
+1.2539,+1.91346
+1.2543,+2.22101
+1.2547,+2.23966
+1.2551,+2.14157
+1.2554,+2.5908
+1.2559,+2.78134
+1.2563,+3.21305
+1.2567,+2.91689
+1.2571,+3.65488
+1.2574,+3.46656
+1.2579,+3.46109
+1.2583,+3.37823
+1.2587,+2.68731
+1.2591,+3.27481
+1.2594,+3.60049
+1.2599,+3.26994
+1.2603,+3.03094
+1.2607,+2.71483
+1.2611,+2.08077
+1.2616,+2.42969
+1.2619,+2.50064
+1.2623,+2.3559
+1.2627,+2.38538
+1.2631,+1.72754
+1.2634,+0.963888
+1.2639,+0.986727
+1.2643,+0.90749
+1.2647,+1.52578
+1.265,+1.40095
+1.2656,+0.922605
+1.2659,+0.553056
+1.2663,+0.367073
+1.2667,+0.160458
+1.2671,+0.110925
+1.2675,-0.0315043
+1.2679,-0.093113
+1.2683,-0.307281
+1.2687,-1.21881
+1.2691,-1.24479
+1.2696,-1.31738
+1.2699,-1.52677
+1.2703,-1.65377
+1.2707,-1.82215
+1.2711,-2.0412
+1.2716,-2.20863
+1.2719,-2.46313
+1.2723,-2.56268
+1.2727,-2.65705
+1.2731,-3.04637
+1.2734,-3.24112
+1.2739,-3.37727
+1.2743,-3.41581
+1.2747,-3.4778
+1.2751,-3.49645
+1.2754,-3.57786
+1.2759,-3.65444
+1.2763,-3.7069
+1.2767,-3.80881
+1.2771,-3.64425
+1.2774,-3.67202
+1.2779,-3.74173
+1.2783,-3.91244
+1.2787,-3.91127
+1.2791,-3.98128
+1.2794,-3.98701
+1.2799,-4.02921
+1.2803,-4.03948
+1.2807,-3.96279
+1.2811,-4.10991
+1.2816,-4.13445
+1.2819,-3.88242
+1.2823,-3.68779
+1.2827,-3.2674
+1.2831,-3.22544
+1.2834,-3.16106
+1.2839,-3.00441
+1.2843,-2.97471
+1.2848,-2.90173
+1.2851,-2.69563
+1.2854,-2.64825
+1.2859,-2.64265
+1.2863,-2.73293
+1.2867,-2.31663
+1.2871,-2.13683
+1.2874,-1.87139
+1.2879,-1.6749
+1.2883,-1.5024
+1.2887,-1.35424
+1.2891,-1.35423
+1.2894,-1.2654
+1.2899,-1.26317
+1.2903,-1.13399
+1.2907,-1.76702
+1.2911,-1.63772
+1.2916,-1.01951
+1.2919,-1.00009
+1.2923,-1.04501
+1.2927,-0.889452
+1.2931,-0.803115
+1.2934,-0.593106
+1.2939,+0.17451
+1.2943,+0.179389
+1.2947,+0.347403
+1.2951,+0.620931
+1.2956,+0.249904
+1.2959,+0.216516
+1.2963,+0.35923
+1.2967,+0.32413
+1.2971,+0.487005
+1.2974,+0.40357
+1.2979,+0.339261
+1.2983,+0.532823
+1.2987,+0.474713
+1.2991,+0.790074
+1.2994,+0.554187
+1.2999,+0.492883
+1.3003,+0.396915
+1.3007,+0.207266
+1.3011,+0.183555
+1.3014,+0.427142
+1.3019,-0.20737
+1.3023,+0.376996
+1.3027,+0.350937
+1.3031,-0.0190835
+1.3034,-0.162033
+1.3039,+0.194282
+1.3043,+0.339149
+1.3047,+0.606607
+1.3051,+0.956387
+1.3054,+0.517543
+1.3059,+0.305863
+1.3063,-0.467369
+1.3067,+0.0400116
+1.3071,-0.559624
+1.3074,+0.0441243
+1.3079,-0.475722
+1.3083,-0.676968
+1.3087,-1.1812
+1.3091,-1.88536
+1.3094,-1.92937
+1.3099,-2.05267
+1.3103,-1.43548
+1.3107,-2.34447
+1.3111,-2.43613
+1.3116,-3.17368
+1.3119,-3.34466
+1.3123,-3.71452
+1.3127,-3.88849
+1.3131,-4.10985
+1.3134,-4.27628
+1.3139,-4.1267
+1.3143,-4.76952
+1.3147,-4.81476
+1.3153,-4.84387
+1.3156,-4.9756
+1.3159,-4.78697
+1.3163,-4.72357
+1.3167,-4.68556
+1.3171,-4.64516
+1.3174,-4.71623
+1.3179,-5.11427
+1.3183,-5.33398
+1.3187,-5.43355
+1.3191,-5.4269
+1.3194,-5.38639
+1.3199,-5.54566
+1.3203,-4.96042
+1.3207,-4.95039
+1.3211,-4.93596
+1.3216,-4.81239
+1.3219,-4.56544
+1.3223,-4.57356
+1.3227,-4.39978
+1.3231,-4.36699
+1.3234,-4.49335
+1.3239,-4.46528
+1.3243,-4.34531
+1.3247,-4.35719
+1.3251,-4.45346
+1.3254,-4.62113
+1.3259,-4.62126
+1.3263,-4.75967
+1.3267,-4.83313
+1.3271,-4.86195
+1.3274,-4.82032
+1.3279,-4.88564
+1.3283,-5.72104
+1.3287,-4.95573
+1.3291,-4.73802
+1.3294,-4.58879
+1.3299,-4.67804
+1.3303,-4.62947
+1.3307,-4.73104
+1.3311,-4.78876
+1.3316,-4.79651
+1.3319,-4.81812
+1.3323,-4.79323
+1.3327,-5.46979
+1.3331,-5.68712
+1.3334,-5.74066
+1.3339,-5.75246
+1.3343,-5.67848
+1.3347,-5.51766
+1.3351,-5.36413
+1.3356,-5.37382
+1.3359,-5.31176
+1.3363,-4.57982
+1.3367,-4.55412
+1.3371,-4.41084
+1.3374,-4.33864
+1.3379,-4.26638
+1.3383,-4.19973
+1.3387,-4.3903
+1.3391,-4.52905
+1.3394,-4.43687
+1.3399,-4.01773
+1.3403,-4.25682
+1.3407,-4.28921
+1.3411,-4.28646
+1.3414,-4.07065
+1.3419,-3.95643
+1.3423,-3.49172
+1.3427,-2.86518
+1.3431,-2.70122
+1.3434,-2.61449
+1.3439,-3.05951
+1.3443,-3.27769
+1.3447,-2.9903
+1.3451,-2.63067
+1.3454,-2.7283
+1.3461,-2.78536
+1.3463,-2.57596
+1.3467,-2.90842
+1.3471,-2.84273
+1.3474,-2.82005
+1.3479,-2.65738
+1.3483,-2.6749
+1.3487,-2.80543
+1.3491,-3.0953
+1.3494,-2.93454
+1.3499,-2.81391
+1.3503,-3.30741
+1.3507,-3.23072
+1.3511,-3.26894
+1.3516,-3.3282
+1.3519,-3.33199
+1.3523,-3.37829
+1.3527,-3.35894
+1.3531,-3.27907
+1.3534,-3.37265
+1.3539,-3.46944
+1.355,-3.71507
+1.3552,-3.77585
+1.3554,-3.86039
+1.3559,-3.01582
+1.3563,-3.07793
+1.3567,-3.22062
+1.3571,-3.34208
+1.3574,-3.35196
+1.3579,-3.46135
+1.3583,-3.50268
+1.3587,-3.42075
+1.3591,-3.53115
+1.3594,-3.40447
+1.3599,-4.36406
+1.3603,-4.40129
+1.3607,-4.39212
+1.3611,-4.41877
+1.3616,-4.62054
+1.3619,-4.56314
+1.3623,-4.72643
+1.3627,-4.48395
+1.3631,-4.51152
+1.3634,-4.71979
+1.3639,-4.36797
+1.3643,-4.66923
+1.3647,-4.72424
+1.3651,-4.95814
+1.3654,-4.2536
+1.3659,-4.65561
+1.3663,-4.78319
+1.3667,-5.30878
+1.3671,-5.41295
+1.3674,-5.57129
+1.3679,-5.71571
+1.3683,-5.71457
+1.3687,-5.87012
+1.3691,-5.91197
+1.3694,-6.69493
+1.3699,-6.61083
+1.3703,-6.30939
+1.3707,-6.47234
+1.3711,-6.29139
+1.3714,-6.05453
+1.3719,-6.18212
+1.3723,-6.09975
+1.3727,-6.1481
+1.3731,-6.16258
+1.3734,-5.8713
+1.3739,-5.6706
+1.3743,-5.59076
+1.3747,-5.1196
+1.3751,-5.26865
+1.3754,-5.18852
+1.3759,-5.20534
+1.3763,-4.90538
+1.3767,-4.55518
+1.3771,-4.13419
+1.3774,-4.11475
+1.3779,-3.55437
+1.3783,-3.52151
+1.3787,-3.37377
+1.3791,-2.97964
+1.3794,-3.22473
+1.3799,-3.38968
+1.3803,-2.81415
+1.3807,-2.60241
+1.3811,-2.00363
+1.3814,-1.73767
+1.3819,-1.88877
+1.3823,-1.77253
+1.3827,-1.94209
+1.3831,-1.90044
+1.3834,-1.73024
+1.3839,-1.27186
+1.3843,-1.93397
+1.3847,-2.13945
+1.3851,-2.09202
+1.3854,-2.37085
+1.3859,-2.38614
+1.3863,-2.25692
+1.3867,-1.50949
+1.3871,-1.29544
+1.3874,-0.81197
+1.3879,-0.654271
+1.3883,-0.488688
+1.3887,-0.322888
+1.3891,-0.559438
+1.3894,-0.41688
+1.3899,-0.433301
+1.3903,-0.29141
+1.3907,-0.591432
+1.3911,-0.957925
+1.3914,-1.18995
+1.3919,-1.28369
+1.3923,-1.23573
+1.3927,-1.38988
+1.3931,-1.52635
+1.3934,-1.37604
+1.3939,-1.30774
+1.3943,-1.43988
+1.3947,-1.74571
+1.3951,-1.40037
+1.3954,-1.29106
+1.3959,-1.47785
+1.3963,-1.65969
+1.3967,-1.59093
+1.3971,-1.93003
+1.3974,-2.35287
+1.3979,-2.73492
+1.3983,-3.05653
+1.3987,-3.33076
+1.3991,-3.9565
+1.3994,-4.3624
+1.3999,-4.70325
+1.4003,-4.78798
+1.4007,-4.98823
+1.4011,-5.27716
+1.4014,-5.49687
+1.4019,-5.51497
+1.4023,-5.73779
+1.4027,-5.85592
+1.4031,-5.85347
+1.4034,-6.13857
+1.4039,-6.35561
+1.4043,-6.73793
+1.4047,-8.84267
+1.4051,-9.05723
+1.4055,-9.25288
+1.406,-9.69059
+1.4064,-10.0061
+1.4067,-10.3018
+1.4071,-10.7484
+1.4075,-10.0594
+1.4078,-10.2223
+1.4084,-10.3345
+1.4087,-10.4428
+1.4091,-10.4787
+1.4095,-10.6367
+1.41,-10.807
+1.4103,-10.9574
+1.4107,-11.1024
+1.4111,-10.7656
+1.4115,-11.7108
+1.412,-10.7518
+1.4123,-10.8392
+1.4127,-10.9652
+1.4131,-11.1585
+1.4135,-10.6933
+1.414,-10.6121
+1.4143,-9.64519
+1.4147,-9.63699
+1.4151,-9.06968
+1.4155,-9.09997
+1.416,-10.0111
+1.4163,-9.90544
+1.4178,-9.7708
+1.418,-8.63833
+1.4182,-8.58078
+1.4184,-8.1844
+1.4187,-9.03201
+1.4191,-8.85816
+1.4195,-9.21215
+1.42,-8.0335
+1.4203,-7.89008
+1.4207,-7.59464
+1.4211,-7.02001
+1.4215,-7.40694
+1.422,-7.07377
+1.4224,-6.84002
+1.4227,-6.01904
+1.4231,-5.34726
+1.4235,-5.64419
+1.424,-5.98387
+1.4243,-5.8952
+1.4247,-5.34726
+1.4251,-5.5123
+1.4255,-5.30924
+1.426,-5.58209
+1.4263,-5.39153
+1.4267,-5.22787
+1.4271,-4.96967
+1.4275,-3.71561
+1.428,-3.44423
+1.4283,-2.8529
+1.4287,-2.66127
+1.4291,-1.96618
+1.4295,-1.71769
+1.43,-1.02043
+1.4304,-0.677839
+1.4307,+0.0160452
+1.4311,+0.246962
+1.4315,+0.422926
+1.432,+0.629968
+1.4323,+0.626383
+1.4327,+0.386219
+1.4331,+0.614378
+1.4335,+0.885813
+1.434,+1.45272
+1.4343,+1.55452
+1.4347,+1.1676
+1.4351,+1.33948
+1.4355,+0.603202
+1.436,+0.674177
+1.4364,+1.28612
+1.4367,+1.89432
+1.4371,+1.97858
+1.4375,+1.70663
+1.438,+1.83551
+1.4385,+1.90772
+1.4387,+1.82029
+1.4391,+1.86289
+1.4395,+2.44324
+1.44,+2.58893
+1.4403,+2.13364
+1.4407,+1.9082
+1.4411,+1.60882
+1.4415,+2.50943
+1.442,+2.29062
+1.4423,+2.89089
+1.4427,+2.84275
+1.4431,+2.51677
+1.4435,+2.37707
+1.444,+1.90975
+1.4443,+1.95697
+1.4447,+1.89201
+1.4451,+2.20136
+1.4455,+1.34378
+1.446,+0.642601
+1.4463,-0.386208
+1.4467,-0.657501
+1.4471,-0.763518
+1.4475,-1.19481
+1.448,-1.18024
+1.4483,-1.39942
+1.4487,-1.63611
+1.4491,-2.09261
+1.4495,-2.30826
+1.45,-2.28557
+1.4503,-2.34431
+1.4507,-2.4451
+1.4511,-2.71133
+1.4515,-2.87252
+1.452,-2.27476
+1.4523,-2.46452
+1.4527,-2.62475
+1.4531,-2.98265
+1.4535,-3.18682
+1.454,-3.52084
+1.4543,-3.76615
+1.4547,-4.0017
+1.4551,-4.2212
+1.4555,-4.4299
+1.456,-5.61141
+1.4564,-5.65868
+1.4574,-5.91878
+1.4576,-5.99582
+1.458,-6.23789
+1.4584,-6.44121
+1.4587,-6.64387
+1.4591,-6.75
+1.4595,-6.83314
+1.46,-7.0282
+1.4604,-7.1993
+1.4607,-7.59865
+1.4611,-7.84546
+1.4615,-8.19949
+1.462,-8.25528
+1.4623,-8.42629
+1.4627,-8.63514
+1.4631,-8.84792
+1.4634,-9.08631
+1.4639,-9.34275
+1.4643,-9.34985
+1.4647,-9.4747
+1.4651,-9.53063
+1.4654,-9.61314
+1.4659,-9.88219
+1.4663,-10.1064
+1.4667,-10.1559
+1.4671,-10.3564
+1.4674,-10.4711
+1.4679,-9.57273
+1.4683,-9.88816
+1.4687,-10.0893
+1.4691,-10.3097
+1.4694,-10.4329
+1.4699,-10.5495
+1.4703,-10.6706
+1.4707,-11.0509
+1.4711,-11.1644
+1.4714,-11.4008
+1.4719,-12.5881
+1.4723,-12.4987
+1.4727,-12.577
+1.4731,-11.6658
+1.4734,-11.9052
+1.4739,-12.1128
+1.4743,-12.2882
+1.4747,-12.3726
+1.4751,-12.5896
+1.4755,-12.7336
+1.4758,-12.2962
+1.4763,-11.525
+1.4767,-11.5909
+1.4771,-12.2178
+1.4774,-12.2647
+1.4779,-12.3274
+1.4783,-12.4211
+1.4787,-12.4389
+1.4791,-12.0442
+1.4794,-12.1396
+1.4799,-11.6868
+1.4803,-12.3526
+1.4807,-12.382
+1.4811,-12.9659
+1.4814,-12.4674
+1.4819,-12.2354
+1.4823,-11.6698
+1.4827,-11.1276
+1.4831,-10.3845
+1.4834,-9.86359
+1.4839,-10.5359
+1.4843,-10.514
+1.4847,-10.3747
+1.4851,-9.88459
+1.4854,-9.90491
+1.4858,-9.60686
+1.4863,-9.60672
+1.4867,-10.0894
+1.4871,-11.0702
+1.4874,-10.4511
+1.4879,-10.3213
+1.4883,-10.6587
+1.4887,-10.2489
+1.4891,-9.52159
+1.4894,-9.30951
+1.4899,-9.24562
+1.4903,-9.0688
+1.4907,-8.47663
+1.4911,-7.99799
+1.4914,-8.45369
+1.4919,-8.33137
+1.4923,-7.70253
+1.4927,-7.63314
+1.4931,-8.01833
+1.4934,-7.89218
+1.4939,-7.67063
+1.4943,-7.57061
+1.4947,-7.38195
+1.4951,-7.12171
+1.4954,-6.87173
+1.4959,-6.63798
+1.4963,-6.4858
+1.4967,-6.24324
+1.4971,-6.01537
+1.4974,-5.80614
+1.4978,-5.63742
+1.4983,-5.39834
+1.4987,-5.13875
+1.4991,-5.03477
+1.4994,-4.80323
+1.4999,-4.52792
+1.5003,-4.32021
+1.5007,-4.04517
+1.5011,-3.825
+1.5014,-3.57799
+1.5019,-3.36866
+1.5023,-3.05795
+1.5027,-2.82883
+1.5031,-2.38456
+1.5034,-2.17625
+1.5038,-1.98363
+1.5043,-1.64409
+1.5047,-1.3618
+1.5051,-1.15493
+1.5054,-1.02726
+1.5058,-1.14501
+1.5063,-0.976441
+1.5067,-0.763859
+1.5071,-0.627372
+1.5074,-0.44187
+1.5078,-0.198149
+1.5083,+0.0110299
+1.5087,+0.124303
+1.5091,+0.358939
+1.5094,+0.615759
+1.5099,+1.2438
+1.5103,+1.35461
+1.5107,+1.10694
+1.5111,+1.25596
+1.5122,+1.4759
+1.5125,+1.66462
+1.5128,+1.34792
+1.5131,+1.58182
+1.5134,+1.66243
+1.5138,+1.74178
+1.5143,+2.24547
+1.5147,+2.23853
+1.5151,+2.81814
+1.5154,+3.45643
+1.5158,+3.51256
+1.5163,+4.18622
+1.5167,+4.77696
+1.5171,+5.2719
+1.5174,+5.85823
+1.5178,+5.54257
+1.5183,+4.81814
+1.5187,+5.54702
+1.5192,+5.52765
+1.5194,+5.02335
+1.5199,+4.67203
+1.5203,+4.58438
+1.5207,+4.32168
+1.5211,+3.47443
+1.5214,+2.61499
+1.5219,+2.82615
+1.5223,+3.72309
+1.5227,+2.98186
+1.5231,+2.58308
+1.5234,+2.14979
+1.5238,+2.47618
+1.5243,+1.8136
+1.5247,+1.61682
+1.5251,+2.35412
+1.5254,+2.18026
+1.5258,+2.27138
+1.5263,+1.26883
+1.5267,+1.82807
+1.5271,+1.61201
+1.5274,+1.40833
+1.5278,+0.927018
+1.5283,+0.489443
+1.5287,+0.344012
+1.5291,-0.608322
+1.5294,-0.669022
+1.5299,-1.13087
+1.5303,-0.404391
+1.5307,-1.29958
+1.5311,-1.36669
+1.5315,-1.48349
+1.5318,-1.60674
+1.5323,-1.81382
+1.5327,-2.0197
+1.5331,-2.10777
+1.5334,-2.23215
+1.5338,-2.45996
+1.5343,-2.72108
+1.5347,-3.049
+1.5351,-3.2674
+1.5354,-3.42611
+1.5358,-3.62047
+1.5363,-3.70616
+1.5367,-3.99485
+1.5371,-4.23181
+1.5374,-4.50716
+1.5378,-4.74648
+1.5383,-5.72812
+1.5387,-5.9075
+1.5391,-6.18821
+1.5394,-6.47728
+1.5399,-6.56842
+1.5403,-6.68855
+1.5407,-6.3773
+1.5411,-6.63261
+1.5414,-6.75893
+1.5418,-6.76505
+1.5423,-6.53085
+1.5427,-6.20511
+1.5431,-5.80572
+1.5434,-5.44792
+1.5438,-4.76981
+1.5443,-4.96573
+1.5447,-5.43856
+1.5451,-4.52998
+1.5454,-4.14588
+1.5458,-3.397
+1.5463,-3.44191
+1.5467,-3.44896
+1.5471,-3.493
+1.5474,-3.48542
+1.5478,-4.006
+1.5483,-3.95628
+1.5487,-3.68928
+1.5491,-3.64791
+1.5496,-4.20394
+1.5499,-5.18834
+1.5503,-5.27375
+1.5507,-4.80638
+1.5511,-4.73113
+1.5514,-4.73595
+1.5518,-4.70237
+1.5523,-4.71
+1.5527,-4.97492
+1.5531,-5.46141
+1.5534,-4.37501
+1.5538,-4.26345
+1.5543,-4.02447
+1.5547,-4.37801
+1.5551,-4.29032
+1.5554,-4.14555
+1.5558,-3.99734
+1.5563,-3.48233
+1.5567,-2.94199
+1.5571,-2.76179
+1.5574,-3.10571
+1.5578,-2.42282
+1.5583,-2.74587
+1.5587,-3.02183
+1.5598,-2.81875
+1.56,-2.5833
+1.5603,-2.58195
+1.5607,-2.72288
+1.5611,-2.46503
+1.5614,-2.18087
+1.5618,-1.8989
+1.5623,-1.68428
+1.5627,-0.905743
+1.5631,-0.237029
+1.5634,+0.0288227
+1.5638,+0.200652
+1.5643,+0.367935
+1.5647,+1.01649
+1.5651,+1.21933
+1.5654,+1.85257
+1.5658,+2.46349
+1.5663,+2.67107
+1.5667,+2.8565
+1.5671,+3.51465
+1.5674,+3.61443
+1.5678,+3.94134
+1.5683,+4.45195
+1.5687,+4.60649
+1.5691,+4.84293
+1.5694,+4.60057
+1.5698,+4.40356
+1.5703,+4.36895
+1.5707,+4.68883
+1.5711,+4.0964
+1.5714,+4.41366
+1.5718,+4.1571
+1.5723,+4.28532
+1.5727,+4.5815
+1.5731,+5.30184
+1.5734,+5.52223
+1.5738,+5.75825
+1.5743,+6.14572
+1.5747,+6.17035
+1.5751,+6.72267
+1.5754,+6.80286
+1.5758,+7.37726
+1.5763,+7.25937
+1.5767,+7.40041
+1.5771,+7.07422
+1.5774,+7.06112
+1.5778,+7.05677
+1.5783,+7.23583
+1.5787,+7.3424
+1.5791,+7.42539
+1.5794,+7.30326
+1.5799,+7.22523
+1.5803,+7.71327
+1.5807,+7.75105
+1.5811,+8.00344
+1.5814,+8.60227
+1.5818,+8.88246
+1.5823,+9.55573
+1.5827,+9.71401
+1.5831,+9.92872
+1.5834,+10.289
+1.5838,+10.1728
+1.5843,+10.1697
+1.5847,+9.92898
+1.5851,+9.83545
+1.5854,+9.95247
+1.5858,+9.86103
+1.5863,+8.94786
+1.5867,+8.92712
+1.5871,+9.34707
+1.5874,+9.39487
+1.5878,+9.72577
+1.5883,+9.76405
+1.5887,+10.095
+1.5891,+9.8013
+1.5894,+9.05864
+1.5898,+9.0475
+1.5904,+9.31594
+1.5907,+8.91978
+1.5911,+8.4116
+1.5914,+8.43101
+1.5918,+8.50124
+1.5923,+8.42072
+1.5927,+8.06164
+1.5931,+8.35269
+1.5934,+8.20846
+1.5938,+8.15151
+1.5943,+8.15315
+1.5947,+8.87156
+1.5951,+9.18226
+1.5954,+8.6611
+1.5958,+8.48534
+1.5963,+8.21832
+1.5967,+8.43191
+1.5971,+8.34121
+1.5974,+8.26051
+1.5978,+7.85836
+1.5983,+7.48212
+1.5987,+6.71398
+1.5991,+6.24987
+1.5996,+7.03783
+1.5999,+7.04904
+1.6003,+6.80747
+1.6007,+6.44736
+1.6011,+6.63271
+1.6015,+6.45973
+1.6018,+6.54067
+1.6023,+7.2366
+1.6027,+7.07982
+1.6031,+7.51165
+1.6034,+6.39963
+1.6038,+6.61256
+1.6043,+6.499
+1.6047,+6.64738
+1.6051,+6.53757
+1.6054,+6.39866
+1.6058,+6.35781
+1.6063,+5.46557
+1.6067,+5.55783
+1.6071,+5.22335
+1.6074,+5.18187
+1.6078,+4.61194
+1.6083,+4.43458
+1.6087,+3.83519
+1.6091,+3.7506
+1.6094,+4.0029
+1.6098,+3.75962
+1.6103,+3.75175
+1.6107,+3.19449
+1.6111,+3.07913
+1.6114,+3.30419
+1.6118,+2.62583
+1.6123,+2.81501
+1.6127,+2.7182
+1.6131,+1.6179
+1.6134,+1.03274
+1.6138,+0.514688
+1.6143,+0.197644
+1.6147,+0.00783434
+1.6151,-0.615777
+1.6154,-1.22092
+1.6158,-1.27915
+1.6163,-1.82043
+1.6167,-1.98087
+1.6171,-2.18853
+1.6174,-2.25142
+1.6178,-1.39658
+1.6183,-0.645037
+1.6187,-0.717516
+1.6191,-1.24518
+1.6194,-1.36413
+1.6198,-1.05986
+1.6203,-1.17237
+1.6207,-1.28892
+1.6211,-1.26648
+1.6214,-1.43866
+1.6218,-1.99736
+1.6223,-2.77635
+1.6227,-2.33325
+1.6231,-2.33099
+1.6234,-1.94562
+1.6238,-2.47175
+1.6243,-2.49404
+1.6247,-2.64455
+1.6251,-2.81634
+1.6254,-2.936
+1.6258,-3.51671
+1.6263,-3.78623
+1.6267,-3.48708
+1.6271,-3.69029
+1.6274,-3.27172
+1.6278,-3.31913
+1.6283,-3.43563
+1.6287,-3.42463
+1.6291,-3.39879
+1.6294,-3.39561
+1.6298,-3.42765
+1.6303,-3.52717
+1.6307,-4.51735
+1.6316,-4.59083
+1.6318,-5.53388
+1.6321,-5.19274
+1.6323,-5.28518
+1.6328,-5.41568
+1.6332,-5.43395
+1.6335,-5.34315
+1.6338,-4.51332
+1.6343,-4.45286
+1.6347,-3.4552
+1.6351,-3.39426
+1.6354,-3.43479
+1.6358,-3.81831
+1.6363,-3.71335
+1.6367,-3.22542
+1.6371,-2.28895
+1.6374,-1.41938
+1.6378,-2.4188
+1.6383,-2.03863
+1.6387,-2.99832
+1.6391,-2.90713
+1.6394,-1.96283
+1.6398,-1.87686
+1.6403,-1.9253
+1.6407,-2.29091
+1.6411,-3.17609
+1.6415,-4.13988
+1.6418,-3.43236
+1.6423,-2.76195
+1.6427,-2.60699
+1.6431,-2.45342
+1.6434,-3.16474
+1.6438,-3.12746
+1.6443,-3.03359
+1.6447,-2.95904
+1.6451,-2.10612
+1.6454,-1.95692
+1.6458,-2.413
+1.6463,-2.95697
+1.6467,-2.64902
+1.6471,-2.73086
+1.6474,-2.80965
+1.6478,-2.4094
+1.6483,-1.91668
+1.6487,-1.82943
+1.6491,-2.49392
+1.6494,-2.45258
+1.6498,-1.98199
+1.6503,-1.35178
+1.6507,-1.15823
+1.6511,-0.607794
+1.6514,-0.42664
+1.6518,-0.697573
+1.6523,-0.987758
+1.6527,-0.88094
+1.6531,-0.0253987
+1.6534,+0.104448
+1.6538,-0.134251
+1.6543,-0.832151
+1.6547,-1.25191
+1.6551,-0.747795
+1.6554,-0.4492
+1.6558,+0.020868
+1.6563,+0.448465
+1.6567,+0.4526
+1.6571,+0.129755
+1.6574,+0.616457
+1.6578,+1.18059
+1.6582,+2.12725
+1.6587,+3.16031
+1.6591,+2.72873
+1.6594,+2.61948
+1.6598,+2.38955
+1.6602,+2.1669
+1.6607,+2.37001
+1.6611,+2.10832
+1.6622,+2.25171
+1.6624,+2.8399
+1.6627,+2.44558
+1.6631,+1.81711
+1.6634,+1.90681
+1.6638,+1.9585
+1.6643,+2.34664
+1.6647,+2.96922
+1.6651,+3.37902
+1.6654,+4.29908
+1.6658,+4.36327
+1.6663,+3.92457
+1.6667,+3.55933
+1.6671,+4.42401
+1.6674,+4.55751
+1.6678,+4.66509
+1.6683,+4.80212
+1.6687,+4.28523
+1.6691,+4.18988
+1.6694,+4.24518
+1.6698,+4.84717
+1.6703,+4.90208
+1.6707,+4.91864
+1.6711,+5.02499
+1.6714,+5.13317
+1.6718,+5.94144
+1.6723,+5.63993
+1.6727,+5.80848
+1.6731,+5.65923
+1.6734,+5.78874
+1.6738,+4.86347
+1.6743,+4.8345
+1.6747,+5.34394
+1.6751,+5.32301
+1.6754,+4.88392
+1.6758,+4.1764
+1.6763,+4.65246
+1.6767,+4.66336
+1.6771,+5.11902
+1.6774,+4.68378
+1.6778,+5.15512
+1.6783,+5.72413
+1.6787,+5.34865
+1.6791,+4.9349
+1.6794,+5.81964
+1.6798,+6.26715
+1.6803,+6.35641
+1.6807,+6.43903
+1.6811,+6.4756
+1.6817,+6.41302
+1.682,+6.58323
+1.6823,+6.27903
+1.6827,+6.42394
+1.6831,+6.60598
+1.6834,+5.94341
+1.6838,+5.95325
+1.6843,+5.95751
+1.6847,+5.94524
+1.6851,+5.96337
+1.6854,+6.00402
+1.6858,+5.78308
+1.6863,+5.70017
+1.6867,+5.72626
+1.6871,+5.17259
+1.6874,+5.49645
+1.6878,+5.9609
+1.6883,+5.51366
+1.6887,+6.35985
+1.6891,+6.4056
+1.6894,+6.05104
+1.6898,+5.86929
+1.6903,+6.36119
+1.6907,+6.6841
+1.6911,+6.72596
+1.6915,+6.40974
+1.6918,+5.88786
+1.6923,+5.96253
+1.6927,+5.09447
+1.6931,+4.73932
+1.6934,+4.75687
+1.6938,+5.00153
+1.6943,+4.40534
+1.6947,+4.28229
+1.6951,+4.59345
+1.6954,+4.81859
+1.6958,+5.29786
+1.6963,+5.22514
+1.6967,+5.61818
+1.6971,+5.57218
+1.6974,+5.89451
+1.6978,+5.87206
+1.6983,+5.87227
+1.6987,+6.00622
+1.6991,+6.04114
+1.6994,+6.10374
+1.6998,+5.2267
+1.7003,+6.06128
+1.7007,+6.02065
+1.7011,+6.26407
+1.7016,+5.91975
+1.7018,+5.99733
+1.7022,+6.05062
+1.7027,+5.66059
+1.7031,+5.72527
+1.7034,+5.29827
+1.7038,+5.65169
+1.7042,+4.76251
+1.7047,+4.35188
+1.7051,+3.98027
+1.7054,+3.8529
+1.7058,+3.28049
+1.7062,+3.14566
+1.7067,+3.33451
+1.7071,+2.6421
+1.7074,+2.65125
+1.7078,+2.49427
+1.7082,+2.45875
+1.7087,+2.35801
+1.7091,+2.32419
+1.7094,+2.36238
+1.7098,+3.17068
+1.7102,+2.84297
+1.7107,+2.39155
+1.7111,+3.35532
+1.7115,+3.97271
+1.7121,+4.4567
+1.7124,+4.21612
+1.7127,+4.17832
+1.7131,+3.99746
+1.7135,+3.91753
+1.7138,+3.9379
+1.7143,+3.88699
+1.7147,+3.78961
+1.7151,+2.76355
+1.7154,+2.29936
+1.7158,+1.46589
+1.7163,+1.89259
+1.7167,+1.75722
+1.7171,+2.1742
+1.7175,+2.05127
+1.7178,+1.05047
+1.7183,+1.02732
+1.7187,+1.33963
+1.7191,+1.28971
+1.7194,+0.835694
+1.7198,+1.03655
+1.7203,+0.541807
+1.7207,+0.534052
+1.7211,+0.14613
+1.7215,+0.452992
+1.7218,+0.931599
+1.7223,+1.78006
+1.7227,+1.91489
+1.7231,+1.99573
+1.7234,+2.87132
+1.7238,+2.46871
+1.7243,+2.88986
+1.7247,+3.35699
+1.7251,+3.61436
+1.7254,+3.27064
+1.7258,+2.65421
+1.7263,+1.60215
+1.7267,+0.976437
+1.7271,+0.84919
+1.7275,-0.151804
+1.7278,-0.137622
+1.7283,-0.137635
+1.7287,-0.775721
+1.7291,-0.364298
+1.7295,-0.156431
+1.7298,-0.246602
+1.7303,-0.266595
+1.7307,+0.157579
+1.7311,+0.0538064
+1.7315,-0.0132932
+1.732,-0.125206
+1.7323,+0.197894
+1.7327,+0.261827
+1.7331,-0.645933
+1.7335,-1.06813
+1.7338,-1.01679
+1.7343,-1.0461
+1.7347,-1.13023
+1.7351,-0.794291
+1.7354,-0.810562
+1.7358,-0.821432
+1.7363,-1.77075
+1.7367,-1.02647
+1.7371,-0.55251
+1.7375,-0.124063
+1.7378,-0.115108
+1.7383,+0.198527
+1.7387,+0.141291
+1.7391,+0.144836
+1.7395,+0.561372
+1.7398,+1.41048
+1.7402,+1.87948
+1.7407,+1.05895
+1.7411,+1.04797
+1.7414,+0.57386
+1.7418,+1.45294
+1.7423,+1.05881
+1.7427,+1.14299
+1.7431,+1.29087
+1.7435,+1.6532
+1.7438,+1.66323
+1.7442,+1.56985
+1.7447,+2.37316
+1.7451,+1.87935
+1.7455,+2.24739
+1.7458,+1.58178
+1.7462,+1.84993
+1.7467,+1.47272
+1.7471,+0.840103
+1.7475,-0.0219616
+1.7478,-0.646189
+1.7482,-0.65799
+1.7487,-1.54206
+1.7491,-0.577087
+1.7495,+0.0457845
+1.7498,+0.681494
+1.7502,+0.797628
+1.7507,+1.08056
+1.7511,+1.5213
+1.7515,+1.65385
+1.7518,+1.61519
+1.7523,+1.61245
+1.7527,+2.53522
+1.7531,+1.921
+1.7535,+1.80021
+1.7538,+1.27158
+1.7542,+1.11956
+1.7547,+1.04286
+1.7551,+0.529459
+1.7555,+0.770287
+1.7558,+0.427437
+1.7562,+0.337526
+1.7567,-0.164753
+1.7571,-0.119583
+1.7575,-0.154756
+1.7578,-0.510637
+1.7582,-0.845734
+1.7587,-0.919542
+1.7591,-0.381293
+1.7595,-0.681586
+1.7598,-0.691319
+1.7602,-0.540063
+1.7607,-0.541332
+1.7611,-0.0791235
+1.7615,-0.552525
+1.7618,-0.15815
+1.7623,+0.493994
+1.7627,+0.231757
+1.7631,+0.143263
+1.7635,+0.493982
+1.7646,+0.992147
+1.7648,+0.899053
+1.7651,+0.940308
+1.7655,+0.442899
+1.7658,+0.530349
+1.7662,+0.482594
+1.7667,-0.126783
+1.7671,+0.0783209
+1.7675,+0.699619
+1.7678,+0.680388
+1.7682,+0.629446
+1.7687,+0.824935
+1.7691,+0.859255
+1.7695,+1.01351
+1.7698,+0.596346
+1.7703,+0.635169
+1.7707,+1.12176
+1.7711,+1.09839
+1.7715,+0.657815
+1.7718,+0.709284
+1.7722,+0.775723
+1.7728,+1.2252
+1.7731,+1.18337
+1.7735,+1.07044
+1.7738,+1.51029
+1.7742,+2.08786
+1.7747,+2.15486
+1.7751,+2.11407
+1.7755,+2.21379
+1.7758,+2.32924
+1.7762,+2.4202
+1.7767,+1.95395
+1.7771,+1.99246
+1.7775,+2.07407
+1.7778,+2.01309
+1.7782,+1.17437
+1.7787,+1.18025
+1.7791,+1.67784
+1.7795,+1.78187
+1.7798,+2.34935
+1.7802,+2.45476
+1.7807,+2.52543
+1.7811,+2.68023
+1.7815,+2.83331
+1.7818,+3.15321
+1.7822,+3.65283
+1.7827,+3.69833
+1.7831,+3.77699
+1.7835,+4.18724
+1.7838,+3.75173
+1.7842,+3.84816
+1.7847,+4.03455
+1.7851,+4.63035
+1.7855,+4.64819
+1.7858,+4.55042
+1.7862,+4.5591
+1.7867,+4.58671
+1.7871,+4.65467
+1.7875,+4.7957
+1.7878,+4.86072
+1.7882,+5.39866
+1.7887,+5.38249
+1.7891,+5.45923
+1.7895,+6.08489
+1.7898,+5.87704
+1.7902,+6.49208
+1.7907,+6.68375
+1.7911,+6.74736
+1.7915,+6.40941
+1.7918,+6.45796
+1.7922,+5.69844
+1.7927,+5.74879
+1.7931,+5.28725
+1.7935,+4.89926
+1.7938,+5.43155
+1.7942,+5.41339
+1.7947,+5.50185
+1.7951,+5.57883
+1.7955,+5.57479
+1.7958,+5.72899
+1.7962,+6.18885
+1.7967,+6.27463
+1.7971,+6.38353
+1.7975,+6.42861
+1.7978,+6.14701
+1.7982,+5.4519
+1.7987,+5.46453
+1.7991,+5.95442
+1.7995,+6.03742
+1.7998,+6.09824
+1.8002,+6.1167
+1.8007,+5.77096
+1.8011,+5.88912
+1.8015,+6.36972
+1.8018,+6.92178
+1.8022,+7.41736
+1.8027,+7.52323
+1.8032,+7.79707
+1.8035,+7.89258
+1.8038,+7.81933
+1.8042,+7.88383
+1.8047,+8.18059
+1.8051,+8.24549
+1.8055,+7.93746
+1.8058,+7.78837
+1.8062,+7.42103
+1.8067,+7.52563
+1.8071,+7.19327
+1.8075,+7.21596
+1.8078,+7.47883
+1.8082,+7.47849
+1.8087,+7.95893
+1.8091,+7.70498
+1.8095,+7.79242
+1.8098,+7.80897
+1.8102,+8.25243
+1.8107,+7.84547
+1.8111,+8.44584
+1.8115,+8.58285
+1.8118,+8.16621
+1.8122,+8.32112
+1.8127,+7.81003
+1.8131,+8.10047
+1.8135,+8.62768
+1.8138,+8.61533
+1.8142,+8.32917
+1.8147,+8.37305
+1.8151,+7.88682
+1.8155,+7.8566
+1.8158,+8.3103
+1.8162,+8.88376
+1.8167,+9.13114
+1.8171,+9.15874
+1.8175,+8.72469
+1.8178,+8.92238
+1.8182,+8.95605
+1.8187,+9.97338
+1.8191,+9.99487
+1.8195,+10.0972
+1.8198,+10.1845
+1.8202,+10.1031
+1.8207,+10.023
+1.8211,+10.1767
+1.8215,+9.8049
+1.8218,+9.51968
+1.8222,+9.61092
+1.8227,+9.25884
+1.8231,+9.35767
+1.8235,+9.36815
+1.8238,+9.10564
+1.8242,+8.35003
+1.8247,+8.71213
+1.8251,+8.30703
+1.8255,+8.40576
+1.8258,+8.42216
+1.8262,+8.74548
+1.8267,+8.63057
+1.8271,+8.24401
+1.8275,+7.82609
+1.8278,+8.22494
+1.8282,+8.62896
+1.8287,+8.60443
+1.8291,+9.60893
+1.8295,+9.85649
+1.8298,+10.225
+1.8302,+10.2599
+1.8307,+10.3584
+1.8311,+10.4926
+1.8315,+11.4937
+1.8318,+11.4681
+1.8322,+11.977
+1.8327,+11.6693
+1.8331,+11.5873
+1.8335,+11.3671
+1.8338,+11.084
+1.8342,+11.1439
+1.8347,+11.1747
+1.8351,+11.3648
+1.8355,+11.0147
+1.8358,+10.7717
+1.8362,+10.0126
+1.8369,+10.5306
+1.8372,+10.118
+1.8375,+10.6044
+1.8378,+10.8552
+1.8382,+10.5506
+1.8387,+10.0946
+1.8391,+9.95828
+1.8395,+10.3443
+1.8398,+10.3849
+1.8402,+11.2141
+1.8407,+10.9189
+1.8411,+11.0286
+1.8415,+11.4164
+1.8418,+11.7025
+1.8422,+11.7592
+1.8427,+12.2754
+1.8431,+12.5828
+1.8435,+12.444
+1.8438,+12.3579
+1.8442,+11.5056
+1.8447,+11.7883
+1.8451,+11.3895
+1.8455,+10.6449
+1.8458,+10.2567
+1.8462,+10.3782
+1.8467,+10.079
+1.8471,+9.85791
+1.8475,+9.2519
+1.8478,+10.0676
+1.8482,+10.9871
+1.8487,+10.7177
+1.8491,+11.1406
+1.8495,+11.4496
+1.8498,+12.1908
+1.8502,+12.1447
+1.8507,+12.101
+1.8511,+11.9593
+1.8515,+12.3499
+1.8518,+12.4115
+1.8522,+12.3386
+1.8527,+12.3095
+1.8531,+11.8478
+1.8535,+11.5478
+1.8538,+11.1076
+1.8542,+11.4258
+1.8547,+11.3553
+1.8551,+11.4411
+1.8555,+11.0043
+1.8558,+10.9481
+1.8562,+10.2387
+1.8567,+10.1716
+1.8571,+10.2638
+1.8575,+10.9917
+1.8578,+11.4409
+1.8582,+11.137
+1.8587,+11.5931
+1.8591,+11.5605
+1.8595,+11.6234
+1.8598,+10.8824
+1.8602,+10.8874
+1.8607,+10.8678
+1.8611,+10.8146
+1.8615,+10.5556
+1.8618,+10.6181
+1.8622,+10.7097
+1.8627,+10.3769
+1.8631,+11.2537
+1.8635,+11.223
+1.864,+11.2122
+1.8643,+11.1716
+1.8647,+11.3731
+1.8651,+12.1302
+1.8655,+11.6074
+1.8658,+10.6433
+1.867,+10.417
+1.8672,+10.3529
+1.8675,+9.49668
+1.8678,+9.53243
+1.8682,+9.66129
+1.8687,+9.71815
+1.8691,+9.6162
+1.8695,+8.93685
+1.8698,+8.92757
+1.8702,+9.02358
+1.8707,+9.08759
+1.8711,+9.13634
+1.8715,+9.95699
+1.8718,+9.91505
+1.8722,+9.78478
+1.8727,+9.69664
+1.8731,+9.63536
+1.8735,+9.62484
+1.8738,+9.6636
+1.8742,+9.75774
+1.8747,+9.75947
+1.8751,+9.66832
+1.8755,+9.57339
+1.8758,+9.64987
+1.8762,+10.4432
+1.8767,+10.4599
+1.8771,+10.4614
+1.8775,+10.4107
+1.8778,+10.4223
+1.8782,+10.4196
+1.8787,+10.492
+1.8791,+11.3711
+1.8795,+10.6932
+1.8798,+10.6717
+1.8802,+9.85014
+1.8807,+9.85402
+1.8811,+9.8865
+1.8815,+10.0062
+1.8818,+10.4041
+1.8822,+10.4804
+1.8827,+11.2682
+1.8831,+10.6225
+1.8835,+11.4108
+1.884,+12.1426
+1.8842,+12.8643
+1.8847,+13.7905
+1.8851,+13.851
+1.8855,+13.8851
+1.8858,+13.3996
+1.8862,+13.2751
+1.8867,+12.4021
+1.8871,+12.1553
+1.8875,+11.2348
+1.8878,+10.5654
+1.8882,+9.79363
+1.8887,+8.83206
+1.8891,+8.78761
+1.8895,+8.79009
+1.8898,+8.79609
+1.8902,+9.53926
+1.8907,+9.59145
+1.8911,+9.68708
+1.8915,+9.70033
+1.8918,+10.3902
+1.8922,+10.4936
+1.8927,+10.4334
+1.8931,+10.4208
+1.8935,+10.4352
+1.8938,+10.4049
+1.8942,+9.48215
+1.8947,+10.2057
+1.8951,+10.1926
+1.8955,+10.2757
+1.8958,+10.2359
+1.8962,+10.2113
+1.8967,+10.3621
+1.8971,+11.1272
+1.8975,+11.0911
+1.8978,+11.3035
+1.8982,+11.5289
+1.8987,+10.8079
+1.8991,+10.6691
+1.8995,+11.4183
+1.8998,+10.5812
+1.9002,+10.4979
+1.9007,+10.3298
+1.9011,+10.3486
+1.9015,+10.2625
+1.9018,+10.2251
+1.9022,+10.9716
+1.9027,+10.9831
+1.9031,+11.5004
+1.9035,+10.712
+1.9038,+11.5615
+1.9042,+11.6584
+1.9047,+11.8041
+1.9051,+10.9989
+1.9055,+11.7211
+1.9058,+11.65
+1.9062,+10.7964
+1.9067,+10.6839
+1.9071,+10.1242
+1.9075,+10.1484
+1.9078,+10.027
+1.9082,+9.9483
+1.9087,+9.91652
+1.9091,+10.7228
+1.9095,+9.95062
+1.9098,+9.90805
+1.9103,+9.83702
+1.9107,+9.9522
+1.9111,+10.1269
+1.9115,+10.1335
+1.9118,+9.4378
+1.9122,+9.46593
+1.9127,+10.2512
+1.9131,+10.1369
+1.9135,+10.0967
+1.9138,+10.0971
+1.9143,+10.1292
+1.9147,+9.98434
+1.9151,+9.86996
+1.9155,+9.78666
+1.9158,+9.83143
+1.9162,+9.88163
+1.9167,+8.98414
+1.9171,+8.2523
+1.9175,+8.38036
+1.9178,+8.30347
+1.9182,+8.36858
+1.9187,+8.37255
+1.9191,+8.44779
+1.9195,+8.49985
+1.9198,+8.49307
+1.9202,+8.41582
+1.9207,+8.48081
+1.9211,+8.42999
+1.9215,+8.31622
+1.9218,+8.55383
+1.9222,+8.62681
+1.9227,+9.49973
+1.9231,+9.58513
+1.9235,+9.50325
+1.9238,+9.42698
+1.9242,+9.4765
+1.9247,+9.41498
+1.9251,+9.47051
+1.9255,+9.49299
+1.9258,+10.1167
+1.9262,+10.0212
+1.9267,+9.11586
+1.9271,+8.98867
+1.9275,+9.01353
+1.9278,+8.98992
+1.9282,+9.03282
+1.9287,+9.08766
+1.9291,+9.04639
+1.9295,+9.05603
+1.9298,+8.25332
+1.9302,+8.23549
+1.9307,+8.21226
+1.9311,+8.17317
+1.9315,+8.15078
+1.9318,+8.18846
+1.9322,+8.00358
+1.9327,+7.94939
+1.9331,+7.9593
+1.9335,+7.97962
+1.9338,+7.80765
+1.9342,+7.69213
+1.9347,+7.67763
+1.9351,+7.73985
+1.9355,+7.74904
+1.9358,+7.79794
+1.9362,+8.68869
+1.9367,+8.6857
+1.9371,+8.63622
+1.9375,+8.50976
+1.9378,+8.63889
+1.9382,+8.69326
+1.9387,+8.66153
+1.9391,+8.76966
+1.9395,+8.79238
+1.9398,+8.72701
+1.9402,+7.89286
+1.9407,+8.0161
+1.9411,+8.91692
+1.9415,+8.98289
+1.9418,+9.11804
+1.9422,+10.1051
+1.9427,+10.3058
+1.9431,+10.3172
+1.9435,+10.3168
+1.9438,+11.204
+1.9442,+11.2006
+1.9447,+11.9162
+1.9451,+11.0451
+1.9455,+11.0546
+1.9458,+11.7274
+1.9462,+11.6397
+1.9467,+11.4732
+1.9471,+11.3151
+1.9475,+11.9133
+1.9478,+10.9462
+1.9482,+10.9519
+1.9487,+10.9753
+1.9491,+10.9393
+1.9495,+10.8512
+1.9498,+9.94076
+1.9502,+9.06804
+1.9507,+9.2157
+1.9511,+9.29078
+1.9515,+8.61954
+1.9518,+8.68033
+1.9522,+8.73068
+1.9527,+8.6342
+1.9531,+8.67431
+1.9535,+8.66662
+1.9538,+8.71108
+1.9542,+8.71986
+1.9547,+8.60132
+1.9551,+8.41074
+1.9555,+8.46173
+1.9558,+8.51643
+1.9562,+8.43769
+1.9567,+7.66356
+1.9571,+8.47292
+1.9575,+9.29772
+1.9578,+9.29286
+1.9582,+9.96731
+1.9587,+9.94692
+1.9591,+9.9833
+1.9595,+9.88458
+1.9598,+10.6191
+1.9602,+10.5498
+1.9607,+10.6655
+1.9611,+10.6375
+1.9615,+9.8402
+1.9618,+9.97597
+1.9622,+9.42862
+1.9627,+9.49165
+1.9631,+9.753
+1.9635,+9.88233
+1.9638,+9.19903
+1.9642,+9.29577
+1.9647,+9.20353
+1.9651,+8.42656
+1.9655,+8.48791
+1.9658,+8.44096
+1.9662,+8.30271
+1.9667,+9.09263
+1.9671,+8.88331
+1.9675,+8.81529
+1.9678,+8.71462
+1.9682,+9.48396
+1.9694,+9.61253
+1.9696,+10.3594
+1.9698,+10.4587
+1.9702,+10.4668
+1.9707,+10.4833
+1.9711,+9.59165
+1.9715,+9.6055
+1.9718,+9.55846
+1.9722,+9.47749
+1.9726,+8.7312
+1.9731,+9.30563
+1.9735,+9.24173
+1.9738,+9.09859
+1.9742,+9.10642
+1.9746,+9.86285
+1.9751,+9.85072
+1.9755,+9.86579
+1.9758,+9.88642
+1.9762,+9.94387
+1.9767,+9.8337
+1.9771,+9.88009
+1.9775,+9.06323
+1.9778,+9.91665
+1.9782,+10.6174
+1.9787,+9.74708
+1.9791,+9.81699
+1.9795,+9.75172
+1.9798,+9.77633
+1.9802,+9.70341
+1.9807,+9.74928
+1.9811,+8.97952
+1.9815,+9.27426
+1.9818,+9.28175
+1.9822,+9.44527
+1.9827,+10.4132
+1.9831,+10.5098
+1.9835,+10.4946
+1.9838,+10.502
+1.9842,+10.6047
+1.9847,+10.7273
+1.9851,+10.7763
+1.9855,+10.747
+1.9858,+9.8488
+1.9862,+8.93875
+1.9867,+7.97983
+1.9871,+7.89884
+1.9875,+7.9136
+1.9878,+7.81732
+1.9882,+7.80379
+1.9887,+7.53584
+1.9891,+7.47145
+1.9895,+7.32321
+1.9898,+7.3313
+1.9902,+8.20577
+1.9906,+8.21858
+1.9911,+8.24213
+1.9915,+8.19314
+1.9918,+8.24979
+1.9922,+8.25163
+1.9926,+8.26914
+1.9931,+8.19466
+1.9935,+9.02305
+1.9938,+9.01331
+1.9942,+8.11139
+1.9946,+8.02409
+1.9951,+8.07928
+1.9955,+8.98217
+1.9958,+8.89444
+1.9962,+8.89193
+1.9967,+9.0475
+1.9971,+9.1723
+1.9975,+8.29089
+1.9978,+8.248
+1.9982,+8.28951
+1.9986,+8.33659
+1.9991,+7.48259
+1.9995,+5.89437
+1.9998,+5.24653
+2.0002,+4.47307
