+0,+1.11909
+0.00037,+0.503021
+0.00075,+0.695381
+0.00125,+0.971515
+0.00163,+0.313236
+0.00199,+0.62221
+0.00238,-0.235605
+0.00276,-0.229884
+0.00325,-0.177098
+0.00363,+0.0560805
+0.004,-0.860559
+0.00437,-0.978054
+0.00475,-0.827432
+0.00525,-0.822501
+0.00563,+0.184174
+0.006,-0.86256
+0.00637,-0.0376099
+0.00675,-0.00352752
+0.00726,-0.985077
+0.00762,-1.07763
+0.00801,-1.00699
+0.00838,+0.0638346
+0.00876,-0.0245744
+0.00925,-0.0732084
+0.00963,-1.06888
+0.01,-0.150931
+0.01038,-0.0477279
+0.01075,-0.111974
+0.01126,+0.871183
+0.01163,+0.836793
+0.01201,+1.56326
+0.01238,+1.44699
+0.01275,+1.3624
+0.01325,+1.31448
+0.01363,+2.1227
+0.014,+1.32691
+0.01438,+1.2863
+0.01476,+1.25871
+0.01512,+1.24644
+0.01562,+1.23665
+0.016,+1.25217
+0.01639,+1.23818
+0.01676,+1.23413
+0.01725,+1.16356
+0.01763,+0.178579
+0.01801,+1.04164
+0.01838,+0.150184
+0.01876,+0.0955778
+0.01925,-0.814253
+0.01963,-0.700401
+0.02,-1.55319
+0.02038,-1.50087
+0.02076,-1.54884
+0.02125,-1.54471
+0.02163,-0.405953
+0.022,-0.399677
+0.02238,+0.659086
+0.02276,-0.166737
+0.02325,+0.673888
+0.02363,+0.585242
+0.024,+0.534007
+0.02438,+0.44044
+0.02476,+0.449812
+0.02513,+0.503412
+0.02563,+0.308971
+0.026,-0.487149
+0.02639,-1.54019
+0.02675,-1.6224
+0.02726,-1.58301
+0.02763,-1.57134
+0.028,-1.63142
+0.02837,-1.55217
+0.02875,-2.28414
+0.02913,-2.20109
+0.02976,-2.10342
+0.03004,-1.47057
+0.03039,-0.680273
+0.03076,-0.707548
+0.03112,-1.73865
+0.03163,-2.46592
+0.03201,-2.30215
+0.03238,-3.14744
+0.03275,-3.16978
+0.03312,-3.1868
+0.03363,-3.02831
+0.03401,-3.80662
+0.03438,-3.90604
+0.03475,-3.78144
+0.03513,-2.70978
+0.03563,-1.94337
+0.036,-2.04367
+0.03638,-1.05734
+0.03675,-0.0822592
+0.03714,-0.110084
+0.03764,-0.150789
+0.03801,-0.143304
+0.03838,+0.0456581
+0.03875,+0.938806
+0.03912,-0.0156195
+0.03963,+0.0122766
+0.04001,+0.0152261
+0.04038,-0.0955151
+0.04076,-0.300055
+0.04112,-0.340814
+0.04164,-0.521394
+0.042,+0.31107
+0.04238,-0.722894
+0.04275,-0.659902
+0.04326,+0.250691
+0.04363,+0.3354
+0.044,+1.35
+0.04438,+1.27655
+0.04476,+1.42361
+0.04513,+1.54509
+0.04563,+1.55813
+0.04601,+0.819043
+0.04638,+0.984033
+0.04676,+1.00039
+0.04713,+0.942285
+0.04763,+0.767839
+0.04801,+0.653346
+0.04838,+0.626371
+0.04875,+0.59745
+0.04913,+0.404265
+0.04965,-0.496724
+0.05013,+0.19164
+0.05042,+0.977795
+0.05076,+0.902194
+0.05113,+0.160508
+0.05164,-0.66664
+0.05201,-0.511294
+0.05238,-1.23483
+0.05275,-2.06931
+0.05312,-1.93782
+0.05363,-1.0551
+0.054,-0.919164
+0.05437,-0.776174
+0.05475,-0.856634
+0.05513,-0.128838
+0.05563,-0.306615
+0.056,-0.385873
+0.05638,-0.525457
+0.05676,+0.236856
+0.05713,+0.243579
+0.05763,+0.255187
+0.05801,+0.117229
+0.05839,-0.669258
+0.05875,-1.58374
+0.05913,-2.32925
+0.05976,-1.50564
+0.06002,-2.59264
+0.06038,-1.6258
+0.06076,-1.61478
+0.06113,-1.50984
+0.06163,-1.39299
+0.062,-2.11546
+0.06238,-1.44835
+0.06276,-1.33703
+0.06313,-0.548813
+0.06363,-0.426763
+0.06401,+0.642201
+0.06438,+0.634374
+0.06476,+0.775982
+0.06513,+0.630385
+0.06564,-0.267152
+0.06601,+0.627592
+0.06638,-0.143305
+0.06675,+0.735949
+0.06713,+0.616171
+0.06763,+0.596304
+0.068,-0.258108
+0.06839,-0.392264
+0.06876,-0.445897
+0.06913,-1.38303
+0.06964,-0.441759
+0.07,-1.42581
+0.07038,-0.567189
+0.07076,-0.521365
+0.07113,-0.24657
+0.07163,-0.265234
+0.072,+0.556139
+0.07238,+0.573201
+0.07275,+0.471847
+0.07312,+0.544835
+0.07364,+0.471871
+0.07401,+0.656858
+0.07439,+0.793285
+0.07476,+0.785292
+0.07513,+0.774902
+0.07563,+0.0539294
+0.07601,-0.0157036
+0.07639,+0.156532
+0.07675,+0.203817
+0.07712,+1.24791
+0.07764,+1.23816
+0.07801,+2.007
+0.07838,+1.88251
+0.07876,+0.999062
+0.07913,+0.965934
+0.07963,+1.88238
+0.08001,+1.98627
+0.08038,+1.01814
+0.08076,+0.821908
+0.08113,+0.562381
+0.08164,+0.620791
+0.08201,+0.746187
+0.08238,-0.175953
+0.08276,+0.715385
+0.08312,-0.168465
+0.08364,-1.29439
+0.084,-1.42602
+0.08439,-0.611247
+0.08476,-0.524168
+0.08513,-0.394735
+0.08564,-0.480837
+0.08602,-0.628552
+0.08638,+0.294961
+0.08675,-0.621549
+0.08712,-0.744828
+0.08764,+0.314267
+0.08801,+0.45378
+0.08838,+0.399528
+0.08876,-0.339328
+0.08913,-0.439024
+0.08963,-0.338153
+0.09,-0.349896
+0.09051,-0.42012
+0.09077,+0.478078
+0.09126,+1.49756
+0.09163,+1.38915
+0.09201,+0.551378
+0.09239,+0.58196
+0.09277,+1.39564
+0.09313,+0.657233
+0.09364,+0.669251
+0.09401,+0.622265
+0.09447,+0.637215
+0.09476,+0.558349
+0.09513,+0.213552
+0.09564,-0.59238
+0.09602,-0.681336
+0.09639,-0.497507
+0.09676,-0.512997
+0.09713,+0.35651
+0.09765,+0.277377
+0.09801,+0.427896
+0.09839,-0.455177
+0.09876,-1.31584
+0.09978,-1.12796
+0.09999,-0.235224
+0.10021,+0.573957
+0.10043,+0.442232
+0.10076,+0.500284
+0.10143,+0.351364
+0.10166,+0.342872
+0.10201,+0.382486
+0.10238,+0.184713
+0.10276,+0.195992
+0.10312,+0.334412
+0.10364,+0.216616
+0.10401,+0.183243
+0.10438,-0.716573
+0.10477,-1.55717
+0.10514,-1.40514
+0.10563,-2.4415
+0.10601,-2.66777
+0.10639,-1.6585
+0.10676,-0.876796
+0.10713,-0.946788
+0.10764,-0.938898
+0.10801,-1.65565
+0.10838,-1.65075
+0.10876,-0.653778
+0.10914,-0.67279
+0.10963,+0.389258
+0.11,-0.516904
+0.11051,-0.348618
+0.11076,-0.161791
+0.11113,-0.183401
+0.11164,-0.00689957
+0.11201,+0.753499
+0.11238,+1.53794
+0.11277,+1.28052
+0.11313,+1.31962
+0.11364,+1.19302
+0.11401,+1.21994
+0.11439,+0.308043
+0.11476,+0.250449
+0.11513,-0.578584
+0.11563,-0.681326
+0.11601,-1.47249
+0.11639,-2.18843
+0.11676,-2.05587
+0.11713,-2.12747
+0.11764,-2.08753
+0.11801,-0.9999
+0.11838,-1.11847
+0.11876,-1.12268
+0.11914,-0.24532
+0.11963,-0.340011
+0.12001,-0.334951
+0.12038,+0.457675
+0.12076,-0.538974
+0.12126,-0.3806
+0.12164,-0.46604
+0.12201,-0.552827
+0.12238,+0.358379
+0.12275,+0.413129
+0.12314,+0.317941
+0.12364,-0.442387
+0.12402,-0.4986
+0.12439,-0.425781
+0.12477,+0.615061
+0.12513,+0.349099
+0.12564,+0.505209
+0.12601,+0.325736
+0.12638,-0.506237
+0.12675,-1.52094
+0.12713,-2.32884
+0.12763,-1.62456
+0.12801,-1.58337
+0.12838,-2.54939
+0.12876,-3.58042
+0.12913,-3.59237
+0.12964,-3.56184
+0.13001,-3.30157
+0.13038,-2.42261
+0.13076,-2.33444
+0.13114,-1.49279
+0.13164,-2.21815
+0.13201,-2.18385
+0.13238,-2.12941
+0.13277,-1.13521
+0.13314,-1.09761
+0.13363,-1.11367
+0.134,-1.23738
+0.13439,-1.36484
+0.13476,-0.544383
+0.13513,-0.547215
+0.13563,+0.346815
+0.13601,+1.08082
+0.13639,+1.20007
+0.13677,+1.1309
+0.13713,+0.47196
+0.13764,+0.382979
+0.13801,+0.276611
+0.13839,+0.31595
+0.13877,+0.3422
+0.13914,-0.786882
+0.13964,-0.71882
+0.14001,-1.57558
+0.14039,-0.780526
+0.14089,-0.805668
+0.14115,-0.0976341
+0.14165,-0.88606
+0.14201,-0.837973
+0.14239,-1.67449
+0.14277,-1.62837
+0.14325,-1.29905
+0.14366,-1.31504
+0.14401,-1.18737
+0.14445,-2.08017
+0.14479,-2.03605
+0.14514,-2.83987
+0.14565,-1.88735
+0.14602,-1.83651
+0.14639,-1.8634
+0.14677,-2.09764
+0.14713,-1.27027
+0.14764,-1.52716
+0.14801,-1.60504
+0.14838,-0.877245
+0.14876,-1.75636
+0.14914,-0.945589
+0.14964,-1.99166
+0.15001,-1.87406
+0.15039,-1.80487
+0.15078,-1.78835
+0.15113,-1.80993
+0.15164,-1.60558
+0.15201,-1.66681
+0.15239,-1.49006
+0.15276,-0.739544
+0.15313,-0.633542
+0.15364,-0.541326
+0.15401,-1.41788
+0.15438,-1.53888
+0.15476,-2.24128
+0.15514,-3.11174
+0.15564,-3.08218
+0.15601,-2.21013
+0.15638,-3.22631
+0.15677,-3.1544
+0.15714,-4.1641
+0.15765,-3.47339
+0.15802,-2.66751
+0.15839,-1.6516
+0.15876,-0.840524
+0.15913,+0.226534
+0.15964,-0.68504
+0.16001,-0.603152
+0.16038,+0.365207
+0.16076,+0.453534
+0.16114,+1.30829
+0.16164,+1.47856
+0.16201,+0.546652
+0.16239,+0.537443
+0.16276,-0.282698
+0.16314,-0.506674
+0.16364,+0.257064
+0.16401,+0.143534
+0.16439,-0.787841
+0.16477,-1.60056
+0.16514,-1.52774
+0.16565,-1.63191
+0.16602,-1.61971
+0.16639,-2.6424
+0.16677,-1.6511
+0.16713,-1.56277
+0.16764,-2.41928
+0.16801,-3.14889
+0.16864,-2.19853
+0.16883,-1.51137
+0.16914,-1.56353
+0.16965,-1.65265
+0.17001,-0.655956
+0.17039,+0.161126
+0.17076,+0.00325024
+0.17126,-0.0680694
+0.17164,+1.05968
+0.17201,+1.17878
+0.17239,+0.989455
+0.17277,+0.991626
+0.17314,+0.907888
+0.17364,+1.12286
+0.17403,+1.01442
+0.17439,+0.266091
+0.17476,+0.407579
+0.17513,+0.438263
+0.17564,+0.256485
+0.17602,-0.0860609
+0.17639,-0.00154184
+0.17677,-0.829542
+0.17714,-0.833921
+0.17764,-1.03667
+0.17801,-2.09189
+0.17838,-2.14745
+0.17876,-2.37742
+0.17914,-2.48405
+0.17965,-2.66121
+0.18002,-2.5554
+0.18039,-2.55707
+0.18077,-1.62379
+0.18113,-2.50268
+0.18165,-3.23755
+0.18202,-2.15319
+0.18239,-2.11191
+0.18276,-2.97119
+0.18314,-2.90124
+0.18364,-2.57338
+0.18401,-1.65228
+0.18439,-2.48681
+0.18477,-2.52858
+0.18514,-1.50148
+0.18565,-0.565997
+0.18601,-0.580869
+0.1864,+0.17232
+0.18677,+1.08374
+0.18714,+1.00563
+0.18764,-0.015704
+0.18802,-0.118035
+0.18839,-0.283329
+0.18877,-0.414808
+0.18914,-0.546915
+0.18965,-1.36753
+0.19002,-1.35581
+0.19039,-2.0817
+0.19076,-1.99712
+0.19114,-2.82563
+0.19164,-1.9448
+0.19202,-1.72413
+0.19239,-0.725399
+0.19289,-0.643844
+0.19327,-0.682818
+0.19364,-0.712046
+0.19406,-0.734465
+0.1944,-0.773231
+0.19477,-0.879911
+0.19515,-0.0760415
+0.19565,-0.948387
+0.19602,-2.03033
+0.19639,-2.03719
+0.19679,-2.10801
+0.19714,-1.9937
+0.19765,-2.32601
+0.19801,-3.31375
+0.19839,-2.52794
+0.19877,-3.32651
+0.19915,-4.1321
+0.19964,-3.33564
+0.20002,-4.16069
+0.20039,-4.13626
+0.20077,-4.17777
+0.20115,-4.1435
+0.20218,-4.10652
+0.20236,-4.18246
+0.20256,-4.19248
+0.20277,-4.1407
+0.20314,-4.12456
+0.20364,-4.16848
+0.20401,-4.32155
+0.20439,-4.31763
+0.20477,-4.27097
+0.20515,-4.2373
+0.20687,-4.18529
+0.20705,-4.13737
+0.20728,-4.16056
+0.20765,-4.26561
+0.20802,-4.33363
+0.20839,-4.32383
+0.20876,-4.07943
+0.20914,-4.22274
+0.20964,-4.11001
+0.21002,-4.13585
+0.21039,-4.08542
+0.21077,-4.12414
+0.21114,-4.08848
+0.21164,-4.1068
+0.21201,-4.1449
+0.2124,-4.20886
+0.21277,-4.18146
+0.21314,-4.04153
+0.21364,-4.07637
+0.21401,-4.12988
+0.21439,-4.17557
+0.21476,-4.27988
+0.21513,-4.13095
+0.21564,-4.11873
+0.21601,-4.12033
+0.21639,-4.07354
+0.21677,-4.14543
+0.21715,-4.1715
+0.21765,-4.2745
+0.21802,-4.325
+0.21839,-4.44365
+0.21877,-4.21603
+0.21915,-4.30182
+0.21964,-4.32656
+0.22002,-4.27935
+0.22039,-4.16016
+0.22077,-4.30081
+0.22116,-4.34111
+0.22169,-4.23558
+0.22202,-4.08279
+0.2224,-3.91296
+0.22277,-4.06901
+0.22314,-4.06784
+0.22365,-4.02416
+0.22402,-4.07173
+0.22439,-4.15681
+0.22477,-4.0929
+0.22515,-4.10263
+0.22564,-4.12414
+0.22602,-4.27018
+0.2264,-4.23856
+0.22677,-4.31603
+0.22714,-4.30704
+0.22764,-4.18829
+0.22802,-4.11416
+0.2284,-4.13442
+0.22876,-4.20242
+0.22914,-4.17448
+0.22965,-4.2248
+0.23002,-4.16113
+0.23039,-4.26842
+0.23076,-4.1048
+0.23115,-4.23609
+0.23164,-4.23395
+0.23201,-4.25263
+0.2324,-4.18647
+0.23277,-4.20968
+0.23315,-4.06371
+0.23365,-4.10502
+0.23402,-4.01728
+0.23439,-4.07452
+0.23477,-4.0797
+0.23514,-4.05378
+0.23552,-4.19492
+0.23602,-4.23592
+0.23639,-4.19817
+0.23677,-4.13378
+0.23715,-4.18243
+0.23764,-4.09791
+0.23802,-4.08763
+0.23839,-4.04436
+0.23877,-4.12463
+0.23914,-4.09233
+0.23965,-4.07527
+0.24002,-4.01333
+0.24039,-4.02126
+0.24076,-4.02372
+0.24114,-4.09385
+0.24165,-4.09648
+0.24201,-4.02026
+0.24251,-3.96095
+0.2429,-3.737
+0.24316,-3.70768
+0.24364,-3.67186
+0.24401,-3.6436
+0.2444,-3.72304
+0.24477,-3.64379
+0.24514,-3.66691
+0.24553,-3.55897
+0.24602,-3.52689
+0.24639,-3.50454
+0.24676,-3.7096
+0.24715,-3.56667
+0.24751,-3.38799
+0.24802,-3.3549
+0.24839,-3.31664
+0.24876,-3.39531
+0.24915,-3.30463
+0.24952,-3.35781
+0.25003,-3.28923
+0.2504,-3.30248
+0.25077,-3.27146
+0.25114,-3.47732
+0.25165,-3.58993
+0.25202,-3.73221
+0.25239,-3.58542
+0.25277,-3.541
+0.25316,-3.41386
+0.25365,-3.36954
+0.25402,-3.57846
+0.2544,-3.56921
+0.25477,-3.48064
+0.25515,-3.34795
+0.25564,-3.23754
+0.25601,-3.21186
+0.2564,-3.29429
+0.25677,-3.20584
+0.25714,-3.20965
+0.25765,-3.24306
+0.25802,-3.07494
+0.25839,-3.09875
+0.25877,-3.13046
+0.25915,-3.06242
+0.25952,-3.03913
+0.26002,-2.85887
+0.26039,-2.94389
+0.26077,-3.09733
+0.26115,-3.19069
+0.26165,-3.18959
+0.26202,-3.20759
+0.2624,-3.11041
+0.26278,-3.11781
+0.26328,-3.14779
+0.26365,-3.20586
+0.26402,-3.14764
+0.26439,-2.99156
+0.26477,-2.78841
+0.26515,-2.81105
+0.26565,-2.87
+0.26601,-2.9344
+0.2664,-3.01703
+0.26677,-2.95114
+0.26715,-2.97405
+0.26764,-2.97942
+0.26802,-2.99251
+0.2684,-2.9879
+0.26877,-2.98453
+0.26914,-2.92021
+0.26951,-2.84857
+0.27002,-2.79266
+0.2704,-2.61795
+0.27077,-2.64059
+0.27115,-2.5253
+0.27164,-2.5835
+0.27202,-2.53325
+0.27245,-2.38175
+0.27278,-2.3381
+0.27315,-2.21353
+0.27365,-2.12523
+0.27438,-2.10497
+0.27466,-2.13725
+0.27486,-1.8767
+0.27515,-1.87199
+0.27552,-1.74553
+0.27602,-1.84061
+0.2764,-1.80355
+0.27677,-1.78772
+0.27716,-1.9137
+0.27752,-1.80173
+0.27803,-1.66071
+0.2784,-1.65318
+0.27877,-1.6854
+0.27914,-1.64901
+0.27952,-1.66877
+0.28003,-1.56131
+0.2804,-1.50908
+0.28077,-1.6494
+0.28115,-1.63575
+0.28165,-1.79049
+0.28202,-1.74082
+0.2824,-1.5811
+0.28277,-1.65372
+0.28316,-1.73946
+0.28352,-1.5066
+0.28402,-1.51625
+0.28439,-1.60094
+0.28478,-1.41822
+0.28515,-1.30213
+0.28552,-1.1502
+0.28602,-1.31727
+0.2864,-1.13808
+0.28678,-1.03833
+0.28715,-0.890907
+0.28752,-0.846861
+0.28803,-0.748866
+0.2884,-0.722368
+0.28877,-0.647735
+0.28915,-0.62475
+0.28952,-0.750819
+0.29002,-0.623419
+0.29039,-0.809041
+0.29078,-0.848254
+0.29115,-0.849236
+0.29152,-0.999445
+0.29202,-1.04194
+0.2924,-1.14681
+0.2929,-1.11017
+0.29316,-1.13805
+0.29365,-1.08767
+0.29402,-1.11694
+0.2944,-1.10306
+0.29477,-1.19059
+0.29515,-1.16698
+0.29552,-1.07011
+0.29602,-0.921784
+0.2964,-0.726917
+0.29677,-0.632873
+0.29715,-0.465683
+0.29752,-0.399657
+0.29803,-0.288253
+0.2984,-0.392173
+0.29877,-0.31527
+0.29916,-0.253071
+0.29953,-0.320561
+0.30003,-0.228114
+0.3004,-0.316087
+0.30078,-0.290744
+0.30115,-0.32988
+0.30165,-0.127055
+0.30203,-0.138292
+0.3024,-0.0149758
+0.30277,+0.109331
+0.30315,+0.130989
+0.30365,+0.255836
+0.30458,+0.231398
+0.30481,+0.334074
+0.30499,+0.451003
+0.30522,+0.518964
+0.30551,+0.465391
+0.30603,+0.649471
+0.30639,+0.608147
+0.30677,+0.678691
+0.30714,+0.672612
+0.30751,+0.808017
+0.30802,+0.763631
+0.30839,+0.931417
+0.30876,+0.760781
+0.30913,+0.74354
+0.30952,+0.94777
+0.31002,+0.874593
+0.31039,+1.04516
+0.31076,+1.21217
+0.31114,+1.46342
+0.31164,+1.50876
+0.31201,+1.60869
+0.3124,+1.45479
+0.31277,+1.56424
+0.31314,+1.70639
+0.31365,+1.60485
+0.31402,+1.81506
+0.31439,+1.8508
+0.31477,+1.78359
+0.31514,+1.8459
+0.31551,+1.88706
+0.31602,+2.04026
+0.31639,+2.20749
+0.31677,+2.13757
+0.31715,+2.07235
+0.31751,+2.23035
+0.31802,+2.25486
+0.31839,+2.3484
+0.31877,+2.34143
+0.31914,+2.29586
+0.31952,+2.10776
+0.32002,+1.9509
+0.32039,+2.17561
+0.32077,+2.27628
+0.32115,+2.45329
+0.32164,+2.35015
+0.32201,+2.27316
+0.3224,+2.21117
+0.32277,+2.11742
+0.32327,+2.06681
+0.32364,+2.26354
+0.32402,+2.47584
+0.32439,+2.20862
+0.32477,+2.25346
+0.32514,+2.43623
+0.32552,+2.44664
+0.32602,+2.42579
+0.32639,+2.46154
+0.32677,+2.54629
+0.32715,+2.53631
+0.32752,+2.41785
+0.32802,+2.26775
+0.32839,+2.32752
+0.32878,+2.18299
+0.32915,+2.15862
+0.32952,+2.22673
+0.33002,+2.1244
+0.3304,+2.10326
+0.33077,+2.17464
+0.33115,+2.16837
+0.33165,+2.26258
+0.33202,+2.3134
+0.33239,+2.45013
+0.33277,+2.70651
+0.33316,+2.66995
+0.33352,+2.65957
+0.33403,+2.96002
+0.3344,+3.26874
+0.33477,+3.57643
+0.33515,+3.7994
+0.33551,+3.93068
+0.33601,+4.05561
+0.33639,+4.03087
+0.33677,+4.28914
+0.33714,+4.38925
+0.33752,+4.4315
+0.33802,+4.41533
+0.3384,+4.40763
+0.33882,+4.33728
+0.33918,+4.44821
+0.33952,+4.4241
+0.34002,+4.4846
+0.34039,+4.51795
+0.34078,+4.29271
+0.34115,+4.1866
+0.34165,+4.17236
+0.34202,+4.15897
+0.3424,+4.19329
+0.34277,+4.04406
+0.34315,+3.87994
+0.34352,+4.16662
+0.34402,+4.21912
+0.3444,+4.46472
+0.34477,+4.48039
+0.34514,+4.52787
+0.34552,+4.83607
+0.34602,+4.90541
+0.34639,+4.74167
+0.34677,+4.9716
+0.34715,+5.21746
+0.34751,+4.93755
+0.34802,+4.88423
+0.3484,+4.87185
+0.34877,+5.02518
+0.34915,+5.15793
+0.34952,+5.18859
+0.35002,+5.127
+0.35039,+5.25184
+0.35078,+5.22207
+0.35115,+5.07377
+0.35164,+5.10006
+0.35202,+5.20288
+0.3524,+5.01707
+0.35277,+5.13442
+0.35315,+5.13695
+0.35365,+5.1646
+0.35402,+5.19581
+0.3544,+5.26601
+0.35477,+5.29249
+0.35516,+5.34374
+0.35552,+5.41974
+0.35603,+5.48909
+0.3564,+5.75638
+0.35677,+5.56467
+0.35714,+5.48517
+0.35753,+5.29685
+0.35802,+5.24371
+0.35839,+5.28579
+0.35877,+5.19249
+0.35916,+5.04416
+0.35952,+5.06729
+0.36002,+4.94996
+0.36039,+5.01417
+0.36077,+5.0636
+0.36115,+5.02441
+0.36165,+5.03412
+0.36202,+5.11313
+0.36239,+5.02268
+0.36277,+4.91747
+0.36315,+4.9947
+0.36352,+5.00872
+0.36415,+4.91921
+0.36441,+4.65163
+0.36477,+4.69338
+0.36515,+4.71729
+0.36552,+4.71487
+0.36602,+4.79779
+0.3664,+4.89308
+0.36677,+5.01407
+0.36715,+5.03727
+0.36752,+5.10671
+0.36802,+5.18422
+0.36839,+5.34777
+0.36877,+5.38755
+0.36915,+5.37294
+0.36952,+5.63919
+0.37002,+5.55894
+0.3704,+5.52659
+0.37077,+5.53642
+0.37116,+5.5349
+0.37165,+5.68124
+0.37202,+5.85419
+0.37239,+5.68205
+0.37277,+5.73246
+0.37315,+5.80666
+0.37352,+5.62267
+0.37402,+5.67591
+0.3744,+5.86155
+0.37477,+5.91373
+0.37515,+5.94148
+0.37552,+5.89039
+0.37603,+5.70716
+0.3764,+5.85341
+0.37677,+5.65913
+0.37716,+5.60418
+0.37752,+5.58465
+0.37802,+5.64092
+0.3784,+5.4671
+0.37878,+5.35186
+0.37914,+5.48605
+0.37953,+5.49102
+0.38002,+5.67692
+0.3804,+5.76402
+0.38078,+5.91787
+0.38116,+5.96521
+0.38152,+6.0219
+0.38202,+5.88892
+0.3824,+5.82905
+0.38278,+6.0125
+0.38315,+6.10121
+0.38352,+5.94455
+0.38403,+5.73713
+0.3844,+5.6365
+0.38478,+5.46208
+0.38515,+5.37198
+0.38553,+5.2424
+0.38603,+5.33585
+0.3864,+5.39383
+0.38677,+5.24955
+0.38716,+4.97878
+0.38752,+5.10601
+0.38802,+5.16462
+0.3884,+5.18971
+0.38878,+5.17027
+0.38915,+5.20549
+0.38953,+5.19246
+0.39002,+5.03538
+0.3904,+5.02526
+0.39078,+4.99341
+0.39115,+4.93831
+0.39152,+4.93417
+0.39203,+4.73141
+0.3924,+4.73601
+0.39277,+5.05232
+0.39315,+5.08879
+0.39353,+5.06473
+0.39402,+5.16572
+0.39453,+5.05593
+0.39479,+5.16079
+0.39515,+5.1757
+0.39553,+4.83973
+0.39602,+4.8722
+0.3964,+4.67228
+0.39678,+4.46555
+0.39715,+4.57965
+0.39752,+4.51058
+0.39802,+4.37124
+0.3984,+4.28335
+0.39877,+4.30662
+0.39915,+4.49427
+0.39953,+4.60518
+0.40002,+4.57711
+0.4004,+4.50919
+0.40077,+4.10463
+0.40115,+3.88422
+0.40153,+3.90273
+0.40203,+4.04882
+0.40241,+4.26115
+0.40277,+4.08115
+0.40314,+3.92653
+0.40352,+3.91158
+0.40403,+3.92785
+0.4044,+4.09148
+0.40478,+4.02424
+0.40516,+3.99928
+0.40553,+3.86887
+0.40602,+3.73502
+0.40698,+3.58471
+0.40727,+3.64804
+0.40754,+3.47194
+0.40802,+3.46369
+0.40839,+3.36143
+0.40878,+3.20743
+0.40915,+3.2514
+0.40952,+3.07836
+0.41002,+3.13588
+0.41039,+3.13856
+0.41077,+3.03562
+0.41115,+2.91482
+0.41152,+3.11296
+0.41202,+3.06888
+0.4124,+3.18247
+0.41277,+3.17724
+0.41314,+3.0944
+0.41352,+3.09809
+0.41402,+3.07183
+0.4144,+3.03335
+0.41477,+3.09475
+0.41515,+3.18199
+0.41553,+2.87296
+0.41602,+2.84293
+0.4164,+2.83077
+0.41677,+2.8842
+0.41714,+2.8571
+0.41753,+2.83831
+0.41803,+3.02509
+0.41839,+2.85223
+0.41877,+2.72897
+0.41915,+2.57553
+0.41952,+2.75358
+0.42002,+2.74274
+0.4204,+2.55758
+0.42077,+2.35691
+0.42114,+2.34926
+0.42152,+2.4842
+0.42202,+2.28847
+0.42239,+2.4825
+0.42277,+2.54224
+0.42314,+2.38595
+0.42352,+2.26678
+0.42402,+2.22481
+0.42439,+2.17154
+0.42476,+2.1293
+0.42515,+2.22934
+0.42552,+2.19096
+0.42602,+2.05084
+0.42639,+1.91281
+0.42677,+1.83562
+0.42715,+1.96466
+0.42752,+1.88143
+0.42803,+1.84419
+0.4284,+1.9144
+0.42877,+1.89818
+0.42914,+1.69045
+0.42954,+1.5844
+0.43003,+1.67927
+0.4304,+1.68501
+0.43077,+1.58523
+0.43115,+1.44495
+0.43151,+1.54724
+0.43202,+1.55695
+0.4324,+1.5082
+0.43277,+1.61792
+0.43315,+1.75784
+0.43352,+1.75375
+0.4339,+1.73047
+0.43439,+1.82176
+0.43477,+1.86006
+0.43515,+1.9581
+0.43553,+2.01485
+0.43602,+2.08295
+0.4364,+2.04083
+0.43677,+2.08938
+0.43715,+2.07685
+0.43753,+2.10486
+0.43802,+1.97156
+0.4384,+1.73028
+0.43878,+1.79706
+0.43915,+1.88596
+0.43956,+1.83895
+0.44003,+1.7484
+0.44039,+1.93937
+0.44077,+1.89981
+0.44115,+1.71489
+0.44152,+1.64628
+0.44202,+1.70339
+0.44239,+1.75249
+0.44278,+1.63347
+0.44315,+1.62899
+0.44352,+1.52812
+0.44403,+1.51937
+0.4444,+1.37004
+0.44477,+1.26747
+0.44516,+1.45942
+0.44553,+1.59587
+0.44602,+1.6585
+0.44639,+1.70786
+0.44677,+1.84797
+0.44715,+1.90604
+0.44752,+1.87657
+0.44803,+1.79954
+0.4484,+1.80961
+0.44877,+1.81576
+0.44915,+1.6552
+0.44953,+1.68686
+0.4499,+1.64178
+0.4504,+1.68243
+0.45078,+1.50146
+0.45115,+1.40007
+0.45152,+1.42238
+0.45203,+1.4909
+0.4524,+1.69874
+0.45278,+1.66506
+0.45315,+1.73751
+0.45352,+1.60114
+0.45403,+1.55627
+0.4544,+1.57069
+0.45477,+1.77674
+0.45527,+1.76519
+0.45554,+1.91145
+0.45602,+1.95208
+0.4564,+1.83894
+0.45703,+2.05235
+0.4573,+2.22996
+0.45777,+2.38316
+0.45804,+2.66118
+0.45853,+2.79103
+0.4589,+2.81439
+0.45915,+2.91879
+0.45953,+2.92676
+0.46006,+3.09856
+0.46042,+3.01257
+0.46077,+2.90855
+0.46115,+2.90806
+0.46153,+2.8055
+0.46202,+2.74178
+0.4624,+2.85094
+0.46278,+2.85067
+0.46315,+2.83483
+0.46352,+2.989
+0.46402,+3.00012
+0.4644,+3.14695
+0.46478,+3.23994
+0.46515,+3.24094
+0.46553,+3.23074
+0.46603,+3.25828
+0.4664,+3.14188
+0.46677,+3.12133
+0.46715,+3.20454
+0.46753,+3.23886
+0.46802,+3.13425
+0.46841,+3.07544
+0.46878,+3.1787
+0.46915,+3.18027
+0.46954,+3.31542
+0.47003,+3.26404
+0.4704,+3.19727
+0.47077,+3.2322
+0.47115,+3.17414
+0.47152,+3.21696
+0.47203,+3.28876
+0.4724,+3.52327
+0.47278,+3.68254
+0.47315,+3.74244
+0.47352,+3.73005
+0.47391,+3.77184
+0.47441,+3.92231
+0.47477,+3.99471
+0.47527,+4.03668
+0.47554,+3.98833
+0.47603,+4.1953
+0.4764,+4.26713
+0.47678,+4.33717
+0.47716,+4.40117
+0.47753,+4.49983
+0.47802,+4.81967
+0.4784,+4.83507
+0.47878,+4.84314
+0.47915,+5.00796
+0.47953,+5.21064
+0.48003,+5.17262
+0.4804,+5.21477
+0.48078,+5.21213
+0.48115,+5.22839
+0.48152,+5.37708
+0.48203,+5.32529
+0.4824,+5.44968
+0.48277,+5.65668
+0.48315,+5.65854
+0.48353,+5.57014
+0.48403,+5.55205
+0.48441,+5.60966
+0.48478,+5.63699
+0.48516,+5.89956
+0.48553,+5.84417
+0.48602,+5.83594
+0.48641,+5.89742
+0.48678,+5.83057
+0.48715,+5.88654
+0.48752,+5.90721
+0.48803,+6.14878
+0.4884,+6.0852
+0.48877,+5.96059
+0.48916,+5.87214
+0.48954,+6.22108
+0.4899,+6.40389
+0.49041,+6.37421
+0.49078,+6.56618
+0.49115,+6.66939
+0.49152,+6.70937
+0.49203,+6.57155
+0.4924,+6.63499
+0.49277,+6.72697
+0.49315,+6.89443
+0.49359,+6.75056
+0.49406,+6.66629
+0.49441,+6.76902
+0.49477,+6.74664
+0.49515,+6.9438
+0.49553,+7.2392
+0.49603,+7.32663
+0.49641,+7.46926
+0.49678,+7.56826
+0.49715,+7.63319
+0.49753,+7.62536
+0.4979,+7.80262
+0.4984,+7.81408
+0.49878,+7.80946
+0.49915,+7.86471
+0.49954,+7.94877
+0.4999,+8.00834
+0.5004,+8.00713
+0.50078,+7.94808
+0.50116,+7.87299
+0.50154,+8.08043
+0.50203,+7.99245
+0.5024,+8.00035
+0.50283,+8.22027
+0.50316,+8.15076
+0.50353,+7.86471
+0.50391,+7.80413
+0.50441,+7.93164
+0.50478,+8.06196
+0.50515,+7.95957
+0.50566,+7.84969
+0.50602,+7.81294
+0.5064,+7.85157
+0.50677,+7.65566
+0.50715,+7.56239
+0.50753,+7.58934
+0.50803,+7.90872
+0.50841,+7.65629
+0.50938,+7.77132
+0.50957,+7.99003
+0.5099,+7.89975
+0.5104,+7.83928
+0.51077,+7.80803
+0.51114,+7.8368
+0.51152,+7.75377
+0.51202,+7.88152
+0.51239,+7.66783
+0.51278,+7.69504
+0.51315,+7.47655
+0.51353,+7.23636
+0.51391,+7.37836
+0.51441,+7.28257
+0.51477,+7.47265
+0.51515,+7.47118
+0.51552,+7.5665
+0.51603,+7.541
+0.5164,+7.4799
+0.51677,+7.35979
+0.51714,+7.37259
+0.51753,+7.21706
+0.5179,+7.11804
+0.5184,+7.19942
+0.51877,+7.12534
+0.51914,+7.18216
+0.51953,+7.13447
+0.5199,+7.00831
+0.5204,+7.0936
+0.52078,+7.13008
+0.52115,+6.99762
+0.52153,+7.21991
+0.5219,+7.01576
+0.52241,+6.87753
+0.52277,+6.51463
+0.52315,+6.34853
+0.52353,+6.01403
+0.5239,+5.8459
+0.5244,+5.58109
+0.52477,+5.51392
+0.52515,+5.47087
+0.52553,+5.15961
+0.52602,+5.00546
+0.52639,+5.00499
+0.52678,+4.96563
+0.52714,+4.91135
+0.52753,+5.04623
+0.52789,+4.86181
+0.52853,+4.78032
+0.52879,+4.67763
+0.52915,+4.5192
+0.52953,+4.71082
+0.5299,+4.69027
+0.5304,+4.56808
+0.53077,+4.69604
+0.53115,+4.5267
+0.53153,+4.3692
+0.5319,+4.45269
+0.5324,+4.28835
+0.53278,+4.163
+0.53315,+4.2116
+0.53352,+3.85161
+0.5339,+3.8363
+0.5344,+3.69089
+0.53478,+3.46201
+0.53515,+3.36925
+0.53553,+3.1487
+0.53728,+2.89064
+0.53754,+2.86367
+0.53776,+2.98406
+0.53799,+2.94668
+0.5384,+2.90009
+0.53877,+2.74793
+0.53915,+2.82379
+0.53952,+2.59033
+0.5399,+2.51811
+0.54039,+2.5259
+0.54077,+2.58952
+0.54115,+2.46174
+0.54154,+2.08691
+0.54202,+1.83781
+0.5424,+1.83479
+0.54277,+1.74395
+0.54315,+1.44525
+0.54353,+1.34583
+0.5439,+1.1296
+0.5444,+1.10071
+0.54477,+1.00791
+0.54515,+0.87335
+0.54553,+0.812157
+0.5459,+0.568168
+0.54641,+0.437949
+0.54677,+0.150065
+0.54715,+0.116039
+0.54752,-0.0708302
+0.54802,-0.226006
+0.5484,-0.415639
+0.54878,-0.701302
+0.54915,-0.830292
+0.54953,-0.963745
+0.54989,-1.00264
+0.55069,-1.14345
+0.55087,-0.973143
+0.55116,-1.12721
+0.55153,-0.940306
+0.55203,-0.982218
+0.5524,-1.04916
+0.55278,-0.962724
+0.5535,-0.997311
+0.55369,-0.919728
+0.55392,-0.949703
+0.5544,-1.0643
+0.55478,-1.27146
+0.55515,-1.3064
+0.55553,-1.49188
+0.5559,-1.5399
+0.5565,-1.51493
+0.55678,-1.50094
+0.55715,-1.59775
+0.55753,-1.60611
+0.55802,-1.6529
+0.55841,-1.73973
+0.55878,-1.75703
+0.55915,-1.87748
+0.55953,-1.79944
+0.55991,-1.69411
+0.56041,-1.85334
+0.56078,-1.97382
+0.56116,-2.02554
+0.56166,-2.21894
+0.56192,-2.27962
+0.5624,-2.26063
+0.56277,-2.24345
+0.56315,-2.09656
+0.56353,-2.21115
+0.5639,-2.4094
+0.56441,-2.44569
+0.56478,-2.52197
+0.56515,-2.34737
+0.56552,-2.22773
+0.5659,-2.11272
+0.5664,-2.10775
+0.56678,-2.1495
+0.56715,-2.19887
+0.56753,-2.35052
+0.56815,-2.29718
+0.56842,-2.25507
+0.56878,-2.25267
+0.56915,-2.40368
+0.56953,-2.45929
+0.5699,-2.60638
+0.5704,-2.62676
+0.57078,-2.59731
+0.57116,-2.68807
+0.57153,-2.5779
+0.5719,-2.58726
+0.5724,-2.42894
+0.57278,-2.42716
+0.57315,-2.26262
+0.57353,-2.31124
+0.5739,-2.27391
+0.57441,-2.30253
+0.57478,-2.19875
+0.57515,-2.2209
+0.57553,-2.15544
+0.57591,-2.0855
+0.57641,-2.24646
+0.57709,-2.14256
+0.57728,-2.2003
+0.57755,-2.14945
+0.57791,-2.03851
+0.57841,-1.86059
+0.57878,-1.86049
+0.57916,-1.78759
+0.57953,-1.69111
+0.5799,-1.59141
+0.5804,-1.45981
+0.58078,-1.43807
+0.58115,-1.39466
+0.58153,-1.31553
+0.5819,-1.36058
+0.5824,-1.38796
+0.58278,-1.48215
+0.58315,-1.4125
+0.58354,-1.44102
+0.5839,-1.51518
+0.5844,-1.49127
+0.58478,-1.58521
+0.58516,-1.68528
+0.58554,-1.77147
+0.5859,-1.66526
+0.5864,-1.74142
+0.58678,-1.62929
+0.58715,-1.57893
+0.58752,-1.56239
+0.58804,-1.60749
+0.58841,-1.52759
+0.58878,-1.43236
+0.58916,-1.29349
+0.58953,-1.20122
+0.5899,-1.09822
+0.59041,-0.936946
+0.59078,-0.860464
+0.59116,-0.786644
+0.59154,-0.685499
+0.5919,-0.617615
+0.59241,-0.689592
+0.59278,-0.639171
+0.59315,-0.617126
+0.59353,-0.577321
+0.59391,-0.509611
+0.5944,-0.557808
+0.59478,-0.628964
+0.59515,-0.556405
+0.59553,-0.535426
+0.59591,-0.463401
+0.5964,-0.349257
+0.59677,-0.323917
+0.59716,-0.272331
+0.59753,-0.252457
+0.5979,-0.402235
+0.5984,-0.375012
+0.59878,-0.287481
+0.59915,-0.385536
+0.59953,-0.392404
+0.59991,-0.236478
+0.60041,-0.250828
+0.60078,-0.13563
+0.60115,-0.272356
+0.60167,-0.212145
+0.60203,-0.130735
+0.6024,-0.120022
+0.60278,-0.0503518
+0.60315,+0.228903
+0.60353,+0.48941
+0.6039,+0.189277
+0.60441,+0.0125877
+0.60478,-0.269984
+0.60515,-0.16037
+0.60554,-0.173573
+0.60591,-0.442472
+0.60649,-0.462692
+0.60678,-0.675347
+0.60716,-0.683155
+0.60753,-0.946002
+0.60791,-0.566118
+0.60841,-0.4743
+0.60878,-0.404077
+0.60915,-0.0941728
+0.60954,-0.0946892
+0.6099,+0.0792337
+0.61041,+0.0147242
+0.61079,+0.0714947
+0.61178,-0.0622136
+0.61196,+0.26333
+0.61241,+0.246003
+0.61278,+0.419213
+0.61315,+0.616621
+0.61354,+0.635696
+0.6139,+0.806164
+0.6144,+0.870519
+0.61477,+1.1506
+0.61516,+1.22352
+0.61553,+1.34262
+0.6159,+1.30461
+0.61641,+1.047
+0.61678,+1.06239
+0.61715,+0.912859
+0.61754,+0.971359
+0.61791,+1.27448
+0.61841,+1.57809
+0.61878,+1.67984
+0.61915,+1.66361
+0.61954,+1.59437
+0.6199,+1.41272
+0.6204,+1.65837
+0.62078,+1.44304
+0.62116,+1.76314
+0.62153,+1.65444
+0.6219,+1.61547
+0.6224,+1.33356
+0.62278,+1.27545
+0.62316,+1.64647
+0.62353,+1.7174
+0.6239,+2.02924
+0.62441,+2.11873
+0.62479,+2.59196
+0.62516,+2.60319
+0.62554,+2.75582
+0.6259,+2.53171
+0.62641,+2.75697
+0.62678,+2.62687
+0.62716,+2.62635
+0.62754,+2.83476
+0.62791,+2.6645
+0.62841,+2.45361
+0.62891,+2.43081
+0.62917,+2.55933
+0.62954,+2.18801
+0.6299,+2.16809
+0.63041,+2.01737
+0.63079,+2.03092
+0.63116,+2.01958
+0.63154,+1.90905
+0.6319,+2.01448
+0.63241,+2.03176
+0.63278,+2.11336
+0.63316,+1.79417
+0.63354,+2.33062
+0.63391,+2.64393
+0.63441,+3.01109
+0.63478,+3.21728
+0.63516,+2.89943
+0.63553,+3.14934
+0.6359,+3.05063
+0.63641,+3.38616
+0.63679,+3.10267
+0.63716,+3.4289
+0.63753,+3.42736
+0.63791,+3.17667
+0.63841,+2.89505
+0.63878,+2.71977
+0.63916,+3.06013
+0.63954,+2.83704
+0.63991,+3.06628
+0.64041,+2.74287
+0.64078,+2.98593
+0.64116,+2.86384
+0.64154,+2.5363
+0.64191,+2.46826
+0.64241,+2.32121
+0.64278,+2.59263
+0.64316,+2.50224
+0.64354,+2.50053
+0.6439,+2.59289
+0.64441,+2.55476
+0.64478,+2.52832
+0.64516,+2.28398
+0.64554,+2.53253
+0.64591,+2.94618
+0.64641,+3.30957
+0.64679,+2.97649
+0.64716,+2.80996
+0.64753,+2.86719
+0.6479,+2.90084
+0.64841,+3.294
+0.64879,+3.42964
+0.64915,+3.46186
+0.64954,+3.20565
+0.64991,+2.91145
+0.65041,+2.7366
+0.65078,+2.72512
+0.65115,+3.12769
+0.65153,+3.11857
+0.65192,+3.11253
+0.65241,+2.82503
+0.65278,+2.41835
+0.65316,+2.3667
+0.65353,+2.62164
+0.65391,+2.65855
+0.65441,+2.89393
+0.65478,+3.19446
+0.65516,+2.78688
+0.65554,+2.73113
+0.65591,+2.39671
+0.65642,+2.72713
+0.65679,+2.81546
+0.65716,+3.16683
+0.65754,+3.28348
+0.65791,+3.23878
+0.65841,+3.05043
+0.65878,+2.74081
+0.65916,+2.77162
+0.65955,+3.18183
+0.65991,+3.06652
+0.66041,+2.65495
+0.66078,+2.55353
+0.66116,+2.62751
+0.66154,+2.52801
+0.66203,+2.45629
+0.66241,+2.33677
+0.66279,+2.29047
+0.66316,+2.30685
+0.66353,+2.07956
+0.66391,+2.53921
+0.66441,+2.5237
+0.66479,+2.71311
+0.66516,+2.2733
+0.66555,+2.35292
+0.66591,+2.38948
+0.66641,+2.42353
+0.66678,+2.74061
+0.66716,+2.94537
+0.66754,+2.99027
+0.66791,+2.68346
+0.66842,+2.78269
+0.66879,+2.72471
+0.66916,+3.05017
+0.66954,+2.83057
+0.66992,+3.06441
+0.67042,+3.02077
+0.67078,+2.7971
+0.67117,+2.57607
+0.67155,+2.55547
+0.67192,+2.41704
+0.67241,+2.4811
+0.67279,+2.45589
+0.67316,+2.19622
+0.67353,+2.08521
+0.67391,+2.02947
+0.67441,+2.04792
+0.67478,+2.19386
+0.67516,+2.38453
+0.67554,+2.01807
+0.67591,+2.04847
+0.67641,+2.2149
+0.67679,+1.92912
+0.67716,+1.89755
+0.67754,+2.1032
+0.6779,+1.91491
+0.67841,+2.12094
+0.67879,+1.8575
+0.67917,+1.56169
+0.67953,+1.68755
+0.67991,+1.66898
+0.68041,+1.70607
+0.68078,+2.10287
+0.68117,+2.07864
+0.68154,+2.10766
+0.68192,+1.96474
+0.68241,+1.91202
+0.68279,+2.26707
+0.68316,+2.26281
+0.68354,+2.58702
+0.68391,+2.8887
+0.68442,+2.48719
+0.68479,+2.3405
+0.68516,+2.38444
+0.68555,+2.06377
+0.68592,+2.15996
+0.68641,+1.96303
+0.68679,+1.61313
+0.68717,+1.85235
+0.68754,+1.66501
+0.68792,+1.42651
+0.68842,+1.33856
+0.68879,+1.42157
+0.68916,+1.29252
+0.68967,+1.67196
+0.68994,+1.57215
+0.69042,+1.53605
+0.69079,+1.53587
+0.69116,+1.23289
+0.69153,+1.00797
+0.69191,+0.947822
+0.69229,+1.00087
+0.69279,+0.680301
+0.69316,+0.795405
+0.69355,+0.373978
+0.69392,+0.437464
+0.69429,+0.695209
+0.69479,+0.683548
+0.69516,+0.735734
+0.69554,+0.772512
+0.69592,+1.06482
+0.69641,+1.078
+0.69678,+1.21794
+0.69717,+1.12559
+0.69754,+1.14066
+0.69792,+0.976586
+0.69828,+0.574431
+0.69879,+0.572718
+0.69916,+0.601446
+0.69954,+0.500598
+0.69992,+0.0788056
+0.70029,+0.3256
+0.70079,+0.395082
+0.70116,+0.633707
+0.70168,+0.591393
+0.70204,+0.62552
+0.70241,+0.788046
+0.70279,+0.968625
+0.70316,+0.908479
+0.70354,+0.867444
+0.70391,+0.894778
+0.70441,+0.540488
+0.70479,+0.340866
+0.70517,+0.267761
+0.70555,+0.271271
+0.70592,+0.256344
+0.70641,+0.123512
+0.7068,+0.0117839
+0.70716,+0.301864
+0.70754,+0.573869
+0.70791,+0.678387
+0.70841,+0.861667
+0.70887,+0.841046
+0.70917,+0.617985
+0.70967,+0.558208
+0.70993,+0.567025
+0.71042,+0.549553
+0.71079,+0.47545
+0.71116,+0.332154
+0.71154,+0.272822
+0.71191,+0.26174
+0.71241,+0.399116
+0.71279,+0.382436
+0.71317,+0.369464
+0.71418,+0.689216
+0.71444,+0.896676
+0.71471,+1.16811
+0.71491,+1.35896
+0.71516,+1.12074
+0.71554,+0.839757
+0.71591,+0.699704
+0.71641,+0.441597
+0.71678,+0.422722
+0.71716,+0.479987
+0.71753,+0.205871
+0.71791,-0.0188367
+0.71841,-0.118611
+0.71878,-0.360796
+0.71915,-0.0122275
+0.71955,-0.0229909
+0.71991,-0.000415828
+0.72041,+0.153165
+0.72078,+0.440482
+0.72116,+0.644252
+0.72154,+0.558207
+0.72192,+0.583542
+0.7224,+0.507601
+0.72279,+0.490815
+0.72316,+0.381954
+0.72353,+0.467235
+0.72391,+0.386582
+0.72441,+0.459903
+0.72478,+0.241626
+0.72516,-0.0103415
+0.72553,+0.0540944
+0.72591,+0.121997
+0.72641,+0.232923
+0.72678,+0.475366
+0.72716,+0.502046
+0.72753,+0.580511
+0.72828,+0.844569
+0.72852,+0.565205
+0.72879,+0.815281
+0.72916,+0.995746
+0.72953,+1.09958
+0.72991,+1.33191
+0.73041,+1.39588
+0.73078,+1.02871
+0.73116,+0.772671
+0.73154,+0.902302
+0.73192,+0.925297
+0.73228,+0.886039
+0.73279,+0.614264
+0.73316,+0.684259
+0.73353,+0.556603
+0.73391,+0.387724
+0.73428,+0.377338
+0.73479,+0.715827
+0.73544,+0.866946
+0.73572,+0.812133
+0.73596,+0.483177
+0.73641,+0.540558
+0.73679,+0.766422
+0.73716,+0.339107
+0.73754,+0.503634
+0.73792,+0.406093
+0.73841,+0.162881
+0.73878,+0.116314
+0.73916,-0.0595393
+0.73954,-0.0942316
+0.74004,+0.0665112
+0.7404,-0.0125379
+0.74079,-0.451768
+0.74116,-0.322281
+0.74154,-0.622256
+0.74191,-0.643694
+0.74241,-0.470747
+0.74278,-0.705266
+0.74316,-0.728587
+0.74354,-0.79124
+0.74391,-0.844979
+0.74441,-0.807487
+0.74479,-0.713266
+0.74516,-0.466544
+0.74554,-0.188973
+0.74592,-0.31232
+0.74641,-0.447727
+0.74678,-0.177427
+0.74716,+0.10496
+0.74753,+0.150118
+0.74791,+0.056068
+0.74841,+0.20083
+0.74879,+0.110321
+0.74916,-0.325131
+0.74954,-0.612328
+0.74991,-0.649763
+0.75041,-0.785944
+0.75078,-1.07892
+0.75116,-1.38836
+0.75154,-1.727
+0.75191,-1.50922
+0.75229,-1.78586
+0.75279,-1.73146
+0.75316,-1.7301
+0.75388,-1.75578
+0.75414,-1.49942
+0.75441,-1.53312
+0.75478,-1.60896
+0.75516,-1.67202
+0.75554,-1.57932
+0.75592,-1.85793
+0.75629,-1.75516
+0.75679,-1.80193
+0.75717,-1.83504
+0.75754,-1.77887
+0.75792,-1.87025
+0.75828,-1.94636
+0.75878,-2.00304
+0.75916,-2.11154
+0.75954,-2.13991
+0.75991,-1.9253
+0.76042,-2.10351
+0.76079,-2.18075
+0.76117,-1.97954
+0.76155,-2.10114
+0.76192,-2.35071
+0.76241,-2.34688
+0.76279,-2.41089
+0.76317,-2.36467
+0.76354,-2.5019
+0.76392,-2.78886
+0.76428,-2.81892
+0.76478,-2.65884
+0.76517,-2.89456
+0.76554,-2.90771
+0.76591,-3.00306
+0.76629,-3.14391
+0.76679,-3.15247
+0.76716,-3.22719
+0.76754,-3.27641
+0.76792,-3.43345
+0.76828,-3.53976
+0.76879,-3.7519
+0.76916,-3.82471
+0.76954,-3.93832
+0.76993,-3.95164
+0.77042,-3.98914
+0.77079,-4.11913
+0.77116,-4.10145
+0.77154,-4.03748
+0.77192,-4.07102
+0.77229,-4.07428
+0.77279,-4.07914
+0.77317,-4.30821
+0.77355,-4.42407
+0.77391,-4.60094
+0.77428,-4.74967
+0.77479,-4.7803
+0.77516,-4.96607
+0.77554,-5.19071
+0.77623,-5.31574
+0.77645,-5.52871
+0.77679,-5.75105
+0.77716,-5.59397
+0.77754,-5.65901
+0.77792,-5.71911
+0.77829,-5.69883
+0.77878,-5.90998
+0.77917,-5.95952
+0.77954,-5.96746
+0.77992,-5.96771
+0.78028,-5.82708
+0.78092,-5.90257
+0.78118,-6.1395
+0.78154,-6.13455
+0.78191,-6.01981
+0.78229,-6.07427
+0.78279,-6.05523
+0.78316,-6.20639
+0.78354,-6.28199
+0.78392,-6.35198
+0.78429,-6.55288
+0.78479,-6.64136
+0.78517,-6.61462
+0.78554,-6.74008
+0.78591,-6.89213
+0.78629,-6.96952
+0.78679,-6.86609
+0.78716,-6.77339
+0.78754,-6.82265
+0.78791,-6.82431
+0.78828,-6.76613
+0.78879,-6.71141
+0.78917,-6.72916
+0.78955,-6.79115
+0.78991,-6.82605
+0.79028,-6.88063
+0.79079,-7.15733
+0.79116,-7.24083
+0.79167,-7.3013
+0.79193,-7.3936
+0.79242,-7.45773
+0.79279,-7.46202
+0.79316,-7.58534
+0.79354,-7.6819
+0.79392,-7.774
+0.79429,-7.66325
+0.79479,-7.59956
+0.79516,-7.61663
+0.79554,-7.6037
+0.79592,-7.56648
+0.79629,-7.62494
+0.79679,-7.60237
+0.79717,-7.56249
+0.79755,-7.4486
+0.79791,-7.44229
+0.79829,-7.66833
+0.79879,-7.65361
+0.79916,-7.69577
+0.79953,-7.68382
+0.79992,-7.71223
+0.80029,-7.53142
+0.80079,-7.53844
+0.80116,-7.39295
+0.80156,-7.39795
+0.80192,-7.37281
+0.80229,-7.18507
+0.80279,-7.56098
+0.80317,-7.52017
+0.80354,-7.46805
+0.80391,-7.49441
+0.80428,-7.67067
+0.80479,-7.71541
+0.80517,-7.57576
+0.80557,-7.49921
+0.80592,-7.22214
+0.80629,-7.29207
+0.80679,-7.33923
+0.80717,-7.37567
+0.80754,-7.3728
+0.80792,-7.16792
+0.80829,-7.05504
+0.80879,-6.95384
+0.80916,-7.14172
+0.80954,-7.15387
+0.80992,-7.395
+0.81029,-7.34494
+0.8108,-7.41747
+0.81132,-7.13409
+0.81158,-7.19336
+0.81191,-7.35127
+0.81242,-7.37886
+0.8128,-7.363
+0.81317,-7.3459
+0.81355,-7.09689
+0.81392,-6.98033
+0.81429,-6.88174
+0.81479,-6.74248
+0.81517,-6.87807
+0.81554,-6.58218
+0.81658,-6.43041
+0.81679,-6.39688
+0.81705,-6.36935
+0.81723,-6.22258
+0.81754,-6.07267
+0.81793,-5.85706
+0.81828,-5.93238
+0.81878,-5.84753
+0.81916,-5.61481
+0.81954,-5.72615
+0.81992,-5.81597
+0.82029,-5.66868
+0.82079,-5.60096
+0.82117,-5.65282
+0.82154,-5.89935
+0.82191,-5.74648
+0.82229,-5.57249
+0.82279,-5.24417
+0.82316,-5.24594
+0.82353,-5.17238
+0.82392,-4.90825
+0.82429,-4.68722
+0.82479,-4.61458
+0.82516,-4.19743
+0.82555,-3.85436
+0.82592,-3.72342
+0.82629,-3.52754
+0.82678,-3.7029
+0.82717,-3.81116
+0.82754,-3.51129
+0.82793,-3.55428
+0.82829,-3.67842
+0.82879,-3.65688
+0.82916,-3.85608
+0.82954,-4.10384
+0.82992,-4.16718
+0.83029,-4.32692
+0.83079,-4.13641
+0.83117,-4.03122
+0.83154,-4.28124
+0.83192,-3.98056
+0.83229,-3.95716
+0.83279,-3.87042
+0.83317,-3.66957
+0.83354,-3.4053
+0.83392,-3.31445
+0.83428,-2.96961
+0.83479,-3.07161
+0.83516,-3.06491
+0.83554,-2.70963
+0.83591,-2.64741
+0.83628,-2.55587
+0.83679,-2.51517
+0.83717,-2.63381
+0.83757,-2.7218
+0.83795,-2.86421
+0.83832,-2.9232
+0.83884,-2.99752
+0.8392,-2.95797
+0.83958,-3.1577
+0.83997,-3.05964
+0.84032,-3.13973
+0.84084,-3.09886
+0.84121,-3.03971
+0.84158,-3.0476
+0.84196,-3.15644
+0.84232,-3.03273
+0.84281,-2.94912
+0.84321,-2.50197
+0.84357,-2.42096
+0.84396,-2.71657
+0.84433,-2.5315
+0.84485,-2.2077
+0.8452,-2.21844
+0.84558,-1.84089
+0.84595,-1.74071
+0.84633,-1.72906
+0.84684,-1.36721
+0.8472,-1.75725
+0.84758,-1.89068
+0.84795,-1.78662
+0.84834,-1.83496
+0.84884,-2.07604
+0.8492,-2.07803
+0.84958,-2.07247
+0.84994,-1.80182
+0.85031,-1.78874
+0.85081,-2.0821
+0.85119,-2.0616
+0.85158,-1.66002
+0.85194,-1.67067
+0.85232,-1.38125
+0.85284,-1.40713
+0.8532,-0.989187
+0.85357,-0.98891
+0.85395,-0.94196
+0.85433,-1.13295
+0.85483,-0.760718
+0.85521,-0.71956
+0.85558,-0.676735
+0.85596,-0.2776
+0.85633,-0.488558
+0.85683,-0.444446
+0.8572,-0.573307
+0.85758,-0.799441
+0.85796,-0.795928
+0.85833,-0.408849
+0.85882,-0.653158
+0.85919,-0.590979
+0.85956,-0.566387
+0.85994,-0.529044
+0.86031,-0.513426
+0.86082,-0.549008
+0.86121,-0.42502
+0.86157,-0.188283
+0.86196,-0.0158886
+0.86231,+0.0152968
+0.86283,-9.01893e-005
+0.8632,+0.411996
+0.86358,+0.276206
+0.86396,-0.107287
+0.86433,-0.0371869
+0.86483,+0.0565628
+0.8652,+0.0749403
+0.86557,-0.0176659
+0.86595,-0.328105
+0.86633,-0.722713
+0.86684,-0.443567
+0.8672,-0.484637
+0.86757,-0.538799
+0.86796,-0.167408
+0.86833,+0.0137015
+0.86883,+0.356073
+0.86921,+0.120963
+0.86963,+0.331134
+0.86995,+0.66723
+0.87033,+0.805157
+0.87082,+0.783605
+0.87119,+0.599032
+0.87156,+0.690176
+0.87206,+0.574704
+0.87245,+0.432226
+0.87283,+0.4328
+0.87321,+0.360128
+0.87358,+0.265584
+0.87396,+0.253425
+0.87431,+0.269861
+0.87483,+0.0640175
+0.8752,+0.273023
+0.87558,+0.226733
+0.87596,+0.169068
+0.87633,+0.492394
+0.87684,+0.246497
+0.87719,+0.353343
+0.87759,+0.245599
+0.87794,+0.276507
+0.87833,+0.600028
+0.87886,+0.658903
+0.87923,+0.292947
+0.87958,+0.318889
+0.87997,+0.58447
+0.88033,+0.36518
+0.88085,+0.375935
+0.88121,+0.624169
+0.88158,+0.670066
+0.88196,+0.310772
+0.88231,+0.294277
+0.88282,+0.361805
+0.88318,+0.770072
+0.88356,+0.674132
+0.88396,+0.659461
+0.88433,+0.894589
+0.88484,+1.10753
+0.8852,+1.12444
+0.88559,+1.13448
+0.88594,+1.20942
+0.88633,+0.948486
+0.88683,+0.995563
+0.8872,+0.96495
+0.88759,+1.04257
+0.88796,+1.00791
+0.88832,+0.814323
+0.88883,+0.636842
+0.88921,+0.582893
+0.88959,+0.51537
+0.88997,+0.461616
+0.89033,+0.419286
+0.89084,+0.274127
+0.89121,-0.000623323
+0.89158,-0.0421738
+0.8921,-0.0284378
+0.89234,+0.109041
+0.89284,+0.0358391
+0.89318,-0.168603
+0.89357,-0.2345
+0.89395,-0.159079
+0.89432,-0.255138
+0.89483,-0.21247
+0.8952,-0.278581
+0.89556,-0.154656
+0.89592,-0.528079
+0.89629,-0.789138
+0.8968,-0.758119
+0.89717,-0.778738
+0.89756,-0.493235
+0.89793,-0.256233
+0.89829,-0.195842
+0.8988,-0.218686
+0.89917,+0.10589
+0.89954,+0.247849
+0.89992,+0.338049
+0.9003,+0.260551
+0.9008,+0.241843
+0.90117,+0.470697
+0.90156,+0.160794
+0.90193,+0.202506
+0.90229,+0.42787
+0.90281,+0.61362
+0.90317,+0.450108
+0.90354,+0.17221
+0.90392,+0.113994
+0.9043,+0.164198
+0.9048,+0.252128
+0.90517,+0.161675
+0.90556,+0.384693
+0.90593,+0.261348
+0.9063,+0.178455
+0.9068,-0.0502205
+0.90717,-0.192222
+0.90754,-0.180525
+0.90805,-0.00603289
+0.90842,+0.0177167
+0.9088,-0.154661
+0.90917,-0.287093
+0.90954,-0.281424
+0.90993,-0.552369
+0.91029,-0.871544
+0.9108,-0.649555
+0.91117,-0.480185
+0.91155,-0.258967
+0.91192,-0.462019
+0.91229,-0.341208
+0.91279,-0.372574
+0.91318,-0.363351
+0.91357,-0.631491
+0.91394,-0.420788
+0.91429,-0.352812
+0.91479,-0.654879
+0.91517,-0.745206
+0.91554,-0.844812
+0.91592,-0.886537
+0.91629,-0.917266
+0.9168,-0.887031
+0.91717,-1.09907
+0.91755,-1.25069
+0.91793,-1.26019
+0.91898,-1.03647
+0.91921,-1.10175
+0.91949,-1.16238
+0.91968,-1.1692
+0.91995,-1.24033
+0.9203,-1.29111
+0.92079,-1.35415
+0.92117,-1.42547
+0.92155,-1.433
+0.92193,-1.5429
+0.92242,-1.61056
+0.92279,-1.45094
+0.92316,-1.37125
+0.92354,-1.68459
+0.92392,-1.82917
+0.92429,-1.91118
+0.9248,-1.69136
+0.92517,-1.67365
+0.92554,-1.56618
+0.92592,-1.84689
+0.92628,-1.84198
+0.92679,-2.07324
+0.92717,-2.07206
+0.92754,-2.13838
+0.92791,-1.97627
+0.9283,-2.20762
+0.92879,-2.27985
+0.92916,-2.04484
+0.92954,-2.15314
+0.92992,-1.94558
+0.93029,-2.2997
+0.93079,-2.28571
+0.93117,-2.75523
+0.93155,-2.56925
+0.93192,-2.45501
+0.93229,-2.28321
+0.93281,-2.52339
+0.93317,-2.6558
+0.93355,-2.67647
+0.93392,-2.80974
+0.93429,-2.5443
+0.93479,-2.59742
+0.93517,-2.30657
+0.93554,-2.27342
+0.93592,-2.5036
+0.93629,-2.38348
+0.93679,-2.43171
+0.93716,-2.71249
+0.93755,-2.81409
+0.93793,-2.95551
+0.93829,-3.3254
+0.93879,-3.34009
+0.93917,-3.24651
+0.93955,-3.53805
+0.93992,-3.56647
+0.94029,-3.96195
+0.9408,-4.01876
+0.94117,-4.02935
+0.94155,-3.96038
+0.94192,-3.68329
+0.9423,-3.36107
+0.9428,-3.14108
+0.94317,-3.30631
+0.94354,-3.28412
+0.94392,-3.34079
+0.9443,-3.42419
+0.94479,-3.24046
+0.94517,-3.15158
+0.94555,-3.19293
+0.94592,-3.50287
+0.94629,-3.46937
+0.94679,-3.36786
+0.94717,-3.52439
+0.94755,-3.63417
+0.94792,-3.348
+0.94829,-3.18449
+0.94879,-3.48599
+0.94917,-3.4206
+0.94955,-3.38022
+0.94992,-3.36899
+0.9503,-3.62439
+0.9508,-3.77797
+0.95117,-3.75837
+0.95154,-3.42927
+0.95192,-3.78254
+0.95229,-3.79819
+0.9528,-3.39801
+0.95317,-3.44839
+0.95355,-3.47831
+0.95393,-3.11516
+0.9543,-3.14112
+0.95479,-3.31915
+0.95517,-3.31276
+0.95554,-3.28575
+0.95592,-2.89158
+0.9563,-2.86813
+0.9568,-3.0651
+0.95717,-2.71046
+0.95754,-2.39859
+0.95792,-2.42376
+0.9583,-2.3025
+0.95879,-2.04125
+0.95918,-1.72774
+0.95955,-1.94091
+0.95992,-1.88496
+0.96104,-1.60566
+0.96125,-1.65732
+0.96153,-1.69092
+0.9618,-1.71319
+0.962,-2.03041
+0.9623,-2.05412
+0.9628,-2.28
+0.96317,-2.52285
+0.96354,-2.13884
+0.96392,-2.46549
+0.9643,-2.74693
+0.96479,-2.61376
+0.96517,-2.85006
+0.96555,-2.93888
+0.96592,-2.8449
+0.96629,-2.74727
+0.96679,-2.70506
+0.96717,-2.66916
+0.96755,-2.96386
+0.96792,-2.89488
+0.96858,-2.84497
+0.96885,-2.57722
+0.96917,-2.31392
+0.96955,-2.05129
+0.96992,-2.04324
+0.97029,-1.75716
+0.9708,-1.65458
+0.97117,-1.68608
+0.97155,-1.32783
+0.97192,-1.2311
+0.9723,-0.899551
+0.9728,-0.75324
+0.97317,-0.927445
+0.97355,-1.1163
+0.97392,-0.858095
+0.9743,-0.995392
+0.9748,-0.688284
+0.97517,-0.521814
+0.97555,-0.703585
+0.97592,-0.624184
+0.9763,-0.835102
+0.97679,-0.846228
+0.97717,-0.380053
+0.97755,-0.0686422
+0.97793,-0.229587
+0.97829,-0.220958
+0.97879,-0.226688
+0.97917,+0.120931
+0.97955,+0.191458
+0.97992,+0.485961
+0.9803,+0.526674
+0.9808,+0.200882
+0.98149,+0.109898
+0.98173,-0.15654
+0.982,+0.1946
+0.98229,+0.44394
+0.9828,+0.602969
+0.98318,+0.288187
+0.98355,+0.172653
+0.98392,+0.276846
+0.9843,+0.348865
+0.9848,+0.322141
+0.98517,+0.0837825
+0.98555,+0.0633044
+0.98592,-0.155828
+0.9863,-0.373349
+0.9868,-0.764076
+0.98717,-0.722009
+0.98754,-0.363408
+0.98792,-0.328158
+0.9883,-0.303645
+0.98879,-0.271207
+0.98917,+0.0113225
+0.98955,+0.436915
+0.98992,+0.441088
+0.99029,+0.347783
+0.99079,+0.705057
+0.99118,+0.967749
+0.99155,+0.698162
+0.99192,+0.342268
+0.9923,+0.29368
+0.9928,+0.504146
+0.99317,+0.628222
+0.99355,+0.328327
+0.99393,+0.630652
+0.9943,+0.787268
+0.9948,+0.889263
+0.99517,+0.651351
+0.99554,+0.642452
+0.99592,+0.616911
+0.9963,+0.824751
+0.9968,+0.773334
+0.99717,+0.520792
+0.99755,+0.862152
+0.99793,+0.937271
+0.9983,+1.15269
+0.9988,+1.23391
+0.99918,+1.53686
+0.99955,+1.59972
+0.99992,+1.7083
+1.00031,+1.55242
+1.0008,+1.94528
+1.00117,+1.82678
+1.00156,+1.41745
+1.00193,+1.45876
+1.0023,+1.51373
+1.0028,+3.77094
+1.00318,+3.5565
+1.00356,+3.59452
+1.00393,+3.57468
+1.00429,+3.91136
+1.0048,+3.49137
+1.00517,+3.90855
+1.00555,+3.96635
+1.00592,+3.98625
+1.0063,+3.74688
+1.0068,+3.77038
+1.00717,+3.80954
+1.00755,+3.84604
+1.00792,+3.86232
+1.00831,+3.53148
+1.00867,+3.69391
+1.00918,+3.33312
+1.00955,+3.35728
+1.00993,+3.37742
+1.01053,+3.32378
+1.0108,+3.38347
+1.01117,+3.41731
+1.01155,+3.66619
+1.01192,+3.72098
+1.01231,+3.80454
+1.0128,+3.62155
+1.01317,+3.72827
+1.01355,+4.03652
+1.01393,+3.6486
+1.0143,+3.96516
+1.0148,+3.8413
+1.01517,+3.73459
+1.01556,+3.4361
+1.01593,+3.6564
+1.01632,+3.90593
+1.0168,+4.27896
+1.01717,+4.22582
+1.01755,+3.85713
+1.01793,+3.87165
+1.0183,+3.88376
+1.0188,+4.12011
+1.01917,+4.19712
+1.01955,+4.26678
+1.01992,+4.34087
+1.02031,+3.97446
+1.02138,+3.9612
+1.02157,+4.15535
+1.02174,+4.48338
+1.022,+4.53185
+1.0223,+4.27599
+1.0228,+4.04783
+1.02317,+3.91674
+1.02354,+4.11921
+1.02404,+3.78655
+1.0243,+3.76111
+1.0248,+3.67437
+1.02517,+3.69927
+1.02554,+3.71074
+1.02593,+3.98102
+1.0263,+3.83787
+1.0268,+4.02073
+1.02717,+4.04178
+1.02755,+3.68085
+1.02793,+3.97138
+1.0283,+4.33104
+1.02879,+4.04564
+1.02917,+3.99955
+1.02955,+3.98089
+1.02992,+3.9566
+1.0303,+4.16354
+1.03066,+4.24224
+1.03117,+4.43829
+1.03155,+4.82767
+1.03192,+4.42395
+1.0323,+4.06091
+1.03267,+4.05328
+1.03317,+3.71003
+1.03355,+3.39279
+1.03392,+3.07004
+1.0343,+3.07876
+1.03467,+2.97276
+1.03518,+2.94454
+1.03555,+2.4622
+1.03592,+2.83561
+1.0363,+2.82921
+1.03667,+2.74192
+1.03717,+2.69043
+1.03755,+2.57918
+1.03792,+2.52228
+1.0383,+2.55777
+1.03867,+2.2313
+1.03917,+2.25852
+1.03954,+2.58993
+1.03993,+2.46941
+1.0403,+2.41638
+1.04067,+2.38018
+1.04117,+2.62225
+1.04155,+2.5904
+1.04193,+2.76172
+1.04231,+2.64721
+1.0428,+2.6158
+1.04317,+2.18792
+1.04355,+2.02899
+1.04392,+1.68633
+1.0443,+1.68289
+1.0448,+1.68708
+1.04517,+1.71498
+1.04555,+1.89955
+1.04593,+1.82877
+1.0463,+1.53939
+1.04667,+1.84622
+1.04718,+1.82155
+1.04755,+1.84787
+1.04792,+2.0823
+1.0483,+2.24788
+1.04867,+2.19066
+1.04918,+1.84024
+1.04955,+1.53228
+1.04993,+1.25384
+1.05029,+1.45091
+1.05067,+1.09742
+1.0513,+1.11201
+1.05156,+0.822201
+1.05193,+0.55501
+1.05382,+0.277211
+1.05416,+0.231337
+1.05455,+0.262706
+1.05481,+0.238403
+1.05517,+0.18667
+1.05555,-0.201975
+1.05592,-0.243503
+1.0563,-0.30645
+1.05667,-0.380009
+1.05717,-0.500718
+1.05755,-0.588141
+1.05793,-0.655748
+1.0583,-0.749174
+1.05866,-0.692385
+1.05917,-0.711999
+1.05955,-0.621408
+1.05992,-0.643209
+1.0603,-0.498348
+1.06066,-0.447306
+1.06117,-0.418588
+1.06156,-0.406653
+1.06193,-0.358482
+1.06229,-0.371459
+1.06266,-0.470975
+1.06317,-0.413965
+1.06355,-0.473329
+1.06393,-0.460491
+1.0643,-0.553
+1.06479,-0.667768
+1.06517,-0.635935
+1.06555,-0.612915
+1.06593,-0.749139
+1.0663,-0.740764
+1.06667,-0.713748
+1.06717,-0.812385
+1.06755,-0.796396
+1.06792,-0.87863
+1.0683,-0.939421
+1.06867,-0.961017
+1.06917,-1.07286
+1.06955,-1.18808
+1.06992,-1.10699
+1.0703,-1.13598
+1.07067,-1.13047
+1.07118,-1.2167
+1.07155,-1.35179
+1.07193,-1.37323
+1.0723,-1.57317
+1.07268,-1.58692
+1.07318,-1.58644
+1.07355,-1.63458
+1.07393,-1.74182
+1.07443,-1.8159
+1.0748,-1.912
+1.07518,-1.87111
+1.07556,-1.77252
+1.07593,-1.77737
+1.07631,-1.72692
+1.07668,-1.62009
+1.07718,-1.65373
+1.07756,-1.5972
+1.07792,-1.60455
+1.0783,-1.58095
+1.07866,-1.67662
+1.07918,-1.57485
+1.07955,-1.67649
+1.07993,-1.71569
+1.0803,-1.65832
+1.08068,-1.73669
+1.08118,-1.75043
+1.08156,-1.83013
+1.08192,-1.77621
+1.08229,-1.85522
+1.08267,-1.79967
+1.08318,-1.89864
+1.08354,-1.82559
+1.08392,-1.78881
+1.08432,-1.80412
+1.08467,-1.80228
+1.08517,-1.75215
+1.08556,-1.73461
+1.08592,-1.76171
+1.0863,-1.68535
+1.08667,-1.67744
+1.08717,-1.68999
+1.08755,-1.70284
+1.08792,-1.816
+1.0883,-1.82675
+1.08867,-1.94018
+1.08917,-2.02934
+1.08955,-2.06012
+1.08993,-2.03445
+1.0903,-2.07739
+1.09067,-2.08199
+1.09118,-2.07481
+1.09155,-2.0179
+1.09193,-1.89689
+1.09231,-1.89531
+1.09267,-1.74396
+1.09317,-1.63739
+1.09355,-1.57988
+1.09393,-1.61831
+1.09431,-1.60741
+1.09468,-1.59415
+1.09518,-1.56663
+1.09555,-1.58867
+1.09593,-1.66912
+1.09631,-1.65479
+1.09667,-1.66311
+1.09718,-1.65148
+1.09756,-1.60585
+1.09793,-1.49372
+1.09831,-1.46824
+1.09868,-1.51852
+1.09918,-1.54903
+1.09956,-1.59893
+1.09993,-1.61529
+1.10031,-1.61722
+1.10068,-1.61664
+1.10118,-1.77868
+1.10156,-1.79647
+1.10193,-1.83251
+1.1023,-1.88353
+1.10268,-1.86059
+1.10318,-1.85296
+1.10356,-1.77387
+1.10393,-1.68224
+1.1043,-1.65075
+1.10481,-1.70322
+1.10518,-1.47337
+1.10593,-1.57692
+1.1061,-1.51566
+1.10657,-1.42647
+1.10683,-1.36575
+1.10719,-1.35832
+1.10755,-1.34019
+1.10793,-1.35958
+1.10831,-1.33737
+1.10867,-1.24623
+1.10918,-1.30095
+1.10956,-1.11016
+1.10993,-1.23644
+1.1103,-1.22717
+1.11068,-1.27302
+1.11118,-1.34228
+1.11155,-1.39685
+1.11193,-1.36878
+1.11231,-1.3818
+1.11268,-1.43968
+1.11318,-1.45023
+1.11356,-1.45695
+1.11393,-1.43795
+1.11431,-1.38303
+1.11468,-1.2724
+1.11531,-1.09037
+1.11557,-1.00962
+1.11593,-0.974777
+1.11631,-1.01802
+1.11668,-1.00491
+1.11718,-1.06039
+1.11759,-1.10424
+1.11796,-1.01176
+1.11833,-1.10417
+1.11869,-1.14432
+1.11918,-1.20252
+1.11955,-1.17289
+1.11993,-1.16514
+1.12031,-1.10007
+1.12068,-1.10161
+1.12118,-1.00099
+1.12169,-0.976482
+1.12195,-1.05657
+1.12231,-1.00489
+1.12267,-0.957554
+1.12378,-1.00838
+1.12405,-1.07961
+1.12433,-1.0915
+1.12468,-1.00025
+1.12518,-0.950749
+1.12556,-1.00062
+1.12593,-1.02216
+1.12631,-0.973805
+1.12668,-1.14568
+1.12718,-1.35484
+1.12754,-1.37237
+1.12792,-1.4221
+1.1283,-1.47225
+1.12867,-1.57064
+1.12917,-1.67781
+1.12955,-1.69419
+1.12993,-1.71658
+1.1303,-1.68912
+1.13067,-1.56367
+1.13117,-1.41811
+1.13155,-1.36718
+1.13192,-1.39604
+1.1323,-1.47451
+1.13267,-1.47839
+1.13318,-1.57828
+1.13355,-1.62981
+1.13392,-1.67312
+1.13431,-1.84327
+1.13467,-1.89199
+1.13518,-1.92243
+1.13555,-2.05029
+1.13592,-2.08748
+1.13631,-2.04186
+1.13667,-2.14665
+1.13717,-2.03766
+1.13756,-1.95186
+1.13793,-1.96043
+1.1383,-1.97798
+1.13867,-2.00147
+1.13918,-2.04262
+1.13955,-1.905
+1.13993,-1.95347
+1.14031,-2.02417
+1.14067,-2.03585
+1.14118,-2.06172
+1.14156,-2.17746
+1.14193,-2.28179
+1.14231,-2.26489
+1.14268,-2.29068
+1.14318,-2.30605
+1.14355,-2.56692
+1.14393,-2.57294
+1.14431,-2.62327
+1.14468,-2.63135
+1.14518,-2.74698
+1.14568,-2.8851
+1.14594,-2.88156
+1.14631,-2.9397
+1.14668,-2.99447
+1.14718,-3.15508
+1.14755,-3.07794
+1.14793,-3.14494
+1.14831,-3.18031
+1.14868,-3.31114
+1.14917,-3.45722
+1.14955,-3.44668
+1.14992,-3.61378
+1.15031,-3.65895
+1.15068,-3.72595
+1.15118,-3.73218
+1.15156,-3.79077
+1.15193,-3.7171
+1.1523,-3.83282
+1.15268,-3.84944
+1.15318,-3.83247
+1.15355,-3.89218
+1.15394,-3.80147
+1.1543,-3.92098
+1.15467,-3.98325
+1.15518,-4.07371
+1.15555,-4.14245
+1.15592,-4.3335
+1.1563,-4.37378
+1.15668,-4.45006
+1.15718,-4.4825
+1.15755,-4.5666
+1.15793,-4.66735
+1.1583,-4.66675
+1.15867,-4.75759
+1.15918,-4.88092
+1.15955,-4.97404
+1.15993,-5.06703
+1.1603,-5.10696
+1.16067,-5.22242
+1.16118,-5.28631
+1.16155,-5.38315
+1.16193,-5.51871
+1.1623,-5.61531
+1.16267,-5.74212
+1.16318,-5.78991
+1.16355,-5.81884
+1.16393,-5.79972
+1.16431,-5.91035
+1.16468,-5.97506
+1.16518,-6.04805
+1.16556,-6.07379
+1.16593,-6.13639
+1.16631,-6.17895
+1.16668,-6.13019
+1.16718,-6.11569
+1.16755,-6.16933
+1.16793,-6.29791
+1.1683,-6.36829
+1.16868,-6.46634
+1.16918,-6.51744
+1.16956,-6.52953
+1.16993,-6.56997
+1.17031,-6.69405
+1.17068,-6.80138
+1.17118,-6.83191
+1.17156,-6.92508
+1.17193,-7.03405
+1.17231,-6.97616
+1.17268,-6.99183
+1.17319,-7.08458
+1.17358,-7.25067
+1.17393,-7.31296
+1.17431,-7.35893
+1.17467,-7.2736
+1.17518,-7.38384
+1.17556,-7.31918
+1.17593,-7.18379
+1.17631,-7.20513
+1.17668,-7.14868
+1.17718,-7.31769
+1.17756,-7.35308
+1.17794,-7.35279
+1.17831,-7.18705
+1.17869,-7.37503
+1.17918,-7.41245
+1.17956,-7.70969
+1.17993,-7.77323
+1.1803,-7.99244
+1.18068,-8.12809
+1.18119,-8.10909
+1.18156,-8.14191
+1.18193,-8.2058
+1.1823,-8.41558
+1.18268,-8.34016
+1.18318,-8.39571
+1.18355,-8.33652
+1.18393,-8.49418
+1.18431,-8.48821
+1.18468,-8.59669
+1.18518,-8.42419
+1.18556,-8.2742
+1.18594,-8.10714
+1.1863,-8.16778
+1.18668,-8.21246
+1.18718,-8.20656
+1.18755,-8.11326
+1.18793,-8.23499
+1.18831,-7.95952
+1.18868,-7.87197
+1.18919,-8.05907
+1.18956,-8.26751
+1.18993,-8.45261
+1.19031,-8.49673
+1.19069,-8.64328
+1.19118,-8.71666
+1.19156,-8.79403
+1.19193,-8.73677
+1.1923,-8.99189
+1.19282,-8.975
+1.19318,-8.88328
+1.19356,-8.69212
+1.19393,-8.66691
+1.19431,-8.69026
+1.19468,-8.67565
+1.19518,-8.44834
+1.19555,-8.49736
+1.19593,-8.49864
+1.19631,-8.58764
+1.19668,-8.6173
+1.19719,-8.66511
+1.19756,-8.67525
+1.19793,-8.4947
+1.19831,-8.43015
+1.19868,-8.48004
+1.19918,-8.62251
+1.19956,-8.38081
+1.19994,-8.13432
+1.20031,-7.75986
+1.20069,-7.59669
+1.20119,-7.53534
+1.20156,-7.6184
+1.20194,-7.78938
+1.20231,-7.71357
+1.20268,-7.52662
+1.20318,-7.47764
+1.20355,-7.56656
+1.20393,-7.72705
+1.20431,-9.95999
+1.2047,-10.1255
+1.20518,-10.1525
+1.20557,-10.0479
+1.20593,-9.99556
+1.20631,-9.97182
+1.20702,-9.86073
+1.20722,-9.98355
+1.20756,-10.0431
+1.20793,-9.96421
+1.20831,-9.88557
+1.20868,-9.73823
+1.20918,-9.65188
+1.20956,-9.69433
+1.20994,-9.53935
+1.21031,-9.5167
+1.21068,-9.63308
+1.21118,-9.41154
+1.21156,-9.33972
+1.21194,-9.41521
+1.21231,-9.53772
+1.2127,-9.59548
+1.21318,-9.62739
+1.21357,-9.57255
+1.21394,-9.62479
+1.21431,-9.66201
+1.21468,-9.66223
+1.21519,-9.49093
+1.21556,-9.45803
+1.21624,-9.26471
+1.21644,-9.19138
+1.21669,-9.0761
+1.21718,-8.95137
+1.21756,-8.9414
+1.21793,-9.04446
+1.2183,-8.8748
+1.21868,-8.54582
+1.21918,-8.73308
+1.21956,-8.57888
+1.22021,-8.61219
+1.22039,-8.23963
+1.22069,-8.07744
+1.22119,-8.02126
+1.22187,-7.86458
+1.22207,-7.44696
+1.22234,-7.42929
+1.22269,-7.61775
+1.22319,-7.54625
+1.22356,-7.31056
+1.22394,-7.19267
+1.22431,-7.32634
+1.22469,-7.49808
+1.22518,-7.30103
+1.22618,-7.27824
+1.22639,-7.45599
+1.22656,-7.40799
+1.22685,-7.40836
+1.22718,-7.32743
+1.22756,-7.55459
+1.22793,-7.37435
+1.2283,-7.35124
+1.22868,-7.21719
+1.22918,-7.3795
+1.22956,-7.26443
+1.22993,-7.20269
+1.23031,-7.25267
+1.23069,-7.17696
+1.23119,-7.21122
+1.23156,-7.19848
+1.23193,-7.35635
+1.23231,-7.23095
+1.23269,-7.13173
+1.23318,-7.01245
+1.23356,-7.04188
+1.23393,-6.94258
+1.2343,-6.54974
+1.23469,-6.48089
+1.23505,-6.32398
+1.23555,-6.20562
+1.23593,-6.02723
+1.23631,-6.04457
+1.23668,-5.99447
+1.23718,-5.99263
+1.23756,-5.89855
+1.23793,-5.63092
+1.23831,-5.61565
+1.23868,-5.25691
+1.23919,-5.15715
+1.23956,-4.96582
+1.23993,-4.74235
+1.2403,-4.72131
+1.24068,-4.70274
+1.24105,-4.61296
+1.24156,-4.54307
+1.24194,-4.73606
+1.2423,-4.78368
+1.24269,-4.93061
+1.24319,-4.9409
+1.24356,-4.72061
+1.24393,-4.84248
+1.2443,-4.71827
+1.24469,-4.57481
+1.24518,-4.51398
+1.24556,-4.50516
+1.24593,-4.46916
+1.24631,-4.19695
+1.24669,-4.19708
+1.24718,-4.11031
+1.24755,-4.29133
+1.24794,-4.28076
+1.24831,-4.18922
+1.24868,-4.14068
+1.24918,-3.67845
+1.24956,-3.58807
+1.24993,-3.4421
+1.2503,-3.66671
+1.25068,-3.28866
+1.25106,-3.24401
+1.25156,-2.91702
+1.25194,-2.83684
+1.25231,-2.7473
+1.25269,-2.75445
+1.25305,-2.75896
+1.25356,-2.68264
+1.25393,-2.70849
+1.25431,-2.64209
+1.25469,-2.92681
+1.25518,-2.83466
+1.25555,-2.77279
+1.25593,-2.4324
+1.25631,-2.22387
+1.25681,-2.11184
+1.25719,-2.30664
+1.25756,-2.15229
+1.25794,-1.72904
+1.25831,-1.34615
+1.25869,-0.981766
+1.25918,-0.995356
+1.25956,-0.943781
+1.25994,-1.09869
+1.26031,-1.18066
+1.26069,-0.803899
+1.26118,-0.558218
+1.26156,-0.387124
+1.26193,-0.601284
+1.26231,-0.586905
+1.26268,-0.496102
+1.26305,-0.318659
+1.26356,-0.16982
+1.26393,-0.198314
+1.2643,-0.179784
+1.26469,-0.150722
+1.26506,+0.0387791
+1.26556,+0.152937
+1.26593,+0.381902
+1.26631,+0.441869
+1.26668,+0.44111
+1.26718,+0.739198
+1.26756,+0.648452
+1.26793,+0.709923
+1.26831,+1.03526
+1.26869,+0.713556
+1.26906,+0.625321
+1.26956,+0.802291
+1.26993,+0.934191
+1.27031,+0.617143
+1.27069,+0.389878
+1.27106,+0.162005
+1.27156,+0.328768
+1.27193,+0.653352
+1.27231,+0.618976
+1.27269,+0.740434
+1.27318,+0.476052
+1.27356,+0.136028
+1.27394,-0.136941
+1.27431,+0.21463
+1.27469,+0.212797
+1.27506,+0.466986
+1.27556,+0.152882
+1.27593,-0.104572
+1.27631,-0.410349
+1.27669,-0.163725
+1.27719,+0.217136
+1.27756,+0.528189
+1.27793,+0.613367
+1.27831,+0.336694
+1.27869,+0.736895
+1.27906,+0.590734
+1.27956,+0.603229
+1.27994,+0.599409
+1.28031,+0.666095
+1.28069,+0.562673
+1.28105,+0.384726
+1.28157,+0.137473
+1.28194,+0.326657
+1.28267,+0.288857
+1.28287,-0.0407602
+1.28308,-0.0015002
+1.28356,-0.0713772
+1.28393,+0.208624
+1.28431,+0.529818
+1.28469,+0.694094
+1.28506,+0.857961
+1.28557,+0.837842
+1.28594,+0.537603
+1.28631,+0.642525
+1.28668,+0.890083
+1.28718,+0.737756
+1.28756,+0.833678
+1.28794,+0.587693
+1.28831,+0.672433
+1.28868,+0.545035
+1.28905,+0.362683
+1.28957,+0.432531
+1.28994,+0.854316
+1.29031,+1.13944
+1.29069,+0.887434
+1.29106,+0.908946
+1.29156,+0.843425
+1.29193,+0.826989
+1.29231,+0.400532
+1.29269,+0.156217
+1.29305,+0.0140951
+1.29356,-0.192032
+1.29394,-0.504833
+1.29431,-0.562842
+1.29468,-0.548572
+1.29506,-0.506416
+1.29556,-0.56834
+1.29594,-0.598621
+1.29631,-0.564467
+1.29669,-0.274474
+1.29706,-0.157798
+1.29769,+0.0804095
+1.29796,+0.274196
+1.29831,+0.276441
+1.29869,+0.180851
+1.29906,+0.157547
+1.29956,+0.45187
+1.29994,+0.435352
+1.30031,+0.558656
+1.30068,+0.571567
+1.30106,+0.6997
+1.30157,+0.368145
+1.30193,+0.0812076
+1.30231,-0.139551
+1.30269,-0.0206167
+1.30306,-0.168758
+1.30356,-0.412877
+1.30394,-0.0896846
+1.30432,-0.342411
+1.30469,-0.583769
+1.30506,-0.885031
+1.30556,-0.439033
+1.30594,-0.503897
+1.30632,-0.519387
+1.30668,-0.619962
+1.30706,-0.523937
+1.30757,-0.551495
+1.30794,-0.988147
+1.30831,-0.826289
+1.30869,-0.948134
+1.30906,-0.9056
+1.30957,-1.18024
+1.30994,-1.24866
+1.31031,-1.30494
+1.31068,-1.07778
+1.31106,-1.15313
+1.31156,-0.88147
+1.31193,-0.872728
+1.31232,-0.999213
+1.31269,-0.915263
+1.31306,-1.01387
+1.31356,-1.1408
+1.31394,-1.1057
+1.31431,-1.16521
+1.31469,-1.3565
+1.31506,-1.30646
+1.31557,-1.40085
+1.31594,-1.30106
+1.31631,-0.997392
+1.31669,-1.02671
+1.31706,-0.895464
+1.31757,-0.911345
+1.31794,-0.774921
+1.31831,-0.754025
+1.31869,-0.56081
+1.31906,-0.205027
+1.31956,-0.403368
+1.31993,-0.302527
+1.32032,-0.314275
+1.32069,-0.0514233
+1.32106,+0.015589
+1.32157,+0.376682
+1.32194,+0.223629
+1.32231,+0.528335
+1.32269,+0.291262
+1.32307,+0.36904
+1.32358,+0.399838
+1.32394,+0.378203
+1.32432,+0.449697
+1.32469,+0.260703
+1.32506,+0.18827
+1.32557,-0.0500002
+1.32594,+0.445852
+1.32631,+0.497416
+1.32669,+0.686395
+1.32706,+0.394162
+1.32756,+0.464701
+1.32858,+0.513558
+1.32881,+0.627879
+1.32907,+0.69403
+1.32957,+1.02194
+1.32994,+1.53056
+1.33032,+1.30915
+1.3307,+1.50661
+1.33106,+1.45596
+1.33158,+1.73852
+1.33195,+1.82755
+1.33232,+2.16649
+1.3327,+2.17311
+1.33307,+2.2717
+1.33358,+2.41084
+1.33394,+2.09894
+1.33432,+2.12386
+1.33469,+2.17867
+1.33507,+2.22805
+1.33557,+2.01105
+1.33594,+2.07093
+1.33632,+1.87568
+1.3367,+2.01845
+1.33706,+2.40761
+1.33757,+2.23852
+1.33794,+2.63683
+1.33832,+2.98463
+1.33869,+2.69315
+1.33907,+2.82662
+1.33957,+2.9589
+1.33994,+3.41467
+1.34032,+3.40552
+1.3407,+3.42507
+1.34107,+3.56702
+1.34157,+3.56281
+1.34195,+3.67222
+1.34232,+3.42894
+1.34269,+3.50088
+1.34307,+3.86531
+1.34357,+4.28667
+1.34394,+4.4065
+1.34432,+4.55413
+1.3447,+4.39109
+1.34507,+4.07872
+1.34558,+4.12802
+1.34595,+4.23166
+1.34632,+4.30692
+1.3467,+4.67642
+1.34706,+4.38356
+1.34757,+4.02156
+1.34795,+3.63274
+1.34831,+4.03534
+1.3487,+4.42378
+1.34907,+4.46066
+1.34957,+4.96076
+1.34994,+4.89754
+1.35032,+4.97401
+1.3507,+4.7474
+1.35107,+4.89667
+1.35157,+4.94167
+1.35195,+4.90545
+1.35233,+4.51935
+1.3527,+4.1739
+1.35306,+4.50233
+1.35357,+4.09429
+1.35395,+4.20398
+1.35432,+4.20116
+1.3547,+4.32177
+1.35507,+4.25318
+1.35557,+4.37071
+1.35594,+4.45196
+1.35632,+4.56698
+1.3567,+4.54756
+1.35707,+4.24218
+1.35758,+4.34916
+1.35794,+3.95147
+1.35832,+4.28889
+1.35869,+4.25108
+1.35907,+4.70846
+1.35957,+5.10681
+1.35994,+5.18776
+1.36032,+5.55834
+1.3607,+6.03122
+1.36108,+6.11813
+1.36157,+6.16227
+1.36195,+6.24733
+1.36232,+5.99516
+1.3627,+5.99366
+1.36307,+5.98453
+1.36357,+5.97681
+1.36394,+5.92898
+1.36433,+5.48268
+1.3647,+5.11899
+1.36506,+5.03009
+1.36557,+4.95952
+1.36595,+4.97995
+1.36632,+5.34998
+1.36669,+5.352
+1.36707,+4.96105
+1.36757,+4.55056
+1.36794,+4.93509
+1.36832,+5.34293
+1.3687,+5.30074
+1.36907,+5.26992
+1.36958,+5.25569
+1.36995,+5.20726
+1.37032,+4.84405
+1.37071,+4.71982
+1.37107,+4.66043
+1.37157,+4.58836
+1.37195,+4.14513
+1.37233,+3.7478
+1.3727,+3.71746
+1.37307,+3.74344
+1.37358,+4.07698
+1.37395,+4.11031
+1.37432,+4.37223
+1.3747,+4.43735
+1.37508,+4.82168
+1.37557,+5.14051
+1.37595,+5.56744
+1.37632,+5.61882
+1.3767,+5.99232
+1.37707,+6.26341
+1.37757,+5.84849
+1.37796,+6.01883
+1.37833,+5.59364
+1.3787,+5.55164
+1.37907,+5.14571
+1.37958,+5.20603
+1.37995,+4.72158
+1.38032,+4.6261
+1.3807,+4.12173
+1.38107,+4.06968
+1.38158,+4.01853
+1.38194,+4.0456
+1.38233,+4.06559
+1.3827,+4.30848
+1.38307,+4.24016
+1.38357,+3.75618
+1.38395,+3.81656
+1.38433,+3.67394
+1.3847,+3.68313
+1.38507,+3.68875
+1.38557,+4.00773
+1.38596,+4.00138
+1.38632,+3.93398
+1.38669,+3.97776
+1.38708,+3.96908
+1.38757,+4.02111
+1.38794,+4.39351
+1.38832,+4.82313
+1.38882,+4.79471
+1.38922,+4.34388
+1.38957,+4.33228
+1.38994,+4.28291
+1.39033,+4.22672
+1.39071,+3.84202
+1.39107,+4.13816
+1.39158,+4.34463
+1.39195,+4.14417
+1.39232,+3.76259
+1.3927,+4.05627
+1.39307,+4.15367
+1.39358,+3.67659
+1.39395,+3.19945
+1.39433,+3.50756
+1.3947,+3.76201
+1.39507,+3.33424
+1.39558,+3.01108
+1.39595,+2.71449
+1.39632,+2.53848
+1.39669,+2.1645
+1.39743,+2.05064
+1.39771,+2.02548
+1.39796,+2.37245
+1.39833,+2.06365
+1.3987,+1.71835
+1.39907,+1.86123
+1.39958,+1.79502
+1.39996,+1.76176
+1.40032,+1.79691
+1.4007,+1.89277
+1.40108,+2.27019
+1.40158,+2.34733
+1.40195,+2.36002
+1.40232,+2.42171
+1.4027,+2.42869
+1.40307,+2.33227
+1.40357,+2.37011
+1.40395,+2.36075
+1.40433,+2.43523
+1.4047,+1.54395
+1.40507,+1.52487
+1.40558,+1.56559
+1.40595,+1.55847
+1.40633,+1.45494
+1.40671,+1.4421
+1.40708,+1.82059
+1.40757,+1.87238
+1.40796,+1.91029
+1.40833,+1.91365
+1.40883,+1.91954
+1.40907,+1.51427
+1.40983,+1.86015
+1.41002,+1.50617
+1.41033,+1.56328
+1.41071,+1.56769
+1.41107,+1.18023
+1.41158,+1.10588
+1.41195,+1.15854
+1.41232,+1.46194
+1.4127,+1.84896
+1.41307,+1.96478
+1.41358,+1.62905
+1.41395,+2.05369
+1.41433,+2.30385
+1.4147,+2.32074
+1.41507,+2.38146
+1.41558,+2.49157
+1.41595,+2.44284
+1.41632,+2.22195
+1.4167,+1.87955
+1.41707,+2.29047
+1.41758,+2.2632
+1.41796,+1.86546
+1.41833,+2.04127
+1.4187,+2.04691
+1.41907,+1.94332
+1.41958,+1.89688
+1.41995,+1.91571
+1.42032,+1.90376
+1.4207,+2.32986
+1.42108,+2.27953
+1.42158,+2.70732
+1.42195,+2.7468
+1.42232,+2.39668
+1.4227,+2.44548
+1.42308,+2.55147
+1.42358,+2.616
+1.42395,+2.93987
+1.42432,+3.3809
+1.4247,+2.91783
+1.42507,+2.92008
+1.42559,+2.90734
+1.42597,+3.27039
+1.42632,+3.55803
+1.4267,+3.87514
+1.42708,+4.20536
+1.42758,+4.24107
+1.42795,+3.89189
+1.42832,+3.34829
+1.4287,+3.52287
+1.42907,+3.20422
+1.42958,+2.86117
+1.42995,+2.5594
+1.43098,+2.19236
+1.43124,+1.82451
+1.43157,+1.85271
+1.43195,+1.73187
+1.43232,+1.8086
+1.43269,+1.90592
+1.43307,+2.16749
+1.43357,+2.17141
+1.43395,+2.13163
+1.43433,+2.15942
+1.4347,+2.49184
+1.43507,+2.48311
+1.43557,+2.45409
+1.43594,+2.56514
+1.43632,+2.47937
+1.4367,+2.48903
+1.43708,+2.47837
+1.43757,+2.4036
+1.43795,+2.45719
+1.43832,+2.69249
+1.43869,+2.37644
+1.4392,+2.36373
+1.43957,+2.02823
+1.43994,+1.96205
+1.44032,+1.95553
+1.4407,+2.23673
+1.44107,+1.8948
+1.44158,+1.83884
+1.44195,+1.78761
+1.44232,+1.56084
+1.4427,+1.90331
+1.44308,+1.97191
+1.44357,+1.95635
+1.44395,+1.89406
+1.44432,+2.24492
+1.4447,+1.80635
+1.44507,+1.77043
+1.44557,+2.16323
+1.44595,+2.18696
+1.44632,+2.06852
+1.44669,+1.64571
+1.44708,+1.54804
+1.44758,+1.50685
+1.44795,+1.82578
+1.44832,+1.41954
+1.4487,+1.90588
+1.44907,+1.94191
+1.44958,+1.60301
+1.44995,+1.51339
+1.45033,+1.48033
+1.45071,+1.44157
+1.45107,+1.34859
+1.45157,+1.65518
+1.45195,+1.32417
+1.45233,+1.65823
+1.4527,+1.17862
+1.45307,+1.14542
+1.45358,+1.052
+1.45395,+1.32108
+1.45432,+1.33519
+1.45469,+1.73698
+1.45507,+1.86692
+1.45557,+1.56116
+1.45595,+1.51694
+1.45633,+1.30045
+1.4567,+1.39236
+1.45708,+1.4182
+1.45758,+1.45409
+1.45795,+1.18655
+1.45832,+1.1854
+1.4587,+0.705862
+1.45907,+0.974463
+1.45959,+0.949161
+1.46007,+0.998762
+1.46036,+0.937605
+1.46083,+0.886382
+1.46111,+0.823742
+1.4617,+0.81213
+1.46196,+0.832867
+1.46232,+0.79012
+1.46269,+0.849133
+1.46308,+0.573261
+1.46357,+0.577674
+1.46395,+0.929423
+1.46433,+0.885888
+1.4647,+0.928524
+1.46507,+0.915568
+1.46557,+0.973947
+1.46596,+0.976865
+1.46633,+1.3955
+1.4667,+1.41243
+1.46709,+1.37762
+1.46757,+1.68711
+1.46795,+1.43903
+1.46832,+1.86394
+1.4687,+1.89725
+1.46908,+1.98373
+1.46958,+2.31871
+1.46995,+2.35445
+1.47032,+2.35834
+1.4707,+2.46131
+1.47107,+2.51676
+1.47158,+2.3085
+1.47195,+2.397
+1.47232,+2.0608
+1.4727,+2.08588
+1.47307,+2.4041
+1.47358,+2.06642
+1.47396,+2.09182
+1.47433,+1.85265
+1.4747,+1.88484
+1.47509,+2.00161
+1.47558,+2.09062
+1.47595,+2.04766
+1.47632,+2.16771
+1.4767,+2.2466
+1.47707,+2.11933
+1.47758,+2.21717
+1.47795,+2.37972
+1.47833,+2.46546
+1.4787,+2.5957
+1.47909,+2.67322
+1.47958,+2.70316
+1.47995,+3.12614
+1.48032,+3.17155
+1.4807,+3.31984
+1.48108,+3.72652
+1.48158,+3.88255
+1.48195,+3.91795
+1.48233,+4.21637
+1.4827,+4.27319
+1.48308,+4.36375
+1.48357,+4.33568
+1.48395,+4.06203
+1.48433,+4.15409
+1.4847,+4.12734
+1.48508,+3.78951
+1.48558,+4.16315
+1.48595,+4.19385
+1.48632,+4.02835
+1.4867,+4.034
+1.48709,+4.43181
+1.48758,+4.70005
+1.48795,+4.81605
+1.48833,+4.98211
+1.4887,+5.10949
+1.48908,+5.2002
+1.48958,+5.00908
+1.48996,+5.17902
+1.49033,+5.67351
+1.4907,+6.16068
+1.49108,+5.81013
+1.49158,+6.19974
+1.49195,+6.27614
+1.49233,+6.25214
+1.49271,+6.26909
+1.49308,+6.44662
+1.49359,+6.84822
+1.49395,+7.2959
+1.49433,+7.35232
+1.4947,+7.0793
+1.49508,+7.5476
+1.49558,+7.16486
+1.49595,+7.21198
+1.49632,+7.72511
+1.49671,+7.9264
+1.49708,+8.37731
+1.49761,+8.07507
+1.49799,+7.68864
+1.49834,+7.37842
+1.49871,+7.53372
+1.49909,+7.26974
+1.49957,+7.31426
+1.49995,+7.64814
+1.50033,+7.31078
+1.5007,+7.41138
+1.50108,+7.41776
+1.50158,+7.51795
+1.50195,+8.00177
+1.50233,+8.10213
+1.5027,+8.13162
+1.50309,+8.11415
+1.50345,+8.29652
+1.50395,+8.41924
+1.50432,+8.41472
+1.5047,+8.70202
+1.50508,+8.2674
+1.50558,+8.59243
+1.50596,+8.25166
+1.50633,+8.29576
+1.5067,+8.31595
+1.50709,+8.77839
+1.50758,+8.76989
+1.50795,+8.46906
+1.50833,+8.92008
+1.50871,+8.58492
+1.50909,+9.07414
+1.50947,+9.22865
+1.50995,+9.23869
+1.51046,+9.19351
+1.51072,+9.04882
+1.51108,+8.98928
+1.51157,+8.92618
+1.51196,+8.85737
+1.51233,+8.38049
+1.5127,+8.73273
+1.51309,+8.36712
+1.51345,+8.38823
+1.51396,+8.44153
+1.51433,+8.47302
+1.51471,+8.99558
+1.51509,+8.81275
+1.51545,+9.22452
+1.51596,+9.21237
+1.51632,+9.33742
+1.5167,+8.92438
+1.51708,+9.23911
+1.51759,+9.07204
+1.51795,+8.95559
+1.51833,+8.93545
+1.5187,+8.50325
+1.51908,+8.66758
+1.51945,+8.21042
+1.51995,+8.18807
+1.52033,+8.44744
+1.5207,+8.75824
+1.52108,+8.31445
+1.52158,+7.89925
+1.52196,+7.8934
+1.52233,+8.12966
+1.52271,+7.97714
+1.52309,+7.93106
+1.52346,+7.88684
+1.52395,+7.71969
+1.52434,+7.6456
+1.52471,+7.64763
+1.52508,+7.93734
+1.52545,+7.96615
+1.52595,+8.2205
+1.52633,+7.83376
+1.5267,+8.10157
+1.52708,+7.7718
+1.52745,+7.6932
+1.52797,+8.0916
+1.52834,+7.54251
+1.52871,+7.41542
+1.52908,+6.98089
+1.52959,+6.81781
+1.52996,+6.65649
+1.53171,+6.31817
+1.53197,+6.28264
+1.53216,+6.02941
+1.53236,+5.82888
+1.53338,+5.38106
+1.53358,+5.241
+1.53395,+4.66455
+1.53433,+4.48933
+1.5347,+4.32314
+1.53507,+3.82364
+1.53544,+3.89553
+1.53595,+3.37397
+1.53646,+3.63337
+1.53671,+3.62581
+1.53708,+3.82603
+1.53745,+3.76733
+1.53795,+3.8342
+1.53833,+4.07057
+1.5387,+3.98246
+1.53908,+3.9123
+1.53944,+3.78055
+1.53995,+4.12708
+1.54033,+3.5573
+1.5407,+3.81454
+1.54107,+3.71873
+1.54145,+3.94501
+1.54196,+3.85947
+1.54232,+3.426
+1.54271,+3.38304
+1.54308,+3.64669
+1.54345,+3.52043
+1.54396,+3.40079
+1.54433,+3.40983
+1.5447,+3.24104
+1.54508,+2.82206
+1.54545,+2.43892
+1.54595,+2.31777
+1.54633,+2.55297
+1.5467,+2.36655
+1.54707,+2.20405
+1.54745,+2.09029
+1.54795,+1.60572
+1.54833,+1.88051
+1.54871,+1.52767
+1.54908,+1.37949
+1.54945,+1.69073
+1.54995,+1.92514
+1.55033,+1.55616
+1.5507,+1.82544
+1.55108,+1.44116
+1.55157,+1.7694
+1.55196,+1.62725
+1.55233,+1.46296
+1.5527,+1.61131
+1.55307,+1.58066
+1.55345,+1.17301
+1.55395,+0.665829
+1.55433,+0.579878
+1.5547,+0.583476
+1.55508,+0.962546
+1.55545,+0.577673
+1.55595,+0.692963
+1.55633,+0.492279
+1.5567,+0.246555
+1.55707,+0.551332
+1.55776,+0.441216
+1.55798,+0.393842
+1.55833,+0.344911
+1.55871,+0.00939577
+1.55908,-0.301341
+1.55945,-0.319678
+1.55996,-0.413013
+1.56033,-0.23643
+1.5607,-0.249348
+1.56108,-0.296643
+1.56158,+0.0651858
+1.56196,+0.0853058
+1.56245,+0.086495
+1.56274,+0.0895338
+1.56308,+0.287652
+1.56345,+0.511127
+1.56395,+0.904765
+1.56433,+0.593731
+1.56471,+0.836723
+1.56508,+0.472917
+1.56546,+0.102081
+1.56595,+0.558728
+1.56633,+0.552334
+1.56671,+0.508679
+1.56709,+0.294808
+1.56745,+0.0967581
+1.56795,+0.0266598
+1.56832,+0.0431257
+1.56871,-0.19997
+1.56908,-0.111098
+1.56945,+0.195737
+1.56995,-0.127071
+1.57033,-0.0838278
+1.57071,+0.186008
+1.57108,+0.419187
+1.57158,+0.751189
+1.57195,+0.740952
+1.57233,+0.754444
+1.5727,+1.08063
+1.57308,+1.33069
+1.57346,+1.15514
+1.57396,+1.41072
+1.57433,+1.38553
+1.57471,+1.10713
+1.57509,+1.1365
+1.57545,+1.20523
+1.57595,+1.00312
+1.57633,+1.31721
+1.57671,+1.01589
+1.57708,+0.756341
+1.57745,+0.650886
+1.57796,+0.345514
+1.57833,+0.359465
+1.57871,+0.42143
+1.57907,+0.23248
+1.57946,-0.174631
+1.57996,+0.0336144
+1.58033,-0.254129
+1.5807,+0.0429542
+1.58109,+0.211251
+1.58158,+0.261696
+1.58195,+0.350971
+1.58233,+0.489619
+1.58271,+0.873255
+1.58308,+1.12024
+1.58345,+1.47569
+1.58395,+1.26109
+1.58433,+1.23377
+1.58471,+0.872981
+1.58508,+0.761444
+1.58546,+0.792767
+1.58596,+1.06182
+1.58633,+1.04547
+1.5867,+0.677169
+1.58709,+0.369779
+1.58746,+0.0885138
+1.58796,+0.025073
+1.58833,+0.374408
+1.5887,+0.44525
+1.58909,+0.465365
+1.58946,+0.436535
+1.58995,+0.0861057
+1.59034,+0.061122
+1.59071,-0.00430732
+1.59109,-0.0793156
+1.59158,-0.22172
+1.59195,-0.241609
+1.59233,-0.54599
+1.59271,-0.512742
+1.59308,-0.535759
+1.59346,-0.59333
+1.59396,-0.605167
+1.59433,-0.540927
+1.5947,-0.465141
+1.59508,-0.410068
+1.59546,-0.303006
+1.59595,-0.305821
+1.59634,-0.00831134
+1.59671,-0.0202776
+1.59708,-0.141002
+1.59745,-0.112665
+1.59795,-0.185928
+1.59833,-0.281008
+1.59871,-0.356642
+1.59908,-0.447447
+1.59945,-0.582196
+1.59996,-0.595463
+1.60033,-0.968393
+1.6007,-1.09599
+1.60108,-1.18034
+1.60159,-1.34392
+1.60197,-1.37684
+1.60233,-1.52784
+1.6027,-1.62632
+1.60308,-1.64487
+1.60345,-1.76421
+1.60395,-1.82818
+1.60433,-1.97477
+1.6047,-2.05929
+1.60508,-2.0187
+1.60546,-1.94041
+1.60596,-2.05827
+1.60633,-2.16283
+1.6067,-2.24999
+1.60709,-2.02137
+1.60746,-1.94001
+1.60796,-1.7927
+1.60833,-1.72795
+1.60871,-1.72196
+1.60909,-1.79905
+1.60946,-1.89789
+1.60996,-1.91059
+1.61034,-2.04748
+1.61071,-2.0993
+1.61109,-2.45714
+1.61158,-2.62998
+1.61196,-2.94244
+1.61234,-2.99986
+1.61271,-2.9995
+1.61308,-3.07646
+1.61346,-2.90121
+1.61396,-2.82863
+1.61433,-2.88391
+1.61471,-2.82484
+1.61509,-2.92332
+1.61546,-2.82902
+1.61596,-2.76885
+1.61633,-2.81974
+1.61671,-2.94694
+1.61709,-2.94587
+1.61746,-3.23127
+1.61797,-3.3462
+1.61834,-3.21285
+1.61871,-3.07255
+1.61908,-3.13231
+1.61945,-3.24904
+1.61996,-3.25815
+1.62033,-3.26313
+1.62071,-3.06184
+1.62108,-3.07951
+1.62159,-3.074
+1.62196,-3.09835
+1.62233,-3.25957
+1.6227,-3.49485
+1.62321,-3.48386
+1.62359,-3.486
+1.62396,-3.61008
+1.62433,-3.69651
+1.6247,-3.99986
+1.62509,-4.01053
+1.62546,-4.02831
+1.62596,-4.02729
+1.62633,-4.0581
+1.62671,-3.78143
+1.62709,-3.82268
+1.62745,-3.8483
+1.62796,-3.79242
+1.62834,-3.77713
+1.62871,-3.69961
+1.62908,-3.70784
+1.62946,-3.70584
+1.62996,-3.62725
+1.63034,-3.62429
+1.63072,-3.91992
+1.63109,-3.8447
+1.63145,-3.78673
+1.63196,-3.77459
+1.63233,-3.75114
+1.63271,-3.73884
+1.63308,-3.69134
+1.63346,-3.65919
+1.63397,-3.67854
+1.63433,-3.63104
+1.63471,-3.61175
+1.63578,-3.606
+1.63597,-3.5364
+1.63614,-3.57726
+1.63636,-3.51353
+1.6367,-3.45018
+1.63708,-3.47918
+1.63745,-3.53695
+1.63796,-3.625
+1.63833,-3.56792
+1.6387,-3.32703
+1.63909,-3.23384
+1.63946,-3.32438
+1.63995,-3.21972
+1.64033,-3.23442
+1.64071,-3.33015
+1.64108,-3.3531
+1.64145,-3.25077
+1.64196,-3.09816
+1.64233,-2.89331
+1.64271,-3.05761
+1.6432,-2.7269
+1.64347,-2.55944
+1.64396,-2.49633
+1.64433,-2.55304
+1.6447,-2.44956
+1.64508,-2.29615
+1.64546,-2.20757
+1.64596,-2.12476
+1.64633,-2.30303
+1.6467,-2.22963
+1.64709,-2.4443
+1.64745,-2.07571
+1.64795,-2.11023
+1.64833,-1.92975
+1.64871,-1.84904
+1.6494,-1.74294
+1.64964,-1.75275
+1.64996,-1.76861
+1.65033,-1.5634
+1.6507,-1.53931
+1.65107,-1.49085
+1.65145,-1.80582
+1.65196,-1.73816
+1.65233,-1.50512
+1.6527,-1.41078
+1.65309,-1.44434
+1.65346,-1.30328
+1.65395,-1.22578
+1.65433,-1.20437
+1.65471,-1.22399
+1.65508,-1.22585
+1.65546,-1.16568
+1.65596,-1.0836
+1.65633,-1.18998
+1.65671,-1.18259
+1.65708,-1.20998
+1.65746,-1.12239
+1.65796,-1.12971
+1.65833,-1.16174
+1.65871,-0.740213
+1.65908,-0.668573
+1.65945,-0.589318
+1.65995,-0.58465
+1.66033,-0.65567
+1.66071,-0.658048
+1.66108,-0.485676
+1.66158,-0.498688
+1.66195,-0.484049
+1.66233,-0.483416
+1.6627,-0.780136
+1.66309,-0.774761
+1.66346,-0.728347
+1.66428,-0.557914
+1.66451,-0.435085
+1.66472,-0.326344
+1.66508,-0.347491
+1.66545,-0.351264
+1.66596,+0.132406
+1.66633,+0.205689
+1.66671,+0.454877
+1.66708,+0.563919
+1.66746,+0.612099
+1.66796,+0.912141
+1.66833,+0.958088
+1.66871,+1.02092
+1.66909,+1.0885
+1.66946,+1.41636
+1.66995,+1.47595
+1.67033,+1.53337
+1.67071,+1.44659
+1.67108,+1.44127
+1.67158,+1.45112
+1.67196,+1.43188
+1.67233,+1.40734
+1.6727,+1.46375
+1.67309,+1.53127
+1.67391,+1.28163
+1.67418,+0.842187
+1.67444,+0.946157
+1.67471,+0.90163
+1.67508,+1.32688
+1.67545,+1.48576
+1.67596,+1.34284
+1.67634,+1.72298
+1.67671,+2.21886
+1.67708,+2.19099
+1.67745,+2.29204
+1.67796,+2.47947
+1.67833,+2.50704
+1.67871,+2.89209
+1.67908,+2.59489
+1.67946,+2.42611
+1.67996,+2.32758
+1.68033,+2.09528
+1.6807,+1.62568
+1.68108,+1.68602
+1.68146,+2.09885
+1.68196,+1.96251
+1.68233,+1.94277
+1.68271,+1.61932
+1.68308,+1.55266
+1.68346,+1.58104
+1.68396,+1.57253
+1.68433,+1.59814
+1.68471,+1.67726
+1.68508,+1.6317
+1.68546,+1.1936
+1.68596,+1.30652
+1.68634,+1.69129
+1.6867,+1.67804
+1.68709,+2.0269
+1.68746,+2.43879
+1.68796,+2.47115
+1.68833,+2.36094
+1.68871,+2.31067
+1.68909,+2.61177
+1.68946,+2.57115
+1.68996,+2.53327
+1.69033,+2.12396
+1.69071,+2.41465
+1.69109,+2.1004
+1.69145,+2.01822
+1.69195,+2.01566
+1.69234,+2.06082
+1.69271,+1.99956
+1.69308,+1.93068
+1.69347,+2.2211
+1.69396,+2.2103
+1.69433,+2.22422
+1.69471,+2.28673
+1.69509,+2.28105
+1.69546,+1.9305
+1.69583,+2.22589
+1.69633,+2.53826
+1.69672,+2.53114
+1.69709,+2.30281
+1.69747,+2.26871
+1.69796,+2.20773
+1.69833,+2.19201
+1.69871,+1.78884
+1.69909,+1.71283
+1.69946,+1.93509
+1.69983,+1.61273
+1.70033,+1.16794
+1.70071,+1.47101
+1.70108,+1.75261
+1.70159,+1.36795
+1.70196,+1.68105
+1.70234,+1.60157
+1.7027,+1.56692
+1.70308,+1.46117
+1.70345,+1.25665
+1.70397,+1.13518
+1.70434,+1.46821
+1.70471,+1.00541
+1.70508,+0.576084
+1.70546,+0.620669
+1.70597,+0.227831
+1.70634,+0.535884
+1.70671,+0.862389
+1.70708,+0.819653
+1.70745,+0.711306
+1.70796,+0.61413
+1.70833,+0.228305
+1.7087,+0.214945
+1.70909,+0.539256
+1.70946,+0.816694
+1.70996,+0.928869
+1.71034,+0.537483
+1.71071,+0.119457
+1.71108,+0.537822
+1.71146,+0.428438
+1.71196,+0.486542
+1.71233,+0.41981
+1.71271,+0.418018
+1.71308,+0.0274195
+1.71348,-0.400694
+1.71396,-0.563939
+1.71433,-0.270936
+1.71494,-0.341592
+1.71512,-0.788866
+1.71545,-0.380959
+1.71596,-0.383955
+1.71633,-0.420071
+1.71671,-0.145157
+1.71708,+0.171457
+1.71746,+0.151565
+1.71796,+0.0431687
+1.71833,-0.337315
+1.7187,-0.296406
+1.71909,-0.0736163
+1.71947,-0.165813
+1.71996,+0.0509189
+1.72033,+0.0721377
+1.72072,-0.261377
+1.72109,-0.397804
+1.72146,-0.32552
+1.72196,-0.324796
+1.72234,-0.102657
+1.72271,+0.0788942
+1.72309,+0.0864383
+1.72346,-0.254947
+1.72396,-0.349419
+1.72434,-0.430532
+1.72471,-0.440646
+1.72509,-0.712633
+1.72547,-0.731987
+1.72633,-0.798069
+1.7265,-0.77093
+1.72673,-1.04079
+1.72708,-0.986192
+1.72745,-0.963516
+1.72796,-0.953457
+1.72834,-0.486783
+1.72872,-0.582744
+1.72909,-0.348165
+1.72946,-0.475005
+1.72996,-0.469412
+1.73033,-0.814676
+1.73071,-0.531258
+1.73109,-0.885681
+1.73146,-0.727383
+1.73197,-1.10456
+1.73234,-1.62256
+1.73272,-1.43052
+1.73309,-1.42046
+1.73346,-1.39988
+1.73397,-1.49517
+1.73435,-1.2962
+1.73472,-1.62031
+1.73509,-1.38067
+1.73547,-1.65262
+1.73596,-1.63698
+1.73633,-1.54582
+1.73672,-1.74736
+1.73708,-1.95602
+1.73844,-1.97632
+1.73864,-1.64068
+1.73883,-1.94459
+1.73908,-1.92409
+1.73947,-1.99878
+1.73996,-1.94409
+1.74034,-1.58768
+1.74071,-1.73298
+1.74111,-1.78567
+1.74147,-1.99777
+1.74196,-2.12397
+1.74233,-2.49894
+1.74271,-2.40592
+1.74309,-2.47455
+1.74347,-2.42753
+1.74396,-2.46798
+1.74434,-2.86526
+1.74471,-2.49186
+1.74508,-2.4333
+1.74547,-2.3687
+1.74598,-2.34432
+1.74636,-2.26113
+1.74671,-2.36994
+1.74709,-2.33814
+1.74746,-2.46422
+1.74796,-2.51734
+1.74834,-2.44096
+1.74871,-2.45175
+1.74908,-2.56843
+1.74947,-2.47704
+1.74997,-2.5597
+1.75033,-2.62508
+1.75071,-2.23509
+1.75109,-1.91293
+1.75146,-1.85049
+1.75197,-1.56342
+1.75234,-1.63732
+1.75271,-1.97314
+1.75309,-1.93431
+1.75346,-1.99241
+1.75384,-1.67317
+1.75433,-1.70439
+1.75472,-2.04465
+1.75515,-2.44896
+1.75546,-2.73334
+1.75596,-2.76825
+1.75633,-2.46393
+1.75673,-2.11898
+1.75722,-2.1007
+1.75772,-1.82819
+1.75798,-1.75214
+1.75834,-1.73294
+1.75871,-1.49789
+1.75909,-1.4627
+1.75947,-1.49577
+1.75997,-1.76239
+1.76033,-2.05046
+1.76071,-2.40162
+1.76108,-2.44704
+1.76147,-2.80939
+1.76197,-3.16447
+1.76234,-2.82521
+1.76271,-3.05997
+1.76309,-3.16233
+1.76347,-3.20334
+1.76384,-3.24132
+1.76434,-3.24421
+1.76471,-3.24791
+1.76509,-3.19177
+1.76559,-3.0909
+1.76596,-2.66911
+1.76634,-2.60895
+1.76671,-2.3149
+1.76709,-2.15386
+1.76746,-2.09565
+1.76797,-1.99022
+1.76834,-2.04971
+1.76871,-2.05747
+1.76908,-2.14715
+1.76947,-2.15267
+1.76983,-2.31255
+1.77034,-2.6944
+1.77072,-2.92617
+1.77109,-2.94877
+1.77146,-2.62554
+1.77196,-2.64159
+1.77234,-2.52953
+1.77271,-2.51753
+1.77309,-2.41354
+1.77347,-2.41243
+1.77384,-2.61752
+1.77434,-2.5889
+1.77471,-2.2699
+1.77509,-2.32676
+1.77546,-2.54118
+1.77597,-2.4943
+1.77634,-2.4965
+1.77672,-2.17266
+1.77708,-2.15295
+1.77747,-2.26431
+1.77797,-2.18601
+1.77834,-2.19374
+1.77871,-2.55747
+1.77908,-2.59171
+1.77947,-2.62309
+1.77996,-2.64892
+1.78033,-2.66897
+1.78072,-2.92383
+1.78109,-2.9152
+1.78147,-2.75398
+1.78183,-2.77596
+1.78234,-2.77936
+1.78271,-2.76912
+1.78309,-2.70558
+1.78346,-2.66154
+1.78383,-2.71375
+1.78434,-2.38509
+1.78471,-2.37953
+1.78509,-2.38929
+1.78547,-2.46239
+1.78584,-2.41782
+1.78634,-2.35844
+1.78671,-2.31527
+1.78708,-2.38606
+1.78747,-2.45551
+1.78783,-2.43567
+1.78834,-2.47346
+1.78872,-2.36508
+1.78909,-2.3066
+1.78946,-2.24311
+1.78984,-2.18642
+1.79034,-2.20831
+1.79071,-2.20356
+1.79109,-2.10251
+1.79147,-2.11589
+1.79196,-2.12287
+1.79234,-2.34841
+1.79272,-2.40359
+1.79309,-2.40515
+1.79347,-2.39942
+1.79384,-2.17431
+1.79434,-2.0911
+1.79471,-2.15168
+1.79522,-2.07119
+1.79548,-2.03492
+1.79597,-1.94008
+1.79634,-1.8724
+1.79671,-1.8914
+1.79709,-1.61355
+1.79747,-1.57203
+1.79797,-1.80347
+1.79834,-1.72664
+1.79871,-1.63703
+1.79908,-1.62119
+1.79947,-1.6054
+1.79984,-1.60629
+1.80034,-1.32764
+1.80071,-1.30872
+1.80109,-1.2809
+1.80147,-1.25598
+1.80183,-1.34607
+1.80235,-1.34891
+1.80272,-1.29416
+1.80308,-1.26294
+1.80347,-1.24241
+1.80383,-1.23007
+1.80435,-1.52242
+1.80472,-1.51448
+1.8051,-1.77337
+1.80547,-1.73999
+1.80597,-1.69593
+1.80634,-1.73583
+1.80671,-1.85165
+1.80709,-1.83901
+1.80747,-1.82133
+1.80784,-1.87639
+1.80834,-1.89446
+1.80872,-1.97503
+1.80909,-1.97716
+1.80947,-2.03945
+1.80984,-1.92368
+1.81034,-1.89546
+1.81072,-1.84008
+1.81109,-1.89888
+1.81146,-1.48943
+1.81183,-1.42106
+1.81234,-1.45639
+1.81272,-1.35223
+1.81309,-1.28089
+1.81346,-1.27255
+1.81384,-1.29243
+1.81434,-1.15268
+1.81471,-0.828091
+1.8151,-0.519361
+1.81546,-0.838464
+1.81596,-0.825056
+1.81634,-0.703578
+1.81672,-0.622134
+1.81709,-0.630968
+1.81747,-0.515096
+1.81784,-0.171773
+1.81834,-0.352668
+1.81872,-0.29522
+1.81909,-0.249562
+1.81947,-0.295057
+1.82019,-0.216238
+1.82045,-0.230454
+1.82072,-0.160281
+1.82109,-0.13354
+1.82147,-0.168356
+1.82184,-0.489395
+1.82234,-0.414159
+1.82271,-0.68884
+1.8231,-1.01213
+1.82347,-1.01504
+1.82384,-1.03439
+1.82434,-1.06542
+1.82472,-1.17361
+1.82509,-1.20108
+1.8256,-1.19524
+1.82597,-0.865173
+1.82634,-0.748034
+1.82672,-0.402845
+1.8271,-0.250529
+1.82747,-0.153198
+1.82784,-0.0723864
+1.82835,+0.246555
+1.82872,+0.257306
+1.82909,+0.323768
+1.82947,+0.353951
+1.82984,+0.152493
+1.83035,+0.373895
+1.83072,+0.155659
+1.83109,+0.122419
+1.83148,+0.121052
+1.83184,+0.0741689
+1.83235,+0.219801
+1.83272,+0.297846
+1.83309,+0.31931
+1.83348,+0.387746
+1.83384,+0.266005
+1.83434,+0.399443
+1.83471,+0.644984
+1.83511,+1.04031
+1.83549,+1.11031
+1.83585,+1.17718
+1.83635,+0.758325
+1.83671,+0.837684
+1.8371,+0.824041
+1.83747,+0.872334
+1.83783,+0.85042
+1.83835,+0.46772
+1.83872,+0.162951
+1.8391,-0.104748
+1.83947,-0.161732
+1.84058,-0.111708
+1.8408,+0.00805677
+1.84109,-0.0491015
+1.84147,-0.0284957
+1.84198,-0.0905389
+1.84235,+0.0748908
+1.84272,+0.125281
+1.84309,+0.131509
+1.84346,+0.127813
+1.84384,+0.217422
+1.84434,+0.164615
+1.84472,+0.223538
+1.84509,+0.307431
+1.84548,+0.695662
+1.84584,+0.674779
+1.84635,+0.653292
+1.84672,+0.616339
+1.8471,+0.633158
+1.84747,+0.600092
+1.84784,+0.645947
+1.84834,+0.713503
+1.84871,+0.978208
+1.84909,+1.05122
+1.84947,+0.653498
+1.84984,+0.693128
+1.85034,+1.1347
+1.85072,+1.30298
+1.85109,+1.6343
+1.85148,+1.68479
+1.85184,+2.12007
+1.85234,+2.07567
+1.85272,+1.84951
+1.85309,+1.82658
+1.85347,+1.91376
+1.85384,+2.2878
+1.85435,+2.15369
+1.85471,+2.12679
+1.8551,+1.8846
+1.85547,+1.85858
+1.85597,+1.45721
+1.85635,+1.54856
+1.85672,+1.93214
+1.85709,+1.89647
+1.85747,+1.98224
+1.85785,+1.78546
+1.85835,+1.48785
+1.85871,+1.51356
+1.8591,+1.45441
+1.85947,+1.47586
+1.85984,+1.5289
+1.86034,+1.55456
+1.86072,+1.16244
+1.8611,+1.1691
+1.86148,+1.13968
+1.86184,+1.16339
+1.86234,+1.25793
+1.86272,+1.69074
+1.8631,+1.8039
+1.86347,+2.31231
+1.86384,+2.27476
+1.86434,+2.65389
+1.86472,+2.67339
+1.8651,+2.7333
+1.86548,+3.06475
+1.86584,+2.98658
+1.86647,+3.01905
+1.86673,+2.94403
+1.8671,+2.92516
+1.86747,+2.5395
+1.86784,+2.91454
+1.86834,+2.84784
+1.86872,+2.91918
+1.86909,+2.98148
+1.86948,+2.68999
+1.86984,+3.12476
+1.87035,+3.06187
+1.87072,+2.75752
+1.87109,+2.84972
+1.87148,+2.81608
+1.87184,+2.50286
+1.87234,+2.1854
+1.87272,+2.14322
+1.8731,+2.36928
+1.87348,+2.38736
+1.87384,+2.02936
+1.87434,+2.11651
+1.87472,+2.45812
+1.8751,+2.72368
+1.87547,+2.79131
+1.87585,+3.1183
+1.87635,+3.11543
+1.87672,+3.13392
+1.87709,+3.28201
+1.87748,+3.31295
+1.87784,+3.39396
+1.87834,+3.34837
+1.87872,+2.97849
+1.8791,+2.58474
+1.87947,+2.51183
+1.87984,+2.23362
+1.88035,+2.64168
+1.88072,+2.6619
+1.88109,+2.66689
+1.88149,+2.6547
+1.88185,+2.63461
+1.88235,+2.63153
+1.88272,+2.68272
+1.8831,+2.76491
+1.88347,+3.16236
+1.88384,+3.26814
+1.88434,+3.01895
+1.88472,+3.04335
+1.8851,+2.6554
+1.88547,+3.15456
+1.88584,+3.50833
+1.88635,+3.6553
+1.88672,+3.9968
+1.8871,+4.12239
+1.88747,+3.76204
+1.88785,+4.05692
+1.88835,+3.97811
+1.88872,+4.03996
+1.88909,+4.08915
+1.88948,+3.54474
+1.88985,+3.45991
+1.89035,+3.69617
+1.89072,+3.77225
+1.89109,+3.68242
+1.89148,+3.77029
+1.89185,+3.30864
+1.89234,+3.3625
+1.89273,+3.33129
+1.8931,+3.37748
+1.89348,+3.89667
+1.89385,+3.68956
+1.89434,+3.34577
+1.89472,+2.96044
+1.8951,+2.98895
+1.89548,+2.89858
+1.89584,+2.89934
+1.89635,+2.89794
+1.89685,+2.88285
+1.89712,+2.83773
+1.8975,+2.77005
+1.89788,+2.67519
+1.89839,+2.78526
+1.89874,+2.78283
+1.89914,+3.1928
+1.89951,+3.52992
+1.89989,+3.56418
+1.90039,+3.53544
+1.90076,+3.9538
+1.90113,+4.31186
+1.90151,+4.41492
+1.90189,+4.60733
+1.90239,+4.59517
+1.90274,+5.00571
+1.90313,+4.94896
+1.90351,+4.65409
+1.90388,+5.06084
+1.90439,+5.46585
+1.90475,+5.15481
+1.90514,+4.82118
+1.90551,+4.44146
+1.90589,+4.7025
+1.9064,+4.70545
+1.90677,+4.69445
+1.90713,+4.42756
+1.90752,+4.43177
+1.90788,+4.00805
+1.9084,+3.6774
+1.90877,+4.02168
+1.90913,+4.00524
+1.90952,+4.34233
+1.90988,+4.36356
+1.91037,+4.32733
+1.91074,+3.985
+1.91111,+3.9333
+1.9115,+3.89771
+1.91188,+3.99755
+1.9124,+3.89388
+1.91276,+3.45712
+1.91314,+3.80018
+1.91352,+3.40428
+1.91387,+3.35597
+1.91439,+3.33289
+1.91476,+3.344
+1.91514,+3.19172
+1.91552,+3.65172
+1.91589,+4.07309
+1.91639,+4.24653
+1.91677,+4.59151
+1.91714,+4.75851
+1.91751,+4.78996
+1.9179,+4.74385
+1.9184,+4.75174
+1.91875,+4.75047
+1.91911,+4.86357
+1.91949,+4.483
+1.91987,+4.03424
+1.92037,+4.30627
+1.92076,+4.07818
+1.92113,+3.66461
+1.92152,+3.9763
+1.92188,+3.6199
+1.92239,+3.73507
+1.92276,+3.7697
+1.92314,+4.15706
+1.92351,+4.58263
+1.92389,+4.66983
+1.9244,+4.34892
+1.92476,+4.43591
+1.92513,+4.3903
+1.92551,+4.49436
+1.92588,+4.9234
+1.92639,+4.96611
+1.92675,+4.97387
+1.92715,+4.65424
+1.92752,+4.22905
+1.92789,+4.25243
+1.92839,+4.23709
+1.92877,+4.47415
+1.92914,+4.47469
+1.92951,+3.99605
+1.92989,+3.94684
+1.93038,+3.87433
+1.93075,+3.77649
+1.93112,+3.7543
+1.93149,+3.67947
+1.93187,+3.62498
+1.93239,+3.53
+1.93276,+3.55602
+1.93313,+3.55688
+1.93351,+3.50463
+1.93387,+3.61728
+1.93439,+3.72569
+1.93476,+4.236
+1.93514,+4.23355
+1.93552,+4.6512
+1.93589,+4.57905
+1.9364,+5.04241
+1.93676,+4.62339
+1.93713,+4.55592
+1.93751,+4.65072
+1.93788,+4.14726
+1.9384,+4.06269
+1.93877,+3.6098
+1.93914,+3.89141
+1.93951,+3.69626
+1.93989,+3.66752
+1.94039,+3.56389
+1.94077,+3.49221
+1.94114,+3.51682
+1.94151,+3.52561
+1.94188,+3.64898
+1.94298,+3.67242
+1.94317,+3.68033
+1.94349,+3.76323
+1.94388,+3.64886
+1.94439,+3.73071
+1.94475,+3.4847
+1.94515,+3.94828
+1.94549,+4.08169
+1.94587,+4.09584
+1.94639,+4.06127
+1.94676,+4.02976
+1.94714,+3.91668
+1.94752,+4.01281
+1.94786,+4.37152
+1.94839,+4.41993
+1.94876,+4.41833
+1.94913,+4.35277
+1.94951,+4.31066
+1.94989,+4.35245
+1.95039,+4.78742
+1.95076,+4.80101
+1.95113,+4.92335
+1.95151,+4.87239
+1.95189,+4.50207
+1.95239,+4.46693
+1.95275,+4.77883
+1.95311,+4.50511
+1.95349,+4.8724
+1.95387,+4.76839
+1.95436,+4.35564
+1.95475,+4.79757
+1.95512,+4.80167
+1.95548,+4.41038
+1.95586,+4.77661
+1.95635,+4.75448
+1.95672,+4.37596
+1.95709,+4.77278
+1.95761,+4.67186
+1.95787,+4.74553
+1.95834,+4.68812
+1.95872,+4.24923
+1.9591,+4.28865
+1.95948,+4.27277
+1.95985,+3.8872
+1.96034,+4.03826
+1.96073,+4.10145
+1.96109,+3.65722
+1.96147,+3.71473
+1.96185,+4.11969
+1.96235,+4.11166
+1.96272,+4.47753
+1.9631,+4.40017
+1.96347,+4.45865
+1.96386,+4.5458
+1.96435,+4.7587
+1.96472,+4.79593
+1.96509,+4.85026
+1.96548,+4.50884
+1.96585,+4.1397
+1.96635,+4.17852
+1.96672,+3.81899
+1.96709,+3.94189
+1.96748,+3.92404
+1.96785,+4.31565
+1.96834,+4.4157
+1.96873,+4.80235
+1.96909,+4.76457
+1.96947,+5.06704
+1.96985,+4.97055
+1.97035,+5.3663
+1.97072,+5.3256
+1.97109,+5.27519
+1.97147,+5.69085
+1.97186,+5.24813
+1.97235,+4.86811
+1.97273,+4.37656
+1.9731,+4.40342
+1.97348,+4.41304
+1.97385,+4.88112
+1.97422,+4.66841
+1.97473,+5.16631
+1.9751,+5.11347
+1.97547,+5.19761
+1.97584,+5.55903
+1.97634,+5.83056
+1.97672,+6.36979
+1.9771,+6.70425
+1.9776,+6.74524
+1.97787,+6.67888
+1.97835,+6.63698
+1.97873,+6.28789
+1.9791,+6.2615
+1.97947,+6.17008
+1.97985,+5.92431
+1.98035,+6.02963
+1.98072,+5.56263
+1.98109,+5.55931
+1.98148,+5.21094
+1.98185,+4.8458
+1.98235,+5.14903
+1.98273,+5.05234
+1.9831,+5.4642
+1.98347,+5.06052
+1.98385,+4.90425
+1.98423,+4.84153
+1.98472,+4.91124
+1.9851,+4.88089
+1.98547,+4.81102
+1.98585,+4.80578
+1.98622,+4.45334
+1.98672,+4.45618
+1.9871,+4.43318
+1.98749,+4.8495
+1.98785,+4.88955
+1.98835,+4.72571
+1.98872,+4.67059
+1.98909,+4.70198
+1.98948,+4.79485
+1.98985,+5.22749
+1.99022,+5.58899
+1.99072,+6.00151
+1.99113,+5.75245
+1.99148,+5.36485
+1.99185,+5.83232
+1.99234,+5.76742
+1.99272,+5.79517
+1.9931,+5.87342
+1.99347,+6.21381
+1.99385,+5.7841
+1.99423,+5.39503
+1.99472,+5.06453
+1.9951,+5.03688
+1.99547,+5.02402
+1.99585,+4.59529
+1.99622,+4.46377
+1.99672,+4.47419
+1.9971,+4.13907
+1.99748,+3.87212
+1.99786,+3.90561
+1.99836,+3.90808
+1.99873,+3.45439
+1.9991,+3.04612
+1.99947,+2.68478
+1.99986,+2.30671
