+0,+5.55232
+0.00037,+6.62366
+0.00075,+7.95443
+0.00112,+9.16724
+0.00163,+10.2029
+0.00189,+11.3733
+0.00237,+11.2894
+0.00274,+11.4118
+0.00313,+11.5329
+0.00351,+11.6398
+0.00387,+12.1048
+0.00438,+12.3555
+0.00475,+12.2647
+0.00512,+12.3079
+0.00551,+12.6585
+0.00588,+12.6529
+0.00637,+12.9459
+0.00675,+12.8838
+0.00713,+12.892
+0.0075,+13.1883
+0.008,+12.926
+0.00837,+12.7985
+0.00875,+12.6124
+0.00913,+12.708
+0.0095,+12.4472
+0.00988,+12.4646
+0.01037,+12.312
+0.01075,+12.2657
+0.01113,+12.3482
+0.01151,+12.2048
+0.01201,+12.1075
+0.01238,+12.0491
+0.01275,+12.2883
+0.01312,+12.0205
+0.0135,+12.0478
+0.01388,+11.9085
+0.01437,+11.8409
+0.01475,+11.6906
+0.01512,+11.6448
+0.0155,+11.5258
+0.01588,+11.5113
+0.01637,+11.5708
+0.01676,+11.4033
+0.01713,+11.5696
+0.01751,+11.779
+0.018,+11.7358
+0.01838,+11.7827
+0.01875,+11.876
+0.01912,+11.7415
+0.0195,+11.7333
+0.01987,+11.8969
+0.02038,+11.8965
+0.02075,+11.908
+0.02112,+11.9745
+0.02151,+11.9111
+0.02188,+12.1101
+0.02239,+12.023
+0.02275,+12.2328
+0.02313,+12.4903
+0.0235,+12.4251
+0.02387,+12.3462
+0.02438,+12.4018
+0.02476,+12.4085
+0.02512,+12.3141
+0.0255,+12.1951
+0.02588,+12.2146
+0.02638,+12.3988
+0.02675,+12.3619
+0.02713,+12.0034
+0.02751,+12.167
+0.02788,+12.1308
+0.02837,+12.1698
+0.02875,+12.2638
+0.02913,+12.2223
+0.02951,+12.1746
+0.02987,+12.1603
+0.03037,+12.3256
+0.03076,+12.0398
+0.03113,+11.9597
+0.0315,+11.9177
+0.03201,+11.8
+0.03238,+11.5926
+0.03278,+11.3921
+0.03314,+11.348
+0.0335,+11.2891
+0.03388,+11.262
+0.03438,+10.9216
+0.03475,+11.0193
+0.03513,+11.2481
+0.03551,+11.1722
+0.03588,+11.3883
+0.03638,+11.2155
+0.03675,+11.3054
+0.03713,+11.3451
+0.03751,+11.4956
+0.038,+11.3755
+0.03838,+11.4498
+0.03875,+11.4517
+0.03913,+11.1888
+0.03951,+11.39
+0.03988,+10.9704
+0.04037,+11.3218
+0.04076,+11.2872
+0.04113,+11.3371
+0.04151,+11.0163
+0.04187,+11.2345
+0.04251,+11.076
+0.04277,+11.0298
+0.04313,+11.3715
+0.0435,+11.38
+0.04389,+11.7316
+0.04438,+11.5582
+0.04475,+11.7883
+0.04512,+11.4507
+0.04551,+11.668
+0.04588,+11.3909
+0.04638,+11.6201
+0.04676,+11.7139
+0.04713,+11.5077
+0.0475,+11.5199
+0.04788,+11.3655
+0.04838,+11.6065
+0.04876,+11.3842
+0.04913,+11.6665
+0.0495,+11.6289
+0.04989,+11.9554
+0.05038,+11.6471
+0.05075,+11.6582
+0.05113,+11.8785
+0.0515,+11.6578
+0.05189,+11.6924
+0.05238,+11.4754
+0.05276,+11.5921
+0.05313,+11.4436
+0.05351,+11.5359
+0.05388,+11.3309
+0.05438,+11.4644
+0.05475,+11.5512
+0.05513,+11.5034
+0.0555,+11.3886
+0.05589,+11.2705
+0.05637,+11.3062
+0.05675,+11.2626
+0.05792,+11.4615
+0.05817,+11.5394
+0.05835,+11.5896
+0.05856,+11.4711
+0.05877,+11.1223
+0.05913,+10.9079
+0.0595,+11.1002
+0.05987,+11.0268
+0.06038,+10.9974
+0.06075,+11.0677
+0.06113,+10.8752
+0.0615,+10.6382
+0.06188,+10.7559
+0.06238,+10.6917
+0.06275,+10.7194
+0.06313,+10.8776
+0.0635,+10.8325
+0.06388,+11.0355
+0.06437,+11.0592
+0.06475,+10.8394
+0.06513,+10.8171
+0.06551,+10.6805
+0.06588,+10.6086
+0.06638,+10.4903
+0.06675,+10.4979
+0.06712,+10.4041
+0.06751,+10.3409
+0.06788,+10.2878
+0.06838,+9.85209
+0.06875,+9.96381
+0.06912,+10.1067
+0.0695,+10.1914
+0.06988,+10.2283
+0.07038,+10.0886
+0.07075,+10.1649
+0.07113,+9.94558
+0.07151,+9.97427
+0.07188,+9.55235
+0.07238,+9.89189
+0.07275,+9.54277
+0.07312,+9.554
+0.0735,+9.45902
+0.07388,+8.89501
+0.07438,+9.39669
+0.07475,+9.31582
+0.07513,+9.47161
+0.0755,+9.14469
+0.07588,+9.67214
+0.07637,+9.35306
+0.07676,+9.74221
+0.07713,+9.7859
+0.0775,+9.67315
+0.07787,+9.75889
+0.07838,+9.53405
+0.07875,+9.3586
+0.07912,+9.28014
+0.07951,+9.23272
+0.07988,+8.77268
+0.08038,+9.08703
+0.08075,+8.72613
+0.08113,+8.10148
+0.08151,+8.12724
+0.08188,+8.38122
+0.08237,+8.3806
+0.08276,+8.30861
+0.08313,+8.37685
+0.0835,+8.38377
+0.08388,+8.34614
+0.08438,+8.02351
+0.08476,+7.97853
+0.08513,+8.45244
+0.0855,+8.78213
+0.08588,+8.74546
+0.08638,+8.55173
+0.08675,+8.75093
+0.08713,+8.34383
+0.0875,+8.64356
+0.08788,+8.72698
+0.08838,+8.79379
+0.08875,+8.84789
+0.08913,+8.69111
+0.08951,+8.61114
+0.08988,+8.6202
+0.09038,+8.48882
+0.09075,+8.29404
+0.09113,+8.42034
+0.09151,+8.53947
+0.09188,+8.44074
+0.09238,+8.25711
+0.09276,+8.15755
+0.09313,+7.85336
+0.09351,+7.55112
+0.09388,+7.1709
+0.09437,+7.52082
+0.09476,+7.45217
+0.09513,+7.50107
+0.0955,+7.15892
+0.09589,+6.99382
+0.09638,+7.07888
+0.09675,+7.07542
+0.09713,+7.08669
+0.09751,+6.91915
+0.09788,+7.31012
+0.09838,+6.91424
+0.09875,+7.19375
+0.09913,+7.41306
+0.09951,+7.38923
+0.09988,+7.85272
+0.10038,+7.76178
+0.10076,+7.92704
+0.10113,+8.10183
+0.1015,+8.24458
+0.10187,+8.14095
+0.10238,+8.18413
+0.10276,+7.79335
+0.10313,+7.44557
+0.1035,+7.26175
+0.10401,+6.97497
+0.10438,+7.00111
+0.10476,+6.92121
+0.10513,+6.72013
+0.1055,+6.62523
+0.10588,+6.26503
+0.10638,+6.29761
+0.10675,+6.3398
+0.10713,+6.4637
+0.10751,+6.39654
+0.10789,+6.28091
+0.10838,+6.47837
+0.10876,+6.21147
+0.10913,+6.36435
+0.1095,+6.28722
+0.10988,+6.25653
+0.11038,+5.96389
+0.11076,+6.11591
+0.11114,+5.91068
+0.11151,+5.83975
+0.11189,+5.7666
+0.11238,+5.32685
+0.11276,+5.37334
+0.11314,+5.01366
+0.11351,+4.95659
+0.11388,+4.9402
+0.11438,+4.97932
+0.11476,+4.64253
+0.11513,+4.3926
+0.1155,+4.47096
+0.11587,+4.41318
+0.11638,+4.49997
+0.11676,+4.19553
+0.11713,+4.24606
+0.1175,+4.08045
+0.11787,+4.21131
+0.11838,+3.88824
+0.11875,+3.84482
+0.11913,+3.97957
+0.11951,+3.77245
+0.11989,+3.74809
+0.12025,+3.76791
+0.12076,+3.82994
+0.12113,+3.78463
+0.1215,+3.76511
+0.12188,+3.48181
+0.12225,+3.78989
+0.12275,+4.13067
+0.12313,+4.04152
+0.1235,+4.17663
+0.12389,+4.12901
+0.12426,+4.02125
+0.12476,+3.96732
+0.12513,+3.88573
+0.12551,+3.75062
+0.12588,+4.05092
+0.12625,+3.97329
+0.12675,+3.7412
+0.12713,+3.80141
+0.1275,+3.75337
+0.12814,+3.70984
+0.12839,+3.75529
+0.12876,+3.76844
+0.12913,+3.87759
+0.12951,+3.93031
+0.12989,+3.54328
+0.13038,+3.46865
+0.13075,+3.19915
+0.13113,+3.02879
+0.13151,+3.00209
+0.13191,+2.76679
+0.13238,+2.48935
+0.13276,+2.43814
+0.13313,+2.34117
+0.13363,+2.47361
+0.13389,+2.41745
+0.13426,+2.41501
+0.13476,+2.42245
+0.13513,+2.40934
+0.1355,+2.19458
+0.1359,+2.26351
+0.13638,+2.39071
+0.13676,+2.27628
+0.13713,+2.17975
+0.13751,+1.85628
+0.13788,+1.79865
+0.13838,+1.76884
+0.13876,+1.66152
+0.13914,+1.65462
+0.13951,+1.65841
+0.13989,+1.62374
+0.14025,+1.36165
+0.14076,+1.38359
+0.14113,+1.30295
+0.14151,+1.42515
+0.14189,+1.43415
+0.14238,+1.61865
+0.14276,+1.59413
+0.14314,+1.5828
+0.14351,+1.53441
+0.14388,+1.82051
+0.14438,+1.97817
+0.14476,+1.70387
+0.14513,+1.36948
+0.14551,+1.3045
+0.14589,+1.35955
+0.14638,+0.929031
+0.14676,+0.831661
+0.14714,+0.724262
+0.14751,+0.737601
+0.14788,+0.102856
+0.14838,+0.287764
+0.14875,+0.425501
+0.14913,+0.86143
+0.14951,+0.756899
+0.14989,+0.482838
+0.15025,+0.554864
+0.15076,+0.450526
+0.15113,+0.275648
+0.15151,+0.110368
+0.15189,+0.426114
+0.15226,-0.0259952
+0.15276,-0.130913
+0.15313,-0.58404
+0.15352,-0.692792
+0.15389,-0.790376
+0.15438,-0.835203
+0.15475,-0.786995
+0.15515,-0.782224
+0.1555,-0.822198
+0.1559,-1.165
+0.15626,-1.2573
+0.15676,-1.29283
+0.15714,-1.10503
+0.15751,-1.06167
+0.15789,-0.970244
+0.15839,-1.06188
+0.15876,-1.18034
+0.15914,-1.11221
+0.16032,-0.906699
+0.16056,-0.706162
+0.16079,-0.749002
+0.16113,-0.505461
+0.1615,-0.611421
+0.16189,-0.300357
+0.16225,-0.407497
+0.16275,-0.395235
+0.16313,-0.473363
+0.16351,-0.392372
+0.16401,-0.586981
+0.16438,-0.880821
+0.16475,-0.724829
+0.16513,-1.18645
+0.16551,-1.30517
+0.16588,-1.67092
+0.16625,-1.75666
+0.16676,-1.66376
+0.16713,-1.84339
+0.16751,-2.12996
+0.16788,-2.5
+0.16838,-2.49687
+0.16876,-2.63819
+0.16913,-2.51821
+0.1695,-2.16513
+0.16988,-2.35915
+0.17025,-2.28603
+0.17075,-2.64264
+0.17114,-2.59265
+0.17151,-2.5377
+0.17189,-2.36407
+0.17225,-2.31702
+0.17276,-2.4866
+0.17314,-2.61089
+0.17351,-2.94423
+0.17388,-2.82645
+0.17438,-2.80088
+0.17476,-2.66604
+0.17513,-2.41713
+0.1755,-2.56484
+0.17589,-2.4312
+0.17625,-2.58625
+0.17676,-2.18903
+0.17713,-2.15763
+0.17751,-2.2384
+0.17788,-2.40435
+0.17825,-2.35908
+0.17875,-2.31511
+0.17913,-2.62519
+0.17951,-2.78827
+0.17989,-3.15651
+0.18025,-3.23911
+0.18076,-3.55185
+0.18113,-3.74855
+0.18151,-3.94385
+0.18188,-3.99803
+0.18226,-4.00584
+0.18276,-4.2886
+0.18313,-4.32571
+0.1835,-4.28367
+0.18402,-3.97986
+0.18438,-3.83053
+0.18475,-3.68216
+0.18514,-3.32938
+0.18551,-3.31436
+0.18588,-3.33441
+0.18626,-3.51201
+0.18676,-3.57057
+0.18714,-3.35749
+0.18751,-3.27904
+0.18788,-3.33335
+0.18839,-3.32503
+0.18876,-3.28262
+0.18913,-3.38014
+0.1895,-3.2581
+0.18989,-3.15212
+0.19026,-3.14652
+0.19076,-3.14814
+0.19113,-3.28086
+0.19152,-3.30223
+0.19189,-3.48153
+0.19225,-3.24842
+0.19275,-3.30088
+0.19313,-3.30375
+0.19351,-3.06288
+0.1939,-2.78662
+0.19438,-3.00283
+0.19476,-2.95331
+0.19513,-2.69095
+0.19551,-2.87933
+0.19589,-2.84238
+0.19626,-3.1617
+0.19676,-3.34886
+0.19714,-3.61004
+0.19751,-3.79943
+0.19788,-4.06312
+0.19838,-3.75949
+0.19876,-3.75364
+0.19913,-3.87244
+0.19951,-3.69757
+0.19989,-3.55377
+0.20026,-2.79213
+0.20076,-2.68289
+0.20113,-2.71768
+0.20151,-3.10371
+0.20188,-2.96274
+0.20226,-3.0256
+0.20276,-2.92741
+0.20314,-2.95636
+0.20351,-2.92021
+0.20389,-2.86953
+0.20426,-2.88812
+0.20477,-3.02014
+0.20514,-2.91789
+0.2055,-2.91161
+0.20589,-3.03422
+0.20626,-3.25055
+0.20676,-3.52073
+0.20714,-3.67357
+0.20751,-3.88054
+0.20788,-4.02087
+0.20839,-4.10966
+0.20876,-4.06655
+0.20913,-4.52126
+0.20951,-4.58692
+0.20988,-4.61586
+0.21026,-4.79872
+0.21089,-4.74751
+0.21114,-5.06523
+0.21151,-5.17978
+0.21189,-5.18997
+0.21226,-5.28027
+0.21276,-5.64856
+0.21313,-5.50239
+0.21352,-5.62993
+0.21389,-5.84227
+0.21439,-5.9242
+0.21476,-5.98364
+0.21514,-5.98446
+0.21551,-5.83346
+0.21592,-5.74819
+0.21629,-5.73916
+0.21676,-5.72094
+0.21714,-6.02159
+0.21752,-6.15024
+0.21788,-6.63415
+0.21826,-6.56362
+0.21877,-6.72019
+0.21913,-6.84215
+0.21951,-7.06275
+0.21989,-7.43058
+0.22026,-7.86618
+0.22077,-7.93893
+0.22114,-8.13108
+0.22151,-8.52582
+0.22189,-8.23424
+0.22226,-8.51221
+0.22277,-8.7208
+0.22314,-8.76753
+0.22351,-8.8641
+0.22389,-8.93151
+0.22426,-9.02641
+0.22489,-9.17801
+0.22514,-9.09243
+0.22552,-8.90855
+0.22589,-8.87648
+0.22626,-9.02011
+0.22682,-9.08696
+0.22713,-9.0981
+0.22751,-9.02374
+0.22812,-8.95671
+0.22839,-8.94277
+0.22876,-8.82006
+0.22914,-8.8332
+0.22952,-8.87259
+0.22989,-8.90019
+0.23026,-8.82717
+0.23077,-8.87186
+0.23114,-8.8649
+0.23151,-9.09538
+0.23189,-9.2756
+0.23226,-9.26457
+0.23276,-9.45553
+0.23314,-9.53772
+0.23351,-9.38171
+0.23389,-9.56539
+0.23426,-9.4038
+0.23476,-9.38108
+0.23514,-9.50752
+0.23551,-9.42586
+0.2359,-9.27127
+0.23626,-9.1083
+0.23676,-8.91503
+0.23713,-8.85719
+0.23752,-8.82625
+0.23789,-8.83737
+0.23826,-8.88811
+0.23877,-8.88553
+0.23914,-8.87195
+0.23951,-8.9168
+0.23989,-9.02686
+0.24027,-8.90204
+0.24076,-9.0018
+0.24114,-8.79988
+0.24152,-8.94511
+0.24189,-8.64722
+0.24226,-8.44698
+0.24276,-8.28413
+0.24314,-8.38749
+0.24351,-8.2333
+0.24389,-8.05669
+0.24426,-8.18236
+0.24477,-8.12532
+0.24514,-8.12822
+0.24551,-7.8126
+0.24589,-7.77725
+0.24626,-7.63712
+0.24676,-7.56559
+0.24714,-7.25022
+0.24753,-7.19362
+0.24789,-7.1168
+0.24826,-6.86503
+0.24877,-6.71164
+0.24914,-6.33156
+0.24951,-6.23455
+0.2499,-6.15096
+0.25026,-5.90572
+0.25076,-5.63856
+0.25113,-5.36496
+0.25152,-5.12971
+0.25189,-4.7172
+0.25226,-4.41219
+0.25277,-3.64755
+0.25314,-3.62415
+0.25351,-3.45781
+0.25389,-2.97002
+0.25426,-2.95504
+0.25477,-2.65455
+0.25526,-2.2219
+0.25554,-1.75405
+0.25589,-1.537
+0.25626,-1.44683
+0.25676,-1.66741
+0.25715,-1.35821
+0.25753,-1.05288
+0.2579,-1.05474
+0.25826,-0.58134
+0.25876,-0.21413
+0.25914,-0.235976
+0.25951,+0.121199
+0.2599,+0.295221
+0.26027,+0.493293
+0.26077,+0.924229
+0.26114,+1.16492
+0.26152,+1.80828
+0.26272,+2.49596
+0.26297,+2.86006
+0.26325,+3.2472
+0.26451,+3.75786
+0.26469,+4.00638
+0.26491,+4.38272
+0.26515,+4.87685
+0.26551,+5.17333
+0.26589,+5.73803
+0.26626,+5.66708
+0.26676,+5.72356
+0.26715,+5.95688
+0.26752,+5.97068
+0.26789,+6.35197
+0.26825,+6.79894
+0.26876,+7.21444
+0.26914,+7.64517
+0.26951,+7.71666
+0.26988,+7.99609
+0.27026,+8.50555
+0.27076,+8.77182
+0.27113,+9.04736
+0.27151,+8.96376
+0.2719,+8.97304
+0.27226,+9.02294
+0.27277,+9.26767
+0.27314,+9.55454
+0.27351,+10.1731
+0.27389,+10.3939
+0.27426,+10.7192
+0.27476,+10.8421
+0.27514,+11.084
+0.27552,+11.7682
+0.2759,+12.3939
+0.27626,+12.598
+0.27677,+12.8792
+0.27714,+13.1528
+0.27751,+13.2496
+0.27789,+13.454
+0.27826,+13.4921
+0.27876,+13.9374
+0.27913,+14.1038
+0.27952,+14.4836
+0.27989,+14.5842
+0.28026,+14.9778
+0.28076,+15.1962
+0.28114,+14.9163
+0.28152,+15.2086
+0.28188,+15.3508
+0.28227,+15.576
+0.28276,+15.7349
+0.28314,+16.0193
+0.28352,+16.151
+0.28389,+16.3739
+0.28426,+16.3523
+0.28476,+16.0909
+0.28513,+16.5967
+0.28552,+16.5973
+0.28589,+16.7815
+0.28626,+16.8804
+0.28676,+17.0716
+0.28714,+17.0571
+0.28753,+17.0771
+0.2879,+17.0015
+0.28826,+17.1244
+0.28876,+17.4359
+0.28914,+17.5324
+0.28951,+17.6974
+0.28989,+17.6447
+0.29027,+17.7565
+0.29076,+17.653
+0.29114,+17.7374
+0.29153,+17.5938
+0.2919,+17.6656
+0.29226,+17.7202
+0.29276,+17.7345
+0.29313,+17.6807
+0.29351,+17.5726
+0.29389,+17.5086
+0.29426,+17.4589
+0.29476,+17.4671
+0.29514,+17.4108
+0.29553,+17.749
+0.29589,+17.6811
+0.29625,+17.5943
+0.29676,+17.6141
+0.29714,+17.5719
+0.29751,+17.6154
+0.29789,+17.6784
+0.29827,+17.7321
+0.29864,+17.6491
+0.29913,+17.608
+0.29953,+17.3821
+0.29989,+17.4611
+0.30027,+17.4141
+0.30064,+17.3203
+0.30114,+17.2732
+0.30151,+17.2355
+0.30188,+17.0512
+0.30227,+16.8153
+0.30264,+16.8358
+0.30314,+16.7044
+0.30353,+16.5738
+0.3039,+16.4752
+0.30427,+16.628
+0.30464,+16.5486
+0.30514,+16.471
+0.30551,+16.293
+0.30589,+16.2324
+0.30627,+16.1362
+0.30676,+15.9642
+0.30713,+15.8961
+0.30753,+15.8166
+0.30789,+15.6847
+0.30839,+15.2992
+0.30877,+15.2785
+0.30914,+15.1627
+0.30951,+15.0962
+0.30989,+15.1094
+0.31026,+15.0318
+0.31077,+14.9896
+0.31114,+14.7099
+0.31152,+14.6735
+0.31215,+14.4366
+0.31241,+14.4203
+0.31289,+14.2691
+0.31315,+14.0616
+0.31365,+13.8361
+0.31402,+13.707
+0.31426,+13.5831
+0.31476,+13.4868
+0.31514,+13.5673
+0.31552,+13.5326
+0.3159,+13.4339
+0.31626,+13.351
+0.31676,+13.1971
+0.31714,+13.1668
+0.31751,+13.0885
+0.31789,+12.8949
+0.31826,+12.8794
+0.31877,+12.7667
+0.31914,+12.5374
+0.31952,+12.3616
+0.3199,+12.2975
+0.32026,+12.1511
+0.32076,+12.1374
+0.32113,+12.0994
+0.32152,+12.043
+0.32189,+11.9325
+0.32228,+11.9027
+0.32277,+11.6714
+0.32314,+11.5583
+0.32352,+11.4421
+0.32389,+11.3311
+0.32427,+11.251
+0.32476,+11.1257
+0.32514,+10.9022
+0.32552,+10.9039
+0.32589,+10.7663
+0.32626,+10.4486
+0.32677,+10.2938
+0.32715,+10.2898
+0.32753,+10.0912
+0.32789,+9.85899
+0.32839,+9.56313
+0.32876,+9.447
+0.32921,+9.29146
+0.32952,+9.05519
+0.32989,+8.97296
+0.33027,+8.81921
+0.33077,+8.71918
+0.33114,+8.52682
+0.33153,+8.38403
+0.33189,+8.27613
+0.33227,+8.41872
+0.33277,+8.18336
+0.33314,+8.07967
+0.33351,+7.84357
+0.33389,+7.7046
+0.33427,+7.77414
+0.33476,+7.70926
+0.33514,+7.61864
+0.33553,+7.5109
+0.33602,+7.52839
+0.33628,+7.285
+0.33677,+7.17713
+0.33715,+7.0975
+0.33752,+7.20582
+0.33789,+7.12926
+0.33827,+6.9214
+0.33877,+6.77047
+0.33914,+6.66862
+0.33952,+6.76052
+0.33989,+6.66482
+0.34028,+6.54336
+0.34077,+6.66977
+0.34114,+6.59429
+0.34152,+6.42739
+0.34189,+6.35338
+0.34227,+6.29184
+0.34276,+6.27012
+0.34315,+6.35543
+0.34353,+6.2052
+0.34389,+6.10586
+0.34427,+6.078
+0.34477,+5.8933
+0.34514,+5.91331
+0.34552,+5.79305
+0.34591,+5.85687
+0.34627,+5.74785
+0.34677,+5.89627
+0.34714,+5.70034
+0.34753,+5.7575
+0.3479,+5.75645
+0.34827,+5.67203
+0.34876,+5.58744
+0.34915,+5.49542
+0.34952,+5.55518
+0.34989,+5.57139
+0.35027,+5.83661
+0.35063,+5.88131
+0.35114,+6.02655
+0.35153,+6.04656
+0.35189,+6.28594
+0.35227,+6.4447
+0.35277,+6.59696
+0.35314,+6.73375
+0.35351,+6.85064
+0.3539,+6.86748
+0.35427,+6.84861
+0.35477,+6.7789
+0.35514,+6.92695
+0.35553,+7.01391
+0.35589,+7.03291
+0.35627,+7.1182
+0.35676,+7.11765
+0.35728,+7.15342
+0.35754,+7.15428
+0.3579,+7.19617
+0.35827,+7.29016
+0.35877,+7.1717
+0.35914,+6.89506
+0.35953,+7.00504
+0.3599,+7.11665
+0.36027,+7.23111
+0.36077,+7.42597
+0.36114,+7.58058
+0.36152,+7.7569
+0.36189,+7.85309
+0.36227,+7.82625
+0.36277,+8.19554
+0.36315,+8.49425
+0.36354,+8.50903
+0.3639,+8.58855
+0.36512,+8.68565
+0.36532,+8.80962
+0.36554,+8.62158
+0.36589,+8.74887
+0.36753,+8.88653
+0.36773,+8.89742
+0.36801,+8.7373
+0.36819,+8.86224
+0.3684,+9.03531
+0.36877,+9.02882
+0.36914,+9.08872
+0.36951,+9.13337
+0.36989,+9.35432
+0.37027,+9.44628
+0.37077,+9.57174
+0.37114,+9.89627
+0.37153,+10.1731
+0.3719,+10.3003
+0.37228,+10.2276
+0.37276,+10.2472
+0.37314,+10.0177
+0.37352,+10.181
+0.37389,+10.5374
+0.37426,+10.2185
+0.37487,+9.95935
+0.37515,+9.69765
+0.37553,+9.47336
+0.37589,+9.1044
+0.37628,+8.99227
+0.37677,+8.81632
+0.37714,+8.84724
+0.37751,+8.3658
+0.37815,+7.91747
+0.37843,+8.11291
+0.37877,+8.08918
+0.37914,+8.22835
+0.37953,+8.20898
+0.3799,+8.46861
+0.38027,+8.36061
+0.38064,+8.60004
+0.38114,+8.64739
+0.38152,+8.95613
+0.3819,+8.99738
+0.38227,+8.89251
+0.38264,+9.02785
+0.38315,+8.78988
+0.38353,+8.87998
+0.38389,+8.55234
+0.38427,+8.64684
+0.38465,+8.6233
+0.38514,+8.60331
+0.38552,+8.54712
+0.38597,+8.39854
+0.38653,+8.2955
+0.38679,+8.30377
+0.38714,+8.28359
+0.38754,+8.17626
+0.3879,+8.18871
+0.38827,+8.12921
+0.38877,+7.78004
+0.38915,+7.8009
+0.38952,+7.55176
+0.3899,+7.99063
+0.39027,+8.04534
+0.39077,+8.02925
+0.39114,+8.27223
+0.39153,+8.1655
+0.39189,+8.27258
+0.39227,+8.1888
+0.39264,+8.59923
+0.39314,+8.80136
+0.39352,+8.87778
+0.39389,+8.68062
+0.39428,+8.73429
+0.39464,+8.28065
+0.39514,+8.03386
+0.39554,+8.38897
+0.3959,+8.43175
+0.39627,+8.55598
+0.39664,+8.32896
+0.39714,+8.06053
+0.39752,+8.37018
+0.39802,+8.17741
+0.39828,+8.20934
+0.39877,+8.56291
+0.39914,+8.60397
+0.39953,+8.51917
+0.3999,+8.5783
+0.40027,+8.59411
+0.40065,+8.6325
+0.40115,+8.82228
+0.40152,+8.55011
+0.40189,+8.81637
+0.40227,+8.78636
+0.40278,+8.71843
+0.40315,+8.83796
+0.40353,+8.80864
+0.40389,+8.71809
+0.40428,+8.75671
+0.40464,+8.71031
+0.40515,+8.53199
+0.40552,+8.67033
+0.4059,+8.69378
+0.40628,+8.79099
+0.40664,+8.87474
+0.40714,+8.85182
+0.40753,+8.77489
+0.4079,+8.87639
+0.40852,+8.69068
+0.40878,+8.69877
+0.40915,+8.67979
+0.40952,+8.53963
+0.4099,+8.52125
+0.41027,+8.3771
+0.41065,+8.60728
+0.41115,+8.5365
+0.41153,+8.47724
+0.41189,+8.28438
+0.41228,+8.6393
+0.41264,+8.73584
+0.41314,+8.47475
+0.41353,+8.65298
+0.4139,+8.50647
+0.41428,+8.5198
+0.41465,+8.32642
+0.41514,+8.32184
+0.41553,+8.33171
+0.41589,+8.52934
+0.41627,+8.073
+0.41664,+7.79815
+0.41715,+8.19292
+0.41752,+7.8385
+0.4179,+7.79263
+0.41827,+7.54179
+0.41877,+7.47488
+0.41914,+7.29889
+0.41959,+7.08513
+0.4199,+6.72061
+0.42028,+6.70498
+0.42077,+6.50852
+0.42114,+6.25614
+0.42152,+6.36732
+0.42189,+6.36454
+0.42228,+6.2852
+0.42264,+6.04846
+0.42315,+6.03065
+0.42354,+5.8049
+0.4239,+5.87802
+0.42428,+5.50054
+0.42465,+5.31795
+0.42515,+5.26757
+0.42552,+4.7526
+0.42589,+4.44406
+0.42627,+4.49098
+0.42664,+4.09282
+0.42715,+3.98692
+0.42753,+4.08429
+0.4279,+3.8466
+0.4284,+4.04699
+0.42877,+4.11286
+0.42915,+3.91873
+0.42952,+3.98553
+0.4299,+3.79071
+0.43028,+3.56293
+0.43065,+3.75682
+0.43115,+3.59087
+0.4316,+3.36523
+0.4319,+3.36009
+0.43227,+3.30944
+0.43264,+3.20086
+0.43314,+3.08223
+0.43352,+2.9364
+0.4339,+3.12476
+0.43427,+2.98566
+0.43464,+2.91675
+0.43515,+2.67382
+0.43554,+2.83921
+0.4359,+2.66664
+0.43627,+2.61291
+0.43665,+2.67227
+0.43715,+2.6623
+0.43752,+2.7423
+0.4379,+2.70985
+0.43829,+2.76988
+0.43877,+2.75679
+0.43915,+3.03577
+0.43953,+2.97987
+0.43991,+3.21481
+0.44028,+3.23871
+0.44065,+3.15132
+0.44114,+3.28808
+0.44153,+3.181
+0.4419,+3.20233
+0.44227,+3.23734
+0.44264,+3.30067
+0.44315,+3.27623
+0.44353,+3.35732
+0.44389,+3.32782
+0.44428,+3.35948
+0.44465,+3.4428
+0.44515,+3.47093
+0.44552,+3.70573
+0.4459,+3.73609
+0.44627,+3.90903
+0.44665,+3.95826
+0.44715,+4.10871
+0.44754,+4.24236
+0.44789,+4.34652
+0.44827,+4.54661
+0.44864,+4.82933
+0.44915,+4.94409
+0.44954,+5.18369
+0.4499,+5.31376
+0.45028,+5.42757
+0.45065,+5.69705
+0.45115,+5.67498
+0.45154,+5.65816
+0.4519,+5.7003
+0.45228,+5.6339
+0.45265,+5.64385
+0.45314,+5.63519
+0.45353,+5.72176
+0.4539,+5.89955
+0.45427,+6.09046
+0.45464,+6.15715
+0.45515,+6.36301
+0.45554,+6.56678
+0.4559,+6.69832
+0.45627,+6.85973
+0.45664,+7.13059
+0.45715,+7.25151
+0.45753,+7.31473
+0.4579,+7.28771
+0.45827,+7.2612
+0.45878,+7.24735
+0.45915,+7.32225
+0.45954,+7.37064
+0.4599,+7.37591
+0.46028,+7.49906
+0.46065,+7.36896
+0.46115,+7.49314
+0.46152,+7.56414
+0.4619,+7.64025
+0.46229,+7.72957
+0.46265,+7.9093
+0.46315,+8.01397
+0.46354,+7.9684
+0.4639,+8.11662
+0.46428,+8.12524
+0.46465,+8.37263
+0.46515,+8.42172
+0.46552,+8.43403
+0.4659,+8.56719
+0.46627,+8.73861
+0.46664,+8.73102
+0.46752,+8.57683
+0.4677,+8.69881
+0.46792,+8.84145
+0.46827,+8.92087
+0.46864,+8.80087
+0.46928,+8.84613
+0.46954,+8.97693
+0.4699,+8.96488
+0.47027,+8.81141
+0.47064,+8.75399
+0.47115,+8.92029
+0.47154,+8.91191
+0.47189,+8.75246
+0.47227,+8.7418
+0.47265,+8.46992
+0.47315,+8.41605
+0.47352,+8.33403
+0.47389,+8.38016
+0.47428,+8.40941
+0.47465,+8.43379
+0.47514,+8.61465
+0.47554,+8.69791
+0.4759,+8.70737
+0.47627,+8.73109
+0.47664,+8.96629
+0.47715,+8.66092
+0.47752,+8.62463
+0.4779,+8.53792
+0.47827,+8.31783
+0.47864,+8.29757
+0.47915,+8.02507
+0.47954,+7.90379
+0.47989,+7.89818
+0.48027,+7.90659
+0.48064,+7.80953
+0.48115,+8.03052
+0.48152,+7.953
+0.4819,+7.92962
+0.48228,+7.85888
+0.48265,+7.5452
+0.48315,+7.46145
+0.48353,+7.46237
+0.4839,+7.34025
+0.48427,+6.85225
+0.48464,+6.85137
+0.48514,+6.74673
+0.48552,+6.65286
+0.4859,+6.53147
+0.48628,+6.6085
+0.48665,+6.52361
+0.48715,+6.51934
+0.48754,+6.20577
+0.48791,+6.21374
+0.48827,+6.44284
+0.48864,+6.28146
+0.48915,+6.20514
+0.48952,+5.87536
+0.4899,+5.76774
+0.49027,+5.69058
+0.49064,+5.78296
+0.49115,+5.75281
+0.49154,+5.90514
+0.49189,+5.79295
+0.49228,+5.80336
+0.49265,+5.87616
+0.49315,+5.97406
+0.49352,+5.99279
+0.4939,+6.24123
+0.49428,+6.37148
+0.49465,+6.44033
+0.49515,+6.39611
+0.49553,+6.29484
+0.49591,+6.23659
+0.49627,+6.14186
+0.49665,+6.02064
+0.49715,+6.149
+0.49752,+6.23115
+0.4979,+5.94549
+0.49828,+5.66613
+0.49865,+5.49309
+0.49914,+5.30291
+0.49966,+5.16715
+0.49992,+5.17739
+0.50028,+4.8764
+0.50064,+4.74272
+0.50115,+4.46868
+0.50152,+4.41979
+0.5019,+4.53682
+0.50227,+4.62813
+0.50264,+4.61848
+0.50315,+4.7045
+0.50354,+4.82287
+0.5039,+4.65805
+0.50428,+4.73633
+0.50465,+4.82282
+0.50515,+4.80724
+0.50552,+4.65023
+0.5059,+4.12025
+0.50628,+4.00499
+0.50665,+3.99636
+0.50715,+3.88737
+0.50754,+3.7534
+0.5079,+3.70472
+0.50828,+3.6406
+0.50864,+3.43882
+0.50915,+3.29832
+0.50953,+3.28296
+0.5099,+3.51904
+0.51027,+3.71915
+0.51064,+3.59801
+0.51115,+3.49541
+0.51153,+3.29979
+0.51189,+3.22672
+0.51228,+3.12275
+0.51265,+3.21018
+0.51315,+3.11957
+0.51352,+3.31115
+0.5139,+3.2654
+0.51428,+2.84569
+0.51465,+2.9072
+0.51515,+2.82371
+0.51553,+2.86135
+0.5159,+2.78569
+0.51628,+2.7477
+0.51664,+2.60373
+0.51715,+2.62956
+0.51753,+2.34867
+0.5179,+2.31117
+0.51828,+2.41325
+0.51865,+2.30471
+0.51915,+2.28146
+0.51953,+2.17002
+0.5199,+2.1049
+0.52028,+2.11086
+0.52065,+2.12418
+0.52115,+1.98974
+0.52152,+2.07208
+0.5219,+1.91144
+0.52227,+1.69221
+0.52265,+1.40695
+0.52315,+1.41349
+0.52353,+1.47902
+0.52391,+1.52185
+0.52428,+1.4877
+0.52465,+1.258
+0.52515,+1.184
+0.52552,+1.01332
+0.5259,+0.970504
+0.52628,+1.17226
+0.52665,+1.25763
+0.52715,+1.1037
+0.52754,+1.0296
+0.52791,+0.963294
+0.52828,+0.966889
+0.52865,+1.02176
+0.52916,+1.0423
+0.52953,+1.11159
+0.5299,+1.1976
+0.53027,+1.03034
+0.53064,+0.854633
+0.53115,+1.03717
+0.53153,+1.15513
+0.5319,+1.16848
+0.53227,+1.06702
+0.53265,+1.12487
+0.53315,+1.15789
+0.53352,+1.24951
+0.53391,+1.07526
+0.53429,+1.07438
+0.53466,+1.36611
+0.53515,+1.36021
+0.53553,+1.24241
+0.53591,+1.24967
+0.53628,+1.39883
+0.53665,+1.31351
+0.53715,+1.19205
+0.53753,+1.10675
+0.5379,+1.18999
+0.53828,+1.21096
+0.53865,+1.66758
+0.53916,+1.57172
+0.53954,+1.59559
+0.5399,+1.48886
+0.54027,+1.39782
+0.54065,+1.48007
+0.54115,+1.58918
+0.54152,+1.6377
+0.5419,+1.60516
+0.54228,+1.62636
+0.54265,+1.09323
+0.54315,+1.0987
+0.54354,+1.05326
+0.54391,+1.1869
+0.54428,+1.19559
+0.54465,+1.105
+0.54515,+0.998131
+0.54553,+0.763647
+0.5459,+0.878953
+0.54628,+0.874439
+0.54665,+0.712659
+0.54716,+0.643586
+0.54755,+0.627326
+0.5479,+0.552383
+0.54828,+0.377343
+0.54867,+0.40331
+0.54915,+0.423559
+0.54953,+0.47445
+0.54991,+0.440729
+0.55028,+0.31003
+0.55066,+0.429148
+0.55103,+0.38889
+0.55154,+0.467323
+0.55191,+0.311252
+0.55228,+0.353351
+0.55266,+0.368251
+0.55315,+0.179682
+0.55352,+0.157655
+0.5539,+0.00184387
+0.55428,+0.048098
+0.55466,+0.0267028
+0.55502,+0.0501297
+0.55554,-0.10368
+0.5559,+0.111632
+0.55628,+0.00662841
+0.55665,-0.0812421
+0.55716,-0.00519671
+0.55753,-0.00478132
+0.55791,+0.0708453
+0.55828,+0.140706
+0.55865,+0.207197
+0.55916,+0.230292
+0.55954,+0.238647
+0.5599,+0.178788
+0.5604,+0.457918
+0.56066,+0.577656
+0.56116,+0.837392
+0.56153,+0.949398
+0.56191,+1.02573
+0.56228,+1.0244
+0.56265,+0.988981
+0.56315,+1.16986
+0.56353,+1.43507
+0.56391,+1.50758
+0.56428,+1.58089
+0.56466,+1.62467
+0.56516,+1.63774
+0.56553,+1.7816
+0.5659,+1.91171
+0.56628,+2.14651
+0.56665,+2.41165
+0.56715,+2.48743
+0.56753,+2.58592
+0.56792,+2.91393
+0.56828,+3.12595
+0.56867,+3.36234
+0.56992,+3.57818
+0.57021,+3.84665
+0.57039,+4.16401
+0.57065,+4.26368
+0.57115,+4.51779
+0.57153,+4.66802
+0.5719,+4.84874
+0.57227,+5.01746
+0.57264,+5.21812
+0.57315,+5.43254
+0.57352,+5.64073
+0.57391,+5.73804
+0.57428,+5.82537
+0.57466,+6.12254
+0.57515,+6.12577
+0.57554,+6.41271
+0.57591,+6.51539
+0.57628,+6.61038
+0.57665,+6.7568
+0.57715,+6.92031
+0.57752,+7.14253
+0.5779,+7.33364
+0.57828,+7.4385
+0.57866,+7.5371
+0.57915,+7.67055
+0.57953,+7.74765
+0.5799,+7.95583
+0.58041,+8.11816
+0.58067,+8.19665
+0.58115,+8.30581
+0.58152,+8.38129
+0.58191,+8.47624
+0.58227,+8.65399
+0.58266,+8.77404
+0.58316,+8.98655
+0.58366,+9.14385
+0.58392,+9.29489
+0.58428,+9.40911
+0.58466,+9.57546
+0.58503,+9.67968
+0.58553,+9.84439
+0.5859,+9.86542
+0.58627,+9.87848
+0.58666,+9.90051
+0.58716,+9.87484
+0.58753,+9.77925
+0.5879,+9.7492
+0.58827,+9.66913
+0.58866,+9.75036
+0.58903,+9.77239
+0.58953,+9.61896
+0.58991,+9.7069
+0.59028,+9.66641
+0.59065,+9.80819
+0.59115,+9.92103
+0.59152,+10.0992
+0.5919,+10.0783
+0.59228,+10.1659
+0.59266,+10.093
+0.59315,+10.0143
+0.59353,+10.1574
+0.5939,+10.241
+0.59428,+10.4007
+0.59466,+10.1633
+0.59516,+10.3934
+0.59553,+10.3599
+0.5959,+10.4761
+0.59627,+10.4541
+0.59666,+10.3562
+0.59715,+10.3781
+0.59753,+10.2897
+0.5979,+10.2518
+0.59828,+10.2537
+0.59866,+10.1121
+0.59902,+9.80637
+0.59955,+9.66599
+0.59991,+9.59968
+0.60028,+9.36219
+0.60066,+9.3048
+0.60116,+9.15406
+0.60153,+9.03593
+0.6019,+8.91807
+0.60227,-8.54822
+0.60266,-8.60388
+0.60315,-8.54632
+0.60354,-8.46024
+0.6039,-8.38615
+0.60427,-8.49372
+0.60466,-8.26694
+0.60515,-8.29409
+0.60552,-8.11882
+0.6059,-7.92653
+0.60628,-7.85658
+0.60666,-7.77047
+0.60715,-7.71062
+0.60754,-7.54267
+0.60791,-7.26091
+0.60828,-7.09621
+0.60865,-7.08814
+0.60902,-6.90284
+0.60953,-6.82853
+0.6099,-6.73776
+0.61028,-6.60163
+0.61078,-6.30436
+0.61116,-6.20282
+0.61154,-6.11136
+0.61191,-6.08437
+0.61227,-5.93718
+0.61266,-5.94967
+0.61316,-5.86063
+0.61353,-5.81173
+0.6139,-5.66344
+0.61428,-5.60354
+0.61466,-5.64845
+0.61503,-5.42614
+0.61554,-5.3474
+0.61591,-5.22921
+0.61628,-5.16282
+0.61666,-5.00623
+0.61702,-4.99869
+0.61753,-4.9135
+0.61791,-4.94747
+0.61828,-4.85209
+0.61865,-4.73527
+0.61903,-4.65584
+0.61953,-4.63885
+0.6199,-4.53101
+0.62028,-4.50315
+0.62066,-4.35009
+0.62103,-4.17481
+0.62153,-4.09746
+0.6219,-3.9605
+0.62227,-3.83245
+0.62266,-3.86087
+0.62302,-3.86129
+0.62354,-3.82228
+0.62391,-3.8383
+0.62428,-3.71387
+0.62465,-3.68859
+0.62502,-3.73981
+0.62553,-3.77354
+0.6259,-3.71455
+0.62628,-3.7543
+0.62665,-3.68036
+0.62703,-3.59595
+0.62754,-3.56132
+0.6279,-3.53744
+0.62827,-3.55014
+0.62866,-3.63449
+0.62915,-3.59745
+0.62953,-3.45489
+0.6299,-3.49621
+0.63029,-3.37127
+0.63066,-3.35167
+0.63115,-3.41409
+0.63153,-3.32674
+0.63191,-3.43714
+0.63229,-3.47876
+0.63266,-3.36477
+0.63303,-3.45981
+0.63353,-3.50813
+0.63391,-3.61567
+0.63428,-3.76872
+0.63466,-3.81691
+0.63515,-3.9027
+0.63554,-4.18081
+0.63591,-4.14402
+0.63628,-4.15088
+0.63668,-4.3101
+0.63703,-4.34425
+0.63753,-4.58038
+0.6379,-4.57434
+0.63829,-4.58558
+0.63866,-4.67609
+0.63902,-4.70231
+0.63953,-4.6268
+0.63991,-4.75092
+0.64028,-4.83985
+0.64065,-4.93331
+0.64116,-4.99196
+0.64153,-4.89723
+0.64191,-4.97626
+0.64228,-5.05154
+0.64265,-5.11087
+0.64303,-5.25944
+0.64354,-5.35344
+0.64391,-5.40041
+0.64428,-5.59103
+0.64466,-5.68959
+0.64503,-5.76991
+0.64553,-5.97138
+0.6459,-6.06937
+0.64628,-6.18009
+0.64667,-6.20897
+0.64703,-6.37357
+0.64754,-6.53229
+0.64791,-6.62982
+0.64828,-6.71329
+0.64865,-6.79953
+0.64903,-6.77052
+0.64953,-6.79296
+0.64991,-6.92594
+0.65029,-7.12336
+0.65065,-7.26994
+0.65103,-7.3293
+0.65166,-7.46452
+0.65193,-7.63091
+0.65229,-7.72739
+0.65267,-7.92146
+0.65303,-8.11093
+0.65353,-8.23253
+0.65391,-8.33675
+0.65428,-8.366
+0.65466,-8.45376
+0.65503,-8.55486
+0.65554,-8.47955
+0.65591,-8.50132
+0.65628,-8.49708
+0.65667,-8.58309
+0.65703,-8.82416
+0.65753,-8.81423
+0.65791,-8.75705
+0.65828,-8.85341
+0.65866,-9.11449
+0.65903,-9.28553
+0.65953,-9.56597
+0.6599,-9.7409
+0.66029,-9.96196
+0.66066,-10.0261
+0.66103,-9.92197
+0.66153,-10.1605
+0.66191,-10.1553
+0.66228,-10.3004
+0.66266,-10.1929
+0.66303,-10.1172
+0.66355,-10.1111
+0.66391,-10.1445
+0.66428,-10.2097
+0.66466,-10.3037
+0.66504,-10.5505
+0.66553,-10.4262
+0.66591,-10.7379
+0.66628,-10.9147
+0.66665,-11.1619
+0.66705,-11.2875
+0.66754,-11.433
+0.66791,-11.5013
+0.66829,-11.5523
+0.66866,-11.631
+0.66903,-11.6855
+0.66953,-12.0207
+0.66991,-12.1416
+0.67028,-12.0714
+0.67066,-11.8956
+0.67103,-11.8309
+0.67232,-11.9267
+0.6725,-11.8268
+0.6727,-11.9777
+0.67303,-12.0272
+0.67353,-12.1241
+0.6739,-12.071
+0.67428,-12.1282
+0.67466,-12.2103
+0.67503,-12.4542
+0.67554,-12.5247
+0.67591,-12.5875
+0.67628,-12.6067
+0.67665,-12.7132
+0.67703,-12.8353
+0.67754,-12.9355
+0.6779,-12.8872
+0.67828,-12.7703
+0.67865,-12.7922
+0.67903,-12.912
+0.67954,-12.9507
+0.67991,-13.0674
+0.68028,-13.3961
+0.68066,-13.4613
+0.68103,-13.5473
+0.68165,-13.439
+0.68192,-13.6062
+0.68228,-13.8058
+0.68266,-13.8331
+0.68303,-13.8193
+0.68353,-13.9184
+0.68391,-13.9658
+0.68428,-13.8381
+0.68466,-13.9376
+0.68503,-13.8413
+0.68554,-14.1898
+0.68591,-14.4626
+0.68628,-14.4632
+0.68665,-14.8649
+0.68703,-15.0209
+0.68754,-15.3729
+0.6879,-15.5381
+0.68829,-15.8375
+0.68866,-15.8541
+0.68903,-16.2293
+0.68953,-16.1376
+0.6899,-16.2168
+0.69029,-16.3278
+0.69066,-16.1117
+0.69103,-16.1954
+0.69157,-15.9994
+0.69191,-16.0504
+0.69229,-15.9134
+0.69265,-16.0575
+0.69302,-16.1709
+0.69354,-16.3349
+0.69391,-16.3079
+0.69428,-16.5746
+0.69465,-16.6122
+0.69503,-16.6814
+0.69553,-16.8548
+0.6959,-16.9992
+0.69628,-17.174
+0.69666,-17.3204
+0.69703,-17.2489
+0.69754,-17.1093
+0.69791,-17.3034
+0.69828,-17.0605
+0.69866,-17.2896
+0.69904,-17.1473
+0.69954,-17.2549
+0.69991,-16.8833
+0.70029,-16.7798
+0.70066,-16.6691
+0.70103,-16.4636
+0.70153,-16.4108
+0.70191,-16.1049
+0.70229,-16.1415
+0.70266,-16.1528
+0.70303,-16.0948
+0.70354,-15.9685
+0.70391,-16.1387
+0.70429,-16.2904
+0.70465,-15.9968
+0.70503,-15.8593
+0.70553,-16.0038
+0.70591,-16.0642
+0.70628,-16.3983
+0.70666,-16.2821
+0.70703,-16.4767
+0.70754,-16.2829
+0.70791,-16.2168
+0.70829,-16.121
+0.70866,-15.9616
+0.70903,-15.8553
+0.70953,-15.6522
+0.70991,-15.3891
+0.71029,-14.7375
+0.71067,-14.4318
+0.71103,-13.9935
+0.71153,-14.0737
+0.71191,-13.9672
+0.71241,-13.711
+0.71268,-13.8033
+0.71304,-13.8714
+0.71353,-13.6403
+0.71391,-13.638
+0.71429,-13.82
+0.71467,-13.9248
+0.71503,-14.0256
+0.71554,-13.6797
+0.71591,-13.5738
+0.71629,-13.5849
+0.71665,-13.5134
+0.71704,-13.4596
+0.71767,-13.5417
+0.71793,-13.2942
+0.71828,-13.2672
+0.71866,-13.0802
+0.71903,-12.9594
+0.71953,-12.9824
+0.71992,-12.8746
+0.72029,-12.8095
+0.72066,-12.762
+0.72103,-12.7342
+0.72154,-12.6448
+0.72191,-12.7757
+0.72228,-12.6508
+0.72266,-12.6302
+0.72303,-12.5361
+0.72354,-12.6186
+0.72391,-12.6081
+0.72428,-12.6462
+0.72467,-12.5934
+0.72504,-12.5355
+0.72553,-12.6195
+0.72591,-12.6796
+0.72629,-12.6951
+0.72667,-12.9391
+0.72703,-13.1383
+0.72754,-13.1577
+0.72791,-13.1288
+0.72829,-13.07
+0.72866,-12.9874
+0.72903,-13.0352
+0.72954,-13.0235
+0.72991,-13.0276
+0.73028,-12.917
+0.73066,-12.4753
+0.73104,-12.4938
+0.73155,-12.5709
+0.73191,-12.723
+0.73228,-12.8594
+0.73266,-13.1863
+0.73304,-13.1239
+0.73353,-13.2681
+0.73391,-13.5125
+0.73429,-13.7507
+0.73466,-14.0486
+0.73504,-14.0167
+0.73554,-14.1377
+0.73592,-14.4817
+0.73629,-14.5761
+0.73667,-14.4193
+0.73703,-14.5321
+0.73754,-14.6376
+0.73792,-14.7462
+0.73829,-14.8812
+0.73866,-14.9733
+0.73904,-15.3713
+0.73954,-15.5887
+0.73991,-15.3727
+0.74029,-15.5594
+0.74067,-15.9108
+0.74104,-16.2484
+0.74154,-16.6209
+0.74191,-16.5162
+0.74228,-16.7248
+0.74278,-17.1078
+0.74307,-17.0547
+0.74354,-16.9581
+0.74392,-17.2329
+0.74429,-17.5154
+0.74466,-17.5896
+0.74503,-17.4656
+0.74554,-17.3829
+0.74591,-17.566
+0.74629,-17.7606
+0.74666,-17.7771
+0.74704,-18.1599
+0.74755,-18.5086
+0.74791,-18.7016
+0.74828,-18.6066
+0.74867,-18.8731
+0.74904,-19.1704
+0.74954,-19.3633
+0.74991,-19.7745
+0.75029,-19.9806
+0.75066,-20.3971
+0.75104,-20.4992
+0.75154,-20.707
+0.75191,-20.9211
+0.75229,-21.2433
+0.75267,-21.4081
+0.75303,-21.7765
+0.75354,-22.0196
+0.75391,-22.1502
+0.75428,-22.2012
+0.75466,-22.2615
+0.75504,-22.2083
+0.75554,-22.3235
+0.75591,-22.3556
+0.75629,-22.46
+0.75666,-22.6387
+0.75707,-22.827
+0.75755,-22.7815
+0.75792,-22.7858
+0.75829,-22.9818
+0.75866,-23.0315
+0.75905,-23.3616
+0.75955,-23.3045
+0.75992,-23.467
+0.76029,-23.5113
+0.76066,-23.5798
+0.76103,-23.481
+0.76154,-23.5983
+0.76192,-23.6677
+0.76229,-23.6911
+0.76266,-23.7778
+0.76304,-23.777
+0.76354,-24.0106
+0.76391,-24.0159
+0.76429,-24.2137
+0.76467,-24.218
+0.76504,-24.2502
+0.76554,-24.32
+0.76591,-24.5608
+0.76628,-24.5939
+0.76667,-24.5196
+0.76704,-24.5123
+0.76754,-24.4802
+0.76792,-24.4367
+0.76829,-24.2819
+0.76866,-24.208
+0.76904,-24.2162
+0.76955,-24.1614
+0.76992,-24.0093
+0.77029,-23.8414
+0.77067,-23.7627
+0.77104,-23.7156
+0.77155,-23.5961
+0.77192,-23.5287
+0.77229,-23.5014
+0.77279,-23.4189
+0.77304,-23.2188
+0.77354,-23.1277
+0.77472,-22.959
+0.77494,-22.8619
+0.77523,-22.7894
+0.77553,-22.5879
+0.77591,-22.4083
+0.77629,-22.3043
+0.77666,-22.0582
+0.77703,-21.8097
+0.77754,-21.7377
+0.77791,-21.4866
+0.77829,-21.2977
+0.77866,-21.2024
+0.77903,-20.9237
+0.77955,-20.7618
+0.77991,-20.6124
+0.78029,-20.4374
+0.78066,-20.2503
+0.78104,-20.0993
+0.78154,-19.8901
+0.78191,-19.7499
+0.78228,-19.5154
+0.78268,-19.225
+0.78304,-19.0786
+0.78354,-18.8791
+0.78391,-18.6298
+0.78428,-18.3048
+0.78466,-18.1685
+0.78503,-18.009
+0.78553,-17.7861
+0.78592,-17.5749
+0.78629,-17.3673
+0.78667,-17.2225
+0.78703,-16.9509
+0.78755,-16.6576
+0.78792,-16.4875
+0.78829,-16.3449
+0.78866,-16.0633
+0.78903,-15.7306
+0.78954,-15.5686
+0.78991,-15.3624
+0.79029,-15.0603
+0.79066,-14.8455
+0.79104,-14.7224
+0.79142,-14.6629
+0.79191,-14.502
+0.79228,-14.2707
+0.79267,-14.1979
+0.79304,-14.1474
+0.79354,-13.8339
+0.79391,-13.7027
+0.79428,-13.6873
+0.79467,-13.4132
+0.79504,-13.2738
+0.79554,-13.0053
+0.79591,-12.8121
+0.79628,-12.652
+0.79667,-12.4588
+0.79704,-12.3162
+0.79754,-12.3333
+0.79791,-12.2185
+0.79828,-12.0508
+0.79867,-11.9545
+0.79904,-11.7543
+0.79941,-11.6095
+0.79992,-11.492
+0.80029,-11.4102
+0.80067,-11.2007
+0.80104,-10.9179
+0.80141,-10.7706
+0.80192,-10.5425
+0.8023,-10.3772
+0.80267,-10.1964
+0.80316,+11.1279
+0.80354,+11.1888
+0.80391,+11.0602
+0.80429,+10.9245
+0.80467,+10.7881
+0.80505,+10.8396
+0.80542,+10.6671
+0.80591,+10.5916
+0.80628,+10.4748
+0.80667,+10.4338
+0.80704,+10.3121
+0.80741,+10.1742
+0.80792,+10.0555
+0.8083,+10.0324
+0.80867,+10.451
+0.80904,+10.3208
+0.80954,+10.1465
+0.80992,+10.0238
+0.81028,+9.9043
+0.81066,+10.1707
+0.81104,+10.0195
+0.81155,+9.90316
+0.81192,+9.78231
+0.81229,+9.94552
+0.81267,+9.4142
+0.81307,+9.54204
+0.81354,+9.45641
+0.81391,+9.64618
+0.81429,+9.59085
+0.81467,+9.48781
+0.81503,+9.35739
+0.81542,+9.14582
+0.81592,+9.11887
+0.8163,+8.6367
+0.81667,+8.47224
+0.81704,+8.11383
+0.81754,+8.03306
+0.81791,+7.62305
+0.81829,+7.5949
+0.81867,+7.00574
+0.81905,+6.99768
+0.81954,+6.95597
+0.81991,+6.73554
+0.82029,+6.78241
+0.82067,+6.65995
+0.82104,+6.60585
+0.82153,+6.55063
+0.82192,+6.58412
+0.82229,+6.4708
+0.82267,+6.41162
+0.82306,+6.35677
+0.82343,+6.36167
+0.82393,+6.31148
+0.82429,+6.03282
+0.82467,+5.98104
+0.82504,+5.84323
+0.82554,+5.66005
+0.82592,+5.4479
+0.82629,+5.29393
+0.82666,+5.57673
+0.82704,+5.42793
+0.82755,+5.21597
+0.82792,+5.23243
+0.82829,+5.27391
+0.82866,+5.14092
+0.82909,+4.95315
+0.82942,+4.98129
+0.82991,+4.83098
+0.8303,+4.73261
+0.83067,+4.25021
+0.83105,+4.2035
+0.83142,+4.11527
+0.83192,+3.88372
+0.83229,+3.77703
+0.83267,+3.68899
+0.83304,+3.61308
+0.83354,+3.48764
+0.83392,+3.46982
+0.83429,+3.39764
+0.83466,+3.34437
+0.83505,+3.22187
+0.83555,+3.09321
+0.83592,+2.99725
+0.83629,+2.83693
+0.83667,+2.63044
+0.83705,+2.90277
+0.83754,+2.72109
+0.83792,+2.54569
+0.8383,+2.37811
+0.83867,+2.46196
+0.83905,+2.42386
+0.83942,+2.44269
+0.83992,+2.51176
+0.8403,+2.41899
+0.84067,+2.35414
+0.84105,+1.88145
+0.84155,+1.74502
+0.84192,+1.66585
+0.84229,+1.61998
+0.84267,+1.34453
+0.84304,+1.21335
+0.84355,+1.05328
+0.84392,+0.865688
+0.84429,+0.867473
+0.84466,+0.952636
+0.84506,+1.05825
+0.84554,+1.10345
+0.84592,+1.15156
+0.84629,+1.05291
+0.84667,+1.14615
+0.84705,+1.04896
+0.84742,+0.983572
+0.84793,+1.22301
+0.8483,+1.09808
+0.84866,+1.08048
+0.84905,+0.934216
+0.84941,+0.90406
+0.84991,+0.811826
+0.85029,+0.881895
+0.85067,+0.636971
+0.85105,+0.629982
+0.85142,+0.89945
+0.85193,+0.535093
+0.85229,+0.604488
+0.85267,+0.517485
+0.85305,+0.558498
+0.85355,+0.489744
+0.85392,+0.511695
+0.8543,+0.768707
+0.85467,+0.934927
+0.85504,+1.01934
+0.85542,+0.785817
+0.85592,+1.13266
+0.8563,+1.09711
+0.85667,+1.10804
+0.85705,+1.08094
+0.85755,+1.28308
+0.85792,+1.33057
+0.85829,+1.12003
+0.85867,+1.39014
+0.85905,+1.44648
+0.85942,+1.33442
+0.85992,+1.19227
+0.86029,+1.14619
+0.86068,+1.17858
+0.86105,+1.22432
+0.86142,+1.16086
+0.86192,+1.21512
+0.8623,+1.17359
+0.86267,+0.908293
+0.86304,+0.997104
+0.86342,+1.19281
+0.86392,+1.28161
+0.86429,+1.40204
+0.86467,+1.54512
+0.86505,+1.65789
+0.86543,+1.69094
+0.86592,+1.81684
+0.86629,+2.04019
+0.86667,+2.14479
+0.86704,+2.19377
+0.86742,+2.23713
+0.86806,+2.28429
+0.86842,+2.52786
+0.86871,+2.60654
+0.86905,+2.66012
+0.86942,+2.79859
+0.86992,+3.20326
+0.87029,+3.26901
+0.87067,+3.27924
+0.87105,+3.24318
+0.87142,+3.34267
+0.87194,+3.50316
+0.87229,+3.53541
+0.87267,+3.53397
+0.87305,+3.64212
+0.87342,+4.053
+0.87392,+3.7175
+0.87442,+4.00067
+0.87468,+4.18536
+0.87506,+4.29854
+0.87555,+4.44913
+0.87593,+4.30927
+0.87712,+4.22508
+0.87738,+4.30142
+0.87766,+4.34677
+0.87792,+4.07247
+0.8783,+4.11421
+0.87867,+3.75375
+0.87904,+3.72976
+0.87942,+3.62716
+0.87992,+3.47576
+0.8803,+3.54784
+0.88067,+3.54647
+0.88105,+3.48323
+0.88142,+3.46933
+0.88192,+3.46337
+0.88229,+3.36154
+0.88267,+3.62712
+0.88305,+3.47715
+0.88342,+3.51602
+0.88393,+3.46283
+0.8843,+3.40087
+0.88467,+3.29407
+0.88505,+3.21032
+0.88541,+3.01012
+0.88592,+2.82856
+0.8863,+2.71686
+0.88667,+2.32867
+0.88706,+2.33999
+0.88743,+2.23643
+0.88792,+2.50038
+0.88829,+2.25567
+0.88867,+2.24494
+0.88906,+2.13062
+0.88942,+2.07442
+0.88992,+2.04168
+0.89029,+1.87988
+0.89067,+1.75533
+0.89105,+1.59909
+0.89142,+1.35533
+0.89193,+0.772595
+0.8923,+0.508351
+0.89267,+0.14718
+0.89305,-0.122068
+0.89341,-0.347325
+0.89393,-0.725145
+0.8943,-0.831828
+0.89467,-1.07851
+0.89504,-1.33635
+0.89543,-1.51228
+0.89593,-1.60085
+0.8963,-1.69537
+0.89668,-1.82038
+0.89705,-1.78062
+0.89742,-1.92818
+0.89793,-2.06129
+0.89829,-2.29505
+0.89868,-2.43561
+0.89904,-2.5115
+0.89941,-2.70309
+0.89993,-2.96554
+0.9003,-2.88272
+0.90067,-3.0725
+0.90105,-3.34958
+0.90142,-3.63676
+0.90192,-3.82167
+0.90229,-3.90079
+0.90268,-4.0385
+0.90305,-4.27965
+0.90343,-4.45939
+0.90393,-4.50039
+0.9043,-4.89468
+0.90468,-5.04998
+0.90505,-5.18915
+0.90555,-5.2664
+0.90593,-5.1688
+0.9063,-5.40659
+0.90667,-5.60609
+0.90706,-5.7873
+0.90742,-5.78299
+0.90793,-5.81437
+0.9083,-5.77721
+0.90867,-5.82254
+0.90905,-5.95979
+0.90942,-6.04553
+0.90993,-6.30833
+0.9103,-6.36301
+0.91067,-6.36918
+0.91105,-6.18892
+0.91142,-6.33191
+0.91193,-6.60205
+0.9123,-6.57485
+0.91267,-6.70082
+0.91305,-6.8748
+0.91342,-6.71167
+0.91392,-6.85711
+0.9143,-6.75486
+0.91468,-6.84575
+0.91506,-7.05941
+0.91542,-7.09444
+0.91592,-6.9533
+0.9163,-6.90829
+0.91668,-6.83105
+0.91705,-6.74893
+0.91742,-6.76935
+0.91793,-6.5059
+0.9183,-6.62322
+0.91867,-6.38254
+0.91905,-6.34989
+0.91942,-6.0934
+0.91992,-5.88719
+0.9203,-6.07645
+0.92067,-6.05852
+0.92105,-6.03865
+0.92143,-6.14669
+0.92193,-6.23789
+0.9223,-6.28013
+0.92268,-6.34177
+0.92306,-6.29331
+0.92342,-6.33525
+0.92392,-6.48993
+0.9243,-6.23533
+0.9248,-6.14575
+0.92507,-5.99812
+0.92543,-5.87398
+0.92593,-5.74167
+0.9263,-5.5556
+0.92667,-5.53304
+0.92705,-5.3622
+0.92743,-5.47972
+0.92793,-5.42441
+0.9283,-5.54261
+0.92867,-5.47756
+0.92906,-5.33196
+0.92943,-5.32429
+0.92993,-5.40393
+0.9303,-5.42546
+0.93068,-5.33876
+0.93105,-5.35655
+0.93142,-5.19231
+0.93194,-5.22056
+0.9323,-5.26388
+0.93267,-5.19113
+0.93305,-5.27991
+0.93342,-5.173
+0.93393,-5.11732
+0.9343,-5.09786
+0.93468,-5.14063
+0.93506,-4.97484
+0.93543,-4.94195
+0.93593,-4.99558
+0.93631,-4.87238
+0.93668,-4.93073
+0.93705,-4.97117
+0.93742,-5.08455
+0.93793,-5.11944
+0.9383,-5.11991
+0.93868,-5.22291
+0.93905,-5.40468
+0.93942,-5.36005
+0.93993,-5.33235
+0.9403,-5.4179
+0.94067,-5.40571
+0.94106,-5.26953
+0.94143,-5.25427
+0.94192,-5.17635
+0.94231,-5.12925
+0.94268,-5.09978
+0.94305,-5.03374
+0.94343,-5.18615
+0.94393,-5.21028
+0.9443,-5.24023
+0.94468,-5.3562
+0.94505,-5.44113
+0.94543,-5.48538
+0.94593,-5.57545
+0.9463,-5.56378
+0.94667,-5.47008
+0.94706,-5.57605
+0.94742,-5.54287
+0.94793,-5.52731
+0.94831,-5.558
+0.94868,-5.47336
+0.94906,-5.43014
+0.94942,-5.45405
+0.94993,-5.4477
+0.9503,-5.44174
+0.95068,-5.42698
+0.95105,-5.35465
+0.95143,-5.46331
+0.95193,-5.52063
+0.9523,-5.43414
+0.95267,-5.53061
+0.95306,-5.69283
+0.95343,-5.67718
+0.95392,-5.79049
+0.95431,-5.91819
+0.95468,-6.08356
+0.95518,-6.23912
+0.95543,-6.14397
+0.95594,-6.13332
+0.9563,-6.15882
+0.95667,-6.02127
+0.95706,-6.02404
+0.95743,-5.9259
+0.95793,-5.80976
+0.9583,-5.71527
+0.95868,-5.54275
+0.95906,-5.42757
+0.95943,-5.35229
+0.95993,-5.29816
+0.96031,-5.30935
+0.9607,-5.38185
+0.96106,-5.32533
+0.96142,-5.4272
+0.96193,-5.38481
+0.9623,-5.30512
+0.96268,-5.39046
+0.96305,-5.40242
+0.96343,-5.36242
+0.96393,-5.23911
+0.9643,-5.12391
+0.96467,-5.00438
+0.96507,-4.77933
+0.96542,-4.52186
+0.96593,-4.3396
+0.9663,-4.16408
+0.96668,-3.93334
+0.96706,-3.81573
+0.96743,-3.64237
+0.96793,-3.51937
+0.96831,-3.38569
+0.96868,-3.18647
+0.96905,-3.14668
+0.96943,-3.18122
+0.96992,-3.06152
+0.97031,-3.00542
+0.97068,-2.84866
+0.97105,-2.63988
+0.97142,-2.62704
+0.97194,-2.56924
+0.97231,-2.50886
+0.97268,-2.32974
+0.97305,-2.12363
+0.97343,-2.04767
+0.97393,-1.9993
+0.97431,-1.81025
+0.97468,-1.83973
+0.97506,-1.7364
+0.97543,-1.53675
+0.97593,-1.36099
+0.9763,-1.32585
+0.97668,-1.40158
+0.97706,-1.36944
+0.97743,-1.20969
+0.97794,-1.04582
+0.97831,-1.04403
+0.97952,-0.99204
+0.97977,-0.885204
+0.97997,-0.985865
+0.9803,-1.03743
+0.98067,-0.95079
+0.98105,-0.902211
+0.98142,-0.853699
+0.98193,-0.735777
+0.9823,-0.844949
+0.9828,-0.86786
+0.98309,-0.677407
+0.98343,-0.742205
+0.98393,-0.654405
+0.9843,-0.541044
+0.98468,-0.449818
+0.98505,-0.368217
+0.98555,-0.431965
+0.98592,-0.534054
+0.98629,-0.439767
+0.98668,-0.445184
+0.98705,-0.595743
+0.98742,-0.643238
+0.98793,-0.43281
+0.9883,-0.572284
+0.98867,-0.663771
+0.98905,-0.772916
+0.98943,-0.613858
+0.98993,-0.669895
+0.9903,-0.827316
+0.99067,-0.674259
+0.99106,-0.696842
+0.99144,-0.695409
+0.99193,-0.960301
+0.9923,-1.05547
+0.99268,-1.14242
+0.99306,-1.2149
+0.99342,-1.43967
+0.99393,-1.46883
+0.99431,-1.49756
+0.99468,-1.81059
+0.99506,-1.8613
+0.99542,-1.9528
+0.99606,-2.04477
+0.99632,-2.02665
+0.99668,-1.933
+0.99706,-1.70499
+0.99742,-1.48232
+0.99793,-1.55957
+0.99831,-1.56757
+0.99868,-1.53569
+0.99905,-1.61945
+0.99957,-1.67839
+0.99997,-1.60549
+1.00033,-1.65389
+1.0007,-1.87025
+1.00109,-2.0999
+1.00146,-2.55132
+1.00198,-2.50775
+1.00234,-2.52452
+1.00272,-2.57364
+1.00309,-2.32505
+1.00347,-2.36933
+1.00397,+3.496
+1.00434,+3.52403
+1.0047,+3.64479
+1.00507,+3.77357
+1.00547,+3.70872
+1.00597,+3.8378
+1.00634,+3.97074
+1.00672,+3.94536
+1.0071,+4.23125
+1.00746,+4.31647
+1.00797,+4.43073
+1.00835,+4.46416
+1.00872,+4.44904
+1.00909,+4.538
+1.00947,+4.71861
+1.00998,+4.86917
+1.01035,+5.02074
+1.01072,+5.13802
+1.01109,+5.26968
+1.01146,+5.41486
+1.01197,+5.54343
+1.01232,+5.58299
+1.01283,+5.74849
+1.01311,+5.83435
+1.01345,+5.73283
+1.01397,+5.84869
+1.01434,+6.0378
+1.01471,+6.32347
+1.01509,+6.44206
+1.01547,+6.54232
+1.01597,+6.65194
+1.01633,+6.78414
+1.01671,+6.80455
+1.0171,+6.94129
+1.01747,+7.21773
+1.01798,+7.28259
+1.01834,+7.26493
+1.01872,+7.36898
+1.01909,+7.4011
+1.01946,+7.55142
+1.01997,+7.73243
+1.02034,+7.86458
+1.02072,+7.93643
+1.02107,+8.02894
+1.02144,+8.1544
+1.02196,+8.28049
+1.02232,+8.22829
+1.02271,+8.26844
+1.02308,+8.4287
+1.02348,+8.46002
+1.02397,+8.43503
+1.02434,+8.52339
+1.0247,+8.69541
+1.02509,+8.7446
+1.02547,+8.64955
+1.02598,+8.57344
+1.02633,+8.63114
+1.02672,+8.65881
+1.0271,+8.52179
+1.02746,+8.37168
+1.02796,+8.40594
+1.02834,+8.37278
+1.02872,+8.2464
+1.0291,+8.11657
+1.02947,+8.07262
+1.02998,+8.13896
+1.03034,+8.11542
+1.03072,+7.91487
+1.03109,+7.86197
+1.03151,+7.91894
+1.03198,+7.7816
+1.03233,+7.7908
+1.03269,+7.71645
+1.03307,+7.63783
+1.03344,+7.49969
+1.03396,+7.29852
+1.03434,+7.1265
+1.03472,+7.16872
+1.03509,+7.07639
+1.03546,+6.95176
+1.03596,+6.85075
+1.03633,+6.56423
+1.03672,+6.42957
+1.03709,+6.35002
+1.03746,+6.30819
+1.03798,+6.34647
+1.03834,+6.32385
+1.03871,+6.11537
+1.03909,+5.91971
+1.03947,+5.62995
+1.03998,+5.40541
+1.04035,+5.35172
+1.04072,+5.13342
+1.0411,+4.99611
+1.04148,+4.83438
+1.04197,+4.48668
+1.04234,+4.32684
+1.04272,+4.15619
+1.0431,+4.0664
+1.04347,+3.94861
+1.04396,+3.76679
+1.04432,+3.54452
+1.0447,+3.36244
+1.04507,+3.07523
+1.04545,+2.97928
+1.04602,+2.81485
+1.04635,+2.52568
+1.04672,+2.29885
+1.0471,+2.09138
+1.04745,+1.99098
+1.04797,+1.83034
+1.04838,+1.75941
+1.04871,+1.61329
+1.04909,+1.39907
+1.04947,+1.08311
+1.04985,+0.965765
+1.05034,+0.775393
+1.05072,+0.5929
+1.05108,+0.401055
+1.05148,+0.109406
+1.05199,+0.034918
+1.05235,-0.254956
+1.05271,-0.374914
+1.05309,-0.436372
+1.05348,-0.560553
+1.05397,-0.839143
+1.05434,-0.82146
+1.05473,-0.848206
+1.05509,-1.0188
+1.05546,-1.06887
+1.05582,-1.30974
+1.05646,-1.3741
+1.0567,-1.60491
+1.05709,-1.82634
+1.05748,-1.94176
+1.05794,-1.91761
+1.05831,-2.1029
+1.05868,-2.2773
+1.05906,-2.31742
+1.05944,-2.461
+1.05994,-2.48192
+1.06031,-2.63888
+1.06068,-2.62966
+1.06106,-2.56993
+1.06144,-2.73779
+1.06193,-2.85455
+1.0623,-2.94839
+1.06269,-2.97023
+1.06306,-3.12139
+1.06344,-3.09611
+1.06393,-3.24984
+1.06431,-3.27701
+1.06468,-3.38671
+1.06506,-3.48191
+1.06544,-3.47344
+1.06593,-3.56052
+1.06631,-3.57307
+1.06668,-3.74188
+1.06705,-3.69992
+1.06744,-3.79168
+1.06794,-3.68736
+1.06831,-3.65684
+1.06869,-3.63423
+1.06906,-3.63017
+1.06944,-3.66136
+1.06993,-3.61435
+1.07031,-3.64996
+1.07068,-3.52039
+1.07106,-3.75998
+1.07146,-3.69385
+1.07195,-3.71625
+1.07232,-3.67619
+1.07268,-3.72821
+1.07306,-3.71681
+1.07344,-3.9224
+1.07394,-3.90313
+1.07431,-3.94165
+1.07469,-3.98558
+1.07505,-3.82315
+1.07544,-3.85278
+1.07581,-3.81476
+1.07631,-3.87682
+1.0767,-3.81882
+1.07706,-3.78474
+1.07744,-3.41567
+1.07794,-3.48217
+1.07831,-3.42303
+1.07869,-3.4265
+1.07906,-3.22068
+1.07945,-3.21464
+1.07994,-3.22907
+1.08031,-3.22905
+1.08068,-3.0604
+1.08192,-2.98869
+1.08213,-3.07614
+1.08237,-2.91495
+1.08268,-2.86598
+1.08305,-2.8675
+1.08343,-2.9594
+1.08394,-3.0006
+1.08431,-3.01964
+1.08468,-2.91324
+1.08505,-2.98983
+1.08543,-3.10048
+1.0858,-2.91102
+1.0863,-2.94528
+1.08668,-2.9009
+1.08719,-2.863
+1.08745,-2.77687
+1.08793,-2.62863
+1.0883,-2.56268
+1.08868,-2.48152
+1.08906,-2.3784
+1.08943,-2.20814
+1.08993,-2.23309
+1.09031,-2.22997
+1.09068,-2.08767
+1.09105,-2.00453
+1.09143,-1.9202
+1.09181,-1.98705
+1.0923,-1.89356
+1.09268,-1.95323
+1.09305,-1.9411
+1.09344,-1.94589
+1.09393,-2.00869
+1.0943,-2.00692
+1.09467,-1.93664
+1.09506,-1.75464
+1.09544,-1.78284
+1.0958,-1.63819
+1.0963,-1.6804
+1.09668,-1.68932
+1.09706,-1.67015
+1.09743,-1.7126
+1.09793,-1.5705
+1.09831,-1.51361
+1.09868,-1.69789
+1.09905,-1.91546
+1.09944,-1.92058
+1.09981,-2.03868
+1.1003,-2.00533
+1.10068,-1.96706
+1.10106,-2.09044
+1.10143,-2.06939
+1.1018,-2.30776
+1.10231,-2.28156
+1.10268,-2.36967
+1.10305,-2.32233
+1.10344,-2.41692
+1.10381,-2.42686
+1.10431,-2.5877
+1.10468,-2.67432
+1.10505,-2.78827
+1.10544,-2.81236
+1.10581,-2.80286
+1.1063,-2.9412
+1.10668,-3.19524
+1.10707,-3.2695
+1.10743,-3.47001
+1.10794,-3.57952
+1.1083,-3.68647
+1.10868,-3.99514
+1.10906,-4.05534
+1.10943,-4.24208
+1.1098,-4.40753
+1.1103,-4.56323
+1.11068,-4.47344
+1.11106,-4.61451
+1.11144,-4.79878
+1.1118,-5.0179
+1.11231,-5.22419
+1.11269,-5.308
+1.11305,-5.42115
+1.11343,-5.66655
+1.11393,-5.74909
+1.11431,-5.87247
+1.11468,-5.97527
+1.11505,-6.13306
+1.11544,-6.05624
+1.11581,-6.08916
+1.1163,-6.24203
+1.11668,-6.22742
+1.11706,-6.50752
+1.11769,-6.58262
+1.11795,-6.68462
+1.1183,-6.71687
+1.11869,-6.85393
+1.11906,-7.14971
+1.11944,-7.32692
+1.11981,-7.41113
+1.12031,-7.40117
+1.12068,-7.4835
+1.12106,-7.31017
+1.12143,-7.36785
+1.1218,-7.41253
+1.1223,-7.58747
+1.12268,-7.61253
+1.12305,-7.5667
+1.12343,-7.72849
+1.12381,-7.8381
+1.12431,-7.8545
+1.12468,-8.08702
+1.12505,-8.35762
+1.12542,-8.5692
+1.12581,-8.99308
+1.12631,-9.15338
+1.12668,-9.24687
+1.12705,-9.36704
+1.12744,-9.30333
+1.12807,-9.42335
+1.12834,-9.55295
+1.12869,-9.61594
+1.12906,-9.6336
+1.12944,-9.42733
+1.12993,-9.27256
+1.1303,-9.32198
+1.13069,-9.41281
+1.13106,-9.4119
+1.13143,-9.43871
+1.13181,-9.38816
+1.13231,-9.35425
+1.13269,-9.30419
+1.13306,-9.25108
+1.13343,-9.29222
+1.13393,-9.27389
+1.13431,-9.13737
+1.13468,-9.0405
+1.13506,-8.97128
+1.13544,-8.88143
+1.13583,-8.86616
+1.13631,-8.87532
+1.13668,-8.64866
+1.13705,-8.62867
+1.13756,-8.65642
+1.13793,-8.52451
+1.13831,-8.53646
+1.13868,-8.40409
+1.13906,-8.3303
+1.13943,-8.27676
+1.1398,-8.17674
+1.14031,-8.15084
+1.14068,-8.14956
+1.14106,-8.0615
+1.14143,-7.85013
+1.1418,-7.77381
+1.14231,-7.64717
+1.14269,-7.68864
+1.14306,-7.55362
+1.14344,-7.57129
+1.14381,-7.37432
+1.14431,-7.21804
+1.14468,-7.19954
+1.14506,-7.12519
+1.14544,-7.18634
+1.14581,-7.20442
+1.14631,-7.16063
+1.14668,-7.12552
+1.14706,-6.98635
+1.14745,-7.08882
+1.14794,-7.08757
+1.14838,-7.12034
+1.14869,-7.13556
+1.14906,-7.11549
+1.14943,-7.09901
+1.1498,-7.04964
+1.15031,-6.91383
+1.15069,-6.71013
+1.15106,-6.65549
+1.15144,-6.34052
+1.15181,-6.45069
+1.15231,-6.32739
+1.15269,-6.04105
+1.15307,-6.00671
+1.15344,-5.9134
+1.15381,-5.81926
+1.15431,-5.79572
+1.15468,-5.79157
+1.15506,-5.75698
+1.15544,-5.76544
+1.15581,-5.53192
+1.15631,-5.36809
+1.15669,-5.44644
+1.15706,-5.26297
+1.15743,-5.12616
+1.15794,-5.0092
+1.15831,-4.99588
+1.15869,-4.91517
+1.15906,-4.99347
+1.15943,-4.73671
+1.15981,-4.80926
+1.16031,-4.64015
+1.16068,-4.54625
+1.16106,-4.421
+1.16144,-4.30197
+1.16181,-4.08803
+1.16231,-4.01814
+1.16268,-3.94815
+1.16306,-3.85145
+1.16344,-3.95049
+1.16381,-3.89435
+1.16431,-3.92466
+1.16468,-3.86975
+1.16506,-3.7898
+1.16544,-3.74699
+1.16581,-3.60444
+1.16631,-3.52323
+1.16669,-3.468
+1.16706,-3.22203
+1.16745,-3.03119
+1.16795,-2.78424
+1.16831,-2.74641
+1.16869,-2.51781
+1.16906,-2.57115
+1.16943,-2.49226
+1.16981,-2.54626
+1.17031,-2.32142
+1.17069,-2.15181
+1.17106,-2.04946
+1.17145,-2.10152
+1.17181,-2.12444
+1.17231,-2.11299
+1.17269,-2.09417
+1.17306,-2.06217
+1.17345,-2.00362
+1.17381,-1.8973
+1.17431,-1.81748
+1.17469,-1.74746
+1.17506,-1.82945
+1.17544,-1.66431
+1.17581,-1.57333
+1.17632,-1.5483
+1.17669,-1.49491
+1.17706,-1.32103
+1.17745,-1.28913
+1.17796,-1.32611
+1.17831,-1.4191
+1.17868,-1.50147
+1.17907,-1.44337
+1.17943,-1.43298
+1.17982,-1.44207
+1.18032,-1.18388
+1.18069,-1.17198
+1.18107,-1.18152
+1.18144,-1.26444
+1.18181,-1.17122
+1.18231,-1.16048
+1.18269,-1.15715
+1.18306,-1.05614
+1.18344,-0.970907
+1.18432,-0.938593
+1.18457,-1.16905
+1.18484,-1.24531
+1.18509,-1.35766
+1.18544,-1.19039
+1.18581,-1.2903
+1.18631,-1.30505
+1.18668,-1.31951
+1.18719,-1.38768
+1.18745,-1.61279
+1.18794,-1.54304
+1.18831,-1.5704
+1.18868,-1.62503
+1.18905,-1.59976
+1.18943,-1.77474
+1.1898,-1.89888
+1.1903,-1.92835
+1.19068,-1.9783
+1.19105,-2.02253
+1.19143,-2.04409
+1.19181,-2.18851
+1.19231,-2.21605
+1.19268,-2.14502
+1.19305,-2.25127
+1.19343,-2.40396
+1.19381,-2.49816
+1.1943,-2.68868
+1.19468,-2.84671
+1.19506,-3.04151
+1.19543,-3.14543
+1.1958,-3.18505
+1.1963,-3.38829
+1.19668,-3.6308
+1.19706,-3.62625
+1.19743,-3.65781
+1.19793,-3.73666
+1.19831,-3.75847
+1.19869,-3.85866
+1.19905,-4.00453
+1.19944,-4.22602
+1.19981,-4.39565
+1.20031,-4.42557
+1.20069,-4.53983
+1.20106,-4.68719
+1.20143,-4.78204
+1.2018,-4.74848
+1.20231,-4.75961
+1.20268,-4.88541
+1.20305,-4.90256
+1.20343,-4.91417
+1.20381,-4.89716
+1.20431,-5.16003
+1.20468,-5.24552
+1.20505,-5.38961
+1.20544,-5.42299
+1.20581,-5.6285
+1.20631,-5.79564
+1.20668,-5.68526
+1.20706,-5.80885
+1.20743,-5.80813
+1.20781,-6.08772
+1.2083,-6.1508
+1.20881,-6.16398
+1.20907,-6.18667
+1.20944,-6.13227
+1.2098,-5.96382
+1.21031,-5.94571
+1.21068,-5.8529
+1.21106,-5.68207
+1.21143,-5.63766
+1.21193,-5.54961
+1.21231,-5.41475
+1.21268,-5.34272
+1.21306,-5.22189
+1.21344,-5.21435
+1.21381,-5.29033
+1.21431,-5.2194
+1.21468,-5.24664
+1.21506,-5.20868
+1.21544,-4.98641
+1.21581,-4.87398
+1.21631,-4.71081
+1.21669,-4.50948
+1.21706,-4.32817
+1.21743,-4.26276
+1.2178,-4.07869
+1.21831,-3.88149
+1.21894,-3.72927
+1.21918,-3.65992
+1.21958,-3.51684
+1.21984,-3.21087
+1.22034,-3.11084
+1.22069,-3.10454
+1.22106,-2.96198
+1.22144,-2.67596
+1.22181,-2.45622
+1.22231,-2.23825
+1.22269,-2.14
+1.22306,-1.99697
+1.22344,-2.02608
+1.22381,-1.97845
+1.22431,-2.03283
+1.22468,-1.8221
+1.22506,-1.67251
+1.22544,-1.59273
+1.22581,-1.51371
+1.22631,-1.47521
+1.22669,-1.24288
+1.22706,-1.11137
+1.22744,-1.14209
+1.22794,-1.06975
+1.22831,-0.831738
+1.22868,-0.646
+1.22918,-0.545047
+1.22944,-0.421152
+1.22981,-0.428317
+1.23031,-0.430636
+1.23068,-0.503611
+1.23107,-0.399935
+1.23145,-0.154991
+1.23181,-0.0793832
+1.23231,+0.017673
+1.23269,-0.0187166
+1.23306,-0.109486
+1.23343,-0.254387
+1.23381,-0.195529
+1.23431,-0.0796404
+1.23469,-0.150746
+1.23507,-0.465348
+1.23544,-0.445716
+1.23582,-0.52599
+1.23631,-0.569569
+1.23668,-0.687483
+1.23706,-0.809244
+1.23744,-0.856848
+1.23781,-0.920894
+1.23831,-1.03408
+1.23871,-1.03859
+1.23907,-0.824216
+1.23944,-1.10491
+1.23981,-1.2026
+1.24032,-1.3388
+1.24069,-1.36898
+1.24106,-1.39695
+1.24144,-1.50762
+1.24181,-1.72408
+1.24231,-1.86761
+1.24268,-2.03722
+1.24306,-2.21752
+1.24344,-2.23077
+1.24381,-2.3645
+1.24432,-2.51057
+1.24469,-2.64242
+1.24506,-2.76415
+1.24544,-2.8652
+1.24581,-3.04371
+1.24631,-3.1867
+1.24668,-3.26972
+1.24706,-3.36937
+1.24744,-3.40411
+1.24782,-3.47589
+1.24831,-3.60612
+1.24869,-3.67321
+1.24906,-3.9026
+1.24944,-4.01028
+1.24981,-4.02833
+1.25031,-4.19855
+1.25076,-4.34382
+1.25106,-4.51313
+1.25144,-4.67607
+1.25182,-4.84159
+1.25231,-4.9911
+1.25268,-5.24421
+1.25306,-5.25003
+1.25344,-5.66667
+1.25381,-5.85025
+1.25431,-5.85242
+1.25469,-5.96502
+1.25506,-6.0506
+1.25545,-6.19326
+1.25582,-6.41472
+1.25631,-6.44919
+1.25669,-6.83726
+1.25706,-6.92443
+1.25744,-6.77738
+1.25781,-6.84694
+1.25831,-6.96642
+1.25869,-7.03816
+1.25906,-7.10475
+1.25957,-7.15186
+1.25984,-7.06395
+1.26032,-7.17095
+1.26069,-6.98733
+1.26106,-7.03888
+1.26144,-7.03576
+1.26181,-7.09317
+1.26231,-7.21628
+1.26269,-7.23696
+1.26306,-7.34529
+1.26345,-7.48331
+1.26381,-7.59612
+1.26432,-7.73735
+1.26469,-7.82297
+1.26506,-8.07906
+1.26544,-8.32557
+1.26581,-8.44562
+1.26631,-8.677
+1.26669,-8.92483
+1.26707,-9.04291
+1.26744,-9.17484
+1.26781,-9.31779
+1.26831,-9.35645
+1.26869,-9.49005
+1.26906,-9.504
+1.26944,-9.52207
+1.26981,-9.54805
+1.27031,-9.58565
+1.27069,-9.61358
+1.27107,-9.79457
+1.27145,-9.94085
+1.27182,-10.0179
+1.27234,-10.1402
+1.2727,-10.2705
+1.27309,-10.385
+1.27344,-10.4311
+1.27382,-10.4935
+1.27432,-10.5839
+1.27469,-10.6438
+1.27506,-10.6798
+1.27544,-10.7812
+1.27582,-10.9645
+1.27631,-11.035
+1.27668,-11.0532
+1.27707,-11.2147
+1.27744,-11.3567
+1.27781,-11.3898
+1.27832,-11.3239
+1.27869,-11.3816
+1.27906,-11.2618
+1.27945,-11.1596
+1.27981,-11.0878
+1.28032,-11.0913
+1.28069,-11.0248
+1.28106,-10.9488
+1.28146,-10.9139
+1.28181,-10.9118
+1.28231,-11.0185
+1.28269,-11.0482
+1.28307,-11.0892
+1.28344,-11.1968
+1.28382,-11.0545
+1.28431,-10.9829
+1.28469,-11.0379
+1.28507,-10.9447
+1.28544,-11.0454
+1.28581,-11.2043
+1.28672,-11.0216
+1.28692,-10.8761
+1.28721,-11.0097
+1.28744,-10.9551
+1.28781,-11.2646
+1.28831,-11.2894
+1.28869,-11.1743
+1.28906,-11.1447
+1.28944,-11.082
+1.29007,-11.0069
+1.29033,-11.3247
+1.29069,-11.6223
+1.29106,-11.5111
+1.29143,-11.5704
+1.29182,-11.4363
+1.29231,-11.6398
+1.29268,-11.9369
+1.29305,-11.9966
+1.29344,-11.8744
+1.29382,-11.8341
+1.29431,-11.8527
+1.29469,-11.8677
+1.29506,-11.9714
+1.29544,-12.0474
+1.29581,-12.1162
+1.29632,-12.1468
+1.29669,-11.9979
+1.29706,-12.1885
+1.29743,-12.4704
+1.2978,-12.7621
+1.29831,-12.5682
+1.29868,-12.5304
+1.29906,-12.4818
+1.29944,-12.5284
+1.29982,-12.7047
+1.30031,-12.7997
+1.30068,-12.8355
+1.30106,-12.72
+1.30144,-12.7173
+1.30181,-12.791
+1.30218,-12.9176
+1.30269,-12.9434
+1.30306,-13.1494
+1.30344,-13.219
+1.30382,-13.2284
+1.30431,-13.1954
+1.30468,-13.4251
+1.30506,-13.56
+1.30544,-13.5883
+1.30581,-13.5501
+1.30619,-13.6863
+1.30668,-13.7114
+1.30706,-13.5856
+1.30743,-13.4867
+1.30794,-13.3697
+1.30832,-13.2785
+1.30869,-13.1514
+1.30906,-13.0212
+1.30944,-13.014
+1.30994,-12.7958
+1.31032,-12.5875
+1.31069,-12.456
+1.31106,-12.4819
+1.31144,-12.2805
+1.31182,-12.1459
+1.31231,-11.9689
+1.31269,-11.7407
+1.31306,-11.5666
+1.31344,-11.3727
+1.31381,-11.1839
+1.31431,-10.923
+1.31481,-10.7081
+1.3151,-10.5233
+1.31557,-10.2637
+1.31606,-9.96673
+1.31644,-9.71181
+1.3167,-9.38693
+1.31706,-9.14923
+1.31744,-8.82877
+1.31781,-8.58028
+1.31831,-8.36733
+1.31869,-8.16283
+1.31906,-7.78738
+1.31944,-7.56859
+1.31983,-7.2713
+1.32044,-7.09079
+1.3207,-6.92735
+1.32106,-6.76151
+1.32144,-6.46939
+1.32181,-6.21587
+1.32231,-6.04113
+1.32268,-5.78898
+1.32306,-5.54597
+1.32344,-5.43951
+1.32381,-5.29717
+1.32432,-5.1475
+1.32469,-4.95324
+1.32507,-4.73445
+1.32543,-4.5917
+1.32582,-4.40865
+1.32632,-4.20266
+1.32669,-3.9695
+1.32706,-3.85103
+1.32744,-3.54234
+1.32781,-3.59615
+1.32831,-3.31046
+1.32869,-3.25092
+1.32907,-3.10838
+1.32944,-2.92611
+1.32981,-2.83896
+1.33032,-2.65222
+1.33069,-2.60349
+1.33106,-2.50554
+1.33144,-2.45821
+1.33181,-2.22175
+1.33232,-2.25924
+1.33269,-2.01679
+1.33306,-1.94499
+1.33344,-1.96274
+1.33382,-2.13343
+1.33431,-2.13526
+1.33469,-1.99753
+1.33507,-1.91344
+1.33544,-1.85262
+1.33582,-1.76575
+1.33631,-1.73237
+1.33669,-1.82441
+1.33707,-1.86218
+1.33744,-1.97225
+1.33781,-1.65308
+1.33832,-1.63605
+1.33869,-1.56778
+1.33906,-1.53864
+1.33944,-1.59509
+1.33983,-1.5046
+1.34032,-1.45739
+1.34069,-1.27573
+1.34106,-1.26489
+1.34143,-1.04412
+1.34183,-1.01957
+1.34231,-0.907482
+1.34269,-1.16343
+1.34307,-1.12326
+1.34345,-1.14158
+1.34383,-1.20844
+1.34436,-1.15039
+1.34469,-1.22604
+1.34507,-1.21112
+1.34544,-1.18554
+1.34582,-1.18168
+1.34632,-1.08003
+1.34669,-0.787427
+1.34706,-0.779955
+1.34745,-0.615652
+1.34782,-0.475197
+1.34832,-0.355506
+1.34869,-0.373768
+1.34906,-0.258823
+1.34944,-0.183465
+1.34982,-0.147506
+1.35018,-0.236364
+1.35081,-0.318693
+1.35108,-0.334752
+1.35145,-0.358673
+1.35182,-0.366968
+1.35231,-0.327765
+1.35269,-0.190021
+1.35307,-0.139211
+1.35345,-0.112901
+1.35382,-0.00111844
+1.35432,+0.080692
+1.35469,+0.311287
+1.35506,+0.365746
+1.35546,+0.386793
+1.35582,+0.397964
+1.35632,+0.362904
+1.35669,+0.319819
+1.35706,+0.260595
+1.35743,+0.271219
+1.35782,+0.183028
+1.35831,+0.0439578
+1.35869,-0.0960117
+1.35907,-0.144121
+1.35944,-0.20136
+1.35982,-0.29332
+1.36032,-0.384904
+1.36182,-0.412702
+1.36199,-0.497838
+1.36224,-0.624494
+1.36249,-0.784927
+1.36278,-0.868344
+1.36306,-1.02496
+1.36344,-1.1806
+1.36382,-1.26596
+1.36432,-1.28516
+1.36468,-1.34587
+1.36507,-1.4752
+1.36544,-1.51732
+1.36582,-1.65101
+1.36619,-1.62123
+1.36669,-1.70196
+1.36707,-1.78753
+1.36745,-1.80213
+1.36782,-1.78107
+1.36832,-1.91263
+1.36869,-2.0461
+1.36907,-2.12511
+1.36944,-2.18659
+1.36981,-2.14716
+1.37019,-2.27992
+1.37069,-2.33923
+1.37106,-2.34354
+1.37144,-2.30298
+1.37195,-2.51896
+1.37232,-2.503
+1.37269,-2.53271
+1.37306,-2.45933
+1.37345,-2.44652
+1.37383,-2.51948
+1.37431,-2.57249
+1.3747,-2.48427
+1.37507,-2.50111
+1.37545,-2.64087
+1.37582,-2.45785
+1.37631,-2.48087
+1.37669,-2.37785
+1.37707,-2.45363
+1.37744,-2.3954
+1.37781,-2.3257
+1.37832,-2.09971
+1.3787,-2.03439
+1.37906,-2.05237
+1.37944,-1.91917
+1.37983,-1.85609
+1.38019,-1.78258
+1.38069,-1.66821
+1.38112,-1.5078
+1.38145,-1.40708
+1.38182,-1.26262
+1.38232,-1.23655
+1.3827,-1.18347
+1.38307,-0.979608
+1.38345,-0.816612
+1.38385,-0.816121
+1.38432,-0.754211
+1.38471,-0.806295
+1.38507,-0.781578
+1.38545,-0.650308
+1.38582,-0.667866
+1.3862,-0.653785
+1.3867,-0.552383
+1.38707,-0.424308
+1.38744,-0.375164
+1.38782,-0.268007
+1.38912,-0.158577
+1.3893,-0.0385756
+1.38953,+0.0695062
+1.38982,+0.0583781
+1.39018,+0.198653
+1.39068,+0.299236
+1.39107,+0.347629
+1.39145,+0.353689
+1.39181,+0.381621
+1.39232,+0.317841
+1.39269,+0.391684
+1.39307,+0.474209
+1.39344,+0.449794
+1.39382,+0.465484
+1.39432,+0.428099
+1.39469,+0.419064
+1.39506,+0.432536
+1.39544,+0.363458
+1.39582,+0.408455
+1.39632,+0.550735
+1.39669,+0.462393
+1.39707,+0.564707
+1.39744,+0.678413
+1.39782,+0.687116
+1.39819,+0.730116
+1.3987,+0.787171
+1.39907,+0.834754
+1.39944,+0.962208
+1.39981,+1.05115
+1.40018,+1.05587
+1.40069,+1.16997
+1.40107,+1.05861
+1.40144,+1.03613
+1.40182,+1.10954
+1.40232,+1.1984
+1.40269,+1.31695
+1.40306,+1.41559
+1.40344,+1.4764
+1.40382,+1.46403
+1.40418,+1.52684
+1.40469,+1.58467
+1.40507,+1.86295
+1.40544,+1.94748
+1.40582,+1.91482
+1.40619,+1.97732
+1.40669,+2.06374
+1.40706,+2.12746
+1.40744,+2.20888
+1.40782,+2.31084
+1.40832,+2.42563
+1.40869,+2.56101
+1.40906,+2.69814
+1.40945,+2.76178
+1.40982,+2.946
+1.41019,+3.01773
+1.41069,+3.03836
+1.41107,+3.07138
+1.41144,+3.08833
+1.41182,+3.14749
+1.41219,+3.22187
+1.41282,+3.20843
+1.41308,+3.2013
+1.41344,+3.27979
+1.41382,+3.27936
+1.41419,+3.40406
+1.4147,+3.48309
+1.41507,+3.62152
+1.41545,+3.78646
+1.41582,+3.91526
+1.41618,+4.15353
+1.41669,+4.36284
+1.41707,+4.50147
+1.41744,+4.56444
+1.41781,+4.78642
+1.41819,+4.85382
+1.41869,+4.9796
+1.41906,+4.98701
+1.41944,+5.09837
+1.41984,+5.13886
+1.42019,+5.0336
+1.42069,+5.01926
+1.42106,+5.07078
+1.42145,+5.14848
+1.42182,+5.25823
+1.42219,+5.37898
+1.4227,+5.41961
+1.42307,+5.45325
+1.42345,+5.4733
+1.42382,+5.53447
+1.42418,+5.51704
+1.42469,+5.57066
+1.42507,+5.63113
+1.42544,+5.63507
+1.42581,+5.51439
+1.42618,+5.39717
+1.42669,+5.27876
+1.42707,+5.27672
+1.42745,+5.21105
+1.42782,+5.19651
+1.42819,+5.10254
+1.42869,+4.96543
+1.42906,+4.86306
+1.42944,+4.67343
+1.42982,+4.64998
+1.43019,+4.58265
+1.43069,+4.50141
+1.43107,+4.3216
+1.43145,+4.12379
+1.43183,+3.87138
+1.43219,+3.82151
+1.4327,+3.77461
+1.43307,+3.59726
+1.43344,+3.67224
+1.43381,+3.53013
+1.43419,+3.42131
+1.43469,+3.35863
+1.43506,+3.31841
+1.43545,+3.24618
+1.43582,+3.19835
+1.43619,+3.0646
+1.43669,+2.87066
+1.43706,+2.70223
+1.43745,+2.50848
+1.43782,+2.37672
+1.43819,+2.23339
+1.43869,+2.06698
+1.43907,+1.90626
+1.43945,+1.75476
+1.43982,+1.58759
+1.44019,+1.46785
+1.4407,+1.42624
+1.44107,+1.4197
+1.44145,+1.27878
+1.44181,+1.12192
+1.44219,+0.905747
+1.44282,+0.794311
+1.44308,+0.660266
+1.44344,+0.555084
+1.44382,+0.480754
+1.44419,+0.408771
+1.44469,+0.292187
+1.44506,+0.234779
+1.44545,+0.260648
+1.44582,+0.154022
+1.44619,+0.246406
+1.4467,+0.163535
+1.44707,+0.210718
+1.44745,+0.209878
+1.44783,+0.165254
+1.44819,-0.0120485
+1.4487,-0.0943884
+1.44907,-0.342226
+1.44944,-0.559987
+1.44982,-0.591781
+1.4502,-0.801125
+1.4507,-0.908512
+1.45107,-1.11235
+1.45144,-1.20626
+1.45183,-1.35914
+1.45219,-1.39464
+1.45269,-1.53275
+1.45307,-1.58091
+1.45344,-1.60007
+1.45382,-1.7376
+1.45419,-1.76988
+1.45469,-1.87498
+1.45507,-1.87074
+1.45545,-1.97665
+1.45584,-2.01478
+1.45619,-2.09978
+1.4567,-2.16239
+1.45707,-2.22276
+1.45745,-2.27597
+1.45782,-2.29133
+1.45819,-2.4673
+1.4587,-2.47009
+1.45907,-2.70176
+1.45944,-2.88684
+1.45983,-2.99464
+1.46019,-2.97519
+1.4607,-3.03879
+1.46107,-3.13437
+1.46145,-3.26206
+1.46183,-3.36792
+1.46219,-3.39666
+1.46269,-3.54895
+1.46307,-3.43267
+1.46345,-3.36225
+1.46383,-3.43699
+1.46419,-3.55404
+1.46469,-3.67325
+1.46508,-3.68351
+1.46545,-3.82723
+1.46582,-3.91871
+1.4662,-4.05505
+1.4667,-4.13106
+1.46707,-4.26865
+1.46744,-4.42134
+1.46784,-4.54596
+1.4682,-4.69297
+1.46869,-4.72414
+1.46907,-4.77539
+1.46944,-4.807
+1.46983,-4.91282
+1.47019,-4.76932
+1.47069,-4.82672
+1.47107,-5.04937
+1.47145,-5.17216
+1.47184,-5.22718
+1.4722,-5.31081
+1.4727,-5.52185
+1.47307,-5.59141
+1.47357,-5.71091
+1.47384,-5.822
+1.4742,-6.07451
+1.4747,-6.19621
+1.47507,-6.08885
+1.47545,-6.14973
+1.47583,-6.25866
+1.47619,-6.2286
+1.47669,-6.12074
+1.47708,-6.25871
+1.47745,-6.17833
+1.47783,-6.15701
+1.47819,-6.21312
+1.4787,-6.24988
+1.47907,-6.32366
+1.47945,-6.32347
+1.47983,-6.28647
+1.4802,-6.22678
+1.4807,-6.25246
+1.48107,-6.25328
+1.48145,-6.33598
+1.48182,-6.35971
+1.48219,-6.38689
+1.4827,-6.36346
+1.48307,-6.36336
+1.48345,-6.49892
+1.48383,-6.47498
+1.4842,-6.66512
+1.4847,-6.65223
+1.48508,-6.85742
+1.48545,-6.96267
+1.48583,-7.00721
+1.48622,-6.97295
+1.4867,-7.04118
+1.48707,-7.09852
+1.48746,-7.06996
+1.48783,-7.16317
+1.48833,-7.11013
+1.4887,-7.20092
+1.48908,-6.96182
+1.48945,-6.9335
+1.48983,-6.88889
+1.4902,-6.84974
+1.49152,-6.70073
+1.4918,-6.70096
+1.49208,-6.63577
+1.49225,-6.67564
+1.49269,-6.68784
+1.49306,-6.56414
+1.49344,-6.72384
+1.49382,-6.68779
+1.49419,-6.72504
+1.49469,-6.80812
+1.49506,-6.8332
+1.49546,-6.81035
+1.49583,-6.81017
+1.49619,-6.74547
+1.4967,-6.72201
+1.49707,-6.81147
+1.49744,-6.73826
+1.49782,-6.63877
+1.49819,-6.60983
+1.49869,-6.51137
+1.49907,-6.53546
+1.49944,-6.50038
+1.49983,-6.42177
+1.50019,-6.34917
+1.50069,-6.3108
+1.50107,-6.14985
+1.50145,-5.97068
+1.50182,-5.99506
+1.50219,-5.90518
+1.50269,-5.7859
+1.50307,-5.7154
+1.50345,-5.67914
+1.50394,-5.62824
+1.50431,-5.61274
+1.5047,-5.54639
+1.50507,-5.67737
+1.50544,-5.66354
+1.50582,-5.83863
+1.50619,-5.71183
+1.50669,-5.76181
+1.50706,-5.97135
+1.50745,-6.16226
+1.50783,-6.11629
+1.50819,-6.12598
+1.5087,-6.15284
+1.50907,-5.93919
+1.50944,-6.00935
+1.50982,-5.70443
+1.51019,-5.69827
+1.51069,-5.5358
+1.51107,-5.27715
+1.51145,-4.98185
+1.51186,-4.97249
+1.51219,-4.83633
+1.51269,-4.73975
+1.51307,-4.76346
+1.51344,-4.66209
+1.51382,-4.59851
+1.51419,-4.59616
+1.51469,-4.69793
+1.51507,-4.57589
+1.51544,-4.43451
+1.51583,-4.33218
+1.51619,-4.5362
+1.51669,-4.50655
+1.51707,-4.61101
+1.51744,-4.58912
+1.51782,-4.45696
+1.51819,-4.59947
+1.5187,-4.47477
+1.51907,-4.48364
+1.51946,-4.61926
+1.51983,-4.55649
+1.52019,-4.50532
+1.52069,-4.49987
+1.52107,-4.34799
+1.52145,-4.23878
+1.52182,-4.3181
+1.52219,-4.16561
+1.5227,-4.24302
+1.52306,-4.02923
+1.52345,-3.98977
+1.52395,-4.07679
+1.52421,-3.82323
+1.52469,-3.74174
+1.52507,-3.72258
+1.52545,-3.79295
+1.52582,-3.76472
+1.52619,-3.68184
+1.5267,-3.58245
+1.52707,-3.72789
+1.52746,-3.58958
+1.52782,-3.77807
+1.52819,-3.66693
+1.5287,-3.5715
+1.52907,-3.58439
+1.52944,-3.40829
+1.52982,-3.38593
+1.5302,-3.3267
+1.5307,-3.28797
+1.53107,-3.29659
+1.53144,-3.26888
+1.53184,-2.97311
+1.53219,-3.01336
+1.5327,-3.14022
+1.53307,-3.02063
+1.53344,-3.04482
+1.53383,-3.12509
+1.5342,-3.06439
+1.5347,-2.99743
+1.53508,-2.9819
+1.53546,-2.97558
+1.53582,-3.00386
+1.5362,-3.02028
+1.53669,-2.98293
+1.53707,-2.97315
+1.53745,-2.96305
+1.53782,-2.73493
+1.53819,-2.71144
+1.53869,-2.72623
+1.53907,-2.59851
+1.53945,-2.52071
+1.53982,-2.35539
+1.54019,-2.09893
+1.5407,-1.87284
+1.54107,-1.78826
+1.54144,-1.75969
+1.54182,-1.79368
+1.5422,-1.71816
+1.5427,-1.5038
+1.54307,-1.50651
+1.54347,-1.43985
+1.54383,-1.36755
+1.5442,-1.37767
+1.5447,-1.38487
+1.54508,-1.29967
+1.54545,-1.11278
+1.54582,-1.02483
+1.54619,-0.874384
+1.54669,-0.888693
+1.54707,-0.760941
+1.54746,-0.629521
+1.54782,-0.4978
+1.54821,-0.370163
+1.5487,-0.206997
+1.54908,-0.108882
+1.54944,-0.10051
+1.54982,+0.0251369
+1.5502,-0.00333762
+1.55057,+0.101152
+1.55107,+0.187054
+1.55146,+0.242119
+1.55183,+0.23851
+1.5522,+0.297995
+1.55257,+0.412613
+1.55308,+0.474901
+1.55345,+0.673954
+1.55383,+0.811962
+1.55432,+0.968062
+1.55469,+1.02536
+1.55507,+1.11319
+1.55546,+1.14406
+1.55582,+1.22023
+1.5562,+1.19824
+1.5567,+1.24107
+1.55707,+1.33565
+1.55744,+1.36535
+1.55782,+1.39717
+1.55833,+1.39593
+1.5587,+1.60876
+1.55907,+1.65831
+1.55947,+1.74496
+1.55983,+1.86694
+1.5602,+1.98309
+1.5607,+1.97724
+1.56108,+2.07898
+1.56145,+2.05776
+1.56182,+2.05195
+1.5622,+2.14527
+1.5627,+2.05827
+1.56308,+2.14392
+1.56346,+2.25516
+1.56383,+2.32504
+1.56422,+2.28933
+1.5647,+2.28998
+1.56507,+2.19952
+1.56545,+2.31158
+1.56583,+2.40972
+1.56619,+2.41803
+1.5667,+2.43692
+1.56708,+2.37723
+1.56747,+2.29154
+1.56786,+2.30543
+1.56824,+2.5152
+1.5687,+2.67701
+1.56907,+2.74806
+1.56945,+2.80952
+1.56982,+2.81662
+1.5702,+2.83113
+1.57071,+2.93513
+1.57107,+3.0327
+1.57147,+3.0815
+1.57184,+3.07874
+1.5722,+2.94197
+1.5727,+2.9066
+1.57308,+2.99582
+1.57345,+2.87728
+1.57382,+2.82049
+1.5742,+2.72291
+1.57471,+2.65217
+1.57507,+2.73597
+1.57547,+2.78385
+1.57582,+2.82002
+1.57621,+2.97817
+1.5767,+2.97371
+1.57707,+2.9454
+1.57745,+3.05282
+1.57783,+3.14837
+1.5782,+3.36108
+1.5787,+3.42433
+1.57907,+3.3771
+1.57947,+3.30232
+1.57983,+3.21422
+1.58021,+3.02691
+1.5807,+2.9706
+1.58108,+2.98601
+1.58145,+2.95585
+1.58182,+2.9916
+1.5822,+2.9105
+1.5827,+2.82301
+1.58307,+2.83258
+1.58346,+2.79949
+1.58396,+2.7636
+1.58421,+2.87911
+1.5847,+2.8762
+1.58507,+2.76467
+1.58545,+2.66935
+1.58583,+2.4775
+1.5862,+2.50048
+1.58671,+2.57069
+1.58707,+2.49126
+1.58746,+2.62497
+1.58783,+2.65138
+1.58819,+2.492
+1.58871,+2.56792
+1.58908,+2.50399
+1.58945,+2.54712
+1.58983,+2.70834
+1.59021,+2.69182
+1.5907,+2.6506
+1.59107,+2.71155
+1.59148,+2.71218
+1.59182,+2.70903
+1.59221,+2.63923
+1.5927,+2.55367
+1.59392,+2.71319
+1.5941,+2.71872
+1.5944,+2.6656
+1.5947,+2.55127
+1.59507,+2.44528
+1.59546,+2.38239
+1.59582,+2.26462
+1.5962,+2.30297
+1.5967,+2.41577
+1.59707,+2.36521
+1.59744,+2.42265
+1.59783,+2.52336
+1.5982,+2.45869
+1.5987,+2.5224
+1.59908,+2.64171
+1.59948,+2.67673
+1.59982,+2.67212
+1.6002,+2.68297
+1.60056,+2.75618
+1.60108,+2.82962
+1.60145,+2.59248
+1.60182,+2.50073
+1.60219,+2.55692
+1.60257,+2.47016
+1.60307,+2.43304
+1.60346,+2.41857
+1.60396,+2.47196
+1.60421,+2.40891
+1.6047,+2.42774
+1.60507,+2.35953
+1.60545,+2.40835
+1.60582,+1.80313
+1.6062,+1.76396
+1.60669,+1.86669
+1.60708,+1.75446
+1.60747,+1.67734
+1.60783,+1.66155
+1.6082,+1.69299
+1.6087,+1.68047
+1.60907,+1.71788
+1.60945,+1.79995
+1.60982,+1.66724
+1.61021,+1.66429
+1.6107,+1.57873
+1.61107,+1.66826
+1.61146,+1.64921
+1.61183,+1.62527
+1.6122,+1.63825
+1.61269,+1.63652
+1.61308,+1.63207
+1.61345,+1.56423
+1.61382,+1.57804
+1.61421,+1.47708
+1.6147,+1.55904
+1.61508,+1.51177
+1.61547,+1.58663
+1.61585,+1.50365
+1.6162,+1.42546
+1.6167,+1.37944
+1.61707,+1.39661
+1.61745,+1.45584
+1.61783,+1.44899
+1.6182,+1.53098
+1.61857,+1.52023
+1.61907,+1.60194
+1.61947,+1.63089
+1.61983,+1.72871
+1.6202,+1.7555
+1.62057,+1.77653
+1.62107,+1.69089
+1.62145,+1.62553
+1.62183,+1.67177
+1.6222,+1.66548
+1.62257,+1.62212
+1.62308,+1.51136
+1.62347,+1.45281
+1.62383,+1.36142
+1.6242,+1.309
+1.62457,+1.29922
+1.62507,+1.4366
+1.62557,+1.43693
+1.62583,+1.50095
+1.6262,+1.45414
+1.62658,+1.46549
+1.62707,+1.42979
+1.62746,+1.47973
+1.62783,+1.56601
+1.62821,+1.62023
+1.6287,+1.61636
+1.62907,+1.51254
+1.62944,+1.50767
+1.62982,+1.41481
+1.63021,+1.41785
+1.6307,+1.2852
+1.63107,+1.3934
+1.63148,+1.39459
+1.63183,+1.3489
+1.63221,+1.33625
+1.63257,+1.27167
+1.63307,+1.30107
+1.63346,+1.36939
+1.63383,+1.47467
+1.6342,+1.56238
+1.63457,+1.75888
+1.63508,+1.74263
+1.63547,+1.80868
+1.63583,+1.86744
+1.6362,+1.89512
+1.6367,+1.94344
+1.63708,+1.98282
+1.63745,+2.05205
+1.63783,+1.99652
+1.6382,+2.09861
+1.63871,+2.06314
+1.63907,+2.14121
+1.63947,+1.94395
+1.63982,+1.92409
+1.64021,+1.85442
+1.64057,+1.86078
+1.64107,+1.76199
+1.64145,+1.68778
+1.64183,+1.64453
+1.64221,+1.56165
+1.64257,+1.56454
+1.64307,+1.60558
+1.64347,+1.71428
+1.64383,+1.72755
+1.6442,+1.81701
+1.64457,+1.91576
+1.64508,+1.85879
+1.64545,+1.84108
+1.64583,+1.894
+1.6462,+1.85756
+1.64658,+1.86012
+1.64708,+1.83907
+1.64748,+1.83484
+1.64784,+1.81925
+1.64821,+1.79597
+1.6487,+1.73919
+1.64907,+1.86447
+1.64945,+1.8989
+1.64983,+1.8002
+1.6502,+1.71878
+1.65057,+1.73216
+1.65108,+1.65186
+1.65146,+1.58832
+1.65182,+1.57787
+1.65221,+1.53741
+1.65258,+1.51681
+1.65307,+1.61279
+1.65345,+1.65717
+1.65383,+1.75237
+1.65421,+1.84233
+1.65457,+1.7745
+1.65507,+1.74769
+1.65547,+1.75129
+1.65583,+1.71316
+1.6562,+1.71079
+1.65671,+1.68818
+1.65708,+1.58512
+1.65745,+1.52834
+1.65783,+1.49188
+1.6582,+1.50651
+1.65858,+1.54008
+1.65908,+1.54193
+1.65946,+1.63344
+1.65982,+1.64032
+1.6602,+1.72585
+1.66059,+1.77284
+1.66107,+1.80052
+1.66145,+1.80262
+1.66183,+1.8989
+1.6622,+1.91017
+1.66258,+1.92601
+1.66308,+1.99569
+1.66347,+1.97878
+1.66383,+2.08086
+1.66421,+2.03502
+1.66457,+2.0266
+1.66508,+2.10807
+1.66545,+2.07875
+1.66583,+2.05988
+1.66621,+1.99055
+1.66657,+1.98324
+1.66707,+1.9665
+1.66747,+2.08606
+1.66783,+2.10594
+1.6682,+2.12649
+1.66857,+2.12557
+1.66908,+2.18377
+1.66945,+2.32723
+1.66983,+2.35926
+1.67028,+2.50279
+1.67058,+2.56689
+1.67108,+2.65246
+1.67147,+2.69109
+1.67182,+2.7511
+1.67221,+2.86842
+1.67258,+2.98444
+1.67308,+2.95366
+1.67346,+2.97034
+1.67383,+3.08856
+1.6742,+3.13162
+1.67457,+3.17825
+1.67507,+3.22615
+1.67547,+3.16163
+1.67596,+3.21166
+1.6762,+3.35836
+1.67671,+3.47498
+1.67708,+3.5299
+1.67745,+3.63636
+1.67782,+3.59618
+1.67821,+3.65083
+1.67858,+3.66159
+1.67907,+3.70553
+1.67948,+3.80383
+1.67983,+3.84949
+1.68021,+3.90153
+1.68057,+3.92938
+1.68108,+4.16829
+1.68146,+4.23445
+1.68183,+4.43564
+1.68221,+4.52033
+1.68258,+4.66456
+1.68308,+4.88869
+1.68347,+5.12494
+1.68383,+5.26194
+1.68422,+5.25328
+1.68458,+5.28895
+1.68508,+5.25108
+1.68545,+5.33496
+1.68583,+5.3155
+1.68621,+5.49794
+1.6867,+5.56489
+1.68708,+5.59922
+1.68748,+5.58636
+1.68783,+5.73876
+1.68821,+5.92336
+1.68858,+6.09579
+1.68908,+6.28442
+1.68945,+6.43871
+1.68983,+6.64848
+1.6902,+6.69564
+1.69057,+6.89853
+1.69109,+7.0171
+1.69151,+7.14587
+1.69183,+7.20989
+1.69221,+7.33171
+1.69258,+7.48254
+1.69308,+7.51538
+1.69345,+7.65718
+1.69383,+7.80912
+1.6942,+7.94283
+1.69458,+8.11813
+1.69508,+8.20488
+1.69632,+8.30423
+1.69651,+8.46124
+1.69673,+8.57165
+1.69708,+8.65902
+1.69745,+8.75101
+1.69783,+8.88653
+1.6982,+8.93265
+1.69858,+9.09111
+1.69908,+9.22468
+1.69948,+9.3104
+1.69983,+9.47433
+1.70021,+9.59566
+1.70057,+9.6906
+1.70108,+9.79066
+1.70145,+9.96278
+1.70183,+10.1228
+1.70221,+10.274
+1.70258,+10.3642
+1.70308,+10.4031
+1.70348,+10.61
+1.70382,+10.7011
+1.70421,+10.7249
+1.70457,+10.8967
+1.70508,+11.0948
+1.70546,+11.1981
+1.70583,+11.2297
+1.70633,+11.4206
+1.7067,+11.5347
+1.70708,+11.66
+1.70747,+11.7344
+1.70783,+11.922
+1.70821,+12.0136
+1.70858,+12.0176
+1.70908,+12.0346
+1.70945,+12.1851
+1.70983,+12.2476
+1.71022,+12.2091
+1.71057,+12.1858
+1.71108,+12.2447
+1.71148,+12.2798
+1.71183,+12.3493
+1.71221,+12.5171
+1.71257,+12.6093
+1.71309,+12.6644
+1.71346,+12.7456
+1.71383,+12.8447
+1.71422,+13.0398
+1.71458,+13.2411
+1.71508,+13.3279
+1.71547,+13.5851
+1.71584,+13.5967
+1.71622,+13.6721
+1.71658,+13.9098
+1.71708,+14.112
+1.71745,+14.1966
+1.71783,+14.3198
+1.71821,+14.4045
+1.71858,+14.4296
+1.71921,+14.5323
+1.71948,+14.4271
+1.71983,+14.5983
+1.72021,+14.7033
+1.72058,+14.6746
+1.72108,+14.7821
+1.72146,+14.772
+1.72183,+14.8607
+1.72221,+14.933
+1.72258,+15.0497
+1.72308,+15.0353
+1.72347,+15.1838
+1.72383,+15.1231
+1.72421,+15.2145
+1.72458,+15.3018
+1.72508,+15.3732
+1.72545,+15.4976
+1.72584,+15.5314
+1.72621,+15.5371
+1.72658,+15.5995
+1.72708,+15.727
+1.72748,+15.7546
+1.72783,+15.9654
+1.72821,+15.9927
+1.72858,+16.0678
+1.72908,+16.1392
+1.72945,+16.2284
+1.72983,+16.2889
+1.73021,+16.2988
+1.73058,+16.3833
+1.73108,+16.4528
+1.73147,+16.5506
+1.73183,+16.5507
+1.73221,+16.6939
+1.73258,+16.7388
+1.73308,+16.6654
+1.73346,+16.7706
+1.73383,+16.841
+1.7342,+16.9785
+1.73458,+17.1355
+1.73508,+17.1932
+1.73547,+17.1955
+1.73583,+17.2116
+1.73621,+17.1619
+1.73671,+17.2556
+1.73708,+17.3189
+1.73746,+17.3765
+1.73784,+17.3395
+1.73821,+17.4197
+1.73858,+17.2853
+1.73908,+17.2786
+1.73948,+17.3875
+1.73984,+17.3728
+1.74022,+17.3277
+1.74058,+17.249
+1.74108,+17.2988
+1.74146,+17.2679
+1.74184,+17.4928
+1.74221,+17.4986
+1.74258,+17.6557
+1.74308,+17.7735
+1.74348,+17.7905
+1.74384,+17.917
+1.74421,+18.1254
+1.74458,+18.254
+1.74509,+18.2523
+1.74546,+18.2034
+1.74583,+18.138
+1.74621,+18.149
+1.74658,+18.1579
+1.74721,+18.2225
+1.74748,+18.2612
+1.74783,+18.2618
+1.74822,+18.1429
+1.74858,+18.2048
+1.74909,+18.156
+1.74946,+18.2215
+1.74983,+18.24
+1.75022,+18.228
+1.75058,+18.1287
+1.75108,+18.0202
+1.75148,+17.9378
+1.75184,+17.9293
+1.75221,+17.9189
+1.75257,+17.9075
+1.75309,+17.8954
+1.75346,+18.0083
+1.75384,+18.0566
+1.75421,+18.1489
+1.75458,+18.2493
+1.75508,+18.4081
+1.75548,+18.4616
+1.75583,+18.6044
+1.75621,+18.7232
+1.75658,+18.6689
+1.75709,+18.7479
+1.75746,+18.6706
+1.75784,+18.5785
+1.75822,+18.4858
+1.75858,+18.452
+1.75909,+18.4049
+1.75947,+18.4873
+1.75983,+18.3938
+1.76022,+18.3042
+1.76058,+18.3283
+1.76108,+18.4577
+1.76146,+18.4699
+1.76184,+18.415
+1.76221,+18.4606
+1.76258,+18.4927
+1.76309,+18.4332
+1.76348,+18.371
+1.76384,+18.3925
+1.76421,+18.3489
+1.76458,+18.3211
+1.76509,+18.2704
+1.76546,+18.2403
+1.76583,+18.3368
+1.76622,+18.3287
+1.76659,+18.322
+1.76709,+18.4075
+1.76747,+18.479
+1.76783,+18.3553
+1.76822,+18.3107
+1.76859,+18.3369
+1.76908,+18.3259
+1.76946,+18.2563
+1.76984,+18.3176
+1.77021,+18.3937
+1.77059,+18.4787
+1.77109,+18.3983
+1.77147,+18.4139
+1.77184,+18.4959
+1.77221,+18.654
+1.77258,+18.594
+1.77309,+18.6049
+1.77346,+18.62
+1.77383,+18.5362
+1.77422,+18.3518
+1.77459,+18.2282
+1.77509,+18.32
+1.77548,+18.212
+1.77584,+18.2618
+1.77621,+18.193
+1.77658,+18.1419
+1.77708,+18.177
+1.77758,+18.2479
+1.77785,+18.1811
+1.77822,+18.1948
+1.77858,+18.1482
+1.77909,+18.0998
+1.77947,+18.0933
+1.77984,+18.0815
+1.78021,+18.0633
+1.78059,+18.0612
+1.78109,+18.0646
+1.78146,+18.0389
+1.78184,+18.0603
+1.78222,+18.1181
+1.78259,+18.2512
+1.78309,+18.332
+1.78348,+18.3448
+1.78383,+18.2399
+1.78422,+18.3103
+1.78458,+18.3564
+1.78509,+18.2217
+1.78546,+18.3145
+1.78584,+18.4781
+1.78621,+18.5471
+1.78658,+18.5042
+1.78709,+18.4237
+1.78747,+18.4177
+1.78784,+18.4043
+1.78822,+18.2987
+1.78859,+18.325
+1.78909,+18.3936
+1.78946,+18.3554
+1.78983,+18.1658
+1.79022,+18.0419
+1.79059,+17.9206
+1.79109,+17.9386
+1.79148,+17.8601
+1.79183,+17.8571
+1.79221,+17.9107
+1.79259,+17.8688
+1.79308,+17.8321
+1.79348,+17.7007
+1.79383,+17.6981
+1.79421,+17.7123
+1.79459,+17.8229
+1.79509,+17.7721
+1.79548,+17.8618
+1.79584,+17.8008
+1.79622,+17.8123
+1.79658,+17.8245
+1.79709,+17.8379
+1.79746,+17.8703
+1.79784,+17.8275
+1.79872,+18.0192
+1.799,+17.9828
+1.79921,+17.9666
+1.79947,+17.889
+1.79984,+17.9949
+1.80021,+17.9928
+1.80059,+18.0308
+1.80096,+17.9741
+1.80146,+18.0936
+1.80183,+18.139
+1.8022,+17.9234
+1.80258,+17.9622
+1.80296,+17.9073
+1.80347,+17.9216
+1.80383,+17.9661
+1.8042,+17.8859
+1.80459,+17.8534
+1.80496,+17.9433
+1.80545,+17.7903
+1.80583,+17.7586
+1.80621,+17.6831
+1.80659,+17.5637
+1.80708,+17.5171
+1.80747,+17.4775
+1.80784,+17.3178
+1.80822,+17.356
+1.80858,+17.311
+1.80909,+17.2444
+1.80946,+17.2402
+1.80983,+17.1941
+1.81021,+17.2507
+1.8106,+17.2887
+1.81108,+17.3553
+1.81146,+17.3351
+1.81184,+17.3967
+1.81221,+17.3268
+1.81258,+17.2979
+1.81309,+17.257
+1.81346,+17.2438
+1.81383,+17.3258
+1.8142,+17.2802
+1.81459,+17.3217
+1.81508,+17.2541
+1.81547,+17.3538
+1.81583,+17.3643
+1.81621,+17.4086
+1.81659,+17.3353
+1.81708,+17.3355
+1.81746,+17.408
+1.81783,+17.2824
+1.81822,+17.2747
+1.81859,+17.1378
+1.81908,+17.0428
+1.81947,+16.9716
+1.81984,+16.954
+1.8202,+17.031
+1.82058,+17.107
+1.82108,+17.0742
+1.82146,+17.0455
+1.82184,+17.1011
+1.82221,+17.0687
+1.82258,+17.0493
+1.82309,+17.1709
+1.82347,+17.1048
+1.82384,+17.1551
+1.82421,+16.9725
+1.82458,+16.8899
+1.82508,+16.9129
+1.82546,+16.8948
+1.82583,+16.9139
+1.8262,+16.8973
+1.82658,+16.9424
+1.82708,+16.9081
+1.82747,+16.9462
+1.82796,+16.831
+1.82822,+16.8852
+1.82859,+16.8924
+1.82908,+16.8337
+1.82947,+16.7213
+1.82984,+16.7022
+1.83021,+16.7578
+1.83059,+16.7506
+1.83109,+16.7551
+1.83147,+16.7522
+1.83183,+16.7623
+1.83222,+16.8034
+1.83259,+16.8516
+1.83308,+16.8262
+1.83346,+16.8333
+1.83384,+16.8483
+1.83421,+16.8927
+1.83459,+17.0031
+1.83509,+16.9508
+1.83547,+16.8497
+1.83584,+16.9135
+1.83621,+16.9477
+1.8366,+16.9226
+1.83709,+16.9463
+1.83746,+16.9726
+1.83784,+16.892
+1.83822,+16.8361
+1.83858,+16.6016
+1.83908,+16.5776
+1.83947,+16.7138
+1.83984,+16.5941
+1.84021,+16.5135
+1.84059,+16.5984
+1.84109,+16.5521
+1.84146,+16.4848
+1.84184,+16.4897
+1.84222,+16.4319
+1.84259,+16.5049
+1.84308,+16.5498
+1.84347,+16.5605
+1.84384,+16.5701
+1.84422,+16.5685
+1.84458,+16.4049
+1.84509,+16.3635
+1.84546,+16.3607
+1.84584,+16.3117
+1.84621,+16.2222
+1.84658,+16.247
+1.84708,+16.2233
+1.84747,+16.1399
+1.84784,+16.1056
+1.84822,+16.0863
+1.84858,+16.1536
+1.84908,+16.2702
+1.84946,+16.3167
+1.84984,+16.3118
+1.85021,+16.4191
+1.85059,+16.3301
+1.85109,+16.2977
+1.85147,+16.2124
+1.85184,+16.266
+1.85221,+16.2441
+1.85259,+16.2663
+1.85308,+16.1265
+1.85347,+16.094
+1.85384,+16.111
+1.85421,+16.0952
+1.85459,+16.1107
+1.85509,+16.1457
+1.85547,+16.215
+1.85584,+16.2003
+1.85621,+16.191
+1.8566,+16.156
+1.85709,+16.228
+1.85746,+16.1994
+1.85783,+16.2147
+1.85833,+16.274
+1.8586,+16.236
+1.85896,+16.2446
+1.85947,+16.2846
+1.85984,+16.3067
+1.86021,+16.24
+1.86059,+16.2088
+1.86096,+16.2153
+1.86146,+16.2097
+1.86184,+16.2039
+1.86221,+16.0528
+1.86259,+16.1083
+1.86297,+15.8975
+1.86347,+15.7684
+1.86383,+15.6585
+1.86422,+15.5884
+1.86459,+15.5119
+1.86496,+15.5305
+1.86547,+15.5435
+1.86584,+15.464
+1.86621,+15.5332
+1.86659,+15.4575
+1.86696,+15.5216
+1.86747,+15.6163
+1.86797,+15.61
+1.86834,+15.6423
+1.86861,+15.6828
+1.86909,+15.5596
+1.86947,+15.5748
+1.86984,+15.554
+1.87021,+15.5671
+1.8706,+15.6207
+1.87096,+15.6145
+1.87148,+15.5792
+1.87184,+15.5763
+1.87221,+15.5476
+1.8726,+15.4502
+1.87308,+15.4747
+1.87347,+15.4573
+1.87384,+15.5147
+1.87421,+15.6056
+1.8746,+15.6235
+1.87497,+15.708
+1.87547,+15.6583
+1.87584,+15.6828
+1.87622,+15.7827
+1.87659,+15.8337
+1.87709,+15.8954
+1.87747,+15.9062
+1.87784,+15.8665
+1.87821,+15.642
+1.8786,+15.672
+1.87909,+15.6665
+1.87947,+15.7295
+1.87984,+15.7291
+1.88022,+15.6238
+1.88059,+15.6626
+1.88096,+15.5529
+1.88146,+15.5235
+1.88185,+15.5586
+1.88222,+15.5696
+1.88259,+15.5037
+1.88297,+15.3962
+1.88347,+15.3876
+1.88384,+15.3231
+1.88421,+15.3043
+1.88459,+15.1736
+1.88496,+15.2441
+1.88546,+15.1915
+1.88585,+15.1084
+1.88622,+15.1896
+1.88659,+15.1899
+1.88696,+15.2944
+1.88748,+15.2012
+1.88784,+15.2363
+1.88821,+15.3945
+1.88858,+15.497
+1.8891,+15.5136
+1.88946,+15.6211
+1.88984,+15.7053
+1.89022,+15.6382
+1.8906,+15.5161
+1.89096,+15.3954
+1.89147,+15.3801
+1.89184,+15.2945
+1.89222,+15.165
+1.89259,+15.162
+1.89297,+15.0341
+1.89347,+14.9406
+1.89384,+14.8801
+1.89422,+14.8533
+1.89459,+14.9201
+1.89496,+14.972
+1.89548,+15.0579
+1.89585,+15.131
+1.89622,+15.1813
+1.8966,+15.1361
+1.89697,+15.1764
+1.89747,+15.1821
+1.89784,+15.2486
+1.89822,+15.3416
+1.89872,+15.4271
+1.89909,+15.3644
+1.89947,+15.2286
+1.89984,+15.1329
+1.90021,+15.0927
+1.90112,+15.1371
+1.90134,+15.0684
+1.90162,+15.0221
+1.90186,+14.9348
+1.90222,+14.848
+1.90259,+14.7427
+1.90296,+14.74
+1.90347,+14.7892
+1.90384,+14.8703
+1.90421,+14.8751
+1.90459,+14.8269
+1.90496,+14.8507
+1.90547,+14.8405
+1.90584,+14.8531
+1.90621,+14.8181
+1.9066,+14.8148
+1.90696,+14.9584
+1.90747,+14.913
+1.90784,+14.7479
+1.90821,+14.7572
+1.90861,+14.8198
+1.90909,+14.7831
+1.90946,+14.7898
+1.90985,+14.7929
+1.91022,+14.7926
+1.91059,+14.8606
+1.91096,+14.7133
+1.91148,+14.7551
+1.91184,+14.9399
+1.91221,+14.8507
+1.91259,+14.8265
+1.91296,+14.9311
+1.91347,+14.9712
+1.91384,+14.9089
+1.91421,+14.9846
+1.9146,+14.8792
+1.91496,+14.9471
+1.91547,+14.8993
+1.91584,+14.8004
+1.91622,+14.886
+1.9166,+14.8114
+1.91696,+14.7437
+1.91746,+14.7464
+1.91784,+14.7389
+1.91822,+14.7045
+1.9186,+14.7345
+1.91896,+14.6021
+1.91948,+14.5085
+1.91984,+14.5669
+1.92022,+14.4833
+1.92059,+14.4767
+1.92096,+14.4555
+1.92147,+14.3856
+1.92184,+14.332
+1.92221,+14.1594
+1.9226,+14.1809
+1.92296,+14.1791
+1.92347,+14.2439
+1.92385,+14.1927
+1.92422,+14.2312
+1.92459,+14.0913
+1.92497,+14.0801
+1.92547,+13.9867
+1.92585,+13.9656
+1.92621,+14.0627
+1.92659,+13.976
+1.92696,+14.108
+1.92748,+13.9982
+1.92784,+13.9782
+1.92821,+13.9352
+1.9286,+14.0091
+1.9291,+13.9438
+1.92947,+13.9032
+1.92984,+13.9805
+1.93022,+13.8424
+1.93059,+13.8676
+1.93097,+13.808
+1.93147,+13.9263
+1.93184,+13.9096
+1.93221,+13.9192
+1.93259,+13.9307
+1.93296,+13.8382
+1.93346,+13.9669
+1.93385,+13.8578
+1.93422,+13.9973
+1.9346,+13.9457
+1.93497,+13.7811
+1.93548,+13.8261
+1.93584,+13.8046
+1.93621,+13.6735
+1.93659,+13.7052
+1.93697,+13.8272
+1.93747,+13.6837
+1.93784,+13.6967
+1.93821,+13.5751
+1.9386,+13.6326
+1.93897,+13.6017
+1.9396,+13.4437
+1.93987,+13.3548
+1.94022,+13.3831
+1.9406,+13.2864
+1.94096,+13.1953
+1.94146,+13.1378
+1.94184,+13.1068
+1.94222,+13.0181
+1.9426,+13.0301
+1.94296,+13.096
+1.94348,+13.0879
+1.94385,+13.1044
+1.94422,+13.0353
+1.9446,+13.0111
+1.94497,+12.9676
+1.94547,+13.0572
+1.94584,+13.053
+1.94622,+13.2364
+1.94659,+13.0729
+1.94697,+13.0965
+1.94747,+13.0278
+1.94784,+12.9984
+1.94822,+13.0296
+1.94859,+12.9679
+1.94897,+13.007
+1.94948,+12.942
+1.94985,+12.9506
+1.95022,+12.8433
+1.9506,+12.8897
+1.95096,+12.7894
+1.95148,+12.7763
+1.95184,+12.7492
+1.95222,+12.6819
+1.95259,+12.6995
+1.95297,+12.5759
+1.95347,+12.5821
+1.95385,+12.3947
+1.95421,+12.4188
+1.9546,+12.3041
+1.95497,+12.3242
+1.95547,+12.3473
+1.95584,+12.3583
+1.95622,+12.4378
+1.95659,+12.3076
+1.95697,+12.3063
+1.95747,+12.2261
+1.95785,+12.2872
+1.95822,+12.1467
+1.9586,+12.063
+1.95896,+11.9974
+1.95948,+11.9168
+1.95985,+11.8348
+1.96022,+11.6924
+1.9606,+11.7183
+1.96096,+11.7233
+1.96147,+11.6078
+1.96184,+11.553
+1.96222,+11.5904
+1.9626,+11.669
+1.96297,+11.6246
+1.96347,+11.7077
+1.96385,+11.6474
+1.96422,+11.6332
+1.9646,+11.5951
+1.96497,+11.6561
+1.96547,+11.8002
+1.96585,+11.9033
+1.96622,+11.8958
+1.96659,+11.818
+1.96696,+11.7459
+1.96753,+11.6234
+1.96785,+11.6348
+1.96822,+11.5595
+1.96861,+11.5513
+1.96897,+11.3957
+1.96947,+11.3428
+1.96998,+11.1421
+1.97026,+11.1178
+1.97061,+11.1046
+1.97097,+11.0545
+1.97147,+11.0272
+1.97185,+11.0261
+1.97222,+11.0479
+1.9726,+11.1182
+1.97297,+11.0838
+1.97347,+11.0891
+1.97385,+11.0563
+1.97422,+11.1358
+1.97461,+11.051
+1.97497,+11.0804
+1.97548,+11.1473
+1.97584,+11.0175
+1.97623,+10.9808
+1.9766,+10.8452
+1.97697,+10.9481
+1.97747,+10.8182
+1.97785,+10.8914
+1.97822,+10.706
+1.9786,+10.7149
+1.97896,+10.6494
+1.97948,+10.4933
+1.97985,+10.5558
+1.98023,+10.5001
+1.9806,+10.5647
+1.98096,+10.4966
+1.98147,+10.4637
+1.98185,+10.4112
+1.98222,+10.2774
+1.98261,+10.2955
+1.98297,+10.2891
+1.98348,+10.3068
+1.98385,+10.2803
+1.98423,+10.3419
+1.9846,+10.367
+1.98497,+10.2896
+1.98548,+10.2833
+1.98585,+10.3053
+1.98622,+10.3392
+1.9866,+10.2905
+1.98697,+10.2887
+1.98747,+10.2905
+1.98785,+10.1774
+1.98822,+10.0963
+1.9886,+9.91875
+1.98896,+9.93754
+1.98948,+9.97908
+1.98985,+10.0029
+1.99022,+10.011
+1.99061,+9.94008
+1.99097,+9.99057
+1.99148,+9.95153
+1.99185,+10.0184
+1.99222,+9.94036
+1.9926,+10.0247
+1.99298,+9.97607
+1.99347,+9.85912
+1.99384,+9.69359
+1.99423,+9.65012
+1.9946,+9.65618
+1.99497,+9.49023
+1.99548,+9.52173
+1.99585,+9.52682
+1.99622,+9.56936
+1.9966,+9.4655
+1.99697,+9.49814
+1.99747,+9.52531
+1.99785,+9.55437
+1.99824,+9.60421
+1.9986,+8.65204
+1.99897,+7.777
+1.99961,+6.75472
+1.99998,+5.7667
