+0,+10.3432
+0.0003,+12.3488
+0.0008,+14.453
+0.0012,+16.4793
+0.0016,+18.5272
+0.0019,+20.6177
+0.0023,+20.6019
+0.0028,+20.69
+0.0032,+20.6694
+0.0036,+20.671
+0.0039,+20.6708
+0.0045,+20.7323
+0.0048,+20.6981
+0.0052,+20.6903
+0.0056,+20.6739
+0.006,+20.6183
+0.0063,+20.5189
+0.0068,+20.4582
+0.0072,+20.4328
+0.0076,+20.4092
+0.0079,+20.3665
+0.0083,+20.322
+0.0088,+20.302
+0.0092,+20.2748
+0.0096,+20.2949
+0.0099,+20.2902
+0.0103,+20.3519
+0.0108,+20.3598
+0.0112,+20.3305
+0.0116,+20.3641
+0.012,+20.3784
+0.0123,+20.3717
+0.0128,+20.3428
+0.0132,+20.388
+0.0136,+20.3359
+0.014,+20.2087
+0.0144,+20.155
+0.0148,+20.1464
+0.0152,+20.1161
+0.0156,+20.078
+0.016,+19.983
+0.0163,+19.9441
+0.0168,+19.9488
+0.0172,+19.8543
+0.0176,+19.8251
+0.0179,+19.8724
+0.0183,+19.8935
+0.0188,+19.918
+0.0192,+19.8639
+0.0196,+19.7507
+0.0199,+19.7053
+0.0203,+19.7153
+0.0208,+19.5729
+0.0212,+19.5781
+0.0217,+19.5727
+0.022,+19.5451
+0.0223,+19.4488
+0.0228,+19.3552
+0.0232,+19.4036
+0.0236,+19.3862
+0.0239,+19.3496
+0.0243,+19.2513
+0.0248,+19.2826
+0.0252,+19.2574
+0.0256,+19.1695
+0.026,+19.1147
+0.0263,+19.1044
+0.0268,+19.0485
+0.0272,+18.9195
+0.0276,+18.8819
+0.028,+18.9123
+0.0283,+18.9363
+0.0288,+18.9111
+0.0292,+18.8743
+0.0296,+18.7981
+0.03,+18.7677
+0.0303,+18.7022
+0.0308,+18.691
+0.0312,+18.5904
+0.0316,+18.632
+0.032,+18.5434
+0.0323,+18.4764
+0.0328,+18.4168
+0.0332,+18.3371
+0.0336,+18.3394
+0.034,+18.315
+0.035,+18.2754
+0.0352,+18.1014
+0.0356,+18.1327
+0.0359,+17.9938
+0.0365,+17.9624
+0.0368,+17.8413
+0.0372,+17.8098
+0.0376,+17.71
+0.038,+17.7189
+0.0383,+17.6762
+0.0388,+17.6421
+0.0392,+17.6554
+0.0396,+17.5775
+0.04,+17.5231
+0.0403,+17.4424
+0.0408,+17.4372
+0.0412,+17.2597
+0.0416,+17.2696
+0.042,+17.0796
+0.0423,+17.0029
+0.0428,+16.8754
+0.0432,+16.869
+0.0436,+16.8519
+0.044,+16.7168
+0.0445,+16.6158
+0.0449,+16.5898
+0.0452,+16.5619
+0.0456,+16.4325
+0.046,+16.4508
+0.0463,+16.3345
+0.0468,+16.2669
+0.0472,+16.0742
+0.0476,+15.9159
+0.048,+15.8859
+0.0483,+15.8676
+0.0488,+15.7694
+0.0492,+15.7379
+0.0496,+15.6241
+0.05,+15.5131
+0.0503,+15.4596
+0.0508,+15.3756
+0.0512,+15.2867
+0.0516,+15.2162
+0.0521,+15.0761
+0.0525,+14.9263
+0.0528,+14.8777
+0.0532,+14.7771
+0.0536,+14.829
+0.0539,+14.7656
+0.0543,+14.688
+0.0548,+14.6583
+0.0552,+14.6712
+0.0556,+14.5807
+0.0559,+14.5142
+0.0563,+14.4686
+0.0568,+14.2149
+0.0572,+14.0825
+0.0576,+13.8313
+0.058,+13.7384
+0.0583,+13.6581
+0.0588,+13.428
+0.0592,+13.2404
+0.0596,+13.0918
+0.06,+13.1193
+0.0603,+13.0253
+0.0608,+13.0531
+0.0612,+13.0162
+0.0616,+12.9878
+0.062,+12.7666
+0.0623,+12.6393
+0.0628,+12.7019
+0.0632,+12.6021
+0.0636,+12.5635
+0.064,+12.3976
+0.0643,+12.2125
+0.0648,+12.0214
+0.0652,+11.9255
+0.0656,+11.7987
+0.0659,+11.7575
+0.0663,+11.6299
+0.0668,+11.4046
+0.0672,+11.3303
+0.0676,+11.143
+0.0679,+10.8975
+0.0683,+10.7456
+0.0688,+10.7303
+0.0692,+10.5747
+0.0696,+10.3858
+0.0699,+10.254
+0.0703,+10.114
+0.0708,+10.0793
+0.0712,+9.88287
+0.0716,+9.86239
+0.0721,+9.75545
+0.0723,+9.76116
+0.0728,+9.52057
+0.0732,+9.40078
+0.0736,+9.39098
+0.074,+9.3822
+0.0744,+9.25639
+0.0748,+9.06582
+0.0752,+8.99378
+0.0756,+8.79465
+0.0759,+8.75008
+0.0763,+8.56897
+0.0768,+8.49357
+0.0772,+8.39661
+0.0776,+8.23534
+0.0779,+7.97497
+0.0783,+7.83336
+0.0788,+7.66214
+0.0792,+7.49397
+0.0796,+7.39635
+0.08,+7.30615
+0.0803,+7.14275
+0.0808,+6.95366
+0.0812,+6.82206
+0.0816,+6.73167
+0.082,+6.68329
+0.0823,+6.62611
+0.0828,+6.52934
+0.0832,+6.51671
+0.0836,+6.46712
+0.084,+6.23262
+0.0844,+6.1559
+0.0848,+6.08674
+0.0852,+5.85334
+0.0856,+5.65819
+0.086,+5.405
+0.0863,+5.28128
+0.0868,+5.07739
+0.0872,+4.84103
+0.0876,+4.6164
+0.088,+4.49729
+0.0883,+4.30237
+0.0888,+4.22495
+0.0892,+4.16017
+0.0896,+4.04841
+0.09,+3.97756
+0.0903,+3.77724
+0.0908,+3.73531
+0.0912,+3.64
+0.0916,+3.44949
+0.0919,+3.34598
+0.0923,+3.19645
+0.0928,+2.96687
+0.0932,+2.84916
+0.0936,+2.69263
+0.094,+2.50552
+0.0943,+2.30879
+0.0948,+2.14328
+0.0952,+1.94582
+0.0956,+1.8346
+0.096,+1.70437
+0.0963,+1.60152
+0.0968,+1.06715
+0.0972,+0.822013
+0.0976,+0.611339
+0.098,+0.51285
+0.0983,+0.369832
+0.0988,+0.218499
+0.0992,+0.0795549
+0.0996,-0.120486
+0.0999,-0.297587
+0.1003,-0.350165
+0.1008,-0.366522
+0.1012,-0.807278
+0.1016,-0.891458
+0.102,-1.39754
+0.1025,-1.46861
+0.1028,-1.52355
+0.1032,-1.60381
+0.1036,-1.98517
+0.1039,-2.10913
+0.1043,-2.35855
+0.1048,-2.20221
+0.1052,-2.40296
+0.1056,-2.52278
+0.106,-2.35724
+0.1063,-2.88598
+0.1068,-3.04198
+0.1072,-3.26985
+0.1076,-3.14489
+0.1079,-3.29237
+0.1083,-3.41903
+0.1088,-3.6168
+0.1092,-3.38335
+0.1096,-3.93632
+0.11,-3.98367
+0.1103,-3.79881
+0.1108,-4.06553
+0.1112,-4.17001
+0.1116,-4.58954
+0.112,-4.74695
+0.1123,-4.85438
+0.1128,-4.96659
+0.1132,-5.04102
+0.1136,-5.16499
+0.114,-5.73383
+0.1143,-6.16676
+0.1148,-6.18592
+0.1152,-6.6739
+0.1156,-6.44323
+0.116,-6.88819
+0.1163,-7.09019
+0.1168,-7.40567
+0.1172,-7.56584
+0.1176,-7.71582
+0.118,-7.42207
+0.1183,-7.22776
+0.1188,-7.7306
+0.1192,-7.48985
+0.1196,-8.12089
+0.1199,-7.91404
+0.1203,-8.39634
+0.1208,-8.3964
+0.1212,-8.93244
+0.1216,-9.06144
+0.122,-9.15494
+0.1223,-9.60886
+0.1228,-9.78019
+0.1232,-10.3223
+0.1236,-9.92415
+0.1239,-10.0229
+0.1243,-9.69203
+0.1248,-10.0944
+0.1252,-10.2479
+0.1256,-10.3735
+0.126,-10.5341
+0.1263,-10.7965
+0.1268,-10.9625
+0.1272,-11.0948
+0.1276,-11.7206
+0.128,-12.3123
+0.1283,-12.9722
+0.1288,-13.2177
+0.1292,-13.2363
+0.1296,-13.4328
+0.13,-14.0572
+0.1303,-14.0624
+0.1308,-13.7278
+0.1312,-13.8566
+0.1316,-14.0051
+0.132,-14.0864
+0.1323,-14.109
+0.1328,-14.1706
+0.1332,-14.3292
+0.1336,-14.2793
+0.134,-13.8549
+0.1343,-13.9813
+0.1348,-14.5135
+0.1352,-14.574
+0.1356,-14.6304
+0.136,-14.7588
+0.1363,-14.8801
+0.1374,-15.0487
+0.1377,-15.1812
+0.138,-15.4092
+0.1383,-15.8773
+0.1388,-16.1113
+0.1392,-16.2658
+0.1396,-16.39
+0.14,-16.4428
+0.1403,-16.4212
+0.1408,-16.4093
+0.1412,-16.3552
+0.1416,-16.3685
+0.1419,-16.3859
+0.1423,-16.4154
+0.1428,-16.2934
+0.1432,-16.1641
+0.1436,-16.1304
+0.144,-16.188
+0.1443,-16.2469
+0.1448,-16.3224
+0.1452,-16.3157
+0.1456,-16.3185
+0.146,-16.3119
+0.1463,-16.3752
+0.1468,-16.4216
+0.1472,-16.5119
+0.1476,-16.5053
+0.148,-16.4762
+0.1483,-16.4585
+0.1488,-16.526
+0.1492,-16.6245
+0.1496,-16.733
+0.1499,-16.6742
+0.1503,-16.7121
+0.1508,-16.7372
+0.1512,-16.8138
+0.1516,-16.7324
+0.152,-16.6727
+0.1523,-16.6811
+0.1528,-16.5426
+0.1532,-16.4398
+0.1536,-16.2903
+0.154,-16.3166
+0.1543,-16.3534
+0.1548,-16.3166
+0.1552,-16.1897
+0.1556,-16.1701
+0.156,-16.1605
+0.1563,-15.9998
+0.1568,-16.0325
+0.1572,-16.0548
+0.1576,-16.1064
+0.158,-16.0577
+0.1583,-15.8887
+0.1588,-15.7262
+0.1592,-15.6717
+0.1596,-15.6376
+0.16,-15.6015
+0.1603,-15.6169
+0.1608,-15.5099
+0.1612,-15.3935
+0.1616,-15.2831
+0.162,-15.1318
+0.1623,-15.1108
+0.1628,-15.0778
+0.1632,-14.9485
+0.1636,-14.9145
+0.164,-14.794
+0.1643,-14.7383
+0.1648,-14.6028
+0.1652,-14.463
+0.1656,-14.3138
+0.1659,-14.2639
+0.1663,-14.0756
+0.1668,-13.915
+0.1672,-13.8946
+0.1676,-13.7468
+0.168,-13.6543
+0.1683,-13.5128
+0.1688,-13.375
+0.1692,-13.227
+0.1696,-12.9891
+0.17,-12.8075
+0.1703,-12.6229
+0.1708,-12.4876
+0.1712,-12.2824
+0.1716,-12.0523
+0.172,-11.7714
+0.1723,-11.6251
+0.1728,-11.4113
+0.1732,-11.3547
+0.1736,-11.4031
+0.174,-11.215
+0.1743,-11.117
+0.1748,-10.9913
+0.1752,-10.7719
+0.1756,-10.6779
+0.176,-10.5477
+0.1763,-10.389
+0.1768,-10.3129
+0.1772,-10.0321
+0.1776,-9.61627
+0.178,-9.38479
+0.1783,-9.16209
+0.1788,-8.92426
+0.1792,-8.79034
+0.1796,-8.53932
+0.18,-8.27012
+0.1803,-8.00646
+0.1808,-7.78237
+0.1812,-7.60161
+0.1816,-7.42425
+0.182,-7.37764
+0.1823,-7.13379
+0.1828,-6.97127
+0.1832,-6.68016
+0.1836,-6.46109
+0.184,-6.22394
+0.1843,-5.97369
+0.1848,-5.66673
+0.1852,-5.41257
+0.1856,-5.26129
+0.186,-4.85221
+0.1863,-4.62159
+0.1867,-4.5883
+0.1872,-4.30184
+0.1876,-4.04774
+0.188,-3.83258
+0.1883,-3.86818
+0.1888,-3.65327
+0.1892,-3.28719
+0.1896,-3.16753
+0.19,-2.95615
+0.1903,-2.73191
+0.1907,-2.20705
+0.1912,-2.28063
+0.1916,-2.01632
+0.192,-1.73346
+0.1923,-1.13825
+0.1927,-0.758292
+0.1932,-0.526272
+0.1936,-0.0932591
+0.194,+0.174763
+0.1943,+0.439911
+0.1947,+0.610244
+0.1952,+1.20682
+0.1956,+1.51785
+0.196,+1.74727
+0.1963,+1.93075
+0.1967,+2.06468
+0.1972,+2.31742
+0.1976,+2.64789
+0.198,+2.92078
+0.1983,+3.27373
+0.1987,+3.6894
+0.1992,+3.87515
+0.1996,+3.90043
+0.2,+3.99865
+0.2003,+4.41487
+0.2007,-16.0169
+0.2012,-16.3066
+0.2016,-16.3267
+0.202,-16.5752
+0.2023,-16.739
+0.2027,-16.7752
+0.2032,-16.9091
+0.2036,-17.0277
+0.2042,-16.9838
+0.2045,-17.2104
+0.2048,-17.305
+0.2052,-17.602
+0.2056,-17.8452
+0.206,-17.9068
+0.2063,-18.1537
+0.2067,-18.3435
+0.2072,-18.3977
+0.2076,-18.4973
+0.208,-18.9808
+0.2083,-18.965
+0.2087,-19.0891
+0.2092,-19.0326
+0.2096,-19.265
+0.21,-19.4868
+0.2103,-19.5561
+0.2107,-19.6604
+0.2112,-19.8222
+0.2116,-19.8089
+0.212,-19.5562
+0.2123,-19.7925
+0.2127,-19.8636
+0.2132,-20.2351
+0.2136,-20.2706
+0.214,-20.2016
+0.2143,-20.2536
+0.2147,-20.3106
+0.2152,-20.3909
+0.2156,-20.5477
+0.216,-20.8948
+0.2163,-21.0669
+0.2167,-21.0257
+0.2172,-20.7379
+0.2176,-20.6964
+0.218,-20.7388
+0.2183,-20.7396
+0.2187,-21.1745
+0.2192,-21.2643
+0.2196,-21.1496
+0.22,-20.7654
+0.2203,-20.5311
+0.2207,-20.5753
+0.2212,-20.5167
+0.2216,-20.4998
+0.222,-20.5078
+0.2223,-20.4015
+0.2227,-19.8166
+0.2232,-19.6309
+0.2236,-19.4834
+0.224,-19.4147
+0.2243,-19.2774
+0.2247,-19.167
+0.2252,-19.0488
+0.2256,-18.7916
+0.226,-18.7124
+0.2263,-18.6022
+0.2267,-18.5302
+0.2273,-18.4958
+0.2276,-18.3904
+0.228,-18.3081
+0.2283,-18.0927
+0.2287,-17.9233
+0.2292,-17.7175
+0.2296,-17.5926
+0.23,-17.265
+0.2303,-17.1107
+0.2307,-16.8621
+0.2312,-16.607
+0.2316,-16.2794
+0.232,-16.0173
+0.2323,-15.8955
+0.2327,-15.6595
+0.2332,-15.4133
+0.2336,-15.1919
+0.234,-14.8194
+0.2346,-14.4966
+0.2349,-14.2363
+0.2352,-13.5978
+0.2356,-13.3397
+0.236,-12.7224
+0.2363,-12.2381
+0.2367,-11.6802
+0.2372,-11.1191
+0.2376,-10.4732
+0.238,-10.018
+0.2383,-9.43878
+0.2387,-8.88936
+0.2398,-8.61678
+0.24,-8.11881
+0.2403,-7.75623
+0.2407,-7.22726
+0.2412,-6.7885
+0.2416,-6.44774
+0.242,-6.20413
+0.2423,-5.85182
+0.2427,-5.40688
+0.2432,-4.88566
+0.2436,-4.41347
+0.244,-4.04584
+0.2443,-3.61342
+0.2448,-3.27017
+0.2452,-2.90536
+0.2456,-2.54049
+0.246,-2.13441
+0.2463,-1.73624
+0.2467,-1.38876
+0.2472,-1.05584
+0.2476,-0.662034
+0.248,-0.218245
+0.2483,+0.0469344
+0.2487,+0.5246
+0.2492,+0.920944
+0.2496,+1.49721
+0.25,+1.99922
+0.2503,+2.41025
+0.2507,+2.82051
+0.2512,+3.14829
+0.2516,+3.50678
+0.252,+3.90172
+0.2523,+4.39128
+0.2527,+4.70803
+0.2532,+5.13079
+0.2536,+5.41393
+0.254,+5.69785
+0.2545,+6.0277
+0.2548,+6.41078
+0.2552,+6.79563
+0.2556,+7.21522
+0.256,+7.70736
+0.2563,+7.97561
+0.2567,+8.39319
+0.2572,+8.72311
+0.2576,+9.09783
+0.258,+9.52472
+0.2583,+9.99933
+0.2587,+10.3703
+0.2592,+10.8023
+0.2596,+11.1723
+0.26,+11.5281
+0.2603,+12.0063
+0.2607,+12.3793
+0.2612,+12.716
+0.2616,+13.1134
+0.262,+13.4811
+0.2624,+13.8265
+0.2627,+14.1969
+0.2632,+14.4918
+0.2636,+14.8231
+0.264,+15.035
+0.2644,+15.2941
+0.2647,+15.5386
+0.2652,+15.7546
+0.2656,+15.9702
+0.266,+16.283
+0.2663,+16.5142
+0.2667,+16.6617
+0.2672,+16.847
+0.2676,+17.0025
+0.268,+17.2083
+0.2683,+17.4212
+0.2687,+17.5954
+0.2692,+17.9212
+0.2696,+18.1092
+0.27,+18.2612
+0.2703,+18.3794
+0.2707,+18.5065
+0.2712,+18.723
+0.2716,+19.0029
+0.272,+19.2332
+0.2723,+19.2885
+0.2728,+19.5477
+0.2732,+19.686
+0.2736,+19.7964
+0.274,+19.977
+0.2743,+20.0323
+0.2748,+20.2166
+0.2752,+20.2939
+0.2756,+20.2297
+0.276,+20.2957
+0.2763,+20.4011
+0.2767,+20.3912
+0.2772,+20.4064
+0.2776,+20.4299
+0.278,+20.3938
+0.2783,+20.5113
+0.2787,+20.4722
+0.2792,+20.4273
+0.2796,+20.5372
+0.28,+20.4417
+0.2803,+20.4403
+0.2807,+20.5621
+0.2812,+20.5198
+0.2816,+20.5139
+0.282,+20.4779
+0.2823,+20.4387
+0.2827,+20.5613
+0.2832,+20.5722
+0.2836,+20.5462
+0.284,+20.4304
+0.2843,+20.3336
+0.2848,+20.0309
+0.2852,+19.9702
+0.2856,+19.7782
+0.286,+19.6914
+0.2864,+19.5939
+0.2867,+19.3345
+0.2872,+19.1709
+0.2876,+18.8876
+0.288,+18.8308
+0.2883,+18.636
+0.2887,+18.6033
+0.2892,+18.3248
+0.2896,+18.316
+0.29,+18.0261
+0.2903,+17.728
+0.2907,+17.5771
+0.2912,+17.4022
+0.2916,+17.2449
+0.292,+17.1671
+0.2924,+16.9759
+0.2927,+16.8532
+0.2932,+16.6628
+0.2936,+16.3452
+0.294,+16.3467
+0.2943,+16.4057
+0.2947,+16.2008
+0.2953,+16.1053
+0.2956,+16.0001
+0.296,+15.7363
+0.2963,+15.7112
+0.2967,+15.459
+0.2972,+15.5091
+0.2976,+15.5861
+0.298,+15.3497
+0.2983,+15.0919
+0.2987,+14.9861
+0.2992,+14.8963
+0.2996,+14.7476
+0.3,+14.6076
+0.3003,+14.484
+0.3007,+14.3725
+0.3012,+14.1076
+0.3016,+13.7417
+0.302,+13.5634
+0.3023,+13.4388
+0.3027,+13.3006
+0.3032,+13.1432
+0.3036,+13.0162
+0.304,+12.8012
+0.3043,+12.4692
+0.3047,+12.1797
+0.3052,+11.9539
+0.3056,+11.7652
+0.306,+11.6194
+0.3064,+11.3566
+0.3067,+11.154
+0.3072,+10.9186
+0.3076,+10.6982
+0.308,+10.5064
+0.3083,+10.4854
+0.3087,+10.4814
+0.3092,+10.3461
+0.3096,+10.2987
+0.31,+10.2128
+0.3103,+10.034
+0.3107,+9.98909
+0.3112,+9.80072
+0.3116,+9.69606
+0.312,+9.74145
+0.3123,+9.54919
+0.3127,+9.36481
+0.3132,+9.28001
+0.3136,+8.99705
+0.314,+8.82871
+0.3143,+8.76314
+0.3147,+8.49781
+0.3152,+8.36616
+0.3156,+8.27195
+0.316,+8.01731
+0.3163,+7.90204
+0.3167,+7.80505
+0.3172,+7.68515
+0.3176,+7.6781
+0.318,+7.53647
+0.3184,+7.36945
+0.3187,+7.40822
+0.3192,+7.23495
+0.3196,+7.02038
+0.32,+6.97645
+0.3203,+6.84593
+0.3207,+6.80479
+0.3212,+6.59804
+0.3216,+6.45645
+0.322,+6.28808
+0.3223,+6.18288
+0.3227,+5.92355
+0.3232,+5.8749
+0.3236,+5.76678
+0.324,+5.50797
+0.3243,+5.40491
+0.3247,+5.09373
+0.3252,+4.93362
+0.327,+4.82065
+0.3272,+4.67617
+0.3274,+4.60215
+0.3277,+4.46795
+0.328,+4.26383
+0.3285,+4.10859
+0.3287,+3.94634
+0.3292,+3.72192
+0.3296,+3.58219
+0.33,+3.61211
+0.3303,+3.45617
+0.3307,+3.298
+0.3312,+3.04691
+0.3316,+2.93586
+0.332,+2.77388
+0.3323,+2.55425
+0.3327,+2.47761
+0.3332,+2.38598
+0.3336,+2.20283
+0.334,+2.02791
+0.3343,+1.91745
+0.3347,+1.75789
+0.3352,+1.6604
+0.3356,+1.472
+0.336,+1.33884
+0.3363,+1.32339
+0.3367,+1.2474
+0.3372,+1.10997
+0.3376,+1.12678
+0.338,+0.932728
+0.3383,+0.804604
+0.3387,+0.771849
+0.3392,+0.632588
+0.3396,+0.538157
+0.34,+0.40456
+0.3403,+0.222376
+0.3407,+0.052952
+0.3412,+0.0059641
+0.3422,-0.206651
+0.3425,-0.322326
+0.3427,-0.449177
+0.3432,-0.514938
+0.3436,-0.592541
+0.344,-0.917209
+0.3443,-1.10271
+0.3447,-1.37017
+0.3452,-1.4823
+0.3456,-1.72465
+0.346,-1.8494
+0.3463,-1.91914
+0.3468,-2.0991
+0.3472,-2.28392
+0.3476,-2.36134
+0.348,-2.29087
+0.3483,-2.2346
+0.3487,-2.10371
+0.3492,-2.25277
+0.3496,-2.37743
+0.35,-2.437
+0.3503,-2.44075
+0.3507,-2.4556
+0.3512,-2.42858
+0.3516,-2.5205
+0.352,-2.56938
+0.3523,-2.73972
+0.3527,-2.75505
+0.3532,-2.77003
+0.3536,-2.74044
+0.354,-2.61812
+0.3543,-2.63214
+0.3547,-2.55465
+0.3553,-2.54933
+0.3557,-2.45509
+0.3561,-2.33825
+0.3564,-2.12053
+0.3567,-2.07083
+0.3572,-1.82579
+0.3576,-1.56171
+0.358,-1.4569
+0.3583,-1.35756
+0.3587,-1.21993
+0.3592,-1.03681
+0.3596,-0.857044
+0.36,-0.615139
+0.3603,-0.37359
+0.3607,-0.102753
+0.3612,+0.187098
+0.3616,+0.396628
+0.362,+0.673226
+0.3623,+0.97921
+0.3627,+1.40225
+0.3632,+1.745
+0.3636,+2.1351
+0.364,+2.33832
+0.3643,+2.62358
+0.3647,+2.92162
+0.3652,+3.12456
+0.3656,+3.43472
+0.366,+3.63639
+0.3664,+3.95056
+0.3667,+4.14659
+0.3672,+4.43206
+0.3676,+4.69954
+0.368,+5.0485
+0.3683,+5.35319
+0.3687,+5.64199
+0.3692,+5.97565
+0.3696,+6.24098
+0.37,+6.64246
+0.3703,+6.97541
+0.3707,+7.36673
+0.3712,+7.61746
+0.3716,+7.97649
+0.372,+8.28313
+0.3723,+8.62738
+0.3727,+8.94715
+0.3732,+9.28011
+0.3736,+9.64824
+0.374,+9.95312
+0.3744,+10.1768
+0.3747,+10.4732
+0.3752,+10.7325
+0.3756,+10.9635
+0.376,+11.3418
+0.3763,+11.6002
+0.3767,+11.9091
+0.3772,+12.1842
+0.3776,+12.4965
+0.378,+12.8097
+0.3785,+13.2943
+0.3787,+13.5828
+0.3792,+13.9419
+0.3796,+14.2269
+0.38,+14.4783
+0.3803,+14.7866
+0.3807,+14.9662
+0.3812,+15.2193
+0.3816,+15.3697
+0.382,+15.518
+0.3823,+15.6382
+0.3827,+15.805
+0.3832,+15.9368
+0.3836,+16.1321
+0.384,+16.2451
+0.3843,+16.271
+0.3847,+16.3863
+0.3851,+16.526
+0.3856,+16.937
+0.386,+17.0251
+0.3863,+17.1117
+0.3867,+17.071
+0.3872,+17.2211
+0.3876,+17.2332
+0.388,+17.2865
+0.3883,+17.3899
+0.3887,+17.6082
+0.3892,+17.7305
+0.3896,+17.5096
+0.39,+17.7126
+0.3903,+17.7321
+0.3907,+17.8826
+0.3912,+17.8535
+0.3916,+17.8964
+0.392,+18.1253
+0.3923,+18.1983
+0.3927,+18.1161
+0.3932,+18.0335
+0.3936,+18.0528
+0.394,+17.9999
+0.3943,+18.0664
+0.3947,+18.1027
+0.3952,+18.1694
+0.3956,+18.2372
+0.396,+18.1689
+0.3963,+18.2634
+0.3967,+18.3566
+0.3972,+18.4422
+0.3976,+18.5491
+0.398,+18.6431
+0.3983,+18.638
+0.3987,+18.72
+0.3992,+18.718
+0.3996,+18.7323
+0.4,+18.7691
+0.4003,+18.7171
+0.4007,+18.6654
+0.4011,+18.6698
+0.4016,+18.7059
+0.402,+18.6662
+0.4024,-11.2023
+0.4027,-11.1531
+0.4031,-11.2014
+0.4036,-11.2416
+0.404,-11.2034
+0.4043,-11.1581
+0.4047,-11.0085
+0.4052,-10.9578
+0.4056,-10.809
+0.406,-10.7407
+0.4064,-10.5107
+0.4067,-10.3734
+0.4072,-10.2389
+0.4076,-10.1309
+0.4081,-9.9574
+0.4084,-9.89354
+0.4087,-9.91046
+0.4092,-9.84392
+0.4096,-9.73577
+0.41,-9.7391
+0.4104,-9.65082
+0.4107,-9.6737
+0.4112,-9.55161
+0.4116,-9.34903
+0.412,-9.25958
+0.4123,-9.17482
+0.4127,-8.87249
+0.4132,-8.7817
+0.4136,-8.63188
+0.414,-8.52257
+0.4144,-8.50098
+0.4147,-8.28592
+0.4152,-8.11025
+0.4156,-7.92175
+0.416,-7.59414
+0.4163,-7.37193
+0.4167,-7.2176
+0.4172,-7.03511
+0.4176,-6.92099
+0.418,-6.71862
+0.4183,-6.46639
+0.4187,-6.25168
+0.4191,-6.152
+0.4196,-5.93693
+0.42,-5.81837
+0.4203,-5.47069
+0.4207,-5.38178
+0.4211,-5.05945
+0.4216,-4.87251
+0.422,-4.50798
+0.4224,-4.25989
+0.4227,-4.13347
+0.4231,-3.9636
+0.4236,-3.81884
+0.424,-3.6427
+0.4243,-3.27985
+0.4247,-2.97547
+0.4251,-2.80609
+0.4256,-2.33649
+0.426,-2.1211
+0.4263,-1.87191
+0.4267,-1.41444
+0.4271,-1.04409
+0.4276,-0.739978
+0.428,-0.211547
+0.4283,-0.154778
+0.4287,+0.107866
+0.4292,+0.89778
+0.4296,+1.34518
+0.43,+1.92637
+0.4304,+2.60379
+0.4307,+3.1327
+0.4312,+3.73896
+0.4316,+4.37673
+0.432,+4.79427
+0.4323,+5.28725
+0.4327,+5.81099
+0.4332,+5.86476
+0.4336,+6.21251
+0.434,+6.38967
+0.4344,+6.70411
+0.4347,+6.95424
+0.4351,+7.24756
+0.4356,+7.54796
+0.436,+7.77939
+0.4364,+8.19872
+0.4367,+8.43218
+0.4371,+8.87423
+0.4376,+9.12581
+0.438,+9.50714
+0.4384,+9.76969
+0.4387,+10.0814
+0.4392,+10.3979
+0.4396,+10.6751
+0.44,+11.0653
+0.4404,+11.3022
+0.4407,+11.7917
+0.4411,+12.008
+0.4416,+12.2284
+0.442,+12.5132
+0.4423,+12.8195
+0.4427,+13.0406
+0.4431,+13.2449
+0.4436,+13.5301
+0.4446,+13.7114
+0.4449,+14.0566
+0.4451,+14.3196
+0.4456,+14.4624
+0.446,+14.6928
+0.4463,+14.9308
+0.4467,+15.0532
+0.4471,+15.24
+0.4476,+15.37
+0.448,+15.4039
+0.4483,+15.492
+0.4487,+15.579
+0.4491,+15.6381
+0.4496,+15.7268
+0.45,+15.6375
+0.4504,+15.7965
+0.4507,+15.8961
+0.4511,+15.939
+0.4516,+16.0511
+0.452,+16.2449
+0.4524,+16.2573
+0.4527,+16.2579
+0.4531,+16.1896
+0.4536,+16.4902
+0.454,+16.5406
+0.4544,+16.4054
+0.4547,+16.4032
+0.4551,+15.9417
+0.4556,+15.8578
+0.456,+15.6539
+0.4563,+15.5608
+0.4567,+15.4481
+0.4571,+15.2967
+0.4576,+14.5015
+0.458,+13.9276
+0.4585,+13.3887
+0.4587,+12.668
+0.4592,+12.5908
+0.4596,+12.0709
+0.46,+11.5818
+0.4604,+11.0318
+0.4607,+10.4905
+0.4611,+9.9416
+0.4616,+9.8091
+0.462,+9.86182
+0.4624,+9.61881
+0.4627,+9.45131
+0.4631,+9.30855
+0.4636,+9.0305
+0.464,+8.79315
+0.4644,+9.01845
+0.4647,+8.87111
+0.4651,+9.22612
+0.4656,+9.51134
+0.466,+9.26822
+0.4664,+9.18387
+0.4667,+9.15406
+0.4671,+9.08538
+0.4676,+9.08479
+0.468,+8.96612
+0.4683,+8.43646
+0.4687,+8.62477
+0.4691,+8.14666
+0.4696,+7.76767
+0.47,+7.77698
+0.4704,+7.71159
+0.4707,+7.69736
+0.4711,+7.53185
+0.4716,+7.67161
+0.472,+7.67186
+0.4723,+7.73178
+0.4727,+7.49929
+0.4731,+7.47514
+0.4736,+7.48101
+0.474,+7.48257
+0.4744,+7.75548
+0.4747,+7.80693
+0.4751,+7.96471
+0.4756,+7.96444
+0.476,+8.1867
+0.4763,+8.339
+0.4767,+8.41629
+0.4771,+8.50225
+0.4776,+8.64897
+0.478,+8.89866
+0.4784,+8.95375
+0.4787,+9.09923
+0.4792,+9.31983
+0.4796,+9.46697
+0.48,+9.65326
+0.4804,+9.85559
+0.4807,+10.1217
+0.4811,+10.3912
+0.4816,+10.5234
+0.482,+10.7083
+0.4824,+10.8336
+0.4827,+11.0234
+0.4831,+11.195
+0.4836,+11.5114
+0.484,+11.6227
+0.4843,+11.908
+0.4847,+12.1418
+0.4851,+12.3878
+0.4856,+12.617
+0.486,+12.9462
+0.4863,+13.236
+0.4867,+13.5561
+0.4871,+13.7257
+0.4876,+14.0155
+0.488,+14.4866
+0.4884,+15.0573
+0.4889,+15.3658
+0.4892,+15.6632
+0.4896,+16.1152
+0.49,+16.3149
+0.4904,+16.5989
+0.4907,+16.9801
+0.4911,+17.3419
+0.4916,+17.4867
+0.492,+17.5834
+0.4924,+17.563
+0.4927,+17.6948
+0.4931,+17.977
+0.4936,+18.0441
+0.494,+18.1827
+0.4944,+18.4071
+0.4947,+18.9715
+0.4951,+19.075
+0.4956,+19.7062
+0.496,+20.302
+0.4964,+20.1424
+0.4967,+20.6884
+0.4971,+21.184
+0.4976,+21.702
+0.498,+22.1631
+0.4983,+22.7384
+0.4987,+22.7829
+0.4991,+23.2709
+0.4996,+23.2934
+0.5,+23.2969
+0.5004,+23.9854
+0.5007,+23.9753
+0.5011,+23.837
+0.5016,+23.7742
+0.502,+23.7508
+0.5024,+23.5386
+0.5027,+23.3897
+0.5031,+23.1554
+0.5036,+22.887
+0.504,+22.6489
+0.5043,+22.4841
+0.5047,+22.4638
+0.5051,+22.2688
+0.5056,+22.0857
+0.506,+21.8355
+0.5064,+21.663
+0.5067,+21.3589
+0.5071,+21.707
+0.5076,+22.0113
+0.508,+22.3551
+0.5084,+22.326
+0.5087,+22.334
+0.5091,+22.3672
+0.5096,+22.5323
+0.51,+22.2767
+0.5104,+22.4488
+0.5107,+22.679
+0.5111,+22.3261
+0.5116,+21.9376
+0.512,+21.4034
+0.5124,+21.2025
+0.5127,+20.7396
+0.5131,+20.3394
+0.5136,+19.9798
+0.514,+19.9757
+0.5143,+19.2935
+0.5147,+18.6834
+0.5151,+18.1561
+0.5156,+17.6641
+0.516,+16.9545
+0.5164,+16.1344
+0.5167,+15.4734
+0.5171,+14.9597
+0.5176,+14.187
+0.518,+13.4198
+0.5184,+12.9296
+0.5187,+12.1948
+0.5192,+11.6058
+0.5196,+10.7888
+0.52,+10.2056
+0.5204,+9.57704
+0.5207,+9.04371
+0.5211,+8.39999
+0.5216,+7.64996
+0.522,+7.1272
+0.5224,+6.36518
+0.5227,+5.85007
+0.5231,+5.10643
+0.5236,+4.53127
+0.524,+3.961
+0.5244,+3.4722
+0.5247,+2.87101
+0.5251,+2.27478
+0.5256,+1.7788
+0.526,+0.989628
+0.5264,+0.435001
+0.5267,-0.356421
+0.5271,-0.935216
+0.5276,-1.47413
+0.528,-2.0146
+0.5284,-2.5533
+0.5287,-3.13212
+0.5291,-3.86509
+0.5297,-4.44254
+0.53,-4.95413
+0.5304,-5.65017
+0.5307,-6.13085
+0.5311,-6.70038
+0.5316,-7.19929
+0.532,-7.86077
+0.5324,-8.42563
+0.5327,-9.13248
+0.5331,-9.54773
+0.5336,-10.0289
+0.534,-10.5571
+0.5344,-11.0627
+0.5347,-11.4711
+0.5351,-12.035
+0.5356,-12.7557
+0.536,-13.2246
+0.5364,-13.8767
+0.5367,-14.2682
+0.5372,-14.75
+0.5376,-15.3402
+0.538,-15.7653
+0.5384,-16.1452
+0.5387,-16.6542
+0.5391,-17.0861
+0.5396,-17.5194
+0.54,-17.9635
+0.5404,-18.2465
+0.5407,-18.6868
+0.5411,-19.106
+0.5416,-19.4694
+0.542,-19.763
+0.5424,-20.2193
+0.5427,-20.5709
+0.5431,-20.8272
+0.5436,-20.9619
+0.544,-21.3125
+0.5444,-21.7778
+0.5447,-22.1208
+0.5451,-22.5501
+0.5456,-23.0081
+0.546,-23.3933
+0.547,-23.6796
+0.5472,-24.0596
+0.5476,-24.4563
+0.548,-25.0209
+0.5484,-25.2242
+0.5487,-25.4016
+0.5491,-25.8579
+0.5496,-26.042
+0.55,-26.4147
+0.5504,-26.6648
+0.5507,-26.8709
+0.5511,-27.1442
+0.5516,-27.2873
+0.552,-27.4005
+0.5524,-27.6863
+0.5527,-27.9033
+0.5531,-27.8055
+0.5536,-28.0811
+0.554,-28.0664
+0.5544,-28.3226
+0.5547,-28.5951
+0.5551,-28.6818
+0.5556,-28.9186
+0.556,-29.2346
+0.5564,-29.3985
+0.5567,-29.6373
+0.5571,-29.883
+0.5576,-29.9848
+0.558,-30.168
+0.5584,-30.1952
+0.5587,-30.1554
+0.5591,-30.4072
+0.5596,-30.4765
+0.5601,-30.4089
+0.5604,-30.3385
+0.5607,-30.4799
+0.5611,-30.6445
+0.5616,-30.6521
+0.562,-30.6792
+0.5624,-30.8803
+0.5627,-31.033
+0.5631,-30.9955
+0.5636,-31.0977
+0.564,-31.3747
+0.5644,-31.5007
+0.5647,-31.3318
+0.5651,-31.4423
+0.5656,-31.4688
+0.566,-31.289
+0.5664,-31.1809
+0.5667,-31.1418
+0.5671,-31.0376
+0.5676,-31.0115
+0.568,-30.653
+0.5684,-30.7202
+0.5687,-30.6508
+0.5691,-30.6905
+0.5696,-30.5129
+0.57,-30.7051
+0.5704,-30.7492
+0.5707,-30.8145
+0.5711,-30.9748
+0.5716,-31.08
+0.572,-31.0134
+0.5724,-30.8685
+0.5727,-30.9415
+0.5731,-30.6178
+0.5736,-30.8014
+0.574,-30.5975
+0.5744,-30.4676
+0.5747,-30.4021
+0.5751,-30.3225
+0.5756,-30.3558
+0.576,-30.301
+0.5764,-30.2722
+0.5767,-30.4014
+0.5771,-30.5575
+0.5776,-30.6464
+0.578,-30.6156
+0.5784,-30.9062
+0.5787,-31.0906
+0.5791,-30.8768
+0.5796,-30.7303
+0.58,-30.8834
+0.5804,-30.9781
+0.5807,-30.8945
+0.5811,-31.0487
+0.5816,-30.8744
+0.582,-31.0638
+0.5824,-30.851
+0.5827,-30.9187
+0.5831,-31.4283
+0.5836,-31.5521
+0.584,-31.7521
+0.5844,-31.9107
+0.5847,-31.9485
+0.5851,-31.8188
+0.5856,-32.0274
+0.586,-32.0829
+0.5864,-32.0679
+0.5867,-31.8872
+0.5871,-31.6399
+0.5876,-31.7624
+0.588,-31.6743
+0.5884,-31.6906
+0.5887,-31.9399
+0.5891,-32.0384
+0.5896,-32.0124
+0.59,-31.9776
+0.5905,-32.1089
+0.5907,-32.1607
+0.5911,-32.2217
+0.5916,-32.124
+0.592,-32.3311
+0.5924,-32.3938
+0.5927,-32.1567
+0.5931,-32.0304
+0.5936,-32.1084
+0.594,-32.1502
+0.5944,-32.1993
+0.5947,-32.3194
+0.5951,-32.4217
+0.5956,-32.4403
+0.596,-32.3301
+0.5964,-32.3032
+0.5967,-32.4969
+0.5971,-32.4363
+0.5976,-32.215
+0.598,-32.1934
+0.5984,-32.1141
+0.5987,-31.9586
+0.5991,-31.7872
+0.5996,-31.8646
+0.6,-31.7234
+0.6004,-31.6511
+0.6007,-31.5271
+0.6011,-31.5474
+0.6016,-31.6092
+0.602,-31.6745
+0.6024,-31.8674
+0.6027,-32.0406
+0.6031,-35.8709
+0.6036,-35.6911
+0.604,-35.8534
+0.6044,-35.7096
+0.6047,-35.5629
+0.6051,-35.4591
+0.6056,-35.4629
+0.606,-35.3309
+0.6064,-35.2199
+0.6067,-34.8566
+0.6071,-34.6148
+0.6076,-34.5034
+0.608,-34.3912
+0.6084,-34.3758
+0.6087,-34.437
+0.6091,-34.6753
+0.6096,-34.6438
+0.61,-34.685
+0.6104,-34.5583
+0.6107,-34.5932
+0.6111,-34.5208
+0.6116,-34.5646
+0.612,-34.5817
+0.6124,-34.5343
+0.6127,-34.4433
+0.6131,-34.2766
+0.6136,-34.1571
+0.614,-34.0128
+0.6144,-33.8164
+0.6147,-33.7076
+0.6151,-33.6905
+0.6156,-33.4435
+0.616,-33.0994
+0.6164,-33.0419
+0.6167,-32.8537
+0.6171,-32.8005
+0.6176,-32.8305
+0.618,-32.6837
+0.6184,-32.6416
+0.6187,-32.4236
+0.6191,-32.3696
+0.6196,-32.3894
+0.62,-32.372
+0.6204,-32.1848
+0.6209,-32.1912
+0.6211,-32.0628
+0.6216,-31.7075
+0.622,-31.6534
+0.6224,-31.6249
+0.6227,-31.8926
+0.6231,-31.6426
+0.6236,-31.5016
+0.624,-31.2549
+0.6244,-31.1883
+0.6247,-30.9916
+0.6251,-30.7049
+0.6256,-30.7713
+0.626,-30.466
+0.6264,-30.3251
+0.6268,-29.8535
+0.6271,-29.7408
+0.6276,-29.4469
+0.628,-29.4302
+0.6284,-29.2614
+0.6287,-29.2145
+0.6291,-29.0956
+0.6296,-29.0123
+0.63,-28.9583
+0.6304,-28.5316
+0.6307,-28.3599
+0.6311,-28.0845
+0.6316,-28.0686
+0.632,-27.8057
+0.6324,-27.554
+0.6327,-27.2979
+0.6331,-26.9932
+0.6336,-26.6676
+0.634,-26.4594
+0.6344,-26.2713
+0.6347,-26.045
+0.6351,-25.8114
+0.6356,-25.4715
+0.636,-25.3217
+0.6364,-25.2374
+0.6367,-25.0376
+0.6371,-24.7889
+0.6376,-24.3851
+0.638,-24.0949
+0.6384,-23.9858
+0.6387,-23.8369
+0.6391,-23.5507
+0.6396,-23.28
+0.64,-22.8882
+0.6404,-22.4462
+0.6407,-22.0334
+0.6411,-21.7548
+0.6416,-21.537
+0.642,-21.286
+0.6424,-20.9694
+0.6427,-20.5699
+0.6431,-20.4463
+0.6436,-20.1133
+0.644,-19.8028
+0.6444,-19.5096
+0.6447,-19.1451
+0.6451,-18.8771
+0.6456,-18.4085
+0.646,-18.0975
+0.6464,-17.5877
+0.6467,-17.3247
+0.6471,-16.8396
+0.6476,-16.5382
+0.648,-16.2137
+0.6484,-15.832
+0.6494,-15.484
+0.6496,-15.2777
+0.6498,-15.0339
+0.6501,-14.6069
+0.6504,-14.4278
+0.6507,-14.08
+0.6514,-13.8907
+0.6516,-13.518
+0.652,-13.2687
+0.6524,-12.983
+0.6527,-12.8089
+0.6531,-12.3729
+0.6536,-12.1009
+0.654,-11.9246
+0.6544,-11.6398
+0.6547,-11.3775
+0.6551,-11.146
+0.6556,-11.0675
+0.656,-10.8144
+0.6564,-10.6787
+0.6567,-10.3742
+0.6571,-10.3335
+0.6576,-10.2341
+0.658,-9.99282
+0.6584,-9.78026
+0.6587,-9.6358
+0.6591,-9.5941
+0.6596,-9.39974
+0.66,-9.24572
+0.6604,-9.01408
+0.6607,-9.0052
+0.6611,-8.65484
+0.6616,-8.54609
+0.662,-8.52133
+0.6624,-8.48737
+0.6627,-8.44241
+0.6631,-8.30301
+0.6636,-8.27697
+0.664,-8.25939
+0.6644,-8.31536
+0.6647,-8.33054
+0.6651,-8.35179
+0.6655,-8.1608
+0.666,-8.01805
+0.6664,-7.88267
+0.6667,-7.84632
+0.6671,-7.73796
+0.6675,-7.68136
+0.668,-7.50673
+0.6684,-7.46833
+0.6687,-7.36739
+0.6691,-7.46188
+0.6696,-7.46883
+0.67,-7.44126
+0.6704,-7.51616
+0.6707,-7.35217
+0.6712,-7.31038
+0.6716,-7.12212
+0.672,-7.34592
+0.6724,-7.16914
+0.6727,-7.23216
+0.6731,-7.09528
+0.6736,-7.18347
+0.674,-7.22412
+0.6744,-7.24501
+0.6747,-7.28013
+0.6751,-7.33829
+0.6755,-7.54764
+0.676,-7.67213
+0.6764,-7.89937
+0.6767,-7.91193
+0.6771,-8.05346
+0.6776,-8.13758
+0.678,-8.29092
+0.6784,-8.31592
+0.6787,-8.48945
+0.6791,-8.60004
+0.6797,-8.71408
+0.68,-8.64279
+0.6804,-8.73997
+0.6808,-8.77628
+0.6812,-8.82024
+0.6817,-8.87944
+0.682,-8.79022
+0.6824,-9.05682
+0.6828,-9.21803
+0.6832,-9.40662
+0.6837,-9.51941
+0.684,-9.53641
+0.6844,-9.42791
+0.6848,-9.49323
+0.6852,-9.5533
+0.6855,-9.48634
+0.686,-9.71091
+0.6864,-9.71814
+0.6868,-9.74156
+0.6872,-9.63361
+0.6875,-9.65612
+0.688,-9.69459
+0.6884,-10.0014
+0.6888,-10.2195
+0.6892,-10.3257
+0.6895,-10.6378
+0.69,-10.5795
+0.6904,-10.4915
+0.6908,-10.417
+0.6911,-10.421
+0.6915,-10.3469
+0.692,-10.4197
+0.6924,-10.331
+0.6928,-10.1997
+0.6931,-10.2235
+0.6935,-10.1688
+0.6941,-10.3195
+0.6944,-10.4893
+0.6948,-10.4385
+0.6952,-10.4726
+0.6955,-10.7071
+0.696,-10.7899
+0.6964,-10.695
+0.6968,-10.881
+0.6972,-10.852
+0.6975,-10.9358
+0.698,-10.8457
+0.6984,-10.7653
+0.6988,-10.9333
+0.6992,-10.9897
+0.6995,-10.7276
+0.7,-10.6117
+0.7004,-10.5547
+0.7008,-10.2871
+0.7011,-10.2757
+0.7016,-10.2079
+0.702,-10.2254
+0.7024,-10.3177
+0.7028,-10.2089
+0.7032,-10.1103
+0.7035,-10.3245
+0.704,-10.2606
+0.7044,-10.3699
+0.7048,-10.3459
+0.7052,-10.2767
+0.7055,-10.0924
+0.706,-9.99745
+0.7064,-9.71396
+0.7068,-9.62121
+0.7071,-9.59333
+0.7075,-9.3
+0.708,-9.31756
+0.7084,-9.33931
+0.7088,-9.13957
+0.7092,-9.01499
+0.7095,-8.89071
+0.71,-8.65802
+0.7104,-8.49805
+0.7108,-8.37116
+0.7112,-8.12855
+0.7115,-7.90885
+0.7122,-7.6899
+0.7124,-7.45126
+0.7128,-7.33519
+0.7131,-7.07776
+0.7135,-7.05364
+0.714,-6.93126
+0.7144,-6.72887
+0.7148,-6.37091
+0.7152,-6.13934
+0.7155,-5.99726
+0.716,-5.68708
+0.7164,-5.4075
+0.7168,-5.19517
+0.7171,-5.17772
+0.7175,-4.65669
+0.718,-4.38785
+0.7184,-4.22313
+0.7188,-4.18842
+0.7192,-4.03096
+0.7195,-3.61542
+0.72,-3.6204
+0.7204,-3.28821
+0.7208,-2.94848
+0.7212,-2.40418
+0.7215,-2.2688
+0.722,-2.05447
+0.7224,-1.79118
+0.7228,-1.43208
+0.7232,-0.8557
+0.7235,-0.60144
+0.724,-0.133186
+0.7244,+0.107071
+0.7255,+0.397558
+0.7257,+0.669041
+0.726,+1.04833
+0.7264,+1.65006
+0.7268,+2.0977
+0.7272,+2.19777
+0.7275,+2.45746
+0.728,+2.57519
+0.7284,+2.89991
+0.7288,+3.20798
+0.7292,+3.6346
+0.7295,+4.00453
+0.73,+4.30181
+0.7304,+4.12397
+0.7308,+4.46936
+0.7312,+5.15521
+0.7315,+5.5365
+0.732,+6.09651
+0.7324,+6.51314
+0.7328,+6.99893
+0.7332,+7.1749
+0.7335,+7.42668
+0.734,+7.68939
+0.7344,+8.38146
+0.7348,+8.64076
+0.7351,+8.95483
+0.7355,+8.83133
+0.736,+9.13099
+0.7364,+9.34246
+0.7368,+9.60495
+0.7371,+9.77979
+0.7375,+9.94604
+0.738,+10.2242
+0.7384,+10.083
+0.7387,+10.3002
+0.7391,+10.383
+0.7395,+10.9367
+0.74,+10.9289
+0.7404,+11.1923
+0.7407,+11.3069
+0.7411,+11.5936
+0.7415,+11.8554
+0.7421,+12.0997
+0.7424,+12.519
+0.7427,+12.459
+0.7431,+12.4958
+0.7435,+12.4451
+0.744,+12.6423
+0.7444,+12.7757
+0.7447,+12.8286
+0.7451,+12.8429
+0.7455,+12.885
+0.746,+12.8332
+0.7464,+12.6333
+0.7468,+12.8776
+0.7471,+13.0285
+0.7475,+13.2448
+0.748,+13.0151
+0.7484,+12.9717
+0.7487,+13.2334
+0.7491,+13.3801
+0.7495,+13.5012
+0.75,+13.651
+0.7504,+13.6486
+0.7507,+13.6458
+0.7518,+13.6971
+0.7521,+13.5558
+0.7524,+13.6293
+0.7527,+13.6719
+0.7531,+13.5084
+0.7535,+13.4427
+0.754,+13.4869
+0.7544,+13.501
+0.7547,+13.828
+0.7551,+13.9728
+0.7555,+13.8368
+0.756,+13.91
+0.7564,+14.1095
+0.7567,+13.9355
+0.7571,+13.8829
+0.7575,+13.7648
+0.758,+13.4706
+0.7584,+13.3697
+0.7587,+13.1729
+0.7591,+12.7976
+0.7595,+12.6858
+0.76,+12.4841
+0.7604,+12.3003
+0.7607,+12.2753
+0.7611,+12.1089
+0.7615,+11.9254
+0.762,+11.8551
+0.7624,+11.4557
+0.7627,+11.3512
+0.7631,+11.1549
+0.7635,+10.988
+0.764,+10.8356
+0.7644,+10.702
+0.7647,+10.385
+0.7652,+10.1952
+0.7655,+10.0646
+0.766,+9.85097
+0.7664,+9.76732
+0.7667,+9.57088
+0.7671,+9.56159
+0.7675,+9.38571
+0.768,+9.22009
+0.7684,+8.96134
+0.7687,+8.79064
+0.7691,+8.49212
+0.7695,+8.24164
+0.77,+8.04969
+0.7704,+7.90776
+0.7707,+7.67765
+0.7711,+7.30766
+0.7715,+7.07438
+0.772,+6.84807
+0.7724,+6.7473
+0.7729,+6.55932
+0.7731,+6.32429
+0.7735,+6.05131
+0.774,+5.85783
+0.7744,+5.5768
+0.7747,+5.28643
+0.7751,+4.99773
+0.7755,+4.72964
+0.776,+4.45433
+0.7764,+3.97147
+0.7767,+3.60026
+0.7771,+3.33502
+0.7775,+3.02421
+0.778,+2.51281
+0.7784,+2.1993
+0.7787,+2.00184
+0.7791,+1.80209
+0.7795,+1.45438
+0.78,+1.06312
+0.7804,+0.909871
+0.7807,+0.628771
+0.7811,+0.361748
+0.7815,+0.184701
+0.782,-0.0699664
+0.7824,-0.529218
+0.783,-1.04184
+0.7833,-1.4121
+0.7837,-1.66804
+0.7842,-1.93185
+0.7845,-2.29227
+0.785,-2.60576
+0.7852,-2.938
+0.7855,-3.44378
+0.786,-3.70425
+0.7864,-3.95551
+0.7867,-4.20931
+0.7871,-4.43252
+0.7875,-4.66796
+0.788,-4.98737
+0.7884,-5.29456
+0.7887,-5.56465
+0.7891,-5.84364
+0.7895,-5.96373
+0.79,-6.31466
+0.7904,-6.50791
+0.7907,-6.67682
+0.7911,-6.90793
+0.7915,-7.2714
+0.792,-7.6231
+0.7924,-7.86443
+0.7927,-8.13854
+0.7932,-8.28335
+0.7935,-8.4931
+0.794,-8.57992
+0.7944,-8.88906
+0.7947,-9.11135
+0.7951,-9.40569
+0.7955,-9.54234
+0.796,-9.74485
+0.7964,-10.0756
+0.7967,-10.2109
+0.7971,-10.5575
+0.7975,-10.8146
+0.798,-11.2354
+0.7984,-11.4082
+0.7987,-11.5707
+0.7991,-11.7979
+0.7995,-12.0232
+0.8,-12.0694
+0.8004,-12.1681
+0.8007,-12.4767
+0.8011,-12.5931
+0.8015,-12.7757
+0.802,-12.8337
+0.8024,-13.108
+0.8027,-13.5161
+0.8032,-13.7566
+0.8036,-14.028
+0.804,-15.1596
+0.8044,-15.3345
+0.8047,-15.4373
+0.8051,-15.5449
+0.8055,-15.7834
+0.806,-15.8998
+0.8064,-15.9138
+0.8067,-16.0239
+0.8071,-16.0199
+0.8075,-16.0714
+0.808,-16.1143
+0.8084,-16.3293
+0.8087,-16.4797
+0.8091,-16.7128
+0.8095,-16.774
+0.81,-16.9102
+0.8104,-17.0694
+0.8107,-17.1904
+0.8111,-17.4534
+0.8115,-17.5948
+0.812,-17.8099
+0.8124,-17.9704
+0.8127,-18.1376
+0.8131,-18.2164
+0.8135,-18.3554
+0.814,-18.4502
+0.8144,-18.6315
+0.8147,-18.7018
+0.8151,-18.7286
+0.8155,-18.9007
+0.816,-18.9832
+0.8164,-18.9181
+0.8168,-18.9406
+0.8171,-19.1026
+0.8175,-19.2466
+0.818,-19.4588
+0.8184,-19.4966
+0.8187,-19.5713
+0.8191,-19.7289
+0.8195,-19.7191
+0.82,-19.7412
+0.8204,-19.9232
+0.8207,-20.0914
+0.8211,-20.2377
+0.8215,-20.2794
+0.822,-20.3528
+0.8224,-20.5849
+0.8227,-20.6835
+0.8232,-20.7539
+0.8235,-20.9573
+0.824,-21.055
+0.8244,-21.1546
+0.8247,-21.241
+0.8251,-21.3042
+0.8255,-21.3281
+0.826,-21.3827
+0.8264,-21.2954
+0.8267,-21.5664
+0.8271,-21.6564
+0.8275,-21.7037
+0.828,-21.8187
+0.8284,-21.9081
+0.8287,-21.936
+0.8291,-22.0463
+0.8295,-22.215
+0.83,-22.2876
+0.8304,-22.5398
+0.8307,-22.4722
+0.8312,-22.5443
+0.8315,-22.7117
+0.832,-22.9192
+0.8324,-23.0292
+0.8327,-23.2233
+0.8331,-23.2936
+0.8335,-23.4754
+0.834,-23.4479
+0.8344,-23.3524
+0.8347,-23.3244
+0.8351,-23.4799
+0.8355,-23.4627
+0.836,-23.3759
+0.8364,-23.4176
+0.8368,-23.523
+0.8371,-23.4934
+0.8375,-23.4281
+0.838,-23.726
+0.8384,-23.8351
+0.8387,-24.0553
+0.8391,-24.0808
+0.8395,-24.0431
+0.84,-24.1366
+0.8404,-24.2885
+0.8407,-24.3301
+0.8411,-24.5609
+0.8415,-24.5797
+0.842,-24.5201
+0.8424,-24.5251
+0.8428,-24.6174
+0.8431,-24.9234
+0.8435,-25.1444
+0.844,-25.3397
+0.8444,-25.1379
+0.8447,-25.0607
+0.8451,-24.9374
+0.8455,-25.1371
+0.846,-25.1742
+0.8464,-25.2011
+0.8467,-25.0298
+0.8471,-24.7748
+0.8475,-24.7659
+0.848,-24.8198
+0.8484,-24.9941
+0.8487,-24.8444
+0.8491,-24.8452
+0.8495,-24.7326
+0.85,-24.8747
+0.8504,-24.8848
+0.8507,-25.0779
+0.8511,-25.1425
+0.8515,-25.1213
+0.852,-24.944
+0.8524,-24.8787
+0.8527,-24.9137
+0.8531,-24.7404
+0.8542,-24.6985
+0.8545,-24.5084
+0.8547,-24.5057
+0.8551,-24.3882
+0.8555,-24.0652
+0.856,-23.9657
+0.8564,-23.9435
+0.8567,-23.802
+0.8571,-23.7638
+0.8575,-23.6738
+0.858,-23.4354
+0.8584,-23.1804
+0.8588,-23.0033
+0.8591,-22.8569
+0.8595,-22.8758
+0.86,-22.5479
+0.8604,-22.2017
+0.8607,-22.084
+0.8611,-21.9871
+0.8615,-21.9292
+0.862,-21.8218
+0.8624,-21.6899
+0.8627,-21.5693
+0.8631,-21.3159
+0.8635,-21.1968
+0.864,-21.0114
+0.8644,-20.9651
+0.8648,-20.725
+0.8651,-20.284
+0.8655,-19.9383
+0.866,-19.6227
+0.8664,-19.3129
+0.8667,-19.0505
+0.8671,-18.8316
+0.8676,-18.4524
+0.868,-18.1621
+0.8684,-17.5845
+0.8687,-17.1875
+0.8691,-16.9818
+0.8695,-16.7023
+0.87,-16.3017
+0.8704,-15.9686
+0.8707,-15.394
+0.8711,-14.8077
+0.8715,-14.3993
+0.872,-14.0295
+0.8724,-13.803
+0.8728,-13.4112
+0.8731,-12.8951
+0.8735,-12.4385
+0.874,-12.1693
+0.8744,-11.9205
+0.8747,-11.6574
+0.8751,-11.327
+0.8755,-10.9059
+0.876,-10.5695
+0.8764,-10.1116
+0.8768,-9.66227
+0.8771,-9.40393
+0.8775,-9.09239
+0.878,-8.7132
+0.8784,-8.12607
+0.8787,-7.75308
+0.8791,-7.26968
+0.8795,-6.88318
+0.88,-6.60696
+0.8804,-6.18216
+0.8807,-5.9414
+0.8811,-5.50044
+0.8815,-5.07324
+0.882,-4.70101
+0.8824,-4.38801
+0.8827,-3.9571
+0.8831,-3.7589
+0.8835,-3.3657
+0.884,-2.9663
+0.8844,-2.6113
+0.8848,-2.07853
+0.8851,-1.73725
+0.8855,-1.49552
+0.886,-1.10563
+0.8864,-0.716349
+0.8867,-0.432698
+0.8871,-0.0704076
+0.8875,+0.319529
+0.888,+0.736971
+0.8884,+0.971822
+0.8887,+1.27093
+0.8891,+1.56746
+0.8895,+2.01302
+0.89,+2.19579
+0.8904,+2.3469
+0.8908,+2.7511
+0.8911,+2.91499
+0.8915,+3.05514
+0.892,+3.36188
+0.8924,+3.64992
+0.8927,+3.87176
+0.8931,+4.11562
+0.8935,+4.31121
+0.894,+4.54962
+0.8944,+4.73618
+0.8948,+4.76874
+0.8951,+5.01953
+0.8955,+5.24479
+0.896,+5.31857
+0.8964,+5.4718
+0.8967,+5.56742
+0.8971,+5.51505
+0.8975,+5.4616
+0.898,+5.45949
+0.8984,+5.46186
+0.8988,+5.58326
+0.8991,+5.63991
+0.8995,+5.69538
+0.9,+5.66705
+0.9004,+5.62938
+0.9007,+5.43993
+0.9011,+5.43621
+0.9015,+5.46208
+0.902,+5.54122
+0.9024,+5.51688
+0.9028,+5.32714
+0.9031,+5.23568
+0.9035,+5.01394
+0.904,+4.87144
+0.9044,+4.7544
+0.9048,+4.8171
+0.9051,+4.91975
+0.9055,+4.74555
+0.9059,+4.61478
+0.9064,+4.57347
+0.9067,+4.56487
+0.9071,+4.55483
+0.9075,+4.5047
+0.908,+4.52454
+0.9084,+4.40619
+0.9088,+4.21751
+0.9091,+3.94032
+0.9095,+3.88145
+0.91,+3.71516
+0.9104,+3.80544
+0.9107,+3.72011
+0.9111,+3.57302
+0.9115,+3.40032
+0.912,+3.14838
+0.9124,+3.05008
+0.9128,+2.87742
+0.9131,+2.70234
+0.9135,+2.60333
+0.914,+2.53469
+0.9144,+2.07595
+0.9148,+1.84847
+0.9151,+1.58488
+0.9155,+1.32088
+0.916,+1.18224
+0.9164,+0.939381
+0.9168,+0.668654
+0.9171,+0.525291
+0.9175,+0.366827
+0.918,+0.154365
+0.9184,+0.102662
+0.9188,-0.0186665
+0.9191,-0.330424
+0.9195,-0.42064
+0.92,-0.617384
+0.9204,-0.834574
+0.9208,-1.00677
+0.9211,-1.20364
+0.9215,-1.43751
+0.9219,-1.58807
+0.9224,-1.84182
+0.9228,-2.34535
+0.9231,-2.39757
+0.9235,-2.6225
+0.924,-2.72573
+0.9244,-2.96794
+0.9248,-2.93698
+0.9251,-3.00101
+0.9255,-3.15844
+0.9259,-3.27975
+0.9264,-3.283
+0.9268,-3.15128
+0.9271,-3.2538
+0.9275,-3.23129
+0.9279,-3.19107
+0.9284,-3.16313
+0.9288,-3.52969
+0.9291,-3.74211
+0.9295,-3.69227
+0.93,-3.96822
+0.9304,-4.18182
+0.9308,-4.22577
+0.9311,-4.19466
+0.9315,-4.40025
+0.9319,-4.52619
+0.9324,-4.44686
+0.9327,-4.2686
+0.9331,-4.25083
+0.9335,-4.31547
+0.9339,-4.04041
+0.9344,-4.05786
+0.9348,-4.27127
+0.9351,-4.34576
+0.9355,-4.16573
+0.9359,-4.34819
+0.9364,-4.42646
+0.9368,-4.38127
+0.9371,-4.35058
+0.9375,-4.66085
+0.938,-4.82118
+0.9384,-4.79555
+0.9388,-4.72328
+0.9391,-4.79902
+0.9395,-4.90303
+0.94,-4.92229
+0.9404,-4.96806
+0.9408,-4.99723
+0.9411,-4.92512
+0.9415,-4.67006
+0.942,-4.64713
+0.9424,-4.62879
+0.9428,-4.62964
+0.9431,-4.63081
+0.9435,-4.60648
+0.9439,-4.47432
+0.9444,-4.47668
+0.9448,-4.76006
+0.9453,-4.72483
+0.9455,-4.72462
+0.9459,-4.74839
+0.9464,-4.78513
+0.9468,-4.51549
+0.9471,-4.42555
+0.9475,-4.39657
+0.9479,-4.36254
+0.9484,-4.4965
+0.9488,-4.17117
+0.9491,-4.35004
+0.9495,-4.45692
+0.9499,-4.40057
+0.9504,-4.45168
+0.9508,-4.67806
+0.9511,-4.71201
+0.9515,-4.75013
+0.9519,-4.92642
+0.9524,-4.86869
+0.9527,-4.90002
+0.9531,-4.84475
+0.9535,-4.73489
+0.9539,-4.86889
+0.9544,-4.85654
+0.9547,-4.88889
+0.9551,-4.92134
+0.9555,-5.06318
+0.9566,-5.12186
+0.9569,-5.17216
+0.9571,-5.47345
+0.9575,-5.71344
+0.958,-6.09926
+0.9584,-6.24098
+0.9588,-6.36323
+0.9591,-6.6211
+0.9595,-6.90147
+0.9599,-7.14586
+0.9604,-7.25465
+0.9608,-7.39301
+0.9611,-7.4411
+0.9615,-7.44784
+0.962,-7.47719
+0.9624,-7.76119
+0.9627,-8.00011
+0.9631,-8.18702
+0.9635,-8.45968
+0.9639,-8.59058
+0.9644,-8.65998
+0.9647,-8.8563
+0.9651,-9.09273
+0.9655,-9.24126
+0.966,-9.49731
+0.9664,-9.49972
+0.9668,-9.7041
+0.9671,-9.72442
+0.9675,-9.79439
+0.9679,-9.95358
+0.9684,-10.4047
+0.9688,-10.7128
+0.9691,-10.8149
+0.9695,-11.0811
+0.9699,-11.1647
+0.9704,-11.3295
+0.9708,-11.38
+0.9711,-11.641
+0.9715,-11.7344
+0.9719,-11.7714
+0.9724,-11.778
+0.9727,-11.8599
+0.9731,-11.944
+0.9735,-12.1057
+0.9739,-12.3333
+0.9744,-12.5114
+0.9748,-12.6709
+0.9753,-12.786
+0.9755,-12.937
+0.9759,-13.1903
+0.9764,-13.2782
+0.9768,-13.3595
+0.9771,-13.7223
+0.9775,-13.9097
+0.9779,-14.0258
+0.9784,-14.2027
+0.9787,-14.3596
+0.9791,-14.3797
+0.9795,-14.444
+0.9799,-14.4194
+0.9804,-14.4433
+0.9808,-14.4325
+0.9811,-14.3977
+0.9815,-14.3002
+0.9819,-14.166
+0.9824,-14.0728
+0.9828,-14.0111
+0.9831,-14.1614
+0.9835,-14.3033
+0.9839,-14.3852
+0.9844,-14.2971
+0.9848,-14.2955
+0.9851,-14.0894
+0.9855,-14.0456
+0.986,-14.1161
+0.9864,-14.0372
+0.9867,-13.9095
+0.9871,-13.6305
+0.9875,-13.3018
+0.9879,-13.1599
+0.9884,-13.0686
+0.9888,-12.909
+0.9891,-12.7932
+0.9895,-12.6574
+0.9899,-12.3903
+0.9904,-12.1801
+0.9908,-11.9811
+0.9911,-11.7124
+0.9915,-11.668
+0.9919,-11.3199
+0.9924,-11.1742
+0.9928,-10.9989
+0.9931,-10.8122
+0.9935,-10.5493
+0.9939,-10.2925
+0.9944,-10.0555
+0.9947,-9.96697
+0.9951,-9.91116
+0.9955,-9.59649
+0.996,-9.52476
+0.9964,-9.22945
+0.9967,-8.85185
+0.9971,-8.60892
+0.9975,-8.22754
+0.9979,-7.85756
+0.9984,-7.66117
+0.9988,-7.31606
+0.9991,-6.92511
+0.9995,-6.56307
+0.9999,-6.2479
+1.0004,-5.97384
+1.0008,-5.72234
+1.0011,-5.43627
+1.0015,-5.33565
+1.0019,-5.08181
+1.0024,-4.73513
+1.0027,-4.52922
+1.0031,-4.31342
+1.0035,-4.15851
+1.0039,-3.78732
+1.0044,-3.53112
+1.0048,-3.33081
+1.0051,-2.96312
+1.0056,-2.68698
+1.006,-2.47969
+1.0064,-2.28132
+1.0068,-1.88311
+1.0071,-1.62516
+1.0075,-1.21106
+1.0079,-1.03643
+1.0084,-0.793661
+1.0088,-0.637747
+1.0091,-0.462045
+1.0095,-0.105671
+1.0099,+0.0769481
+1.0104,+0.346275
+1.0107,+0.589848
+1.0111,+1.2372
+1.0115,+1.40649
+1.012,+2.04562
+1.0124,+2.38052
+1.0128,+2.62717
+1.0131,+3.17373
+1.0135,+3.28742
+1.0139,+3.92383
+1.0144,+4.40517
+1.0148,+4.60769
+1.0151,+4.45344
+1.0155,+4.92817
+1.0159,+5.01473
+1.0164,+5.12484
+1.0168,+5.64271
+1.0171,+5.69559
+1.0175,+6.0103
+1.0179,+5.98905
+1.0184,+5.74048
+1.0188,+6.07112
+1.0191,+6.33059
+1.0195,+6.26653
+1.0199,+6.28687
+1.0204,+6.40129
+1.0208,+6.15404
+1.0211,+6.1135
+1.0215,+6.17133
+1.0219,+5.9958
+1.0224,+6.14156
+1.0228,+5.84585
+1.0231,+5.79784
+1.0235,+5.68774
+1.0239,+5.42303
+1.0244,+5.31099
+1.0248,+5.21984
+1.0251,+4.95004
+1.0255,+4.66262
+1.0259,+4.43384
+1.0264,+4.20015
+1.0268,+3.95718
+1.0271,+3.62852
+1.0275,+3.3163
+1.0279,+2.99749
+1.0284,+2.54704
+1.0288,+2.20903
+1.0291,+1.78628
+1.0295,+1.3635
+1.0299,+1.02127
+1.0304,+0.686136
+1.0308,+0.322399
+1.0311,-0.192865
+1.0315,-0.530292
+1.0319,-0.888419
+1.0324,-1.32751
+1.0328,-1.9219
+1.0331,-2.42127
+1.0335,-2.85404
+1.0339,-3.36554
+1.0344,-3.88551
+1.0348,-4.24557
+1.0351,-4.69388
+1.0355,-5.33336
+1.036,-5.81417
+1.0364,-6.26837
+1.0368,-6.63354
+1.0371,-7.04201
+1.0376,-7.65638
+1.038,-8.14354
+1.0384,-8.70309
+1.0388,-9.24813
+1.0391,-9.7215
+1.0395,-10.1655
+1.0399,-10.6514
+1.0404,-11.0671
+1.0408,-11.7567
+1.0411,-12.1272
+1.0415,-12.4724
+1.0419,-12.8902
+1.0424,-13.2789
+1.0428,-13.8434
+1.0431,-14.3034
+1.0435,-14.7974
+1.0439,-15.393
+1.0444,-15.6997
+1.0448,-15.8901
+1.0451,-16.3296
+1.0455,-16.7335
+1.0459,-17.027
+1.0465,-17.4496
+1.0468,-17.7464
+1.0471,-18.0681
+1.0475,-18.2512
+1.0479,-18.3421
+1.0484,-18.6191
+1.0488,-18.8538
+1.0491,-18.8886
+1.0495,-18.8576
+1.0499,-18.9249
+1.0504,-18.9141
+1.0508,-19.0516
+1.0511,-19.0526
+1.0515,-19.045
+1.0519,-19.0799
+1.0524,-19.0129
+1.0528,-18.9716
+1.0531,-18.9322
+1.0535,-18.8664
+1.0539,-18.8765
+1.0544,-18.5627
+1.0548,-18.1338
+1.0551,-17.9547
+1.0555,-17.7171
+1.0559,-17.2978
+1.0564,-17.0308
+1.0568,-16.5308
+1.0571,-16.1827
+1.0575,-15.8799
+1.0579,-15.3383
+1.059,-14.8945
+1.0593,-14.3752
+1.0595,-13.7698
+1.0599,-13.188
+1.0604,-12.7255
+1.0608,-12.0464
+1.0611,-11.5539
+1.0615,-10.9263
+1.0619,-10.2124
+1.0624,-9.63315
+1.0628,-9.17667
+1.0631,-8.8003
+1.0635,-8.31292
+1.0639,-7.97755
+1.0644,-7.34164
+1.0648,-6.75841
+1.0651,-6.15746
+1.0655,-5.48454
+1.0659,-4.9019
+1.0664,-4.27445
+1.0668,-3.43289
+1.0671,-2.60746
+1.0675,-1.93905
+1.0679,-1.13247
+1.0684,-0.384965
+1.0688,+0.304934
+1.0691,+0.902797
+1.0695,+1.44444
+1.0699,+2.03868
+1.0704,+2.55078
+1.0708,+2.87273
+1.0711,+3.4866
+1.0715,+4.00423
+1.0719,+4.56462
+1.0724,+5.03734
+1.0728,+5.46019
+1.0731,+6.08708
+1.0735,+6.55977
+1.0739,+6.99197
+1.0744,+7.42413
+1.0748,+7.96502
+1.0751,+8.15671
+1.0755,+8.49417
+1.0759,+8.93038
+1.0764,+9.23407
+1.0768,+9.37101
+1.0771,+9.5372
+1.0775,+9.76402
+1.0779,+9.94243
+1.0784,+10.1226
+1.0788,+10.1727
+1.0791,+10.4029
+1.0795,+10.6409
+1.0799,+10.6205
+1.0804,+10.5567
+1.0808,+10.6114
+1.0811,+10.5849
+1.0815,+10.4062
+1.0819,+10.4981
+1.0824,+10.4272
+1.0828,+10.2466
+1.0831,+10.0047
+1.0835,+9.79108
+1.0839,+9.55061
+1.0844,+9.41357
+1.0848,+9.27626
+1.0851,+9.09449
+1.0855,+8.91463
+1.0859,+8.4035
+1.0864,+8.05562
+1.0868,+8.0599
+1.0871,+8.1449
+1.0875,+8.24825
+1.0879,+8.35771
+1.0884,+8.32404
+1.0888,+8.09816
+1.0891,+7.6921
+1.0895,+7.61036
+1.0899,+7.3217
+1.0904,+7.30102
+1.0908,+7.06239
+1.0911,+6.35324
+1.0915,+5.48445
+1.0919,+4.74499
+1.0924,+4.29036
+1.0928,+4.05897
+1.0931,+3.91713
+1.0935,+3.517
+1.0939,+3.30079
+1.0944,+2.7443
+1.0948,+2.26273
+1.0951,+2.00885
+1.0955,+1.99827
+1.0959,+1.7925
+1.0964,+1.24102
+1.0968,+0.605735
+1.0971,-0.0567416
+1.0975,-0.765708
+1.0979,-1.23357
+1.0984,-1.69549
+1.0988,-2.26513
+1.0991,-2.77621
+1.0995,-3.41211
+1.0999,-3.97687
+1.1004,-4.40393
+1.1008,-4.68952
+1.1011,-5.10879
+1.1015,-5.51791
+1.1019,-5.87699
+1.1024,-6.26041
+1.1028,-6.72195
+1.1031,-7.19017
+1.1035,-7.68521
+1.1039,-8.19696
+1.1044,-8.5681
+1.1048,-9.14885
+1.1051,-9.49886
+1.1055,-9.6645
+1.1059,-10.0578
+1.1064,-10.4162
+1.1068,-10.5781
+1.1071,-10.7708
+1.1075,-11.0295
+1.1079,-11.2768
+1.1084,-11.5234
+1.1088,-11.5911
+1.1091,-11.7527
+1.1095,-12.0075
+1.1099,-12.0775
+1.1104,-12.1389
+1.1108,-12.3844
+1.1111,-12.4083
+1.1115,-12.3736
+1.1119,-12.3182
+1.1124,-12.3307
+1.1128,-12.4126
+1.1131,-12.2859
+1.1135,-12.1838
+1.1139,-12.327
+1.1144,-12.3734
+1.1148,-12.384
+1.1151,-12.586
+1.1155,-12.6639
+1.1159,-12.4978
+1.1164,-12.546
+1.1168,-12.5483
+1.1171,-12.6921
+1.1175,-12.777
+1.1179,-12.5875
+1.1184,-12.5731
+1.1188,-12.4644
+1.1192,-12.3331
+1.1195,-12.0753
+1.1199,-11.8251
+1.1204,-11.676
+1.1208,-11.4886
+1.1211,-11.3695
+1.1215,-11.1405
+1.1219,-11.0302
+1.1224,-10.8165
+1.1228,-10.7684
+1.1231,-10.5132
+1.1235,-10.5271
+1.1239,-10.6924
+1.1244,-10.5979
+1.1248,-10.4412
+1.1251,-10.1752
+1.1255,-10.0885
+1.1259,-9.82894
+1.1264,-9.43618
+1.1268,-9.05156
+1.1271,-8.83095
+1.1276,-8.45862
+1.1279,-8.07869
+1.1284,-7.75673
+1.1288,-7.51535
+1.1291,-7.26772
+1.1295,-6.85494
+1.1299,-6.75355
+1.1304,-6.53758
+1.1308,-6.38308
+1.1311,-6.10302
+1.1315,-5.90389
+1.1319,-5.75745
+1.1324,-5.70588
+1.1328,-5.60806
+1.1331,-5.49197
+1.1335,-5.45012
+1.1339,-5.37853
+1.1344,-5.42986
+1.1348,-5.30851
+1.1351,-5.31964
+1.1355,-5.28943
+1.1359,-5.25047
+1.1364,-5.3336
+1.1368,-5.26525
+1.1371,-5.23493
+1.1375,-5.35806
+1.1379,-5.33978
+1.1384,-5.53859
+1.1388,-5.52943
+1.1391,-5.72898
+1.1395,-5.95976
+1.1399,-6.05371
+1.1404,-6.07081
+1.1408,-6.30504
+1.1411,-6.51291
+1.1415,-6.61109
+1.1419,-6.80906
+1.1424,-6.8801
+1.1428,-7.31293
+1.1431,-7.60738
+1.1435,-8.03562
+1.1439,-8.3996
+1.1444,-8.56312
+1.1448,-8.64222
+1.1451,-8.85767
+1.1455,-9.23561
+1.1459,-9.48798
+1.1464,-9.90389
+1.1468,-10.0832
+1.1471,-10.2846
+1.1475,-10.265
+1.1479,-10.5378
+1.1484,-10.8902
+1.1488,-11.3711
+1.1491,-11.6263
+1.1495,-11.9296
+1.1499,-12.2764
+1.1504,-12.5844
+1.1508,-12.9453
+1.1511,-13.1734
+1.1515,-13.682
+1.1519,-13.9524
+1.1524,-14.3082
+1.1528,-14.6488
+1.1531,-15.1972
+1.1535,-15.5164
+1.1539,-15.8207
+1.1544,-16.0377
+1.1548,-16.379
+1.1551,-16.7604
+1.1555,-17.087
+1.1559,-17.5056
+1.1564,-17.8659
+1.1568,-18.2842
+1.1571,-18.5284
+1.1576,-18.8672
+1.1579,-19.2538
+1.1584,-19.6031
+1.1588,-20.0017
+1.1591,-20.4047
+1.1595,-20.5564
+1.1599,-20.907
+1.1604,-21.1881
+1.1614,-21.4052
+1.1617,-21.7413
+1.162,-21.9855
+1.1624,-22.2745
+1.1628,-22.5823
+1.1631,-22.7379
+1.1635,-23.011
+1.1639,-23.2886
+1.1644,-23.3433
+1.1648,-23.5797
+1.1651,-23.618
+1.1655,-23.5713
+1.1659,-23.7075
+1.1664,-23.6425
+1.1668,-23.5535
+1.1671,-23.3931
+1.1675,-23.0587
+1.1679,-22.8924
+1.1684,-22.9209
+1.1688,-22.6599
+1.1691,-22.5134
+1.1695,-22.3278
+1.1699,-22.1849
+1.1704,-21.9729
+1.1708,-22.0176
+1.1711,-21.9215
+1.1715,-21.7679
+1.1719,-21.5672
+1.1724,-21.15
+1.1728,-20.9802
+1.1731,-20.7026
+1.1735,-20.5458
+1.1739,-20.1819
+1.1744,-19.9412
+1.1748,-19.4711
+1.1751,-19.0838
+1.1755,-18.9375
+1.1759,-18.4653
+1.1764,-18.222
+1.1768,-17.7725
+1.1771,-17.577
+1.1775,-17.1928
+1.1779,-16.7402
+1.1784,-16.389
+1.1788,-15.9431
+1.1792,-15.6119
+1.1795,-15.1109
+1.1799,-14.8125
+1.1803,-14.2264
+1.1808,-13.7189
+1.1811,-13.236
+1.1815,-12.7132
+1.1819,-12.378
+1.1824,-11.9426
+1.1828,-11.5561
+1.1831,-11.1881
+1.1835,-10.6317
+1.1839,-10.1896
+1.1844,-9.78322
+1.1848,-9.12492
+1.1851,-8.58374
+1.1855,-8.16338
+1.1859,-7.57358
+1.1864,-7.10224
+1.1868,-6.62531
+1.1871,-6.19518
+1.1875,-5.77601
+1.188,-5.41716
+1.1884,-4.94845
+1.1888,-4.76815
+1.1891,-4.22832
+1.1895,-3.71536
+1.1899,-3.4046
+1.1904,-2.86683
+1.1908,-2.18096
+1.1911,-1.8819
+1.1915,-1.45581
+1.1919,-0.944335
+1.1924,-0.787375
+1.1928,-0.569518
+1.1931,-0.21819
+1.1935,+0.0889575
+1.1939,+0.496777
+1.1944,+0.704606
+1.1948,+0.499999
+1.1951,+1.04379
+1.1955,+1.33216
+1.1959,+1.6594
+1.1963,+1.83103
+1.1968,+2.30133
+1.1971,+2.49534
+1.1975,+2.64339
+1.1979,+2.80887
+1.1984,+3.02671
+1.1988,+3.15774
+1.1992,+3.24352
+1.1995,+3.21854
+1.1999,+3.27416
+1.2003,+3.46126
+1.2008,+3.42911
+1.2011,+3.39261
+1.2015,+3.38852
+1.2019,+3.28294
+1.2023,+3.25055
+1.2028,+3.3388
+1.2031,+3.11275
+1.2035,+3.03326
+1.2039,+2.7585
+1.2044,+2.74944
+1.2048,+2.69669
+1.2051,+2.56774
+1.2055,+3.2488
+1.2059,+3.25592
+1.2063,+3.18217
+1.2068,+3.31314
+1.2071,+3.32889
+1.2075,+3.20466
+1.2079,+3.24903
+1.2083,+3.18947
+1.2088,+3.11657
+1.2091,+3.03803
+1.2095,+2.93249
+1.2099,+2.84806
+1.2103,+2.78405
+1.2108,+2.63825
+1.2112,+2.4905
+1.2115,+2.60738
+1.2119,+2.48795
+1.2123,+2.30655
+1.2128,+2.09526
+1.2131,+2.04532
+1.2135,+2.09334
+1.2139,+2.10183
+1.2144,+2.03012
+1.2148,+2.01037
+1.2151,+2.12374
+1.2155,+1.84841
+1.2159,+1.97493
+1.2163,+2.04613
+1.2168,+2.06467
+1.2171,+2.02722
+1.2175,+1.93999
+1.2179,+1.80529
+1.2184,+1.63511
+1.2188,+1.57778
+1.2191,+1.49063
+1.2195,+1.679
+1.2199,+1.50059
+1.2203,+1.64923
+1.2208,+1.68646
+1.2211,+1.62391
+1.2215,+1.69984
+1.2219,+1.78627
+1.2223,+1.80142
+1.2228,+1.68573
+1.2232,+1.81578
+1.2235,+1.79917
+1.2239,+1.90377
+1.2244,+1.88427
+1.2248,+1.80833
+1.2251,+1.98078
+1.2255,+2.15705
+1.2259,+2.36172
+1.2263,+2.63375
+1.2268,+2.96754
+1.2271,+3.06269
+1.2276,+3.07731
+1.2279,+3.31124
+1.2284,+3.40928
+1.2288,+3.57155
+1.2291,+3.74664
+1.2295,+3.81057
+1.2299,+4.01197
+1.2303,+4.14202
+1.2308,+4.26786
+1.2311,+4.66266
+1.2315,+4.90641
+1.2319,+5.29731
+1.2323,+5.74401
+1.2328,+6.06314
+1.2331,+6.34857
+1.2335,+6.79
+1.2339,+6.92533
+1.2344,+7.33248
+1.2348,+7.72894
+1.2351,+8.03539
+1.2355,+8.70847
+1.2359,+8.96926
+1.2363,+9.14413
+1.2368,+9.59252
+1.2371,+9.91911
+1.2375,+10.0686
+1.2379,+10.3384
+1.2383,+10.6069
+1.2388,+10.8095
+1.2391,+10.6787
+1.2395,+10.7328
+1.2399,+10.7666
+1.2403,+11.026
+1.2408,+11.2364
+1.2412,+11.4612
+1.2415,+11.7391
+1.2419,+12.2098
+1.2423,+12.4789
+1.2428,+12.7629
+1.2431,+13.2688
+1.2435,+13.3699
+1.2439,+13.5904
+1.2444,+13.8386
+1.2448,+13.6394
+1.2451,+13.689
+1.2455,+13.8048
+1.2459,+13.6527
+1.2463,+13.5361
+1.2468,+13.5858
+1.2471,+13.5436
+1.2475,+13.5609
+1.2479,+13.6973
+1.2483,+13.462
+1.2488,+13.4585
+1.2491,+13.5753
+1.2495,+13.4549
+1.2499,+13.239
+1.2503,+13.234
+1.2508,+12.8982
+1.2511,+12.8376
+1.2515,+12.7118
+1.2519,+12.3852
+1.2523,+12.2761
+1.2528,+12.3223
+1.2531,+11.889
+1.2535,+11.7076
+1.2539,+11.5478
+1.2544,+11.0685
+1.2548,+10.8393
+1.2551,+10.3937
+1.2555,+9.99494
+1.2559,+9.43263
+1.2563,+8.96633
+1.2568,+8.38819
+1.2572,+7.95213
+1.2575,+7.31553
+1.2579,+6.90943
+1.2583,+6.40442
+1.2589,+5.94465
+1.2593,+5.46026
+1.2595,+4.82435
+1.2599,+4.38608
+1.2603,+3.8088
+1.2608,+3.478
+1.2611,+2.96423
+1.2615,+2.12029
+1.2619,+1.38619
+1.2623,+0.80763
+1.2628,+0.0332039
+1.2638,-0.626257
+1.2641,-1.25011
+1.2643,-1.84377
+1.2648,-2.43823
+1.2651,-3.11632
+1.2655,-3.74348
+1.2659,-3.92461
+1.2663,-4.41624
+1.2668,-4.82409
+1.2671,-5.20046
+1.2675,-5.67804
+1.2679,-5.93908
+1.2683,-6.32226
+1.2688,-6.87203
+1.2691,-7.35653
+1.2695,-7.83236
+1.2699,-8.43562
+1.2703,-8.762
+1.2708,-9.00557
+1.2711,-9.34047
+1.2715,-9.69013
+1.2719,-10.1045
+1.2723,-10.3924
+1.2728,-10.7298
+1.2731,-10.9288
+1.2735,-11.2005
+1.2739,-11.2315
+1.2743,-11.5147
+1.2748,-11.7786
+1.2751,-11.8995
+1.2755,-12.046
+1.2759,-12.0864
+1.2763,-12.1428
+1.2768,-12.0364
+1.2771,-12.2833
+1.2775,-12.1815
+1.2779,-12.3356
+1.2783,-12.4115
+1.2788,-12.5642
+1.2791,-12.5152
+1.2795,-12.3636
+1.2799,-12.4156
+1.2803,-12.4764
+1.2808,-12.4067
+1.2811,-12.1196
+1.2815,-12.108
+1.2819,-11.8202
+1.2823,-11.666
+1.2828,-11.4356
+1.2831,-11.2563
+1.2835,-11.166
+1.2839,-10.8444
+1.2844,-10.3885
+1.2848,-10.1017
+1.2851,-9.80215
+1.2855,-9.26322
+1.2859,-8.93061
+1.2863,-8.38342
+1.2868,-7.76499
+1.2871,-7.47965
+1.2875,-6.9004
+1.2879,-6.40144
+1.2883,-5.9075
+1.2888,-5.39106
+1.2892,-4.79371
+1.2896,-4.2722
+1.2899,-3.66631
+1.2903,-3.0923
+1.2908,-2.58245
+1.2911,-1.93804
+1.2915,-1.37495
+1.2919,-0.626349
+1.2923,-0.0288896
+1.2928,+0.773283
+1.2931,+1.26211
+1.2935,+1.55522
+1.2939,+2.25102
+1.2943,+2.69724
+1.2948,+3.4289
+1.2951,+4.02
+1.2955,+4.75062
+1.2959,+5.27832
+1.2963,+5.62283
+1.2968,+5.78942
+1.2971,+6.28571
+1.2975,+7.39054
+1.2979,+7.63393
+1.2983,+8.31408
+1.2988,+8.99571
+1.2991,+9.93623
+1.2995,+10.2248
+1.2999,+10.4703
+1.3003,+11.3914
+1.3008,+11.9145
+1.3011,+12.4078
+1.3015,+12.4844
+1.3019,+13.0335
+1.3023,+13.362
+1.3028,+13.422
+1.3031,+13.4479
+1.3035,+13.7409
+1.3039,+14.1457
+1.3043,+14.2484
+1.3048,+14.7931
+1.3051,+15.6436
+1.3055,+16.0639
+1.3059,+16.7985
+1.3063,+17.1445
+1.3068,+17.4193
+1.3072,+17.8084
+1.3075,+18.6864
+1.3079,+19.156
+1.3083,+19.3435
+1.3088,+19.5649
+1.3091,+19.4293
+1.3095,+19.6708
+1.3099,+19.5325
+1.3103,+19.727
+1.3108,+20.4774
+1.3111,+20.6825
+1.3115,+20.7522
+1.3119,+20.7205
+1.3123,+21.3764
+1.3128,+21.553
+1.3132,+21.6409
+1.3135,+22.1178
+1.3139,+22.1922
+1.3143,+22.4127
+1.3148,+21.9226
+1.3151,+22.3291
+1.3155,+21.8077
+1.3159,+22.186
+1.3163,+22.0733
+1.3168,+21.9281
+1.3171,+22.1813
+1.3175,+21.6297
+1.3179,+21.4464
+1.3183,+21.6571
+1.3188,+21.7179
+1.3191,+21.4081
+1.3195,+21.8332
+1.3213,+21.6142
+1.3214,+20.7812
+1.3217,+21.0721
+1.322,+20.489
+1.3223,+20.5843
+1.3226,+20.6549
+1.3228,+19.7691
+1.3232,+19.369
+1.3235,+18.9388
+1.3239,+17.9482
+1.3244,+17.5755
+1.3248,+17.5085
+1.3252,+16.7006
+1.3255,+16.391
+1.3259,+15.693
+1.3263,+14.9971
+1.3268,+14.8063
+1.3271,+14.2747
+1.3275,+13.6054
+1.3279,+13.3328
+1.3283,+12.6397
+1.3288,+12.1336
+1.3292,+11.4769
+1.3295,+10.7723
+1.3299,+10.0921
+1.3303,+9.42831
+1.3308,+8.6754
+1.3312,+7.93984
+1.3315,+7.35275
+1.3319,+6.60336
+1.3323,+5.78071
+1.3328,+4.99324
+1.3332,+4.3498
+1.3335,+3.72168
+1.3339,+3.14466
+1.3343,+2.54254
+1.3348,+1.79575
+1.3352,+1.0946
+1.3355,+0.234684
+1.3359,-0.534855
+1.3363,-1.09815
+1.3368,-1.88254
+1.3372,-2.6186
+1.3375,-3.49747
+1.3379,-4.31551
+1.3383,-5.19323
+1.3388,-5.78242
+1.3392,-6.46755
+1.3395,-7.2297
+1.3399,-7.75451
+1.3403,-8.45941
+1.3408,-9.17241
+1.3411,-9.89581
+1.3415,-10.4105
+1.3419,-11.0252
+1.3423,-11.719
+1.3428,-12.5292
+1.3431,-13.4032
+1.3435,-14.135
+1.3439,-14.9692
+1.3443,-15.6748
+1.3448,-16.3194
+1.3452,-17.0037
+1.3455,-17.7007
+1.3459,-18.444
+1.3463,-19.0431
+1.3468,-19.4694
+1.3471,-19.8647
+1.3475,-20.3214
+1.3479,-20.7845
+1.3483,-21.3495
+1.3488,-21.7926
+1.3492,-22.2179
+1.3495,-22.7097
+1.3499,-23.0339
+1.3503,-23.3934
+1.3508,-23.8839
+1.3512,-24.3224
+1.3515,-24.5344
+1.3519,-24.9413
+1.3523,-25.3161
+1.3528,-25.685
+1.3531,-25.9019
+1.3535,-26.3264
+1.3539,-26.5311
+1.3543,-26.7566
+1.3548,-27.0001
+1.3552,-27.0429
+1.3555,-27.3821
+1.3559,-27.4543
+1.3563,-27.6083
+1.3568,-27.5571
+1.3572,-27.5653
+1.3575,-27.384
+1.3579,-27.6002
+1.3583,-27.7051
+1.3588,-27.6682
+1.3592,-27.5278
+1.3595,-27.3335
+1.3599,-27.209
+1.3603,-26.9694
+1.3608,-26.9001
+1.3612,-26.7548
+1.3615,-26.6538
+1.3619,-26.552
+1.3623,-26.1783
+1.3628,-25.9943
+1.3632,-26.1782
+1.3635,-26.1364
+1.3639,-25.8598
+1.3643,-25.771
+1.3648,-25.411
+1.3652,-25.0881
+1.3662,-24.5509
+1.3665,-24.1003
+1.3668,-23.7071
+1.3672,-23.0977
+1.3675,-22.2545
+1.3679,-21.5685
+1.3683,-21.0702
+1.3688,-20.2558
+1.3691,-19.8347
+1.3695,-19.4168
+1.3699,-18.9305
+1.3703,-18.313
+1.3708,-17.7563
+1.3712,-17.1775
+1.3715,-16.69
+1.3719,-16.0643
+1.3723,-15.4615
+1.3728,-14.9427
+1.3731,-14.3468
+1.3735,-13.7328
+1.3739,-13.1206
+1.3743,-12.4277
+1.3748,-11.8036
+1.3752,-11.2591
+1.3755,-10.7695
+1.3759,-10.3728
+1.3763,-9.67186
+1.3768,-8.97057
+1.3771,-8.32381
+1.3775,-7.68128
+1.3779,-7.16037
+1.3783,-6.58898
+1.3788,-6.16094
+1.3791,-5.57009
+1.3795,-4.86578
+1.3799,-4.03046
+1.3803,-3.51648
+1.3808,-3.15667
+1.3812,-2.70333
+1.3815,-2.05237
+1.382,-1.37017
+1.3823,-0.940358
+1.3828,-0.324641
+1.3832,+0.124584
+1.3835,+0.330727
+1.3839,+0.777565
+1.3843,+1.07854
+1.3848,+1.65442
+1.3851,+2.54561
+1.3855,+2.8478
+1.3859,+3.10266
+1.3863,+3.47497
+1.3868,+3.90401
+1.3871,+4.36894
+1.3875,+5.45079
+1.3879,+5.7364
+1.3883,+6.23856
+1.3888,+6.59637
+1.3892,+6.58896
+1.3895,+7.0587
+1.3899,+7.55348
+1.3903,+8.09295
+1.3908,+8.90489
+1.3912,+9.21994
+1.3915,+9.25506
+1.3919,+9.82782
+1.3923,+10.2912
+1.3928,+10.6412
+1.3931,+11.0816
+1.3935,+11.5055
+1.3939,+11.7938
+1.3943,+11.9863
+1.3948,+11.9434
+1.3952,+12.2757
+1.3955,+12.5632
+1.3959,+12.7519
+1.3963,+12.9878
+1.3968,+13.3018
+1.3972,+13.545
+1.3975,+13.5431
+1.3979,+13.8477
+1.3983,+14.1911
+1.3988,+14.3193
+1.3992,+14.6272
+1.3995,+14.7664
+1.3999,+14.9499
+1.4003,+15.1807
+1.4008,+15.5146
+1.4011,+15.6456
+1.4015,+16.0152
+1.402,+16.1843
+1.4023,+16.3347
+1.4028,+16.4246
+1.4032,+16.6326
+1.4035,+16.5823
+1.4039,+16.4536
+1.4043,+16.4145
+1.4048,+16.3487
+1.4051,+16.3666
+1.4055,+16.2986
+1.4059,+16.1946
+1.4063,+16.2875
+1.4068,+17.3403
+1.4071,+17.1505
+1.4075,+17.3254
+1.408,+17.5759
+1.4083,+17.5536
+1.4088,+17.3445
+1.4091,+17.2406
+1.4095,+17.2084
+1.4099,+17.4264
+1.4103,+17.358
+1.4108,+17.3595
+1.4112,+17.0945
+1.4115,+17.0104
+1.4119,+16.8393
+1.4123,+16.8624
+1.4128,+16.86
+1.4131,+16.9564
+1.4135,+16.7555
+1.4139,+16.3845
+1.4143,+16.2424
+1.4148,+16.0148
+1.4151,+15.925
+1.4155,+15.7531
+1.4159,+15.5285
+1.4163,+15.3172
+1.4168,+15.002
+1.4172,+14.7189
+1.4175,+14.7226
+1.4179,+14.4592
+1.4183,+14.2407
+1.4186,+14.0128
+1.4192,+13.8728
+1.4195,+13.5767
+1.4199,+13.4939
+1.4203,+13.1531
+1.4207,+13.1049
+1.4212,+12.8844
+1.4215,+12.5992
+1.4219,+12.3774
+1.4223,+12.1563
+1.4228,+11.9033
+1.4232,+11.533
+1.4235,+11.3781
+1.4239,+10.9634
+1.4243,+10.8546
+1.4248,+10.6109
+1.4252,+10.4817
+1.4255,+10.2156
+1.4259,+10.0725
+1.4263,+9.76401
+1.4267,+9.76038
+1.4272,+9.77215
+1.4275,+9.45438
+1.4279,+9.26572
+1.4283,+9.03897
+1.4288,+8.90161
+1.4291,+8.68182
+1.4295,+8.358
+1.4299,+8.23496
+1.4303,+8.09191
+1.4308,+7.78423
+1.4312,+7.84326
+1.4315,+7.6094
+1.4319,+7.37761
+1.4324,+7.33433
+1.4328,+7.07277
+1.4331,+7.11487
+1.4335,+6.96863
+1.4339,+6.69768
+1.4343,+6.75521
+1.4348,+6.76405
+1.4352,+6.23323
+1.4355,+6.08932
+1.4359,+5.93835
+1.4363,+5.42443
+1.4367,+5.26909
+1.4372,+4.66256
+1.4375,+4.82452
+1.4379,+4.82686
+1.4383,+4.60855
+1.4386,+4.39594
+1.4392,+4.33874
+1.4395,+4.3571
+1.4399,+4.10755
+1.4403,+4.23186
+1.4408,+4.00613
+1.4411,+4.14416
+1.4415,+3.83535
+1.4419,+3.59193
+1.4423,+3.06142
+1.4428,+2.86086
+1.4432,+2.51745
+1.4435,+2.39801
+1.4439,+2.42171
+1.4443,+2.25788
+1.4446,+2.33779
+1.4451,+2.18583
+1.4455,+2.09002
+1.4459,+2.09634
+1.4463,+2.41094
+1.4468,+2.27188
+1.4472,+2.42174
+1.4475,+2.32138
+1.4479,+2.26403
+1.4483,+2.32504
+1.4487,+2.24416
+1.4492,+2.12229
+1.4495,+2.07475
+1.4499,+1.95019
+1.4503,+1.93231
+1.4507,+1.87256
+1.4512,+1.70887
+1.4515,+1.65935
+1.4519,+1.59738
+1.4523,+1.38757
+1.4527,+1.24831
+1.4531,+1.29401
+1.4535,+1.28761
+1.4539,+1.30656
+1.4543,+1.08095
+1.4547,+1.02721
+1.4552,+1.01082
+1.4555,+0.968591
+1.4559,+0.94369
+1.4563,+1.01064
+1.4566,+1.07389
+1.4572,+0.949839
+1.4575,+0.976172
+1.4579,+0.889604
+1.4583,+1.0993
+1.4586,+1.19844
+1.4592,+1.35329
+1.4595,+1.46567
+1.4599,+1.64588
+1.4603,+1.70594
+1.4607,+1.77791
+1.4612,+2.00008
+1.4615,+1.94245
+1.4619,+2.08024
+1.4623,+1.97559
+1.4628,+1.976
+1.4632,+2.01654
+1.4635,+2.03694
+1.4639,+2.05284
+1.4643,+2.10702
+1.4647,+2.2172
+1.4652,+2.37799
+1.4655,+2.43598
+1.4659,+2.56201
+1.4663,+2.74707
+1.4667,+3.09585
+1.4672,+3.41227
+1.4675,+3.5481
+1.4686,+3.85959
+1.4689,+4.0159
+1.4692,+4.22435
+1.4695,+4.26919
+1.4699,+4.58863
+1.4703,+4.79778
+1.4706,+5.11266
+1.4712,+5.25869
+1.4715,+5.41603
+1.4719,+5.68352
+1.4723,+5.87744
+1.4726,+6.12687
+1.4733,+6.43791
+1.4735,+6.74961
+1.4739,+6.95489
+1.4743,+7.19583
+1.4747,+7.32169
+1.4752,+7.52557
+1.4755,+7.58233
+1.4759,+7.85806
+1.4763,+7.92971
+1.4767,+8.08451
+1.4772,+8.22477
+1.4775,+8.42752
+1.4779,+8.77701
+1.4783,+8.95461
+1.4787,+9.32522
+1.4792,+9.69717
+1.4795,+10.0897
+1.4799,+10.2822
+1.4803,+10.5897
+1.4807,+10.9583
+1.4812,+11.1744
+1.4815,+11.4732
+1.4819,+11.6038
+1.4823,+11.9226
+1.4827,+12.0581
+1.4832,+12.1411
+1.4835,+12.3488
+1.4839,+12.6306
+1.4843,+12.8191
+1.4846,+13.1346
+1.4852,+13.243
+1.4855,+13.5551
+1.4859,+13.9339
+1.4863,+14.2732
+1.4867,+14.5551
+1.4872,+14.8295
+1.4875,+14.8861
+1.4879,+15.1196
+1.4883,+15.48
+1.4887,+15.5287
+1.4892,+15.9478
+1.4895,+16.0019
+1.4899,+16.0608
+1.4903,+16.2453
+1.4907,+16.3012
+1.4912,+16.5591
+1.4915,+16.8569
+1.4919,+17.1157
+1.4923,+17.2999
+1.4926,+17.7382
+1.4932,+17.8003
+1.4935,+18.0454
+1.4939,+18.2861
+1.4943,+18.2724
+1.4947,+18.6181
+1.4952,+18.7184
+1.4955,+19.0313
+1.4959,+19.2108
+1.4963,+19.4371
+1.4967,+19.3857
+1.4972,+19.6958
+1.4975,+19.8436
+1.4979,+19.8206
+1.4983,+20.0297
+1.4987,+20.025
+1.4992,+20.1253
+1.4995,+20.1999
+1.4999,+20.3371
+1.5003,+20.4856
+1.5007,+20.6884
+1.5012,+20.6206
+1.5015,+20.6992
+1.5019,+20.9579
+1.5023,+21.0664
+1.5027,+21.0481
+1.5032,+21.1706
+1.5037,+21.1503
+1.5039,+21.1388
+1.5043,+21.1829
+1.5047,+21.2189
+1.5052,+21.3145
+1.5055,+21.237
+1.5059,+21.2705
+1.5063,+21.2962
+1.5067,+21.497
+1.5072,+21.6128
+1.5075,+21.8006
+1.5079,+21.754
+1.5083,+21.6541
+1.5087,+21.737
+1.5092,+21.7179
+1.5095,+21.754
+1.5099,+21.7359
+1.5103,+21.7242
+1.5107,+21.6601
+1.5112,+21.5612
+1.5115,+21.5111
+1.5119,+21.6475
+1.5123,+21.1277
+1.5127,+21.0429
+1.5132,+21.2127
+1.5135,+21.3041
+1.5139,+21.2714
+1.5143,+21.2126
+1.5147,+21.2013
+1.5152,+21.1631
+1.5155,+21.1383
+1.5159,+20.8486
+1.5163,+21.352
+1.5167,+21.1466
+1.5172,+20.441
+1.5175,+20.2501
+1.5179,+20.2396
+1.5183,+20.171
+1.5187,+19.6652
+1.5192,+19.0444
+1.5195,+18.8422
+1.5199,+18.7829
+1.5203,+18.172
+1.5207,+17.8421
+1.5212,+18.2515
+1.5215,+18.2556
+1.5219,+18.1114
+1.5223,+18.0123
+1.5227,+18.2185
+1.5232,+18.4958
+1.5235,+18.3236
+1.5239,+18.3161
+1.5243,+18.6114
+1.5247,+18.685
+1.5252,+18.4813
+1.5255,+17.9121
+1.5259,+17.2118
+1.5263,+17.133
+1.5267,+17.019
+1.5272,+16.888
+1.5275,+16.8122
+1.5279,+16.623
+1.5283,+16.4919
+1.5287,+16.478
+1.5292,+16.2737
+1.5295,+16.4675
+1.5299,+16.898
+1.5303,+16.6515
+1.5307,+16.4694
+1.5312,+15.9757
+1.5315,+15.6523
+1.5319,+15.5217
+1.5323,+15.3362
+1.5327,+14.5685
+1.5332,+14.3775
+1.5335,+14.0845
+1.534,+13.8482
+1.5344,+13.6316
+1.5347,+13.4568
+1.5352,+13.1492
+1.5355,+12.9744
+1.5359,+12.3819
+1.5363,+11.6599
+1.5367,+11.8652
+1.5372,+11.2766
+1.5375,+10.7826
+1.5379,+10.1365
+1.5383,+9.39502
+1.5388,+9.25166
+1.5392,+9.5715
+1.5395,+9.32199
+1.5399,+9.05439
+1.5403,+9.21086
+1.5407,+9.14522
+1.5412,+8.89976
+1.5415,+9.0443
+1.5419,+8.77716
+1.5423,+9.0184
+1.5427,+8.64028
+1.5432,+8.14063
+1.5435,+7.92508
+1.5439,+7.9503
+1.5443,+7.81338
+1.5447,+7.42768
+1.5452,+7.65179
+1.5455,+7.19161
+1.5459,+7.28771
+1.5463,+6.97329
+1.5467,+6.7686
+1.5472,+6.68897
+1.5475,+6.52062
+1.5479,+6.26081
+1.5483,+6.08919
+1.5487,+5.6644
+1.5492,+5.30057
+1.5495,+5.29455
+1.5499,+5.16924
+1.5503,+4.89752
+1.5507,+4.73512
+1.5512,+4.45884
+1.5515,+4.26617
+1.5519,+4.13861
+1.5523,+3.69342
+1.5527,+3.66416
+1.5532,+3.47068
+1.5535,+3.22915
+1.5539,+2.9284
+1.5543,+2.79325
+1.5547,+2.49292
+1.5552,+2.27949
+1.5555,+1.90338
+1.5559,+1.48601
+1.5563,+1.34546
+1.5567,+1.07376
+1.5572,+0.772758
+1.5575,+0.419909
+1.5579,-0.00250757
+1.5583,-0.262962
+1.5587,-0.585028
+1.5592,-0.856743
+1.5596,-1.05526
+1.5599,-1.27222
+1.5603,-1.43129
+1.5607,-1.54145
+1.5612,-1.82835
+1.5615,-2.01978
+1.5619,-2.17066
+1.5623,-2.44284
+1.5627,-2.77355
+1.5632,-3.01701
+1.5635,-3.27066
+1.5639,-3.51331
+1.5645,-3.88269
+1.5648,-4.13717
+1.5652,-4.23829
+1.5655,-4.52937
+1.5659,-4.59433
+1.5663,-4.77047
+1.5667,-4.80374
+1.5672,-4.90684
+1.5675,-5.05238
+1.5679,-5.2306
+1.5683,-5.50618
+1.5687,-5.87924
+1.5692,-6.17016
+1.5695,-6.40908
+1.5699,-6.71912
+1.571,-6.91254
+1.5713,-7.16026
+1.5716,-7.50497
+1.5719,-7.83932
+1.5723,-8.07448
+1.5727,-8.13528
+1.5732,-8.3044
+1.5735,-8.4187
+1.5739,-8.47414
+1.5743,-8.75184
+1.5747,-8.857
+1.5752,-9.00655
+1.5755,-9.18888
+1.5759,-9.24785
+1.5763,-9.3663
+1.5767,-9.56685
+1.5772,-9.70211
+1.5775,-9.8677
+1.5779,-10.0395
+1.5783,-10.2465
+1.5787,-10.5168
+1.5792,-10.6935
+1.5795,-10.8164
+1.5799,-10.9859
+1.5803,-11.1966
+1.5807,-11.3033
+1.5812,-11.4574
+1.5815,-11.6184
+1.5819,-11.8969
+1.5823,-11.9185
+1.5827,-12.0698
+1.5832,-12.2786
+1.5835,-12.4089
+1.5839,-12.6024
+1.5844,-12.5546
+1.5848,-12.7784
+1.5852,-12.8785
+1.5855,-12.9502
+1.5859,-12.992
+1.5863,-13.125
+1.5867,-13.1885
+1.5872,-13.2727
+1.5875,-13.2138
+1.5879,-13.314
+1.5883,-13.5165
+1.5887,-13.624
+1.5892,-13.6855
+1.5895,-13.9219
+1.5899,-14.0254
+1.5903,-14.1968
+1.5907,-14.3637
+1.5912,-14.5181
+1.5915,-14.7217
+1.5919,-14.7889
+1.5923,-14.9082
+1.5927,-14.9238
+1.5932,-14.9947
+1.5935,-14.9692
+1.5939,-14.9306
+1.5943,-14.9695
+1.5947,-14.917
+1.5952,-14.913
+1.5955,-15.074
+1.5959,-15.0468
+1.5963,-15.0479
+1.5967,-15.1019
+1.5972,-15.1137
+1.5975,-15.1216
+1.5979,-15.3275
+1.5983,-15.2966
+1.5987,-15.4496
+1.5992,-15.4534
+1.5995,-15.3358
+1.5999,-15.41
+1.6003,-15.4381
+1.6007,-15.4742
+1.6012,-15.6226
+1.6015,-15.7972
+1.6019,-15.6984
+1.6023,-15.7718
+1.6027,-15.912
+1.6032,-15.9948
+1.6035,-16.0032
+1.6039,-16.1184
+1.6043,-16.0804
+1.6047,-15.9289
+1.6052,-15.9254
+1.6055,-15.7925
+1.6059,-15.9097
+1.6063,-15.8076
+1.6067,-15.6428
+1.6072,-15.5475
+1.6076,-15.8434
+1.6079,-15.6738
+1.6083,-15.6876
+1.6087,-15.8068
+1.6092,-15.6869
+1.6095,-15.658
+1.6099,-15.69
+1.6103,-15.729
+1.6107,-15.7529
+1.6112,-15.7087
+1.6115,-15.5383
+1.6119,-15.5537
+1.6123,-15.5878
+1.6127,-15.7093
+1.6132,-15.7028
+1.6135,-15.6023
+1.6139,-15.4529
+1.6143,-15.3938
+1.6148,-15.3398
+1.6152,-15.4518
+1.6155,-15.6073
+1.6159,-15.5575
+1.6163,-15.537
+1.6167,-15.3965
+1.6172,-15.3151
+1.6175,-15.4565
+1.6179,-15.4943
+1.6183,-15.4072
+1.6187,-15.4075
+1.6192,-15.1994
+1.6195,-15.0098
+1.6199,-14.9699
+1.6203,-14.8517
+1.6207,-14.8319
+1.6212,-14.8032
+1.6215,-14.6338
+1.6219,-14.4614
+1.6223,-14.4558
+1.6227,-14.364
+1.6232,-14.4529
+1.6235,-14.6133
+1.6239,-14.599
+1.6243,-14.4806
+1.6247,-14.3806
+1.6252,-14.3131
+1.6255,-14.263
+1.6259,-14.247
+1.6263,-14.2747
+1.6267,-14.1162
+1.6272,-13.7841
+1.6275,-13.658
+1.6279,-13.6885
+1.6283,-13.6271
+1.6287,-13.4334
+1.6292,-13.4708
+1.6295,-13.39
+1.6299,-13.3046
+1.6303,-13.0373
+1.6307,-13.0292
+1.6312,-13.1546
+1.6315,-12.896
+1.6319,-12.6603
+1.6323,-12.5571
+1.6327,-12.4132
+1.6332,-12.2835
+1.6335,-12.275
+1.6339,-11.9981
+1.6343,-12.0553
+1.6347,-11.9554
+1.6352,-11.8532
+1.6355,-11.8737
+1.6359,-11.9053
+1.6363,-11.9232
+1.6367,-12.0106
+1.6372,-11.9816
+1.6375,-11.7886
+1.6379,-11.6994
+1.6383,-11.6059
+1.6387,-11.3664
+1.6392,-11.1044
+1.6395,-10.7313
+1.6399,-10.5478
+1.6403,-10.4718
+1.6407,-10.3663
+1.6412,-10.0102
+1.6415,-9.94964
+1.6419,-9.8461
+1.6423,-9.68005
+1.6427,-9.78814
+1.6432,-9.78098
+1.6435,-9.82812
+1.6439,-9.71486
+1.6443,-9.41635
+1.6447,-9.25429
+1.6452,-9.2101
+1.6455,-9.11419
+1.6459,-9.17034
+1.6463,-8.87715
+1.6467,-8.5363
+1.6472,-8.3309
+1.6475,-8.19882
+1.6479,-8.08199
+1.6483,-8.33025
+1.6487,-8.09421
+1.6492,-8.02645
+1.6496,-7.89745
+1.6499,-7.68721
+1.6503,-7.69837
+1.6507,-7.46039
+1.6512,-7.2881
+1.6515,-7.27844
+1.6519,-6.92733
+1.6523,-6.50008
+1.6527,-6.54841
+1.6532,-6.31359
+1.6535,-5.95834
+1.6539,-6.02499
+1.6543,-5.94789
+1.6547,-6.10093
+1.6552,-6.05608
+1.6555,-5.99212
+1.6559,-6.16757
+1.6563,-5.94518
+1.6567,-5.93475
+1.6572,-6.01617
+1.6575,-6.25517
+1.6579,-5.95505
+1.6583,-5.77039
+1.6587,-5.69702
+1.6592,-5.55982
+1.6595,-5.4684
+1.6599,-5.21011
+1.6603,-5.24173
+1.6607,-4.81967
+1.6612,-4.49523
+1.6615,-4.3084
+1.6619,-4.19361
+1.6623,-4.1749
+1.6627,-4.09079
+1.6632,-4.20432
+1.6635,-4.0113
+1.6639,-4.19589
+1.6643,-4.21077
+1.6647,-4.02527
+1.6652,-3.94394
+1.6655,-3.87693
+1.6659,-3.82597
+1.6663,-3.70311
+1.6667,-3.51935
+1.6672,-3.00542
+1.6675,-2.8017
+1.6679,-2.37747
+1.6683,-2.14315
+1.6687,-2.24286
+1.6692,-2.06794
+1.6695,-1.90769
+1.6699,-1.80135
+1.6703,-1.70997
+1.6707,-1.43763
+1.6712,-1.58322
+1.6716,-1.4848
+1.6719,-1.4168
+1.6723,-1.31071
+1.6734,-1.18253
+1.6737,-1.25319
+1.6739,-1.03514
+1.6743,-1.00786
+1.6747,-0.908869
+1.6752,-0.958034
+1.6756,-0.731797
+1.6759,-0.682751
+1.6763,-0.516176
+1.6767,-0.375019
+1.6772,-0.257839
+1.6775,-0.0493114
+1.6779,+0.179871
+1.6783,+0.492095
+1.6787,+0.783086
+1.6792,+1.00234
+1.6795,+1.11028
+1.6799,+1.34861
+1.6803,+1.45841
+1.6807,+1.65868
+1.6812,+1.75477
+1.6815,+1.76095
+1.6819,+1.80974
+1.6823,+1.89268
+1.6827,+1.89355
+1.6832,+1.93843
+1.6835,+1.90074
+1.6839,+1.90462
+1.6843,+2.06237
+1.6847,+2.20513
+1.685,+2.17704
+1.6855,+2.35078
+1.686,+2.44977
+1.6863,+2.56334
+1.6867,+2.69067
+1.6872,+2.92042
+1.6875,+3.1766
+1.6879,+3.25674
+1.6883,+3.19621
+1.6887,+3.21187
+1.689,+3.51961
+1.6895,+3.66904
+1.6899,+3.76542
+1.6903,+3.83638
+1.6907,+3.95488
+1.691,+3.92205
+1.6916,+3.87738
+1.6919,+4.10136
+1.6923,+4.21436
+1.6927,+4.29366
+1.693,+4.42281
+1.6935,+4.48623
+1.6939,+4.56304
+1.6943,+4.71745
+1.6947,+4.77125
+1.6952,+4.94134
+1.6956,+5.14097
+1.6959,+5.11516
+1.6963,+5.21144
+1.6967,+5.22229
+1.6972,+5.25697
+1.6975,+5.38722
+1.6979,+5.42721
+1.6983,+5.38123
+1.6987,+5.42636
+1.6992,+5.49184
+1.6995,+5.64571
+1.6999,+5.93559
+1.7003,+6.08008
+1.7007,+6.27515
+1.701,+6.49035
+1.7015,+6.60926
+1.7019,+6.76319
+1.7023,+6.96955
+1.7027,+7.0528
+1.7032,+7.08245
+1.7035,+7.00765
+1.7039,+6.92659
+1.7043,+7.06637
+1.7047,+7.18137
+1.705,+7.18079
+1.7056,+7.27195
+1.7059,+7.37697
+1.7063,+7.43677
+1.7067,+7.56695
+1.7072,+7.66063
+1.7075,+7.82616
+1.7079,+8.01321
+1.7083,+8.08026
+1.7087,+8.18997
+1.709,+8.38485
+1.7095,+8.45149
+1.7099,+8.59005
+1.7103,+8.56716
+1.7107,+8.66191
+1.7112,+8.80817
+1.7116,+8.96345
+1.7119,+9.03986
+1.7123,+9.16017
+1.7127,+9.24656
+1.7132,+9.17994
+1.7135,+9.16867
+1.7139,+9.06926
+1.7143,+9.35165
+1.7147,+9.53573
+1.715,+9.66398
+1.7155,+9.65072
+1.7159,+9.69751
+1.7163,+9.74324
+1.7167,+9.70295
+1.7172,+9.78226
+1.7175,+9.88336
+1.7179,+9.98499
+1.7183,+9.99958
+1.7187,+10.1016
+1.7192,+10.1627
+1.7195,+10.2955
+1.7199,+10.2938
+1.7203,+10.3299
+1.7207,+10.5504
+1.721,+10.5667
+1.7215,+10.6565
+1.7219,+10.6879
+1.7223,+10.7168
+1.7227,+10.6117
+1.7231,+10.4836
+1.7235,+10.4044
+1.7239,+10.4139
+1.7243,+10.4084
+1.7247,+10.3649
+1.725,+10.4435
+1.7255,+10.3999
+1.7259,+10.4672
+1.7263,+10.6083
+1.7267,+10.7876
+1.7272,+10.8784
+1.7276,+11.0884
+1.7279,+11.318
+1.7283,+11.4166
+1.7287,+11.3837
+1.729,+11.4912
+1.7295,+11.5385
+1.7299,+11.7163
+1.7303,+11.6818
+1.7307,+11.6032
+1.731,+11.7439
+1.7316,+11.801
+1.7319,+11.7374
+1.7323,+11.73
+1.7327,+11.9635
+1.7331,+12.0027
+1.7336,+12.015
+1.7339,+11.974
+1.7343,+12.0405
+1.7347,+12.2037
+1.7352,+12.197
+1.7355,+12.2188
+1.7359,+12.2965
+1.7364,+12.4503
+1.7367,+12.3979
+1.737,+12.4618
+1.7376,+12.6208
+1.7379,+12.7866
+1.7383,+12.7939
+1.7387,+12.7693
+1.7391,+12.9527
+1.7396,+12.9859
+1.74,+13.0179
+1.7403,+13.0673
+1.7407,+13.1376
+1.7411,+13.0721
+1.7416,+13.1939
+1.742,+13.1375
+1.7423,+13.1094
+1.7427,+13.0648
+1.7432,+13.0019
+1.7436,+12.902
+1.744,+12.8174
+1.7443,+12.8718
+1.7447,+12.8217
+1.7451,+12.835
+1.7456,+12.761
+1.746,+12.8329
+1.7463,+12.908
+1.7467,+13.037
+1.7472,+13.134
+1.7476,+13.2037
+1.748,+13.3569
+1.7483,+13.2592
+1.7487,+13.2181
+1.7492,+13.3801
+1.7496,+13.2674
+1.75,+13.1797
+1.7503,+13.2291
+1.7507,+13.3305
+1.7512,+13.3477
+1.7516,+13.5026
+1.7519,+13.6049
+1.7523,+13.7197
+1.7527,+13.8602
+1.7531,+13.878
+1.7536,+14.0975
+1.754,+14.1891
+1.7543,+14.2619
+1.7547,+14.2546
+1.7551,+14.2127
+1.7556,+14.1009
+1.756,+14.1399
+1.7563,+14.1948
+1.7567,+14.1981
+1.7572,+14.1487
+1.7576,+14.0134
+1.758,+14.0902
+1.7583,+14.0216
+1.7587,+13.9179
+1.7592,+13.9423
+1.7596,+14.0199
+1.76,+13.911
+1.7603,+13.8807
+1.7607,+13.8387
+1.7611,+13.8231
+1.7616,+13.8271
+1.7619,+13.726
+1.7623,+13.7645
+1.7627,+13.7643
+1.7631,+13.6946
+1.7636,+13.5608
+1.764,+13.4948
+1.7643,+13.5972
+1.7647,+13.698
+1.7651,+13.716
+1.7656,+13.7833
+1.766,+13.8564
+1.7663,+13.8507
+1.7668,+13.7959
+1.7671,+13.8184
+1.7676,+13.8863
+1.7679,+13.9888
+1.7683,+13.8107
+1.7687,+13.8192
+1.7705,+13.8701
+1.7707,+14.0149
+1.771,+13.9298
+1.7712,+14.0372
+1.7716,+14.2456
+1.7719,+14.3891
+1.7723,+14.3272
+1.7727,+14.3277
+1.7731,+14.4178
+1.7736,+14.7221
+1.774,+14.6323
+1.7743,+14.7932
+1.7747,+15.0196
+1.7758,+14.7454
+1.776,+14.6813
+1.7763,+14.6645
+1.7767,+14.7534
+1.7772,+15.0243
+1.7776,+14.9923
+1.778,+14.5876
+1.7783,+14.7984
+1.7787,+14.8883
+1.7791,+14.6591
+1.7796,+14.8681
+1.78,+14.764
+1.7804,+14.8517
+1.7807,+15.2013
+1.7811,+14.8773
+1.7816,+14.7659
+1.782,+14.8549
+1.7823,+14.7051
+1.7827,+14.3825
+1.7831,+14.3649
+1.7836,+14.5135
+1.7839,+14.5687
+1.7843,+14.4306
+1.7847,+14.3753
+1.7852,+14.3821
+1.7857,+14.4812
+1.7862,+14.3879
+1.7865,+14.381
+1.787,+14.4252
+1.7876,+14.5147
+1.7878,+14.3535
+1.788,+14.6104
+1.7883,+14.6065
+1.7887,+14.4234
+1.7891,+14.9586
+1.7896,+14.9326
+1.7899,+15.41
+1.7903,+15.8048
+1.7907,+16.0625
+1.7911,+16.1848
+1.7916,+16.1096
+1.792,+16.2974
+1.7923,+16.3052
+1.7927,+16.1365
+1.7931,+15.9851
+1.7936,+16.3909
+1.794,+16.2543
+1.7943,+15.8256
+1.7947,+15.6525
+1.7951,+15.4373
+1.7956,+15.456
+1.796,+15.1778
+1.7963,+15.1024
+1.7967,+15.1751
+1.797,+14.7883
+1.7976,+14.4411
+1.7979,+14.3117
+1.7983,+14.7557
+1.7987,+14.8859
+1.7991,+15.3208
+1.7996,+15.6653
+1.7999,+15.8925
+1.8003,+15.9888
+1.8007,+16.2585
+1.8011,+16.4802
+1.8016,+16.4635
+1.8019,+16.157
+1.8023,+15.8239
+1.8027,+15.914
+1.8031,+15.4189
+1.8032,+15.3329
+1.8036,+14.8713
+1.8039,+14.7304
+1.8043,+14.8169
+1.8047,+14.619
+1.8051,+14.5961
+1.8056,+15.094
+1.8059,+15.3848
+1.8063,+14.8722
+1.8067,+15.2954
+1.8071,+15.02
+1.8076,+15.5611
+1.8079,+15.7021
+1.8083,+15.2492
+1.8087,+15.6134
+1.809,+15.7033
+1.8096,+15.6954
+1.8099,+15.7304
+1.8103,+16.1147
+1.8107,+16.0409
+1.8111,+16.4006
+1.8116,+16.2427
+1.8119,+16.2867
+1.8123,+16.2793
+1.8127,+15.9252
+1.8131,+16.2603
+1.8136,+16.1287
+1.8139,+15.6402
+1.8143,+15.7982
+1.8147,+15.4479
+1.8151,+15.4616
+1.8156,+15.1023
+1.8159,+14.9269
+1.8163,+15.3746
+1.8167,+15.232
+1.817,+14.7402
+1.8176,+14.4239
+1.8179,+14.4461
+1.8183,+13.9777
+1.8187,+14.0343
+1.8191,+14.0839
+1.8196,+14.1464
+1.8199,+14.5248
+1.8203,+14.1654
+1.8207,+14.2134
+1.8211,+14.5598
+1.8216,+15.0518
+1.8219,+15.1551
+1.8223,+15.0559
+1.8227,+15.0114
+1.8231,+14.4597
+1.8236,+14.3775
+1.8239,+14.186
+1.8243,+14.2588
+1.8247,+14.4017
+1.8251,+14.4556
+1.8256,+14.435
+1.8259,+14.6164
+1.8263,+15.0895
+1.8267,+15.4226
+1.8271,+15.913
+1.8276,+16.4242
+1.8279,+16.1591
+1.8283,+16.4381
+1.8287,+16.3366
+1.8291,+15.9228
+1.8296,+15.8396
+1.8299,+15.8178
+1.8303,+15.9067
+1.8307,+15.743
+1.8311,+15.6508
+1.8316,+15.5474
+1.8319,+15.6004
+1.8323,+15.4711
+1.8327,+15.8062
+1.8331,+16.1144
+1.8336,+16.1005
+1.8339,+16.1627
+1.8343,+15.6887
+1.8347,+15.9016
+1.8351,+15.5815
+1.8356,+15.5734
+1.8359,+15.9692
+1.8363,+15.7345
+1.8367,+15.3116
+1.837,+15.5281
+1.8376,+15.577
+1.8379,+15.6366
+1.8383,+16.0991
+1.8387,+16.3071
+1.8391,+16.7068
+1.8396,+16.8618
+1.8399,+16.9726
+1.8403,+17.0027
+1.8407,+17.1773
+1.8411,+16.7864
+1.8416,+16.5487
+1.8419,+16.283
+1.8423,+16.3189
+1.8427,+16.1357
+1.8431,+16.0421
+1.8436,+15.6946
+1.8439,+15.6549
+1.8443,+16.1088
+1.8447,+16.1141
+1.8451,+16.672
+1.8456,+16.923
+1.8459,+17.2823
+1.8463,+17.1745
+1.8467,+17.2062
+1.8471,+17.4412
+1.8476,+17.6052
+1.8479,+17.0503
+1.8483,+16.9267
+1.8487,+17.1739
+1.8491,+16.8978
+1.8496,+16.5769
+1.8499,+16.1002
+1.8503,+15.6548
+1.8507,+15.6114
+1.8511,+15.4569
+1.8516,+15.0728
+1.8519,+15.6779
+1.8523,+15.7382
+1.8527,+15.8342
+1.8531,+15.3354
+1.8536,+15.239
+1.8539,+15.5876
+1.8543,+15.5957
+1.8547,+15.6117
+1.8551,+15.7089
+1.8556,+15.8135
+1.8559,+15.3761
+1.8563,+15.4544
+1.8567,+14.926
+1.8571,+15.3791
+1.8576,+15.8045
+1.8579,+15.8563
+1.8583,+16.282
+1.8587,+16.2886
+1.8591,+16.3045
+1.8596,+16.1509
+1.8599,+16.0153
+1.8603,+15.5203
+1.8607,+15.6107
+1.8611,+15.1977
+1.8616,+14.7409
+1.8619,+14.2505
+1.8623,+14.2434
+1.8627,+13.7807
+1.8631,+13.1294
+1.8636,+13.0874
+1.8639,+13.4238
+1.8643,+13.8501
+1.8647,+14.3565
+1.8651,+14.8504
+1.8656,+15.3139
+1.8659,+15.7504
+1.8663,+15.7573
+1.8667,+15.7898
+1.8671,+16.4397
+1.8676,+16.4818
+1.8679,+16.1535
+1.8683,+15.5868
+1.8687,+14.9882
+1.8691,+15.0221
+1.8696,+14.6782
+1.8699,+14.6992
+1.8703,+14.7417
+1.8707,+14.6678
+1.8711,+14.1686
+1.8716,+14.6259
+1.8719,+15.1437
+1.8723,+15.7302
+1.8727,+16.2683
+1.8731,+16.1656
+1.8736,+16.0049
+1.8739,+16.0197
+1.8743,+15.9676
+1.8747,+16.4873
+1.8751,+16.7521
+1.8756,+16.843
+1.8759,+16.7912
+1.8763,+16.2832
+1.8767,+15.6625
+1.8771,+15.2298
+1.8782,+15.6371
+1.8785,+15.4632
+1.8788,+15.2894
+1.8791,+14.8195
+1.8796,+14.5785
+1.8799,+14.0739
+1.8803,+13.6321
+1.8807,+13.5272
+1.8811,+13.5117
+1.8816,+13.5428
+1.8819,+13.6101
+1.8823,+13.3569
+1.8827,+13.4015
+1.8831,+13.2572
+1.8836,+13.4567
+1.8839,+13.7821
+1.8843,+13.7649
+1.8847,+13.7788
+1.8851,+14.2551
+1.8856,+14.1985
+1.8859,+13.5762
+1.8863,+13.8075
+1.8867,+13.4223
+1.8871,+14.0419
+1.8876,+14.1442
+1.8879,+14.1308
+1.8883,+14.6995
+1.8887,+14.7782
+1.8891,+14.9335
+1.8896,+15.4424
+1.8899,+15.4938
+1.8903,+15.1639
+1.8907,+15.2237
+1.8911,+14.723
+1.8916,+14.6699
+1.8919,+14.249
+1.8923,+13.5791
+1.8927,+14.0109
+1.8931,+13.8473
+1.8936,+13.8185
+1.8939,+13.898
+1.8943,+14.3865
+1.8947,+14.9261
+1.8951,+15.2905
+1.8956,+15.019
+1.8959,+15.0682
+1.8963,+15.6367
+1.8967,+15.6503
+1.8971,+15.2403
+1.8976,+15.1589
+1.8979,+15.0778
+1.8983,+14.6325
+1.8987,+14.0156
+1.8991,+14.0315
+1.8996,+13.989
+1.8999,+14.5439
+1.9003,+14.0066
+1.9007,+13.4284
+1.9011,+13.4204
+1.9016,+13.112
+1.9019,+13.1588
+1.9023,+13.1573
+1.9027,+13.4949
+1.9031,+13.5289
+1.9036,+13.4686
+1.9039,+12.8574
+1.9043,+12.8568
+1.9047,+13.4126
+1.9051,+14.0265
+1.9054,+14.2834
+1.9059,+14.2113
+1.9063,+14.1995
+1.9067,+14.0162
+1.9071,+13.6857
+1.9076,+14.0762
+1.9079,+14.092
+1.9083,+14.0521
+1.9088,+13.5914
+1.9091,+13.512
+1.9096,+13.1488
+1.9099,+13.8475
+1.9103,+13.8501
+1.9107,+14.1812
+1.9111,+14.0822
+1.9116,+14.2311
+1.9119,+14.786
+1.9123,+15.5164
+1.9127,+15.495
+1.9131,+15.0624
+1.9134,+15.0199
+1.914,+14.5099
+1.9143,+14.5142
+1.9147,+14.0394
+1.9151,+14.5704
+1.9156,+14.0335
+1.9159,+14.0073
+1.9163,+13.7599
+1.9167,+13.7127
+1.9171,+14.1764
+1.9174,+14.2248
+1.9179,+14.6835
+1.9183,+15.0799
+1.9187,+15.1431
+1.9191,+14.6076
+1.9196,+14.9327
+1.9199,+15.0395
+1.9203,+15.1901
+1.9207,+15.1958
+1.9211,+14.6677
+1.9216,+14.6684
+1.9219,+14.1232
+1.9223,+14.1379
+1.9227,+14.4701
+1.9231,+14.9459
+1.9234,+14.9909
+1.924,+14.3988
+1.9243,+14.2468
+1.9247,+14.316
+1.9251,+14.8241
+1.9254,+15.3225
+1.9259,+15.5867
+1.9263,+15.0707
+1.9267,+15.157
+1.9271,+15.0568
+1.9274,+15.1173
+1.9279,+15.4921
+1.9283,+15.4509
+1.9287,+15.9394
+1.9291,+15.5016
+1.9296,+15.434
+1.9299,+15.576
+1.9303,+16.1458
+1.9307,+15.6481
+1.9311,+15.6233
+1.9314,+15.2581
+1.9319,+15.2699
+1.9323,+15.3167
+1.9327,+15.2175
+1.9331,+15.1289
+1.9334,+14.6532
+1.934,+14.6728
+1.9343,+14.6351
+1.9347,+14.6469
+1.9351,+14.6899
+1.9354,+14.6225
+1.9359,+14.659
+1.9363,+14.6304
+1.9367,+14.6027
+1.9371,+14.9774
+1.9374,+15.5007
+1.9379,+15.063
+1.9383,+15.0301
+1.9387,+15.0457
+1.9392,+14.6317
+1.9396,+15.0999
+1.9399,+15.1219
+1.9403,+15.1883
+1.9407,+14.7276
+1.9411,+14.8262
+1.9414,+14.8154
+1.9419,+15.3316
+1.9423,+15.1759
+1.9427,+15.116
+1.9431,+15.5402
+1.9434,+15.4417
+1.944,+15.272
+1.9443,+14.7618
+1.9447,+15.2539
+1.9451,+15.2877
+1.9454,+15.2504
+1.9459,+15.1855
+1.9463,+15.2012
+1.9467,+15.7479
+1.9471,+15.6976
+1.9474,+15.8754
+1.9479,+16.1328
+1.9483,+16.5054
+1.9487,+16.2109
+1.9491,+16.2066
+1.9496,+16.3444
+1.9499,+15.8692
+1.9503,+15.9859
+1.9507,+16.0921
+1.9511,+16.152
+1.9514,+15.9682
+1.9519,+15.955
+1.9523,+15.9691
+1.9527,+16.2199
+1.9531,+16.1147
+1.9534,+15.4636
+1.954,+15.9712
+1.9543,+15.9177
+1.9547,+15.661
+1.9551,+15.2535
+1.9554,+15.2944
+1.9559,+14.79
+1.9563,+14.8605
+1.9567,+14.9083
+1.9571,+14.9939
+1.9574,+15.4681
+1.958,+15.4348
+1.9583,+15.0421
+1.9587,+15.2626
+1.9591,+15.7456
+1.9594,+15.3407
+1.9599,+15.8293
+1.9603,+15.3446
+1.9607,+15.231
+1.9611,+15.1001
+1.9614,+15.0421
+1.9619,+14.9943
+1.9623,+15.5008
+1.9627,+15.3553
+1.9631,+15.1504
+1.9634,+14.9947
+1.964,+14.8763
+1.9643,+15.3552
+1.9647,+14.9082
+1.9651,+14.8107
+1.9654,+14.8581
+1.9659,+14.403
+1.9663,+14.3313
+1.9667,+14.1916
+1.9671,+14.2758
+1.9674,+14.3956
+1.9679,+14.5056
+1.9683,+14.4925
+1.9687,+14.9054
+1.9691,+14.8834
+1.9696,+14.3426
+1.9699,+14.3757
+1.9703,+13.8655
+1.9707,+13.9224
+1.9711,+13.8903
+1.9714,+14.3419
+1.9719,+14.1355
+1.9723,+14.2048
+1.9727,+14.1891
+1.9731,+14.2029
+1.9734,+14.6451
+1.974,+15.0919
+1.9743,+15.4777
+1.9747,+15.407
+1.9751,+15.4551
+1.9754,+15.2953
+1.9759,+14.8692
+1.9763,+14.8501
+1.9767,+14.8686
+1.9771,+14.9863
+1.9774,+14.9454
+1.9779,+14.3943
+1.9783,+14.4027
+1.9787,+14.0506
+1.9791,+14.0158
+1.9794,+14.2008
+1.9806,+14.7461
+1.9808,+14.5937
+1.9811,+14.5648
+1.9814,+14.0745
+1.9819,+13.6251
+1.9823,+14.0607
+1.9827,+14.0582
+1.9831,+14.4513
+1.9834,+13.9704
+1.984,+13.702
+1.9843,+13.4498
+1.9847,+13.3785
+1.9851,+12.974
+1.9854,+13.342
+1.9859,+13.8116
+1.9863,+13.7877
+1.9867,+13.4282
+1.9871,+12.9527
+1.9874,+13.4797
+1.9879,+13.4952
+1.9883,+13.6565
+1.9887,+13.8237
+1.9891,+14.1579
+1.9894,+14.0703
+1.9899,+14.1409
+1.9903,+14.0822
+1.9907,+14.0623
+1.9911,+14.5047
+1.9914,+14.4176
+1.9919,+14.5126
+1.9923,+14.5213
+1.9927,+14.4974
+1.9931,+14.1446
+1.9934,+14.3425
+1.9939,+14.2423
+1.9943,+14.3136
+1.9947,+14.604
+1.9951,+14.6652
+1.9954,+14.6007
+1.9959,+14.4869
+1.9963,+14.4204
+1.9967,+14.4059
+1.9971,+14.7571
+1.9974,+14.7179
+1.9979,+14.8003
+1.9983,+14.8033
+1.9987,+13.3987
+1.9991,+11.8632
+1.9994,+10.4182
+1.9999,+9.02777
