+0,-8.05589
+0.0004,-9.63149
+0.0007,-11.0876
+0.0011,-12.6811
+0.0016,-14.3506
+0.002,-16.0526
+0.0024,-16.0475
+0.0027,-16.023
+0.0031,-16.0924
+0.0036,-16.1753
+0.004,-16.1327
+0.0044,-16.0804
+0.0047,-16.2401
+0.0051,-16.2107
+0.0056,-16.0441
+0.006,-15.9993
+0.0064,-16.0082
+0.0067,-16.2324
+0.0071,-16.2054
+0.0076,-16.2251
+0.008,-16.222
+0.0084,-16.3059
+0.0088,-16.421
+0.0091,-16.5092
+0.0097,-16.6737
+0.01,-17.168
+0.0104,-17.1777
+0.0108,-17.244
+0.0111,-17.3595
+0.0116,-17.3023
+0.012,-17.3384
+0.0124,-17.3786
+0.0127,-17.3168
+0.0131,-17.4417
+0.0136,-17.5368
+0.014,-17.2156
+0.0144,-17.3397
+0.0147,-17.4247
+0.0151,-17.4713
+0.0156,-17.6246
+0.016,-17.8052
+0.0164,-17.9662
+0.0167,-18.077
+0.0171,-18.1076
+0.0176,-18.6836
+0.018,-18.6149
+0.0184,-18.7847
+0.0187,-18.7932
+0.0191,-18.8426
+0.0196,-18.8902
+0.02,-18.8704
+0.0204,-18.9442
+0.0207,-19.116
+0.0211,-19.1323
+0.0216,-18.7054
+0.022,-18.7969
+0.0224,-18.7493
+0.0227,-19.3032
+0.0231,-19.4312
+0.0236,-19.5157
+0.024,-19.4078
+0.0244,-19.4482
+0.0247,-19.3455
+0.0251,-19.4367
+0.0256,-19.4033
+0.026,-19.5485
+0.0264,-19.5417
+0.0267,-19.0059
+0.0271,-18.9943
+0.0276,-19.02
+0.028,-19.3194
+0.0284,-19.4078
+0.0287,-19.5426
+0.0291,-20.201
+0.0296,-20.3904
+0.03,-20.468
+0.0304,-20.6725
+0.0307,-20.8309
+0.0311,-20.8794
+0.0316,-20.9723
+0.032,-21.0266
+0.0324,-21.1256
+0.0328,-21.2605
+0.0331,-20.9035
+0.0336,-20.9143
+0.034,-20.9426
+0.0344,-20.9478
+0.0347,-21.1554
+0.0351,-21.2661
+0.0356,-21.4082
+0.036,-21.5581
+0.0364,-21.6386
+0.0368,-21.7476
+0.0371,-21.7143
+0.0376,-21.9148
+0.038,-22.6499
+0.0384,-22.8824
+0.0388,-22.8713
+0.0391,-22.9395
+0.0396,-23.0236
+0.0401,-23.1625
+0.0404,-23.2818
+0.0408,-23.9477
+0.0411,-24.0984
+0.0416,-24.7313
+0.042,-24.3087
+0.0424,-24.3372
+0.0427,-24.4149
+0.0431,-24.6247
+0.0436,-24.7248
+0.044,-24.6617
+0.0444,-24.7495
+0.0447,-24.2876
+0.0451,-24.2264
+0.0456,-23.7828
+0.046,-23.7949
+0.0464,-23.9408
+0.0467,-24.0228
+0.0471,-24.1895
+0.0476,-24.3382
+0.048,-24.4635
+0.0484,-24.6091
+0.0488,-24.7169
+0.0491,-25.0209
+0.0496,-25.004
+0.05,-25.1188
+0.0504,-25.1119
+0.0507,-25.4197
+0.0511,-25.3705
+0.0516,-25.4014
+0.052,-25.564
+0.0524,-25.5682
+0.0528,-26.2382
+0.0531,-26.3264
+0.0536,-26.5526
+0.054,-26.6907
+0.0544,-26.8733
+0.0547,-26.7732
+0.0551,-26.7724
+0.0556,-26.8655
+0.056,-26.9029
+0.0564,-26.9143
+0.0568,-26.2616
+0.0571,-26.3525
+0.0576,-26.4324
+0.058,-27.0122
+0.0584,-27.0291
+0.0588,-27.0661
+0.0591,-27.2098
+0.0596,-27.0472
+0.06,-27.0866
+0.0604,-27.1246
+0.0608,-27.1621
+0.0617,-27.1027
+0.062,-27.0742
+0.0622,-27.1612
+0.0624,-27.0575
+0.0627,-27.0404
+0.0631,-27.023
+0.0636,-27.1647
+0.064,-27.1502
+0.0644,-27.226
+0.0647,-27.312
+0.0651,-27.2413
+0.0656,-27.1377
+0.066,-26.5213
+0.0664,-26.5989
+0.0668,-26.5547
+0.0671,-26.5454
+0.0676,-26.7175
+0.068,-26.6844
+0.0684,-26.79
+0.0687,-26.6775
+0.0691,-26.5957
+0.0696,-26.62
+0.07,-26.4594
+0.0706,-26.3086
+0.0709,-26.2928
+0.0711,-26.2307
+0.0716,-25.9659
+0.072,-25.864
+0.0724,-25.6768
+0.0727,-25.6635
+0.0731,-25.4994
+0.0736,-25.4261
+0.074,-25.2813
+0.0744,-25.2884
+0.0747,-25.224
+0.0751,-25.1265
+0.0756,-24.9467
+0.076,-24.7235
+0.0764,-24.5516
+0.0767,-24.3502
+0.0771,-24.3576
+0.0776,-24.1577
+0.078,-24.0774
+0.0784,-23.9673
+0.0787,-23.6847
+0.0791,-23.3916
+0.0796,-23.3417
+0.08,-23.1721
+0.0804,-22.8961
+0.0807,-22.7539
+0.0811,-22.4439
+0.0816,-22.1405
+0.082,-21.845
+0.0824,-21.4924
+0.0828,-21.2446
+0.0831,-21.0358
+0.0836,-20.864
+0.084,-20.7967
+0.0844,-20.551
+0.0847,-20.3257
+0.0851,-20.1396
+0.0856,-19.8918
+0.086,-19.7485
+0.0864,-19.4765
+0.0867,-19.4458
+0.0871,-19.2324
+0.0876,-18.895
+0.088,-18.6178
+0.0884,-18.4762
+0.0888,-18.2083
+0.0891,-18.0483
+0.0896,-17.8843
+0.09,-17.6097
+0.0904,-17.3815
+0.0909,-17.01
+0.0912,-16.8566
+0.0916,-16.5196
+0.092,-16.328
+0.0924,-16.147
+0.0927,-15.7772
+0.0931,-15.5573
+0.0936,-15.3979
+0.094,-15.1805
+0.0944,-14.995
+0.0947,-14.904
+0.0951,-14.1296
+0.0956,-14.0292
+0.096,-13.7422
+0.0964,-12.941
+0.0967,-12.8845
+0.0971,-12.1869
+0.0976,-11.4569
+0.098,-11.3495
+0.0984,-10.6539
+0.0987,-9.88529
+0.0991,-9.66213
+0.0996,-9.0446
+0.1,-8.8274
+0.1004,-8.61311
+0.1007,-7.96915
+0.1011,-7.748
+0.1016,-7.53386
+0.102,-7.142
+0.1024,-7.31818
+0.1027,-7.43263
+0.1031,-7.15977
+0.1036,-6.85407
+0.104,-6.44786
+0.1044,-6.32089
+0.1047,-6.02957
+0.1051,-5.75623
+0.1056,-5.46156
+0.106,-4.90354
+0.1064,-4.3554
+0.1067,-3.87459
+0.1071,-3.74073
+0.1076,-3.53746
+0.108,-2.96398
+0.1084,-2.74609
+0.1087,-2.43277
+0.1091,-2.25644
+0.1096,-2.10762
+0.11,-1.79803
+0.1104,-1.47634
+0.1109,-1.18201
+0.1111,-0.968913
+0.1116,-0.754166
+0.112,-0.613156
+0.1124,-0.423482
+0.1128,-0.254774
+0.1131,-0.00719258
+0.1136,+0.180676
+0.114,+0.362931
+0.1144,+0.5334
+0.1148,+0.852293
+0.1151,+1.04699
+0.1156,+1.21492
+0.116,+1.40168
+0.1164,+1.66514
+0.1167,+1.80349
+0.1171,+1.93671
+0.1175,+2.15784
+0.118,+2.25523
+0.1184,+2.43556
+0.1187,+2.5244
+0.1191,+2.69116
+0.1196,+2.87742
+0.12,+3.11365
+0.1204,+3.23486
+0.1208,+3.3119
+0.1211,+3.45421
+0.1216,+3.55573
+0.122,+3.75531
+0.1224,+3.81971
+0.1228,+3.93644
+0.1231,+3.96923
+0.1236,+4.02614
+0.124,+4.12763
+0.1244,+4.21319
+0.1247,+4.36674
+0.1251,+4.46397
+0.1255,+4.68058
+0.126,+4.77033
+0.1264,+4.76967
+0.1268,+4.71198
+0.1271,+4.89369
+0.1276,+4.91861
+0.128,+4.87247
+0.1284,+4.96126
+0.1287,+5.01659
+0.1291,+5.08785
+0.1296,+4.93342
+0.13,+4.85296
+0.1304,+4.96556
+0.1308,+5.05099
+0.1311,+4.93949
+0.1316,+4.98077
+0.132,+4.90876
+0.1324,+4.87435
+0.1328,+4.87617
+0.1331,+4.89699
+0.1335,+5.0587
+0.134,+5.17685
+0.1344,+5.1936
+0.1347,+5.24574
+0.1351,+5.36988
+0.1356,+5.47276
+0.136,+5.60529
+0.1364,+5.58625
+0.1367,+5.63705
+0.1371,+5.66369
+0.1376,+5.39322
+0.138,+5.40867
+0.1384,+5.50974
+0.1388,+5.58666
+0.1391,+5.62275
+0.1396,+5.72893
+0.14,+5.8693
+0.1404,+6.03876
+0.1407,+6.18599
+0.1412,+6.29102
+0.1416,+6.70024
+0.142,+6.90735
+0.1424,+7.09325
+0.1428,+7.20051
+0.1431,+7.35939
+0.1436,+7.45934
+0.144,+7.36751
+0.1444,+7.46202
+0.1448,+7.59916
+0.1451,+7.67776
+0.1456,+7.81501
+0.146,+7.90574
+0.1464,+7.72956
+0.1467,+8.00851
+0.1471,+8.15013
+0.1476,+8.27888
+0.148,+8.59852
+0.1484,+8.91477
+0.1487,+9.19037
+0.1491,+9.25516
+0.1495,+9.40297
+0.15,+9.63252
+0.1505,+10.1409
+0.1508,+10.2119
+0.1511,+10.4622
+0.1516,+10.8832
+0.152,+11.1139
+0.1524,+11.3302
+0.1527,+11.3777
+0.1531,+11.816
+0.1536,+12.0084
+0.154,+12.237
+0.1544,+12.4358
+0.1548,+12.7664
+0.1551,+12.9772
+0.1556,+13.1307
+0.156,+13.445
+0.1564,+13.6762
+0.1567,+13.9357
+0.1571,+14.1495
+0.1575,+14.443
+0.158,+14.7032
+0.1584,+14.9755
+0.1588,+15.2118
+0.1591,+15.4408
+0.1596,+15.5148
+0.16,+15.7223
+0.1604,+16.0085
+0.1607,+16.3287
+0.1611,+16.612
+0.1615,+16.8589
+0.162,+17.1282
+0.1624,+17.3502
+0.1627,+17.5339
+0.1631,+17.7162
+0.1641,+17.9559
+0.1644,+18.1694
+0.1647,+18.3137
+0.1649,+18.4266
+0.1652,+18.6206
+0.1655,+18.9279
+0.166,+19.1001
+0.1664,+19.3
+0.1668,+19.5408
+0.1671,+19.7607
+0.1675,+20.1233
+0.168,+20.3013
+0.1684,+20.5158
+0.1687,+20.6673
+0.1691,+20.9027
+0.1695,+21.0288
+0.17,+21.149
+0.1704,+21.235
+0.1707,+21.3714
+0.1711,+21.5128
+0.1716,+21.591
+0.172,+21.6923
+0.1724,+21.8296
+0.1728,+21.976
+0.1731,+22.0244
+0.1735,+22.0365
+0.174,+22.0977
+0.1744,+22.2286
+0.1748,+22.2397
+0.1751,+22.3571
+0.1756,+22.3596
+0.176,+22.5042
+0.1764,+22.544
+0.1767,+22.6172
+0.1771,+22.5518
+0.1776,+22.4916
+0.178,+22.4986
+0.1784,+22.4873
+0.1787,+22.5606
+0.1791,+22.4959
+0.1796,+22.5536
+0.18,+22.4994
+0.1804,+22.3284
+0.1808,+22.3559
+0.1811,+22.3538
+0.1815,+22.4345
+0.1821,+22.4776
+0.1824,+22.3408
+0.1828,+22.2328
+0.1831,+22.2547
+0.1836,+22.1845
+0.184,+21.9987
+0.1844,+21.9938
+0.1847,+21.9589
+0.1851,+21.9603
+0.1856,+21.8517
+0.186,+21.6356
+0.1864,+21.5862
+0.1868,+21.4538
+0.1871,+21.2019
+0.1876,+20.9728
+0.188,+20.8808
+0.1884,+20.6689
+0.1888,+20.2292
+0.1891,+19.8961
+0.1895,+19.6797
+0.19,+19.4858
+0.1905,+19.1528
+0.1908,+18.8939
+0.1911,+18.6275
+0.1915,+18.5238
+0.192,+18.2367
+0.1924,+17.9985
+0.1928,+17.9494
+0.1931,+17.8203
+0.1935,+17.5276
+0.194,+17.3
+0.1944,+17.1928
+0.1948,+16.8754
+0.1951,+16.7842
+0.1956,+16.4734
+0.196,+16.2468
+0.1964,+16.0525
+0.1968,+15.8443
+0.1971,+15.448
+0.1975,+15.171
+0.198,+14.9458
+0.1984,+14.689
+0.1987,+14.6524
+0.1991,+14.387
+0.1996,+14.1547
+0.2,+26.6806
+0.2004,+26.7658
+0.2007,+26.7323
+0.2011,+26.8317
+0.2015,+26.9857
+0.202,+27.0135
+0.2024,+27.0255
+0.2028,+26.951
+0.2031,+26.8923
+0.2035,+26.8107
+0.204,+26.881
+0.2044,+26.8243
+0.2048,+26.7747
+0.2051,+26.7375
+0.2055,+26.4801
+0.206,+26.3157
+0.2064,+26.3032
+0.2068,+26.193
+0.2071,+26.0621
+0.2075,+25.9672
+0.208,+25.7017
+0.2084,+25.5298
+0.2087,+25.3833
+0.2091,+25.1114
+0.2095,+25.0287
+0.21,+24.912
+0.2105,+24.6801
+0.2108,+24.3898
+0.2111,+24.2351
+0.2115,+23.9391
+0.212,+23.7552
+0.2125,+23.5054
+0.2128,+23.2347
+0.2131,+23.0678
+0.2135,+22.7497
+0.214,+22.5228
+0.2144,+22.2097
+0.2148,+21.9456
+0.2151,+21.6143
+0.2155,+21.3007
+0.216,+21.0232
+0.2164,+20.7088
+0.2167,+20.3998
+0.2171,+20.0582
+0.2175,+19.6858
+0.218,+19.3147
+0.2184,+18.9291
+0.2188,+18.5334
+0.2191,+18.1078
+0.2195,+17.7881
+0.22,+17.3778
+0.2205,+16.7722
+0.2208,+16.3255
+0.2211,+15.8883
+0.2215,+15.5685
+0.222,+15.1115
+0.2224,+14.6582
+0.2228,+14.2729
+0.2231,+13.7631
+0.2235,+13.1764
+0.224,+12.66
+0.2244,+12.3659
+0.2248,+11.9864
+0.2251,+11.5069
+0.2255,+11.0603
+0.226,+10.5465
+0.2264,+10.0286
+0.2268,+9.51708
+0.2271,+9.03422
+0.2275,+8.68207
+0.228,+8.33244
+0.2284,+7.79509
+0.2288,+7.19477
+0.2291,+6.77473
+0.2295,+6.27811
+0.23,+5.99639
+0.2305,+5.62341
+0.2308,+5.31616
+0.2311,+5.05838
+0.2315,+4.71003
+0.232,+4.3032
+0.2325,+4.04377
+0.2328,+3.8106
+0.2331,+3.38499
+0.2335,+3.11909
+0.234,+2.77931
+0.2344,+2.5526
+0.2347,+2.15201
+0.2351,+1.89524
+0.2355,+1.62779
+0.236,+1.34221
+0.2364,+1.06862
+0.2368,+0.922409
+0.2371,+0.912855
+0.2375,+0.798256
+0.238,+0.582025
+0.2384,+0.501735
+0.2388,+0.350809
+0.2391,+0.208642
+0.2395,+0.0879659
+0.24,+0.153311
+0.2404,+0.147529
+0.2408,+0.145643
+0.2411,+0.18706
+0.2415,+0.131217
+0.242,+0.179973
+0.2424,+0.13727
+0.2439,+0.58013
+0.2441,+0.738556
+0.2443,+0.961128
+0.2445,+1.34288
+0.2448,+1.73775
+0.2451,+2.09066
+0.2455,+2.49053
+0.246,+2.84716
+0.2464,+3.28332
+0.2468,+3.81816
+0.2471,+4.07421
+0.2475,+4.51284
+0.248,+5.02273
+0.2484,+5.28876
+0.2488,+5.6861
+0.2491,+6.09132
+0.2495,+6.36432
+0.25,+6.99967
+0.2505,+7.43673
+0.2508,+7.89513
+0.2511,+8.51586
+0.2515,+9.08741
+0.252,+9.60277
+0.2524,+10.1939
+0.2528,+10.6824
+0.2531,+11.2255
+0.2535,+11.7344
+0.254,+12.2177
+0.2544,+12.746
+0.2548,+13.1328
+0.2551,+13.5562
+0.2556,+13.9637
+0.256,+14.2884
+0.2564,+14.6054
+0.2568,+14.9454
+0.2571,+15.252
+0.2575,+15.5746
+0.258,+15.7712
+0.2584,+16.0409
+0.2588,+16.3688
+0.2591,+16.4747
+0.2595,+16.5469
+0.26,+16.6913
+0.2604,+16.7886
+0.2608,+16.9368
+0.2613,+16.9781
+0.2615,+17.1295
+0.262,+17.139
+0.2624,+17.1393
+0.2628,+17.1436
+0.2631,+17.0449
+0.2638,+17.0201
+0.2641,+17.0062
+0.2645,+16.9747
+0.2648,+16.9232
+0.2651,+16.8561
+0.2655,+16.7445
+0.2665,+16.6163
+0.2668,+16.4936
+0.267,+16.4011
+0.2672,+16.3072
+0.2675,+16.2562
+0.268,+16.1257
+0.2684,+16.0078
+0.2688,+15.7346
+0.2691,+15.6608
+0.2695,+15.4518
+0.27,+15.2831
+0.2705,+15.0696
+0.2708,+14.9166
+0.2711,+14.7439
+0.2715,+14.6328
+0.272,+14.5353
+0.2724,+14.3636
+0.2728,+14.3029
+0.2731,+14.1757
+0.2735,+14.0518
+0.274,+13.9956
+0.2744,+13.7377
+0.2747,+13.5951
+0.2751,+13.4955
+0.2755,+13.2381
+0.276,+13.0137
+0.2764,+12.8469
+0.2768,+12.6767
+0.2771,+12.3577
+0.2775,+12.1907
+0.278,+11.8915
+0.2784,+11.9254
+0.2788,+11.6162
+0.2791,+11.4681
+0.2795,+11.3597
+0.28,+11.2041
+0.2805,+10.9002
+0.2808,+10.6532
+0.2811,+10.4867
+0.2815,+10.1504
+0.282,+10.0118
+0.2824,+9.63515
+0.2828,+9.40102
+0.2831,+9.10576
+0.2835,+8.64721
+0.284,+8.19717
+0.2844,+8.00277
+0.2847,+7.65084
+0.2851,+7.30934
+0.2855,+7.00084
+0.286,+6.52413
+0.2864,+6.08537
+0.2868,+5.57908
+0.2871,+5.07552
+0.2875,+4.68408
+0.288,+4.25438
+0.2884,+3.70687
+0.2888,+3.12766
+0.2891,+2.48089
+0.2895,+1.87606
+0.29,+1.46325
+0.2904,+0.917719
+0.2907,+0.352245
+0.2911,-0.237742
+0.2915,-0.828676
+0.292,-1.41351
+0.2924,-2.04038
+0.2928,-2.71168
+0.2931,-3.4173
+0.2935,-4.06729
+0.294,-4.86927
+0.2944,-5.6009
+0.2948,-6.30735
+0.2951,-7.0847
+0.2955,-7.8824
+0.296,-8.74249
+0.2964,-9.62245
+0.2968,-10.3814
+0.2971,-11.1525
+0.2975,-12.2812
+0.298,-13.0603
+0.2984,-13.7754
+0.2988,-14.593
+0.2991,-15.4071
+0.2995,-16.158
+0.3,-16.7954
+0.3004,-17.5226
+0.3007,-18.2348
+0.3011,-18.9164
+0.3015,-19.3955
+0.302,-20.1399
+0.3024,-20.955
+0.3028,-21.5683
+0.3031,-22.1197
+0.3035,-22.8117
+0.304,-23.6157
+0.3044,-24.1287
+0.3048,-24.6375
+0.3051,-25.1898
+0.3055,-25.4866
+0.306,-25.9718
+0.3064,-26.3795
+0.3068,-26.8057
+0.3071,-27.1974
+0.3075,-27.5905
+0.308,-27.7789
+0.3084,-28.1466
+0.3088,-28.559
+0.3091,-28.7463
+0.3095,-29.0587
+0.31,-29.0934
+0.3104,-29.1786
+0.3108,-29.1901
+0.3111,-29.1377
+0.3115,-29.4406
+0.312,-29.8673
+0.3124,-29.6454
+0.3128,-29.2874
+0.3131,-28.987
+0.3135,-28.5979
+0.314,-28.4057
+0.3144,-27.9884
+0.3148,-27.5564
+0.3151,-27.16
+0.3155,-26.2107
+0.316,-25.2304
+0.3164,-24.6434
+0.3168,-24.1941
+0.3171,-24.1548
+0.3175,-23.6507
+0.318,-22.9717
+0.3184,-22.7965
+0.3188,-22.1854
+0.3191,-21.5092
+0.3195,-20.9127
+0.32,-20.5719
+0.3204,-20.0348
+0.3208,-19.4728
+0.3211,-18.482
+0.3215,-18.2658
+0.322,-17.9969
+0.3224,-16.9733
+0.3228,-16.3657
+0.3231,-15.9221
+0.3235,-15.3501
+0.324,-14.7554
+0.3244,-14.2028
+0.3248,-13.5339
+0.3253,-13.0102
+0.3255,-12.034
+0.326,-11.4544
+0.3264,-11.1868
+0.3268,-11.0365
+0.3271,-10.8223
+0.3275,-10.604
+0.328,-10.1974
+0.3284,-10.2061
+0.3288,-10.2082
+0.3291,-10.4209
+0.3295,-10.474
+0.33,-10.3839
+0.3304,-10.2868
+0.3308,-10.3189
+0.3311,-10.3881
+0.3315,-10.4371
+0.332,-10.4413
+0.3324,-10.7166
+0.3328,-10.7331
+0.3331,-10.5776
+0.3335,-11.029
+0.334,-10.9913
+0.3344,-11.0773
+0.3348,-11.0456
+0.3351,-11.0413
+0.3355,-11.0782
+0.336,-11.3569
+0.3364,-11.0559
+0.3368,-11.0832
+0.3371,-10.9311
+0.3375,-10.4983
+0.338,-10.3847
+0.3384,-10.2571
+0.3388,-10.0941
+0.3391,-9.75691
+0.3395,-9.43487
+0.34,-9.18907
+0.3404,-8.89861
+0.3408,-8.52416
+0.3411,-8.2184
+0.3415,-7.80266
+0.342,-7.67861
+0.3424,-7.3996
+0.3428,-7.00624
+0.3431,-6.54905
+0.3435,-6.30852
+0.344,-5.68746
+0.3444,-5.26712
+0.3448,-4.80998
+0.3453,-4.4056
+0.3455,-4.12376
+0.346,-3.4442
+0.3464,-2.80062
+0.3468,-2.16176
+0.3471,-1.83654
+0.3475,-1.11734
+0.348,-0.562525
+0.3484,-0.123013
+0.3488,+0.3343
+0.3491,+0.961929
+0.3495,+1.62415
+0.35,+2.00997
+0.3504,+2.34452
+0.3508,+2.59876
+0.3511,+3.1693
+0.3515,+3.39352
+0.352,+3.75912
+0.3524,+4.21051
+0.3528,+4.47684
+0.3531,+4.8195
+0.3535,+5.10691
+0.354,+5.36931
+0.3544,+5.63404
+0.3548,+5.80799
+0.3551,+5.91189
+0.3555,+5.98603
+0.356,+6.11523
+0.3564,+6.32114
+0.3568,+6.43886
+0.3571,+6.47661
+0.3575,+6.38426
+0.358,+6.43963
+0.3584,+6.41304
+0.3588,+6.48563
+0.3591,+6.40556
+0.3595,+6.55019
+0.36,+6.62491
+0.3604,+6.46535
+0.3608,+6.42718
+0.3611,+6.31502
+0.3615,+6.32145
+0.362,+6.1959
+0.3624,+6.09542
+0.3629,+5.98389
+0.3631,+5.98335
+0.3635,+5.79055
+0.364,+5.57252
+0.3644,+5.6609
+0.3648,+5.61847
+0.3651,+5.54852
+0.3655,+5.46226
+0.366,+5.39851
+0.3664,+5.36324
+0.3668,+5.2582
+0.3671,+5.2004
+0.3675,+5.07012
+0.368,+4.93886
+0.3689,+4.53642
+0.3691,+4.40683
+0.3693,+4.19791
+0.3695,+4.07115
+0.37,+4.14609
+0.3704,+4.14773
+0.3708,+4.17371
+0.3711,+4.0423
+0.3715,+4.16421
+0.372,+4.26124
+0.3724,+4.44487
+0.3728,+4.57174
+0.3731,+4.85888
+0.3735,+5.04324
+0.374,+5.15683
+0.3744,+5.22764
+0.3748,+5.25389
+0.3751,+5.43716
+0.3756,+5.53044
+0.376,+5.70934
+0.3764,+5.87836
+0.3768,+6.05498
+0.3771,+6.20118
+0.3775,+6.32242
+0.378,+6.35686
+0.3784,+6.60051
+0.3788,+6.8372
+0.3791,+7.06143
+0.3795,+7.30228
+0.38,+7.59377
+0.3804,+7.73575
+0.3808,+7.9894
+0.3811,+8.09055
+0.3815,+8.20257
+0.382,+8.4702
+0.3824,+8.51709
+0.3828,+8.67833
+0.3831,+8.67349
+0.3835,+8.69683
+0.384,+8.62006
+0.3844,+8.65833
+0.3848,+8.57504
+0.3851,+8.50397
+0.3855,+8.53573
+0.386,+8.44403
+0.3864,+8.29015
+0.3868,+8.17069
+0.3871,+8.13582
+0.3875,+8.05405
+0.388,+8.03267
+0.3884,+7.99496
+0.3888,+7.81956
+0.3891,+7.73713
+0.3895,+7.5491
+0.39,+7.48047
+0.3904,+7.4747
+0.3908,+7.36901
+0.3911,+7.26455
+0.3915,+7.16715
+0.392,+6.97759
+0.3924,+6.70494
+0.3928,+6.60365
+0.3931,+6.44565
+0.3935,+6.21587
+0.394,+6.01493
+0.3944,+5.87081
+0.3948,+5.57606
+0.3951,+5.22567
+0.3955,+5.01334
+0.396,+4.63675
+0.3964,+4.47459
+0.3968,+4.14982
+0.3971,+3.8444
+0.3975,+3.63584
+0.398,+3.27567
+0.3984,+2.95044
+0.3988,+2.70077
+0.3991,+2.57933
+0.3995,+2.26262
+0.4,+2.13652
+0.4004,-1.82364
+0.4008,-1.56221
+0.4011,-1.3266
+0.4015,-1.07209
+0.402,-0.910177
+0.4024,-0.689044
+0.4028,-0.448694
+0.4031,-0.13844
+0.4035,+0.136377
+0.404,+0.462329
+0.4044,+0.561187
+0.4048,+0.798526
+0.4051,+0.954726
+0.4055,+1.05751
+0.406,+1.30512
+0.4064,+1.5299
+0.4068,+1.78743
+0.4071,+1.92281
+0.4075,+2.07388
+0.408,+2.21502
+0.4084,+2.64606
+0.4088,+2.70257
+0.4091,+3.00335
+0.4095,+3.36927
+0.41,+3.64443
+0.4104,+3.80147
+0.4108,+3.94804
+0.4111,+4.14431
+0.4115,+4.31465
+0.412,+4.35359
+0.4124,+4.42658
+0.4128,+4.76344
+0.4131,+4.8383
+0.4135,+4.92406
+0.4139,+5.02329
+0.4144,+5.27872
+0.4148,+5.40326
+0.4151,+5.61138
+0.4155,+5.86809
+0.4159,+6.18687
+0.4165,+6.37603
+0.4168,+6.57597
+0.4171,+6.84245
+0.4175,+7.04373
+0.4179,+7.2297
+0.4184,+7.43699
+0.4188,+7.51976
+0.4191,+7.61685
+0.4195,+7.73231
+0.4199,+7.9146
+0.4205,+7.98478
+0.4208,+7.87956
+0.4211,+7.8672
+0.4215,+7.91671
+0.422,+7.90038
+0.4224,+7.86921
+0.4228,+7.92709
+0.4231,+7.90378
+0.4235,+7.84115
+0.424,+7.7594
+0.4244,+7.68927
+0.4248,+7.74157
+0.4251,+7.62747
+0.4255,+7.41748
+0.4259,+7.33757
+0.4264,+7.19213
+0.4268,+7.04382
+0.4271,+7.00822
+0.4275,+6.79703
+0.428,+6.5802
+0.4284,+6.43527
+0.4288,+6.29256
+0.4291,+6.15028
+0.4295,+6.10484
+0.43,+5.81979
+0.4304,+5.60029
+0.4308,+5.43476
+0.4311,+5.05026
+0.4315,+4.90054
+0.432,+4.51401
+0.4324,+4.33911
+0.4328,+3.96722
+0.4331,+3.53882
+0.4335,+3.14432
+0.434,+2.96486
+0.4344,+2.61943
+0.4348,+2.2327
+0.4351,+1.91392
+0.4355,+1.61161
+0.436,+1.42458
+0.4364,+1.10043
+0.4368,+0.753459
+0.4371,+0.505971
+0.4375,+0.108439
+0.438,-0.213798
+0.4384,-0.512519
+0.4388,-0.882794
+0.4391,-1.22205
+0.4395,-1.58501
+0.44,-1.95193
+0.4404,-2.40176
+0.4408,-2.78227
+0.4411,-3.14274
+0.4415,-3.39702
+0.4419,-3.88763
+0.4424,-4.46543
+0.4428,-4.88183
+0.4431,-5.34917
+0.4435,-5.9377
+0.4439,-6.51373
+0.4444,-7.07921
+0.4448,-7.68493
+0.4451,-8.36077
+0.4455,-9.04686
+0.446,-9.64547
+0.4464,-10.1634
+0.4468,-10.6108
+0.4471,-11.1726
+0.4475,-11.7268
+0.448,-12.3481
+0.4484,-12.9078
+0.4488,-13.3831
+0.4491,-13.888
+0.4495,-14.2358
+0.45,-14.6772
+0.4504,-15.1502
+0.4508,-15.5781
+0.4511,-15.9689
+0.4515,-16.2665
+0.452,-16.6803
+0.4524,-17.0026
+0.4528,-17.2168
+0.4531,-17.4143
+0.4535,-17.7046
+0.454,-17.9976
+0.4544,-18.1261
+0.4548,-18.6498
+0.4551,-19.0316
+0.4555,-19.3126
+0.4559,-19.2335
+0.4564,-19.3091
+0.4568,-19.4645
+0.4571,-19.5575
+0.4575,-19.9122
+0.458,-20.2044
+0.4584,-20.4416
+0.4588,-20.491
+0.4591,-20.5657
+0.4595,-20.8443
+0.46,-21.1471
+0.4604,-21.4478
+0.4608,-21.7038
+0.4611,-21.9192
+0.4615,-21.9979
+0.462,-22.1623
+0.4624,-22.3162
+0.4628,-22.4976
+0.4631,-22.6608
+0.4635,-22.7462
+0.4639,-22.9135
+0.4644,-23.1061
+0.4648,-23.4322
+0.4651,-23.7319
+0.4655,-24.0012
+0.4659,-24.1587
+0.4664,-24.4171
+0.4668,-24.5447
+0.4671,-24.7232
+0.4675,-24.8994
+0.4679,-25.089
+0.4684,-25.193
+0.4688,-25.2599
+0.4691,-25.4309
+0.4695,-25.5626
+0.47,-25.6381
+0.4704,-25.7392
+0.4713,-25.9584
+0.4715,-26.0347
+0.4717,-26.0735
+0.4719,-26.1811
+0.4724,-26.3571
+0.4728,-26.4556
+0.4731,-26.5207
+0.4735,-26.321
+0.4739,-26.3746
+0.4744,-26.4464
+0.4748,-26.1758
+0.4751,-26.1208
+0.4755,-26.1878
+0.4759,-26.1954
+0.4764,-26.0897
+0.4768,-25.9571
+0.4771,-25.5428
+0.4775,-25.3855
+0.4779,-25.2227
+0.4784,-24.9723
+0.4788,-24.9878
+0.4791,-24.6919
+0.4795,-24.2265
+0.4799,-23.7207
+0.4804,-23.459
+0.4808,-23.0708
+0.4811,-22.7314
+0.4815,-22.6071
+0.4819,-22.0167
+0.4824,-21.7296
+0.4828,-21.3347
+0.4831,-21.0426
+0.4835,-20.665
+0.4839,-20.4225
+0.4844,-19.8895
+0.4848,-19.561
+0.4851,-19.2345
+0.4855,-18.7344
+0.486,-18.3897
+0.4864,-17.6644
+0.4868,-17.1561
+0.4871,-16.7074
+0.4875,-16.3003
+0.4879,-15.7772
+0.4884,-15.3585
+0.4888,-14.8944
+0.4891,-14.5468
+0.4895,-14.1656
+0.4899,-13.8659
+0.4904,-13.6855
+0.4908,-13.3814
+0.4911,-13.0416
+0.4915,-12.8508
+0.4919,-12.5526
+0.4924,-12.1959
+0.4928,-11.7902
+0.4931,-11.4911
+0.4935,-11.2383
+0.4939,-10.9918
+0.4944,-10.6742
+0.4948,-10.4562
+0.4951,-10.2626
+0.4955,-9.97548
+0.4959,-9.73307
+0.4964,-9.58608
+0.4968,-9.58291
+0.4972,-9.47589
+0.4975,-9.34884
+0.4979,-9.18844
+0.4984,-9.1609
+0.4988,-8.97121
+0.4991,-8.88709
+0.4995,-8.87223
+0.4999,-8.9016
+0.5004,-8.93703
+0.5008,-8.80858
+0.5011,-8.87845
+0.5015,-8.78943
+0.502,-8.82539
+0.5024,-8.66442
+0.5028,-8.68881
+0.5031,-8.54454
+0.5035,-8.50789
+0.5039,-8.44045
+0.5044,-8.43442
+0.5048,-8.45684
+0.5051,-8.51659
+0.5055,-8.60977
+0.5059,-8.52128
+0.5064,-8.61969
+0.5068,-8.59176
+0.5071,-8.64214
+0.5076,-8.6866
+0.508,-8.73931
+0.5084,-8.63149
+0.5088,-8.513
+0.5091,-8.27228
+0.5095,-8.26109
+0.51,-8.29779
+0.5104,-8.29159
+0.5108,-8.34708
+0.5111,-8.43307
+0.5115,-8.46739
+0.5119,-8.44401
+0.5124,-8.52322
+0.5128,-8.55032
+0.5131,-8.62618
+0.5135,-8.52536
+0.5139,-8.49142
+0.5144,-8.48776
+0.5148,-8.4174
+0.5151,-8.27064
+0.5155,-8.11198
+0.5159,-7.98978
+0.5164,-7.83583
+0.5168,-7.71506
+0.5171,-7.57819
+0.5175,-7.58128
+0.518,-7.39162
+0.5184,-7.1685
+0.5188,-6.91222
+0.5191,-6.70191
+0.5195,-6.43687
+0.5199,-6.14696
+0.5204,-5.8797
+0.5208,-5.56598
+0.5211,-5.19473
+0.5215,-4.60977
+0.5219,-4.1075
+0.5224,-3.6941
+0.5228,-3.17703
+0.5231,-2.63454
+0.5235,-2.09351
+0.5239,-1.68366
+0.5244,-1.07687
+0.5248,-0.668853
+0.5251,-0.136602
+0.5255,+0.298012
+0.5259,+0.835471
+0.5264,+1.47494
+0.5268,+1.94276
+0.5271,+2.56064
+0.5276,+3.12998
+0.5279,+3.8949
+0.5284,+4.35611
+0.5288,+5.12762
+0.5292,+5.71464
+0.5295,+6.34853
+0.5299,+6.92442
+0.5304,+7.46695
+0.5308,+7.95975
+0.5311,+8.43128
+0.5315,+8.8969
+0.5319,+9.35548
+0.5324,+9.91325
+0.5328,+10.2389
+0.5331,+10.6336
+0.5335,+11.0546
+0.5339,+11.3281
+0.5344,+11.5561
+0.5348,+11.8347
+0.5351,+11.9987
+0.5355,+12.205
+0.5359,+12.1921
+0.5364,+12.3412
+0.5368,+12.3328
+0.5371,+12.3104
+0.5375,+12.186
+0.5379,+12.0517
+0.5384,+11.9264
+0.5388,+11.7485
+0.5391,+11.4743
+0.5396,+11.1787
+0.54,+11.0391
+0.5404,+10.6918
+0.5408,+10.4113
+0.5411,+10.0825
+0.5415,+9.61355
+0.5419,+9.12691
+0.5424,+8.60336
+0.5428,+8.18607
+0.5431,+7.65473
+0.5435,+7.06157
+0.5439,+6.34184
+0.5444,+5.6524
+0.5448,+4.9662
+0.5451,+4.21592
+0.5455,+3.4876
+0.5459,+2.75801
+0.5464,+2.21787
+0.5468,+1.63237
+0.5471,+1.00998
+0.5475,+0.482486
+0.5479,-0.0198632
+0.5484,-0.670293
+0.5488,-1.14631
+0.5491,-1.54408
+0.5495,-1.99422
+0.55,-2.46192
+0.5504,-3.08258
+0.5508,-3.68888
+0.5511,-4.24106
+0.5515,-4.83169
+0.5519,-5.38722
+0.5524,-5.77362
+0.5528,-6.29851
+0.5531,-6.72873
+0.5535,-7.02566
+0.5539,-7.32208
+0.5544,-7.63667
+0.5548,-7.90554
+0.5551,-8.13058
+0.5555,-8.31623
+0.5559,-8.44903
+0.5564,-8.48472
+0.5568,-8.51007
+0.5572,-8.50435
+0.5575,-8.467
+0.558,-8.44239
+0.5584,-8.18996
+0.5588,-8.05408
+0.5592,-7.78702
+0.5595,-7.48612
+0.5599,-7.15773
+0.5604,-6.94617
+0.5608,-6.50627
+0.5611,-6.25006
+0.5615,-5.81803
+0.5619,-5.32765
+0.5624,-4.88094
+0.5628,-4.36266
+0.5631,-3.87327
+0.5635,-3.41204
+0.5639,-2.94246
+0.5644,-2.34025
+0.5648,-2.00503
+0.5651,-1.39673
+0.5655,-1.02408
+0.5659,-0.534244
+0.5664,-0.197025
+0.5668,+0.249233
+0.5671,+0.706407
+0.5675,+1.16947
+0.5679,+1.52328
+0.5685,+1.80178
+0.5688,+2.23064
+0.5691,+2.49945
+0.5695,+2.8278
+0.5699,+2.95427
+0.5704,+3.13587
+0.5708,+3.21143
+0.5711,+3.3132
+0.5715,+3.25321
+0.5719,+3.11221
+0.5724,+3.03014
+0.5728,+2.82447
+0.5737,+2.65001
+0.5739,+2.38227
+0.5741,+2.13121
+0.5744,+1.88578
+0.5748,+1.62171
+0.5751,+1.181
+0.5755,+0.906092
+0.5759,+0.712309
+0.5764,+0.315324
+0.5768,+0.00703417
+0.5771,-0.373119
+0.5775,-0.69416
+0.5779,-0.952444
+0.5784,-1.25151
+0.5788,-1.6777
+0.5791,-1.85896
+0.5795,-2.24566
+0.5799,-2.47458
+0.5804,-2.7255
+0.5808,-2.97081
+0.5811,-3.23128
+0.5815,-3.49993
+0.5819,-3.66825
+0.5824,-3.92753
+0.5828,-3.99026
+0.5832,-4.18847
+0.5835,-4.25045
+0.5839,-4.45711
+0.5844,-4.60928
+0.5848,-4.8298
+0.5851,-5.04073
+0.5855,-5.22765
+0.5859,-5.60316
+0.5864,-5.62677
+0.5868,-5.82207
+0.5871,-6.02842
+0.5875,-6.12285
+0.5879,-6.43327
+0.5884,-6.6297
+0.5888,-6.81648
+0.5891,-6.91068
+0.5895,-7.16256
+0.5899,-7.25037
+0.5904,-7.67024
+0.5908,-7.98134
+0.5911,-8.29476
+0.5915,-8.61882
+0.5919,-8.83074
+0.5924,-8.97985
+0.5928,-9.17392
+0.5931,-9.41285
+0.5935,-9.51819
+0.5939,-9.74049
+0.5944,-9.79292
+0.5948,-9.842
+0.5951,-9.85888
+0.5955,-10.0075
+0.5959,-10.021
+0.5964,-10.0611
+0.5968,-10.0156
+0.5971,-10.1016
+0.5975,-10.1094
+0.5979,-9.89198
+0.5984,-9.7522
+0.5989,-9.75122
+0.5992,-9.62878
+0.5995,-9.40086
+0.5999,-9.19455
+0.6004,-6.18055
+0.6008,-5.77533
+0.6011,-5.2757
+0.6015,-4.71657
+0.6019,-4.33968
+0.6024,-3.86377
+0.6028,-3.26297
+0.6032,-2.81431
+0.6035,-2.31717
+0.6039,-1.7961
+0.6044,-1.25358
+0.6048,-1.00749
+0.6051,-0.646148
+0.6055,-0.452436
+0.6059,-0.202061
+0.6064,+0.0828317
+0.6068,+0.342295
+0.6072,+0.701032
+0.6075,+0.942181
+0.6079,+1.07717
+0.6084,+1.30233
+0.6088,+1.67403
+0.6091,+1.9619
+0.6095,+2.28988
+0.6099,+2.71911
+0.6104,+2.93718
+0.6108,+3.04441
+0.6111,+3.18017
+0.6115,+3.23315
+0.6119,+3.39823
+0.6124,+3.47588
+0.6128,+3.54266
+0.6131,+3.60012
+0.6135,+3.69701
+0.6139,+3.70408
+0.6144,+3.75429
+0.6148,+3.97113
+0.6151,+4.10881
+0.6155,+4.31554
+0.6159,+4.47918
+0.6164,+4.62272
+0.6168,+4.92125
+0.6171,+5.15707
+0.6175,+5.36394
+0.6179,+5.58034
+0.6184,+5.83328
+0.6188,+5.99972
+0.6191,+6.29305
+0.6195,+6.58614
+0.6199,+6.93698
+0.6204,+7.20361
+0.6208,+7.4533
+0.6211,+7.81402
+0.6215,+8.14406
+0.6219,+8.41659
+0.6224,+8.75517
+0.6228,+9.1238
+0.6231,+9.30953
+0.6235,+9.56419
+0.6239,+9.82715
+0.6244,+10.0717
+0.6248,+10.0991
+0.6251,+10.0524
+0.6255,+10.0564
+0.6259,+10.073
+0.6264,+9.97944
+0.6268,+9.90496
+0.6272,+10.0507
+0.6275,+9.97517
+0.6279,+9.80865
+0.6284,+9.65879
+0.6288,+9.51867
+0.6292,+9.2666
+0.6295,+9.02536
+0.6299,+8.59264
+0.6304,+8.24085
+0.6308,+7.73906
+0.6312,+7.04004
+0.6315,+6.37346
+0.6319,+5.61464
+0.6324,+4.90973
+0.6328,+4.13686
+0.6331,+3.44355
+0.6335,+2.73426
+0.6339,+2.08845
+0.6344,+1.28587
+0.6348,+0.499207
+0.6351,-0.269879
+0.6355,-1.00214
+0.6359,-1.75939
+0.6364,-2.53992
+0.6368,-3.33341
+0.6372,-4.06833
+0.6375,-4.83788
+0.6379,-5.58597
+0.6384,-6.38659
+0.6388,-7.07384
+0.6392,-7.79816
+0.6395,-8.41249
+0.6399,-8.9804
+0.6404,-9.56096
+0.6408,-10.1097
+0.6411,-10.665
+0.6415,-11.147
+0.6419,-11.6381
+0.6424,-12.0103
+0.6428,-12.4203
+0.6432,-13.0535
+0.6435,-13.4829
+0.6439,-13.8286
+0.6444,-14.2024
+0.6448,-14.4541
+0.6451,-14.6085
+0.6455,-14.9615
+0.6459,-15.1993
+0.6464,-15.6022
+0.6468,-15.8038
+0.6471,-15.6719
+0.6475,-15.7065
+0.6479,-15.6843
+0.6484,-15.6226
+0.6488,-15.6107
+0.6492,-15.6891
+0.6495,-15.7488
+0.6499,-15.8342
+0.6504,-15.536
+0.6508,-15.6558
+0.6512,-15.5872
+0.6515,-15.5638
+0.6519,-15.5298
+0.6524,-15.5132
+0.6528,-15.4059
+0.6531,-15.2796
+0.6535,-14.9884
+0.6539,-14.63
+0.6544,-14.5551
+0.6548,-14.146
+0.6552,-13.7911
+0.6555,-13.4564
+0.6559,-13.1288
+0.6564,-12.8917
+0.6568,-12.5011
+0.6572,-12.1475
+0.6575,-11.68
+0.6579,-11.2574
+0.6584,-10.6397
+0.6588,-9.98451
+0.6592,-9.23335
+0.6597,-8.49343
+0.6599,-7.57186
+0.6604,-6.54014
+0.6608,-5.56538
+0.6612,-4.52927
+0.6615,-3.49362
+0.6619,-2.30014
+0.6623,-1.12883
+0.6628,+0.0450027
+0.6631,+0.99833
+0.6635,+1.99306
+0.6639,+2.92443
+0.6643,+3.85922
+0.6648,+4.63556
+0.6652,+5.40265
+0.6655,+6.12736
+0.6659,+6.66887
+0.6663,+7.29823
+0.6668,+7.77196
+0.6672,+8.19237
+0.6675,+8.61739
+0.6679,+8.84233
+0.6683,+8.97317
+0.6689,+9.09499
+0.6692,+9.14155
+0.6695,+9.00691
+0.6699,+8.85351
+0.6704,+8.37898
+0.6708,+7.91127
+0.6712,+7.41757
+0.6715,+6.8074
+0.6719,+6.16537
+0.6723,+5.62907
+0.6728,+5.05179
+0.6732,+4.38592
+0.6735,+3.74124
+0.6739,+3.0143
+0.6743,+2.28602
+0.6748,+1.59396
+0.6752,+0.8313
+0.6761,+0.13285
+0.6763,-0.578783
+0.6768,-1.36333
+0.6771,-2.27982
+0.6775,-3.00622
+0.6779,-3.68888
+0.6783,-4.34955
+0.6788,-5.07622
+0.6791,-5.69511
+0.6795,-6.25177
+0.6799,-7.04079
+0.6804,-7.75255
+0.6808,-8.47774
+0.6811,-8.914
+0.6815,-9.48344
+0.6819,-10.0708
+0.6823,-10.6578
+0.6828,-11.0401
+0.6832,-11.6092
+0.6835,-12.0974
+0.6839,-12.3885
+0.6844,-12.7189
+0.6848,-13.0636
+0.6852,-13.4414
+0.6855,-13.7751
+0.6859,-14.0735
+0.6863,-14.263
+0.6868,-14.3677
+0.6871,-14.4682
+0.6875,-14.6057
+0.6879,-14.5824
+0.6884,-14.4531
+0.6888,-14.2109
+0.6892,-13.8902
+0.6895,-13.4619
+0.6902,-12.9936
+0.6904,-12.4198
+0.6908,-11.8113
+0.6912,-11.0284
+0.6915,-10.0963
+0.6919,-8.98279
+0.6923,-7.82502
+0.6928,-6.50699
+0.6932,-4.96166
+0.6935,-3.33154
+0.6939,-1.54154
+0.6943,+0.321687
+0.6948,+2.43515
+0.6951,+4.4391
+0.6955,+6.44727
+0.6959,+8.21582
+0.6964,+9.96209
+0.6968,+11.6639
+0.6971,+13.1565
+0.6975,+14.6567
+0.6979,+15.958
+0.6983,+17.1377
+0.6988,+18.0324
+0.6992,+18.8857
+0.6995,+19.5195
+0.6999,+20.2156
+0.7004,+20.585
+0.7008,+21.0867
+0.7012,+21.1669
+0.7015,+21.1197
+0.7019,+20.9035
+0.7023,+20.6823
+0.7028,+20.2495
+0.7032,+19.7951
+0.7035,+19.2956
+0.7039,+18.7329
+0.7043,+18.2019
+0.7048,+17.2701
+0.7052,+16.364
+0.7055,+15.4613
+0.7059,+14.6428
+0.7063,+13.6913
+0.7068,+12.7414
+0.7071,+11.7714
+0.7075,+10.8616
+0.7079,+9.70968
+0.7083,+8.62665
+0.7088,+7.4896
+0.7091,+6.52223
+0.7095,+5.35004
+0.71,+4.22633
+0.7104,+3.07102
+0.7108,+1.80151
+0.7112,+0.436474
+0.7115,-0.925779
+0.7119,-2.23718
+0.7123,-3.4986
+0.7128,-4.85515
+0.7132,-6.30233
+0.7135,-7.60118
+0.7139,-9.09069
+0.7143,-10.4418
+0.7148,-11.5754
+0.7151,-12.5858
+0.7155,-13.9328
+0.7159,-14.9271
+0.7163,-15.8516
+0.7168,-16.7783
+0.7172,-17.6008
+0.7175,-18.4621
+0.7179,-19.0551
+0.7183,-19.7078
+0.7188,-20.2993
+0.7191,-20.8255
+0.7195,-20.9209
+0.7199,-21.1665
+0.7204,-21.3648
+0.7208,-20.9747
+0.7212,-20.591
+0.7215,-20.0556
+0.7219,-19.5756
+0.7223,-18.9695
+0.7228,-18.3459
+0.7232,-17.488
+0.7235,-16.5517
+0.7239,-15.5521
+0.7243,-14.4079
+0.7248,-13.4999
+0.7252,-12.2505
+0.7255,-11.0333
+0.7259,-9.61227
+0.7263,-8.03045
+0.7268,-6.31615
+0.7272,-4.78138
+0.7275,-3.24299
+0.7279,-1.65632
+0.7283,-0.133804
+0.7288,+1.34157
+0.7292,+2.76395
+0.7295,+4.08192
+0.7299,+5.37141
+0.7303,+6.4535
+0.7308,+7.3439
+0.7312,+8.10768
+0.7315,+8.77545
+0.7319,+9.26973
+0.7323,+9.73023
+0.7328,+10.1838
+0.7332,+10.3228
+0.7335,+10.5313
+0.7339,+10.5783
+0.7343,+10.5223
+0.7348,+10.4803
+0.7352,+10.4963
+0.7355,+10.4323
+0.7359,+10.3618
+0.7363,+10.1355
+0.7368,+9.95115
+0.7372,+9.73636
+0.7375,+9.49303
+0.7379,+9.18026
+0.7383,+8.89944
+0.7388,+8.43912
+0.7392,+8.05773
+0.7395,+7.58883
+0.7399,+7.18559
+0.7404,+6.78719
+0.7408,+6.32953
+0.7412,+5.85693
+0.7415,+5.28782
+0.7419,+4.75139
+0.7423,+4.18047
+0.7428,+3.65157
+0.7432,+3.05459
+0.7435,+2.56079
+0.7439,+1.82663
+0.7443,+1.21952
+0.7448,+0.482978
+0.7452,-0.186498
+0.7455,-0.820886
+0.7459,-1.40628
+0.7463,-2.02173
+0.7468,-2.58453
+0.7472,-3.13493
+0.7475,-3.77711
+0.7479,-4.32336
+0.7483,-5.04907
+0.7488,-5.59284
+0.7492,-6.32016
+0.7495,-6.82575
+0.7499,-7.57788
+0.7503,-8.36433
+0.7509,-9.12627
+0.7512,-9.71787
+0.7515,-10.4053
+0.7519,-10.7273
+0.7523,-10.9985
+0.7528,-11.2208
+0.7532,-11.1388
+0.7535,-11.329
+0.7539,-11.1786
+0.7543,-11.0424
+0.7548,-10.6429
+0.7552,-10.4558
+0.7555,-10.1013
+0.7559,-9.89977
+0.7563,-9.51487
+0.7568,-9.10911
+0.7572,-8.7963
+0.7575,-8.22046
+0.7579,-7.6846
+0.7583,-7.02296
+0.7588,-6.52614
+0.7592,-5.80162
+0.7596,-5.19178
+0.7599,-4.57273
+0.7603,-3.91881
+0.7608,-3.34939
+0.7612,-2.72359
+0.7615,-2.25464
+0.7619,-1.78939
+0.7623,-1.38108
+0.7628,-1.06655
+0.7632,-0.827286
+0.7635,-0.51342
+0.7639,-0.439545
+0.7643,-0.387018
+0.7648,-0.528318
+0.7652,-0.729559
+0.7655,-1.04779
+0.7659,-1.52492
+0.7663,-1.94913
+0.7668,-2.35428
+0.7672,-3.01692
+0.7675,-3.63589
+0.7679,-4.2697
+0.7683,-5.09452
+0.7688,-5.74678
+0.7692,-6.47623
+0.7695,-6.98193
+0.7699,-7.58624
+0.7703,-8.2349
+0.7708,-8.85718
+0.7712,-9.53283
+0.7715,-10.257
+0.7719,-10.8272
+0.7723,-11.3314
+0.7728,-11.9131
+0.7732,-12.4504
+0.7735,-13.0741
+0.7739,-13.7704
+0.7743,-14.2756
+0.7748,-14.7041
+0.7752,-14.9468
+0.7755,-15.1703
+0.7759,-15.3676
+0.7763,-15.5235
+0.7768,-15.4806
+0.7772,-15.4411
+0.7775,-15.2867
+0.7785,-14.9681
+0.7788,-14.6501
+0.779,-14.3466
+0.7793,-13.785
+0.7795,-13.2617
+0.7799,-12.6673
+0.7803,-12.0901
+0.7808,-11.5126
+0.7813,-10.6379
+0.7815,-9.87649
+0.7819,-8.89247
+0.7823,-7.96323
+0.7828,-6.96688
+0.7832,-6.03451
+0.7835,-4.85784
+0.7839,-3.74454
+0.7843,-2.57857
+0.7848,-1.55288
+0.7852,-0.543293
+0.7855,+0.458521
+0.7859,+1.41679
+0.7863,+2.26014
+0.7868,+3.15686
+0.7872,+3.88986
+0.7875,+4.56168
+0.7879,+5.15035
+0.7883,+5.81802
+0.7888,+6.58396
+0.7892,+7.2257
+0.7895,+7.83601
+0.7899,+8.48739
+0.7903,+9.1754
+0.7908,+9.72734
+0.7912,+10.3168
+0.7915,+10.8852
+0.7919,+11.4993
+0.7923,+11.9455
+0.7928,+12.3193
+0.7932,+12.6266
+0.7935,+12.8943
+0.7939,+13.0603
+0.7943,+13.1107
+0.7948,+13.1429
+0.7952,+13.1136
+0.7955,+12.7736
+0.7959,+12.4595
+0.7963,+12.1081
+0.7968,+11.6385
+0.7972,+11.019
+0.7975,+10.3029
+0.7979,+9.4244
+0.7983,+8.67982
+0.7988,+7.69699
+0.7992,+6.67769
+0.7995,+5.81171
+0.7999,+4.68798
+0.8003,+3.53298
+0.8008,+2.79229
+0.8012,+1.75169
+0.8017,+0.550773
+0.8019,-0.363378
+0.8023,-1.52168
+0.8028,-2.46114
+0.8032,-3.42325
+0.8035,-4.52799
+0.8039,-5.29413
+0.8043,-6.2714
+0.8048,-6.97318
+0.8052,-7.78221
+0.8055,-8.37341
+0.8059,-9.08865
+0.8063,-9.52284
+0.8068,-10.0548
+0.8072,-10.6976
+0.8075,-10.9809
+0.8079,-11.2896
+0.8083,-11.5215
+0.8088,-11.8414
+0.8092,-12.0688
+0.8095,-12.1339
+0.8099,-12.2157
+0.8103,-12.3565
+0.8108,-12.3348
+0.8112,-12.0078
+0.8115,-11.6769
+0.8119,-11.356
+0.8123,-10.7035
+0.8128,-10.037
+0.8132,-9.38427
+0.8135,-8.67786
+0.8139,-7.89149
+0.8143,-7.09825
+0.8148,-6.34174
+0.8152,-5.43422
+0.8155,-4.67129
+0.8159,-3.7792
+0.8163,-2.96768
+0.8168,-1.90816
+0.8172,-0.877293
+0.8175,+0.133922
+0.8179,+1.19041
+0.8183,+2.26695
+0.8188,+3.43908
+0.8192,+4.40048
+0.8195,+5.30984
+0.8199,+6.26319
+0.8203,+7.039
+0.8208,+7.66122
+0.8212,+8.30402
+0.8215,+8.81181
+0.8219,+9.13455
+0.8223,+9.41052
+0.8228,+9.53698
+0.8232,+9.6369
+0.8235,+9.7004
+0.8239,+9.49905
+0.8243,+9.48649
+0.8248,+9.18683
+0.8252,+8.70566
+0.8255,+8.231
+0.8259,+7.73864
+0.8263,+7.35567
+0.8268,+6.97037
+0.8272,+6.46492
+0.8275,+6.04979
+0.8279,+5.58566
+0.8283,+5.14713
+0.8288,+4.85305
+0.8292,+4.68639
+0.8295,+4.50843
+0.8299,+4.46323
+0.8304,+4.49771
+0.8308,+4.4471
+0.8312,+4.5913
+0.8315,+4.81307
+0.8319,+5.13619
+0.8323,+5.53635
+0.8328,+6.07948
+0.8332,+6.57731
+0.8335,+7.28816
+0.8339,+8.03958
+0.8343,+8.69656
+0.8348,+9.42544
+0.8352,+10.1483
+0.8355,+10.847
+0.8359,+11.5586
+0.8363,+12.238
+0.8368,+12.8424
+0.8372,+13.5959
+0.8375,+14.2391
+0.8379,+14.8202
+0.8383,+15.3639
+0.8388,+15.8263
+0.8392,+16.3007
+0.8395,+16.7127
+0.8399,+17.1362
+0.8403,+17.4487
+0.8408,+17.6518
+0.8412,+17.7808
+0.8415,+17.8862
+0.8419,+17.8564
+0.8423,+17.7789
+0.8428,+17.7729
+0.8432,+17.6663
+0.8435,+17.5606
+0.8439,+17.2235
+0.8443,+17.0781
+0.8448,+16.8025
+0.8452,+16.5096
+0.8455,+16.1136
+0.8459,+15.7465
+0.8463,+15.6218
+0.8468,+15.408
+0.8473,+15.0808
+0.8476,+14.7225
+0.8479,+14.4716
+0.8483,+13.9689
+0.8488,+13.6908
+0.8492,+13.2602
+0.8495,+12.7666
+0.8499,+12.3012
+0.8503,+11.4369
+0.8508,+10.559
+0.8512,+9.76643
+0.8515,+8.87344
+0.852,+7.95366
+0.8523,+6.92073
+0.8528,+5.7769
+0.8532,+4.72842
+0.8535,+3.62851
+0.8539,+2.50935
+0.8543,+1.51
+0.8548,+0.560744
+0.8552,-0.4308
+0.8555,-1.38115
+0.8559,-2.16112
+0.8563,-2.81118
+0.8568,-3.35343
+0.8572,-3.79327
+0.8575,-3.95396
+0.8579,-4.04025
+0.8583,-4.02848
+0.8588,-3.81109
+0.8592,-3.449
+0.8595,-2.90114
+0.8599,-2.31882
+0.8603,-1.50439
+0.8608,-0.577431
+0.8612,+0.408665
+0.8615,+1.31188
+0.8619,+2.47095
+0.8625,+3.67484
+0.8628,+4.95396
+0.8632,+6.31183
+0.8636,+7.85311
+0.864,+9.39163
+0.8643,+10.8449
+0.8648,+12.0956
+0.8652,+13.3828
+0.8656,+14.6339
+0.866,+15.7542
+0.8663,+16.9587
+0.8668,+18.0307
+0.8672,+19.1891
+0.8676,+19.8402
+0.868,+20.3573
+0.8683,+20.7115
+0.8688,+21.0854
+0.8692,+21.232
+0.8696,+21.2915
+0.8699,+21.3422
+0.8703,+20.9379
+0.8708,+20.4085
+0.8712,+19.5046
+0.8716,+18.7496
+0.8719,+17.913
+0.8723,+17.1643
+0.8728,+16.317
+0.8732,+15.3496
+0.8736,+14.5174
+0.874,+13.3977
+0.8743,+12.5175
+0.8748,+11.709
+0.8752,+10.8758
+0.8757,+10.0803
+0.8759,+9.43064
+0.8763,+8.64259
+0.8768,+7.95248
+0.8772,+7.39383
+0.8776,+6.78586
+0.8779,+6.3507
+0.8783,+5.81066
+0.8788,+5.15607
+0.8792,+4.63823
+0.8796,+4.07517
+0.8799,+3.42734
+0.8809,+2.88209
+0.8812,+2.45486
+0.8814,+1.95267
+0.8817,+1.46671
+0.882,+1.07262
+0.8825,+0.733194
+0.8828,+0.390235
+0.8832,+0.115893
+0.8836,-0.0979868
+0.884,-0.312321
+0.8843,-0.547361
+0.8848,-0.83303
+0.8852,-1.06356
+0.8856,-1.34273
+0.8859,-1.60292
+0.8863,-1.61036
+0.8868,-1.56149
+0.8872,-1.51884
+0.8877,-1.51284
+0.8879,-1.46301
+0.8883,-1.28003
+0.8888,-0.963363
+0.8892,-0.64953
+0.8896,-0.253975
+0.8899,+0.0793989
+0.8903,+0.231328
+0.8908,+0.508973
+0.8912,+0.75052
+0.8916,+0.98796
+0.892,+1.26384
+0.8923,+1.33783
+0.8928,+1.25733
+0.8932,+1.23815
+0.8936,+1.13952
+0.894,+0.90187
+0.8943,+0.575483
+0.8948,+0.166326
+0.8952,-0.239289
+0.8956,-0.656521
+0.8959,-1.36567
+0.8963,-1.86393
+0.8968,-2.35828
+0.8972,-2.88367
+0.8976,-3.43045
+0.898,-3.98734
+0.8983,-4.40607
+0.8988,-4.85343
+0.8992,-5.5446
+0.8996,-6.21598
+0.8999,-6.51407
+0.9003,-6.89901
+0.9008,-7.17057
+0.9012,-7.49754
+0.9016,-7.71464
+0.902,-7.85692
+0.9023,-8.12859
+0.9028,-8.12244
+0.9032,-8.07267
+0.9036,-7.74745
+0.904,-7.51941
+0.9043,-7.16951
+0.9048,-7.00571
+0.9052,-6.81514
+0.9056,-6.35544
+0.9059,-5.90011
+0.9063,-5.2901
+0.9068,-4.87178
+0.9072,-4.22397
+0.9076,-3.69129
+0.9079,-3.26731
+0.9083,-2.76544
+0.9087,-2.21605
+0.9092,-1.65231
+0.9096,-1.47302
+0.9099,-1.34437
+0.9103,-1.35879
+0.9107,-1.36676
+0.9112,-1.4993
+0.9116,-1.67546
+0.912,-1.84125
+0.9123,-2.39616
+0.9128,-2.84977
+0.9132,-3.28745
+0.9136,-3.71225
+0.9139,-4.07486
+0.9143,-4.41298
+0.9147,-4.85966
+0.9152,-5.16714
+0.9156,-5.60554
+0.916,-5.99131
+0.9163,-6.19796
+0.9167,-6.53894
+0.9172,-6.77303
+0.9176,-6.84455
+0.918,-6.86802
+0.9186,-6.80117
+0.9188,-6.68945
+0.9194,-6.67236
+0.9196,-6.54335
+0.9204,-6.44349
+0.9206,-6.26527
+0.9208,-6.04051
+0.9212,-5.95777
+0.9216,-5.87945
+0.9219,-5.87976
+0.9223,-5.96491
+0.9227,-6.03241
+0.9233,-6.12334
+0.9236,-6.11912
+0.9239,-6.31195
+0.9243,-6.4394
+0.9248,-6.60001
+0.9252,-6.91832
+0.9255,-7.20977
+0.9259,-7.47621
+0.9263,-7.63144
+0.9268,-7.88923
+0.9272,-8.09338
+0.9276,-8.37449
+0.9279,-8.61359
+0.9283,-8.76842
+0.9288,-9.01457
+0.9292,-8.94407
+0.9295,-8.93961
+0.9299,-8.8856
+0.9303,-8.82368
+0.9308,-8.6774
+0.9312,-8.4073
+0.9315,-8.16735
+0.9319,-7.67546
+0.9323,-7.43247
+0.9328,-6.8014
+0.9332,-6.21717
+0.9335,-5.54123
+0.9339,-4.86972
+0.9343,-4.00784
+0.9348,-3.10313
+0.9352,-2.22231
+0.9355,-1.22312
+0.9359,-0.163644
+0.9363,+0.965329
+0.9368,+1.86004
+0.9372,+2.9072
+0.9375,+3.92719
+0.9379,+4.95484
+0.9383,+5.66196
+0.9388,+6.48195
+0.9392,+7.35565
+0.9395,+8.1369
+0.9399,+8.72894
+0.9403,+9.53355
+0.9407,+10.302
+0.9412,+10.931
+0.9415,+11.3363
+0.9419,+11.8824
+0.9423,+12.5624
+0.9427,+13.046
+0.9432,+13.3341
+0.9436,+13.6566
+0.9439,+14.1119
+0.9443,+14.2377
+0.9447,+14.4145
+0.9452,+14.3818
+0.9455,+14.5264
+0.9459,+14.4842
+0.9463,+14.3142
+0.9468,+14.2404
+0.9472,+14.1094
+0.9475,+13.7874
+0.9479,+13.3448
+0.9483,+12.917
+0.9487,+12.3925
+0.9492,+11.8981
+0.9496,+11.3281
+0.9499,+10.568
+0.9503,+9.87597
+0.9508,+8.95599
+0.9512,+8.1109
+0.9516,+7.41793
+0.9519,+6.65012
+0.9523,+5.8654
+0.9527,+5.10664
+0.9532,+4.52013
+0.9537,+3.7665
+0.9539,+3.28436
+0.9543,+2.66955
+0.9548,+2.27172
+0.9552,+1.90867
+0.9555,+1.46843
+0.9559,+1.12681
+0.9563,+0.920181
+0.9567,+0.700663
+0.9572,+0.500284
+0.9575,+0.407438
+0.9579,+0.204732
+0.9583,+0.260638
+0.9587,+0.188791
+0.9592,+0.132532
+0.9596,+0.108939
+0.9599,+0.0922212
+0.9603,+0.0575845
+0.9607,+0.0663266
+0.9612,+0.093048
+0.9615,+0.217886
+0.9619,+0.452779
+0.9623,+0.494819
+0.9627,+0.629231
+0.9632,+0.77785
+0.9636,+0.977501
+0.9639,+1.18515
+0.9643,+1.41149
+0.9648,+1.66293
+0.9652,+1.90512
+0.9655,+2.10038
+0.9659,+2.19573
+0.9663,+2.40767
+0.9667,+2.62021
+0.9672,+2.80093
+0.9676,+2.9791
+0.9679,+3.17778
+0.9683,+3.14225
+0.9688,+3.2679
+0.9692,+3.3123
+0.9695,+3.35818
+0.9699,+3.4374
+0.9703,+3.48022
+0.9707,+3.50502
+0.9712,+3.52783
+0.9715,+3.49163
+0.9719,+3.34269
+0.9723,+3.40363
+0.9727,+3.25425
+0.9732,+3.04572
+0.9735,+2.84429
+0.974,+2.55766
+0.9743,+2.29065
+0.9747,+1.93213
+0.9752,+1.61113
+0.9756,+1.15764
+0.9759,+0.81807
+0.9763,+0.338874
+0.9767,-0.187864
+0.9772,-0.706631
+0.9776,-1.4438
+0.9779,-2.2398
+0.9783,-2.94925
+0.9787,-3.7608
+0.9792,-4.65468
+0.9795,-5.4693
+0.9799,-6.31871
+0.9803,-7.23752
+0.9808,-7.94885
+0.9812,-8.56871
+0.9816,-8.69171
+0.9819,-8.65336
+0.9824,-8.64941
+0.9833,-8.39436
+0.9835,-8.20703
+0.9837,-7.6451
+0.9839,-6.84593
+0.9843,-5.77831
+0.9847,-4.71209
+0.9852,-3.63771
+0.9855,-2.58063
+0.9859,-1.49064
+0.9863,-0.271434
+0.9867,+1.17587
+0.9872,+2.73725
+0.9875,+4.15175
+0.9879,+5.4612
+0.9883,+6.76211
+0.9887,+7.98852
+0.9892,+9.40667
+0.9895,+10.4568
+0.9899,+11.5274
+0.9903,+12.4425
+0.9907,+13.1238
+0.9912,+13.7791
+0.9915,+14.4274
+0.9919,+14.812
+0.9923,+15.1781
+0.9927,+15.4821
+0.9932,+15.5134
+0.9935,+15.6798
+0.9939,+15.7286
+0.9943,+15.6961
+0.9947,+15.6687
+0.9952,+15.5785
+0.9955,+15.2629
+0.9959,+15.1487
+0.9963,+14.9503
+0.9967,+14.7579
+0.9972,+14.6488
+0.9975,+14.3134
+0.9979,+14.0955
+0.9983,+13.807
+0.9987,+13.4593
+0.9992,+13.3282
+0.9995,+13.1765
+0.9999,+12.9184
+1.0003,+12.5182
+1.0007,+12.1335
+1.0012,+11.618
+1.0015,+11.3722
+1.0019,+11.076
+1.0023,+10.6396
+1.0027,+10.2627
+1.0032,+9.73963
+1.0035,+9.25651
+1.004,+8.84326
+1.0043,+8.54176
+1.0047,+8.11841
+1.0052,+7.72229
+1.0055,+7.15944
+1.0059,+6.54257
+1.0063,+6.0614
+1.0067,+5.62864
+1.0072,+5.15122
+1.0075,+4.55038
+1.0079,+3.81436
+1.0083,+3.09643
+1.0087,+2.45805
+1.0092,+1.87444
+1.0095,+1.10022
+1.0099,+0.393302
+1.0103,-0.514479
+1.0107,-1.52261
+1.0112,-2.4184
+1.0115,-3.38219
+1.0119,-4.077
+1.0123,-4.84042
+1.0127,-5.73525
+1.0132,-6.44662
+1.0135,-6.81964
+1.0139,-7.43809
+1.0144,-7.58641
+1.0148,-7.86769
+1.0152,-8.00915
+1.0156,-7.70568
+1.0159,-7.50531
+1.0163,-7.17028
+1.0167,-6.8294
+1.0172,-6.59086
+1.0175,-6.02355
+1.0179,-5.2688
+1.0183,-4.56777
+1.0187,-3.67544
+1.0192,-2.85818
+1.0195,-2.14891
+1.0199,-1.32399
+1.0203,-0.546527
+1.0207,+0.507592
+1.0212,+1.45966
+1.0215,+2.16277
+1.0219,+3.01427
+1.0223,+3.6449
+1.0227,+4.43336
+1.0232,+5.24497
+1.0235,+5.9672
+1.0239,+6.53798
+1.0243,+7.22898
+1.0247,+7.68486
+1.0252,+8.28669
+1.0255,+8.52198
+1.0259,+8.71392
+1.0263,+9.05473
+1.0267,+9.17291
+1.0272,+9.25003
+1.0276,+9.18245
+1.0279,+9.05474
+1.0283,+8.81731
+1.0287,+8.65646
+1.0292,+8.32864
+1.0295,+8.02106
+1.0299,+7.65736
+1.0303,+7.12938
+1.0307,+6.64517
+1.0312,+6.08792
+1.0315,+5.543
+1.0319,+4.99981
+1.0323,+4.48885
+1.0327,+4.04003
+1.0332,+3.51152
+1.0335,+3.2086
+1.0339,+2.83876
+1.0344,+2.57514
+1.0347,+2.24198
+1.0352,+1.94712
+1.0356,+1.7453
+1.0359,+1.59706
+1.0363,+1.30978
+1.0367,+1.1765
+1.0372,+0.942672
+1.0375,+0.861554
+1.0379,+0.696132
+1.0383,+0.565219
+1.0387,+0.497195
+1.0392,+0.351432
+1.0396,+0.0524841
+1.0399,-0.110589
+1.0403,-0.157665
+1.0407,-0.379098
+1.0412,-0.471371
+1.0415,-0.6997
+1.0419,-0.730283
+1.0423,-0.822299
+1.0427,-0.868253
+1.0432,-0.747751
+1.0435,-0.499358
+1.0439,-0.273933
+1.0443,-0.115588
+1.0447,+0.0688894
+1.0452,+0.453841
+1.0456,+0.87133
+1.0459,+1.23253
+1.0463,+1.67237
+1.0467,+2.1424
+1.0472,+2.56166
+1.0476,+3.19001
+1.0479,+3.77665
+1.0483,+4.3506
+1.0487,+4.94078
+1.0492,+5.46651
+1.0495,+5.9385
+1.0499,+6.47098
+1.0503,+6.98936
+1.0507,+7.3779
+1.0512,+7.72424
+1.0516,+7.82806
+1.0521,+7.87006
+1.0523,+7.91445
+1.0527,+7.87974
+1.0532,+7.78757
+1.0535,+7.76478
+1.0539,+7.59953
+1.0543,+7.28813
+1.0547,+7.00618
+1.0552,+6.65648
+1.0555,+6.34257
+1.0559,+6.10771
+1.0563,+5.79144
+1.0567,+5.59341
+1.0572,+5.41959
+1.0575,+5.23241
+1.0579,+5.08373
+1.0583,+5.05464
+1.0587,+5.05042
+1.0592,+5.12326
+1.0596,+5.35547
+1.0599,+5.59637
+1.0603,+5.92827
+1.0607,+6.36283
+1.0612,+6.89905
+1.0616,+7.40583
+1.0619,+8.01149
+1.0623,+8.62207
+1.0627,+9.21707
+1.0632,+9.89368
+1.0636,+10.4867
+1.0639,+11.1234
+1.0643,+11.6456
+1.0648,+12.1273
+1.0652,+12.3801
+1.0656,+12.5137
+1.0659,+12.6556
+1.0663,+12.757
+1.0667,+12.9087
+1.0672,+12.9612
+1.0676,+12.8753
+1.0679,+12.678
+1.0683,+12.5933
+1.0687,+12.4263
+1.0692,+12.2922
+1.0696,+12.1708
+1.0699,+11.9315
+1.0703,+11.6304
+1.0707,+11.3806
+1.0712,+11.0282
+1.0716,+10.8051
+1.0719,+10.5159
+1.0723,+10.275
+1.0727,+9.98618
+1.0732,+9.65045
+1.0736,+9.24433
+1.0739,+8.89125
+1.0743,+8.60318
+1.0747,+8.11468
+1.0753,+7.60486
+1.0756,+7.06601
+1.0759,+6.48911
+1.0763,+5.86012
+1.0767,+5.22707
+1.0772,+4.47738
+1.0775,+3.94162
+1.0779,+3.29672
+1.0783,+2.60806
+1.0787,+1.8451
+1.0792,+1.28122
+1.0796,+0.676977
+1.0799,+0.156665
+1.0803,-0.478026
+1.0807,-0.972691
+1.0812,-1.22924
+1.0815,-1.75142
+1.0819,-2.0045
+1.0823,-2.13577
+1.0827,-2.10396
+1.0832,-2.12076
+1.0836,-1.93893
+1.0839,-1.68267
+1.0843,-1.25028
+1.0847,-0.884847
+1.0857,-0.579571
+1.0859,+0.10669
+1.0861,+0.769329
+1.0863,+1.35462
+1.0867,+2.07476
+1.0872,+2.81054
+1.0876,+3.44619
+1.0879,+4.10119
+1.0883,+4.79282
+1.0887,+5.45392
+1.0892,+6.22404
+1.0895,+6.88607
+1.0899,+7.38288
+1.0903,+7.88675
+1.0907,+8.29318
+1.0912,+8.67028
+1.0915,+8.96527
+1.0919,+9.21291
+1.0923,+9.39003
+1.0927,+9.47031
+1.0932,+9.6398
+1.0936,+9.76012
+1.0939,+9.80408
+1.0943,+9.89941
+1.0947,+9.9844
+1.0952,+10.0976
+1.0956,+10.2721
+1.0959,+10.3441
+1.0963,+10.5291
+1.0967,+10.788
+1.0972,+11.0437
+1.0975,+11.313
+1.0979,+11.6111
+1.0983,+11.9716
+1.0987,+12.3551
+1.0992,+12.5464
+1.0996,+12.8344
+1.0999,+13.3129
+1.1003,+13.5322
+1.1007,+13.784
+1.1012,+14.1129
+1.1016,+14.4272
+1.1019,+14.6469
+1.1023,+14.8428
+1.1027,+14.8067
+1.1032,+15.0158
+1.1036,+15.0883
+1.1039,+15.0555
+1.1043,+15.0248
+1.1047,+14.9151
+1.1052,+14.6394
+1.1056,+14.3571
+1.1059,+14.0334
+1.1063,+13.6777
+1.1067,+13.5962
+1.1072,+13.4427
+1.1076,+13.287
+1.1079,+12.9568
+1.1083,+12.8061
+1.1087,+12.5476
+1.1092,+12.203
+1.1095,+11.9042
+1.1099,+11.772
+1.1103,+11.4847
+1.1107,+11.1695
+1.1112,+10.6413
+1.1116,+10.1354
+1.1119,+9.76443
+1.1123,+9.37529
+1.1127,+9.00543
+1.1132,+8.72721
+1.1136,+8.1771
+1.1139,+7.68019
+1.1143,+7.2187
+1.1147,+6.58885
+1.1152,+6.18344
+1.1156,+5.74338
+1.1159,+5.13425
+1.1163,+4.43075
+1.1167,+3.85356
+1.1172,+3.29422
+1.1176,+2.80212
+1.1179,+2.32385
+1.1183,+1.87649
+1.1187,+1.52424
+1.1192,+1.03385
+1.1196,+0.666266
+1.1199,+0.223888
+1.1203,-0.0156719
+1.1207,-0.277587
+1.1212,-0.59782
+1.1215,-0.773609
+1.1219,-0.916326
+1.1223,-1.25616
+1.1227,-1.38388
+1.1232,-1.60945
+1.1236,-1.77587
+1.1239,-1.79937
+1.1243,-2.05136
+1.1247,-2.07511
+1.1252,-2.20249
+1.1256,-2.50612
+1.1259,-2.83316
+1.1263,-2.95978
+1.1267,-3.0871
+1.1272,-3.04231
+1.1276,-2.97054
+1.1279,-2.8116
+1.1283,-2.72308
+1.1287,-2.77339
+1.1292,-2.70415
+1.1296,-2.21316
+1.1299,-1.90169
+1.1303,-1.58012
+1.1307,-1.49948
+1.1312,-1.37533
+1.1316,-1.31605
+1.1319,-1.19676
+1.1323,-0.952469
+1.1327,-0.800154
+1.1332,-0.571409
+1.1335,-0.508079
+1.1339,-0.315413
+1.1343,-0.0703211
+1.1347,+0.143081
+1.1352,+0.540101
+1.1356,+0.760856
+1.1359,+0.974109
+1.1363,+1.21328
+1.1367,+1.49079
+1.1372,+1.68124
+1.1376,+1.80967
+1.1379,+1.94497
+1.1383,+1.94312
+1.1387,+2.08874
+1.1392,+2.03047
+1.1396,+2.09739
+1.1399,+1.99989
+1.1403,+1.91597
+1.1407,+1.91773
+1.1412,+1.74282
+1.1416,+1.68781
+1.1419,+1.51354
+1.1423,+1.58895
+1.1427,+1.46196
+1.1432,+1.28274
+1.1436,+1.09752
+1.1439,+1.01169
+1.1443,+0.994699
+1.1447,+0.711558
+1.1452,+0.63915
+1.1456,+0.343285
+1.1459,+0.220129
+1.1463,-0.0871055
+1.1467,-0.109401
+1.1472,-0.0402832
+1.1476,-0.0862369
+1.1479,-0.150023
+1.1483,-0.219659
+1.1487,-0.175348
+1.1492,-0.242566
+1.1496,-0.123603
+1.1499,-0.0751701
+1.1503,+0.0586173
+1.1507,-0.0643366
+1.1512,-0.254292
+1.1516,-0.303597
+1.1519,-0.297909
+1.1523,-0.360915
+1.1527,-0.236458
+1.1532,-0.0784939
+1.1535,-0.19619
+1.154,-0.186842
+1.1543,-0.270186
+1.1547,-0.215453
+1.1552,-0.194862
+1.1556,-0.210012
+1.1559,-0.329526
+1.1563,-0.37346
+1.1568,-0.751007
+1.1572,-1.00507
+1.1576,-1.14097
+1.1579,-1.37165
+1.1583,-1.67801
+1.1587,-2.0121
+1.1592,-2.21356
+1.1596,-2.50504
+1.1599,-2.91664
+1.1603,-3.33676
+1.1607,-3.60749
+1.161,-3.8364
+1.1616,-4.20173
+1.1619,-4.60666
+1.1623,-4.92969
+1.1627,-5.28779
+1.1631,-5.76062
+1.1636,-6.01383
+1.1639,-6.23534
+1.1643,-6.47778
+1.1647,-6.7135
+1.1651,-7.15544
+1.1656,-7.48293
+1.1659,-7.73735
+1.1663,-7.96213
+1.1667,-8.13865
+1.167,-8.30218
+1.1676,-8.70091
+1.1679,-8.85317
+1.1683,-9.07863
+1.1687,-9.30461
+1.1691,-9.31169
+1.1696,-9.28148
+1.17,-9.35006
+1.1703,-9.38642
+1.1707,-9.5044
+1.1712,-9.57728
+1.1716,-9.55989
+1.1719,-9.55961
+1.1723,-9.5724
+1.1727,-9.52482
+1.1731,-9.54037
+1.1736,-9.54899
+1.1739,-9.44938
+1.1743,-9.38716
+1.1747,-9.27927
+1.1752,-9.12142
+1.1756,-9.02347
+1.1759,-8.88409
+1.1763,-8.67278
+1.1767,-8.54108
+1.1772,-8.41854
+1.1776,-8.25135
+1.1779,-8.25926
+1.1783,-8.13613
+1.1787,-7.91032
+1.1792,-7.80105
+1.1796,-7.49122
+1.1799,-7.46631
+1.1803,-7.37638
+1.1807,-7.24057
+1.1812,-7.12545
+1.1816,-6.99907
+1.1819,-6.85066
+1.1823,-6.60746
+1.1827,-6.6014
+1.1831,-6.52724
+1.1836,-6.55372
+1.1839,-6.44674
+1.1843,-6.43654
+1.1847,-6.39904
+1.1852,-6.24349
+1.1856,-6.17441
+1.1859,-5.85636
+1.1864,-5.92985
+1.1868,-5.78119
+1.1881,-5.41229
+1.1884,-5.22099
+1.1887,-4.92753
+1.1889,-4.74527
+1.1891,-4.45805
+1.1896,-4.3095
+1.1899,-4.13155
+1.1903,-4.25999
+1.1907,-4.17237
+1.1911,-4.14702
+1.1916,-4.27176
+1.1919,-4.34051
+1.1923,-4.47005
+1.1927,-4.30238
+1.193,-4.46108
+1.1935,-4.59106
+1.1939,-4.55285
+1.1943,-4.29772
+1.1947,-4.17436
+1.195,-3.86296
+1.1956,-3.89395
+1.1959,-3.80789
+1.1963,-3.76711
+1.1967,-3.88739
+1.1972,-3.55663
+1.1976,-3.4752
+1.1979,-3.48423
+1.1983,-3.5541
+1.1987,-3.45811
+1.1991,-3.52186
+1.1996,-3.33798
+1.1999,-3.28783
+1.2003,-3.08306
+1.2007,-2.98798
+1.2012,-3.25628
+1.2015,-3.14744
+1.2019,-3.09201
+1.2023,-3.09261
+1.2027,-3.1375
+1.2031,-3.20865
+1.2036,-3.25993
+1.2039,-3.30561
+1.2043,-3.423
+1.2047,-3.38343
+1.2051,-3.32394
+1.2056,-3.33806
+1.2059,-3.27056
+1.2063,-3.14659
+1.2067,-2.9954
+1.2072,-2.88461
+1.2076,-2.76903
+1.2079,-2.68294
+1.2083,-2.55868
+1.2087,-2.59312
+1.2092,-2.74507
+1.2096,-2.7789
+1.2099,-2.87859
+1.2103,-2.97737
+1.2107,-3.09041
+1.211,-3.1991
+1.2116,-3.17867
+1.2119,-3.13413
+1.2123,-3.15752
+1.2127,-2.96582
+1.213,-2.78781
+1.2136,-2.79474
+1.2139,-2.74295
+1.2143,-2.59739
+1.2147,-2.43601
+1.2151,-2.27871
+1.2156,-2.22245
+1.2159,-2.14489
+1.2163,-2.20316
+1.2168,-2.18457
+1.2172,-2.09257
+1.2176,-1.84123
+1.2179,-1.67296
+1.2183,-1.51868
+1.2187,-1.53999
+1.219,-1.44863
+1.2196,-1.43793
+1.2199,-1.50138
+1.2203,-1.27159
+1.2207,-1.25593
+1.2211,-1.16982
+1.2216,-1.14336
+1.2219,-1.05629
+1.2223,-1.07387
+1.2227,-0.970598
+1.2231,-0.979566
+1.2236,-0.91835
+1.2239,-0.727269
+1.2243,-0.538801
+1.2247,-0.389425
+1.2251,-0.289042
+1.2256,-0.17769
+1.2259,-0.160981
+1.2263,+0.0508562
+1.2267,+0.285375
+1.227,+0.473133
+1.2276,+0.699737
+1.2279,+0.910222
+1.2283,+0.912661
+1.2287,+1.02401
+1.229,+1.1747
+1.2296,+1.29857
+1.2299,+1.54244
+1.2303,+1.7017
+1.2307,+1.67851
+1.2311,+1.78734
+1.2316,+1.88284
+1.2319,+1.88983
+1.2323,+2.07141
+1.2327,+2.22199
+1.233,+2.38091
+1.2336,+2.4477
+1.2339,+2.51802
+1.2343,+2.54468
+1.2347,+2.84032
+1.235,+2.96089
+1.2356,+3.08645
+1.2359,+3.27982
+1.2363,+3.35715
+1.2367,+3.52401
+1.237,+3.64751
+1.2376,+3.82634
+1.2379,+3.95934
+1.2383,+4.06506
+1.2387,+4.05363
+1.2391,+4.20312
+1.2396,+4.23298
+1.2399,+4.30854
+1.2403,+4.4661
+1.2407,+4.57938
+1.2411,+4.63973
+1.2416,+4.7708
+1.2419,+4.8329
+1.2423,+4.90948
+1.2427,+5.05147
+1.2431,+5.08925
+1.2436,+5.17649
+1.2439,+5.26644
+1.2443,+5.42186
+1.2447,+5.37228
+1.245,+5.36291
+1.2456,+5.44408
+1.2459,+5.60496
+1.2463,+5.66491
+1.2467,+5.63204
+1.2485,+5.72767
+1.2487,+5.81955
+1.249,+5.90471
+1.2492,+5.75775
+1.2496,+5.76884
+1.25,+5.84145
+1.2503,+5.82599
+1.2507,+5.80593
+1.2511,+5.79734
+1.2516,+5.77362
+1.2519,+5.72719
+1.2523,+5.69443
+1.2529,+5.68736
+1.2532,+5.81373
+1.2536,+5.82388
+1.2539,+5.8269
+1.2543,+5.78721
+1.2547,+5.76211
+1.2551,+5.76107
+1.2556,+5.84219
+1.2559,+5.83184
+1.2563,+5.819
+1.2567,+5.78053
+1.2571,+5.6845
+1.2576,+5.68923
+1.2579,+5.65468
+1.2583,+5.67475
+1.2588,+5.61158
+1.2592,+5.62727
+1.2596,+5.60582
+1.2599,+5.53318
+1.2603,+5.48471
+1.2607,+5.45426
+1.2611,+5.40113
+1.2616,+5.38395
+1.2619,+5.42163
+1.2623,+5.31279
+1.2627,+5.1732
+1.2631,+5.09718
+1.2636,+4.96614
+1.2639,+5.01398
+1.2643,+4.95218
+1.2647,+4.83521
+1.2651,+4.73516
+1.2656,+4.60457
+1.2659,+4.46826
+1.2663,+4.46108
+1.2667,+4.60096
+1.2671,+4.6202
+1.2677,+4.70096
+1.268,+4.63473
+1.2683,+4.63657
+1.2687,+4.70822
+1.2691,+4.76571
+1.2696,+4.79216
+1.27,+4.70115
+1.2703,+4.63989
+1.2707,+4.53245
+1.2711,+4.48332
+1.2716,+4.32899
+1.2719,+4.2722
+1.2723,+4.22738
+1.2727,+4.19763
+1.2731,+4.1207
+1.2736,+4.032
+1.2739,+4.10358
+1.2743,+4.09751
+1.2747,+4.08196
+1.2751,+4.00906
+1.2756,+4.04875
+1.2759,+3.96117
+1.2763,+3.97186
+1.2767,+3.88184
+1.2771,+3.86763
+1.2776,+3.85182
+1.2779,+3.67429
+1.2783,+3.60741
+1.2788,+3.47898
+1.2791,+3.3659
+1.2796,+3.23867
+1.2799,+3.23671
+1.2803,+3.10935
+1.2807,+2.93392
+1.2811,+2.79548
+1.2816,+2.70997
+1.2819,+2.71018
+1.2823,+2.68155
+1.2827,+2.69333
+1.2831,+2.7265
+1.2836,+2.70848
+1.2839,+2.67242
+1.2843,+2.64412
+1.2847,+2.67693
+1.2851,+2.69753
+1.2856,+2.61403
+1.2859,+2.60846
+1.2863,+2.51532
+1.2867,+2.47144
+1.2871,+2.4188
+1.2876,+2.37873
+1.2879,+2.41582
+1.2883,+2.44473
+1.2887,+2.34946
+1.2891,+2.30637
+1.2896,+2.2624
+1.2905,+2.14932
+1.2907,+2.15614
+1.2911,+2.04529
+1.2916,+2.02885
+1.2919,+2.00953
+1.2923,+1.89855
+1.2927,+1.70404
+1.2931,+1.81274
+1.2936,+1.76751
+1.2939,+1.81234
+1.2943,+1.86962
+1.2947,+1.86163
+1.2951,+1.91996
+1.2956,+1.86511
+1.2959,+1.7908
+1.2963,+1.75908
+1.2967,+1.82529
+1.2971,+1.67903
+1.2976,+1.70609
+1.2979,+1.68289
+1.2983,+1.62098
+1.2987,+1.59116
+1.2991,+1.51409
+1.2996,+1.44728
+1.2999,+1.39267
+1.3003,+1.32361
+1.3007,+1.25215
+1.3011,+1.23856
+1.3016,+1.14209
+1.3019,+1.12075
+1.3023,+1.11471
+1.3027,+1.02237
+1.3031,+1.01282
+1.3036,+0.917812
+1.304,+0.876301
+1.3043,+0.876506
+1.3047,+0.924894
+1.3051,+0.825012
+1.3056,+0.732072
+1.3059,+0.655654
+1.3063,+0.643039
+1.3067,+0.718584
+1.3071,+0.763594
+1.3076,+0.900968
+1.3079,+0.986795
+1.3083,+0.907515
+1.3087,+0.895348
+1.3092,+1.06054
+1.3096,+1.14367
+1.3099,+1.20134
+1.3103,+1.29163
+1.3107,+1.34287
+1.3111,+1.35315
+1.3116,+1.30825
+1.3119,+1.34036
+1.3123,+1.46281
+1.3127,+1.47511
+1.3131,+1.48756
+1.3136,+1.50897
+1.3139,+1.56705
+1.3143,+1.56165
+1.3147,+1.42147
+1.3151,+1.4855
+1.3156,+1.53095
+1.3159,+1.54697
+1.3163,+1.50075
+1.3167,+1.46459
+1.3171,+1.49808
+1.3176,+1.5314
+1.3179,+1.42452
+1.3183,+1.33155
+1.3187,+1.46211
+1.3191,+1.40121
+1.3196,+1.35558
+1.3199,+1.36224
+1.3203,+1.31628
+1.3207,+1.34831
+1.3211,+1.28965
+1.3216,+1.31898
+1.3219,+1.41481
+1.3223,+1.45847
+1.3227,+1.43033
+1.3231,+1.39584
+1.3236,+1.45156
+1.3239,+1.36108
+1.3243,+1.42858
+1.3247,+1.44284
+1.3251,+1.40493
+1.3254,+1.32052
+1.3259,+1.21973
+1.3263,+1.1051
+1.3267,+1.0369
+1.3271,+1.04494
+1.3276,+0.983025
+1.3279,+1.14606
+1.3283,+1.22082
+1.3287,+1.15835
+1.3291,+1.26547
+1.3296,+1.23535
+1.3299,+1.29284
+1.3303,+1.3405
+1.3307,+1.34054
+1.3311,+1.28715
+1.3316,+1.26092
+1.3319,+1.08379
+1.3323,+1.02942
+1.3327,+1.02425
+1.3331,+0.896381
+1.3336,+0.861264
+1.3339,+0.853554
+1.3343,+0.84509
+1.3347,+0.832973
+1.3351,+0.896456
+1.3356,+0.921126
+1.3359,+0.948852
+1.3363,+0.86063
+1.3367,+0.795468
+1.3371,+0.727258
+1.3376,+0.752086
+1.3379,+0.73396
+1.3383,+0.7222
+1.3387,+0.590334
+1.3391,+0.473914
+1.3396,+0.358713
+1.34,+0.307284
+1.3403,+0.35231
+1.3407,+0.404834
+1.3411,+0.423456
+1.3415,+0.428923
+1.3419,+0.400342
+1.3423,+0.386082
+1.3427,+0.559945
+1.3431,+0.54697
+1.3436,+0.614052
+1.3439,+0.582636
+1.3443,+0.61357
+1.3447,+0.643242
+1.3451,+0.594267
+1.3456,+0.567697
+1.3459,+0.477977
+1.3463,+0.416425
+1.3467,+0.336489
+1.3471,+0.288894
+1.3476,+0.230386
+1.3479,+0.251919
+1.3483,+0.0863156
+1.3487,-0.0030674
+1.3491,+0.0260664
+1.3494,-0.00453179
+1.3501,+0.0466324
+1.3504,+0.0954372
+1.3507,+0.0351817
+1.3511,+0.157183
+1.3516,+0.199577
+1.3519,+0.287429
+1.3523,+0.307377
+1.3527,+0.373567
+1.3531,+0.351797
+1.3536,+0.428031
+1.3539,+0.529038
+1.3543,+0.62582
+1.3547,+0.738857
+1.3551,+0.683815
+1.3556,+0.835273
+1.3559,+0.779365
+1.3563,+0.942422
+1.3567,+0.998289
+1.3571,+1.06654
+1.3574,+1.06768
+1.3579,+1.01227
+1.3583,+1.00389
+1.3587,+1.00948
+1.3591,+1.026
+1.3596,+0.880252
+1.3599,+0.834644
+1.3603,+0.786772
+1.3607,+0.726559
+1.3611,+0.805994
+1.3616,+0.814308
+1.3619,+0.845357
+1.3623,+0.908162
+1.3627,+0.912452
+1.3632,+0.908629
+1.3636,+0.960005
+1.3639,+1.00771
+1.3643,+1.03671
+1.3647,+1.08995
+1.3651,+1.07474
+1.3654,+0.939041
+1.3659,+0.921024
+1.3663,+0.803556
+1.3667,+0.835162
+1.3671,+0.9843
+1.3676,+1.00795
+1.3679,+1.0401
+1.3683,+1.01379
+1.3687,+1.0396
+1.3691,+0.985574
+1.3696,+1.16885
+1.3699,+1.23769
+1.3704,+1.2751
+1.3707,+1.30341
+1.3711,+1.23732
+1.3716,+1.15235
+1.3719,+1.13767
+1.3723,+1.29084
+1.3727,+1.35437
+1.3731,+1.46776
+1.3734,+1.5001
+1.3739,+1.49767
+1.3743,+1.62615
+1.3747,+1.64992
+1.3751,+1.72148
+1.3756,+1.97979
+1.3759,+2.07302
+1.3763,+2.02221
+1.3767,+2.01933
+1.3771,+2.02738
+1.3776,+2.10336
+1.3779,+2.24392
+1.3783,+2.25419
+1.3787,+2.38626
+1.3791,+2.39853
+1.3796,+2.31811
+1.38,+2.33265
+1.3803,+2.31321
+1.3807,+2.3921
+1.3811,+2.45011
+1.3814,+2.50253
+1.3819,+2.50529
+1.3823,+2.48784
+1.3827,+2.37873
+1.3831,+2.46006
+1.3836,+2.56364
+1.384,+2.49719
+1.3843,+2.63473
+1.3847,+2.61648
+1.3851,+2.55708
+1.3856,+2.48357
+1.3859,+2.433
+1.3863,+2.44296
+1.3867,+2.49009
+1.3871,+2.42148
+1.3876,+2.38028
+1.3879,+2.58623
+1.3883,+2.5491
+1.3887,+2.4847
+1.3891,+2.56208
+1.3894,+2.6842
+1.3899,+2.73516
+1.3903,+2.84879
+1.3908,+2.9113
+1.3911,+2.88718
+1.3916,+2.82365
+1.3919,+2.78793
+1.3929,+2.67854
+1.3932,+2.72218
+1.3934,+2.75613
+1.3939,+2.6958
+1.3943,+2.7321
+1.3947,+2.61906
+1.3951,+2.50448
+1.3956,+2.49323
+1.3959,+2.54516
+1.3963,+2.41403
+1.3967,+2.39951
+1.3971,+2.37649
+1.3974,+2.25709
+1.3979,+2.07979
+1.3983,+1.89173
+1.3987,+1.881
+1.3991,+1.76508
+1.3994,+1.71566
+1.4,+1.57327
+1.4004,+1.47078
+1.4007,+1.4373
+1.4011,+1.23444
+1.4016,+1.17048
+1.4019,+1.14286
+1.4023,+1.06122
+1.4027,+0.787313
+1.4031,+0.594631
+1.4036,+0.416057
+1.4039,+0.395003
+1.4043,+0.282933
+1.4047,+0.0972468
+1.4051,-0.0450486
+1.4054,-0.184948
+1.4059,-0.299606
+1.4063,-0.524516
+1.4067,-0.705823
+1.4071,-0.649395
+1.4074,-0.718503
+1.4079,-0.901042
+1.4083,-1.04831
+1.4087,-1.16181
+1.4091,-1.28652
+1.4094,-1.36821
+1.4099,-1.53385
+1.4103,-1.51877
+1.4107,-1.693
+1.4111,-1.83691
+1.4114,-1.92749
+1.4119,-2.08568
+1.4123,-2.13052
+1.4127,-2.18905
+1.4131,-2.20327
+1.4134,-2.60898
+1.4139,-2.73692
+1.4143,-2.98244
+1.4147,-3.03847
+1.4151,-3.24477
+1.4154,-3.5458
+1.4159,-3.872
+1.4163,-4.19586
+1.4167,-4.49328
+1.4171,-4.65481
+1.4174,-4.73758
+1.4179,-4.89945
+1.4183,-4.97777
+1.4187,-5.06879
+1.4191,-5.37361
+1.4194,-5.34062
+1.4199,-5.39438
+1.4203,-5.56612
+1.4207,-5.61226
+1.4211,-6.00112
+1.4214,-6.18134
+1.4219,-6.30572
+1.4223,-6.54782
+1.4227,-6.70456
+1.4231,-6.61103
+1.4234,-6.78966
+1.4239,-6.84795
+1.4243,-6.82821
+1.4247,-7.01031
+1.4251,-7.19336
+1.4254,-7.16461
+1.4259,-7.42481
+1.4263,-7.46353
+1.4267,-7.64573
+1.4271,-7.75739
+1.4274,-7.87109
+1.428,-8.13273
+1.4283,-8.46097
+1.4287,-8.39007
+1.4291,-8.13641
+1.4294,-8.36828
+1.4299,-8.5019
+1.4304,-8.54813
+1.4308,-8.55387
+1.4311,-8.64629
+1.4314,-9.01775
+1.4319,-9.10485
+1.4323,-8.95547
+1.4327,-9.43198
+1.4331,-9.78736
+1.4334,-9.73962
+1.4339,-9.54274
+1.4343,-9.77841
+1.4347,-9.85706
+1.4351,-9.9789
+1.4354,-9.95379
+1.436,-9.9467
+1.4363,-9.97137
+1.4367,-9.9383
+1.4371,-9.73567
+1.4374,-9.69216
+1.4379,-10.0454
+1.4383,-10.1459
+1.4387,-10.15
+1.4391,-10.0801
+1.4394,-9.83708
+1.4399,-9.97943
+1.4403,-10.0129
+1.4407,-10.0556
+1.4411,-10.2739
+1.4416,-10.5475
+1.4419,-10.4875
+1.4423,-10.3538
+1.4427,-10.6126
+1.4431,-10.6698
+1.4434,-10.6359
+1.444,-10.5523
+1.4443,-10.4675
+1.4447,-10.3737
+1.4451,-10.4517
+1.4454,-10.2545
+1.4459,-10.0221
+1.4463,-9.86669
+1.4467,-9.77984
+1.4471,-9.7082
+1.4474,-9.89396
+1.4479,-9.86003
+1.4483,-10.0629
+1.4487,-9.9871
+1.4491,-9.81161
+1.4494,-9.92651
+1.4499,-10.0863
+1.4503,-9.94373
+1.4507,-9.90914
+1.4511,-10.1345
+1.4516,-10.1837
+1.4519,-9.89965
+1.4523,-9.9066
+1.4527,-9.67863
+1.4531,-9.66791
+1.4534,-9.51116
+1.4539,-9.20659
+1.4543,-9.38481
+1.4547,-9.30278
+1.4551,-9.13734
+1.4554,-8.72268
+1.4559,-8.75624
+1.4563,-8.6721
+1.4567,-8.82504
+1.4571,-8.70298
+1.4574,-8.59632
+1.4579,-8.46445
+1.4583,-8.42395
+1.4587,-8.32069
+1.4591,-8.28741
+1.4594,-8.26845
+1.46,-8.32948
+1.4603,-8.06632
+1.4607,-7.9603
+1.4612,-7.88074
+1.4615,-7.97054
+1.462,-8.17303
+1.4623,-8.07786
+1.4627,-8.04359
+1.4631,-7.94061
+1.4634,-8.06242
+1.464,-8.06951
+1.4643,-8.09319
+1.4647,-8.02322
+1.4651,-8.04038
+1.4654,-7.90812
+1.4659,-7.85948
+1.4663,-7.64852
+1.4667,-7.58887
+1.4671,-7.59201
+1.4674,-7.52236
+1.4679,-7.29169
+1.4683,-7.08503
+1.4687,-7.04803
+1.4691,-6.94932
+1.4694,-6.79912
+1.4699,-6.64552
+1.4703,-6.68025
+1.4707,-6.62949
+1.4711,-6.48541
+1.4714,-6.48953
+1.4719,-6.49265
+1.4723,-6.60569
+1.4727,-6.56683
+1.4731,-6.49931
+1.4734,-6.50101
+1.4739,-6.47198
+1.4743,-6.54771
+1.4747,-6.44388
+1.4751,-6.41623
+1.4754,-6.46617
+1.4759,-6.40712
+1.4763,-6.30296
+1.4767,-6.246
+1.4771,-6.17506
+1.4774,-6.18028
+1.4779,-6.13567
+1.4783,-6.1197
+1.4787,-6.07194
+1.4791,-6.06947
+1.4794,-6.07383
+1.48,-6.03168
+1.4803,-6.10701
+1.4807,-6.08826
+1.4811,-6.10041
+1.4814,-6.17544
+1.4819,-6.27904
+1.4823,-6.27713
+1.4827,-6.35159
+1.4831,-6.3681
+1.4834,-6.30022
+1.4846,-6.24236
+1.4848,-6.27868
+1.4851,-6.22143
+1.4853,-6.31944
+1.4856,-6.22454
+1.486,-6.28919
+1.4863,-6.25798
+1.4867,-6.2975
+1.4871,-6.30345
+1.4874,-6.08227
+1.4879,-6.17758
+1.4883,-6.21332
+1.4887,-6.25232
+1.4891,-6.17885
+1.4894,-6.21047
+1.49,-6.05672
+1.4903,-6.02519
+1.4907,-5.94201
+1.4911,-5.93758
+1.4916,-6.14745
+1.4919,-6.16904
+1.4923,-5.89394
+1.4927,-5.82909
+1.4931,-5.8074
+1.4934,-5.67651
+1.494,-5.77615
+1.4943,-5.67362
+1.4953,-5.66721
+1.4955,-5.52259
+1.4959,-5.29241
+1.4963,-5.25585
+1.4967,-5.34044
+1.4971,-5.44265
+1.4974,-5.43535
+1.4979,-5.46947
+1.4983,-5.38024
+1.4987,-5.47868
+1.4991,-5.25092
+1.4994,-5.29827
+1.5,-5.48577
+1.5003,-5.49198
+1.5007,-5.60052
+1.5011,-5.57086
+1.5014,-5.38282
+1.5021,-5.48135
+1.5023,-5.53843
+1.5027,-5.36544
+1.5031,-5.40697
+1.5034,-5.48188
+1.5039,-5.44081
+1.5043,-5.42963
+1.5047,-5.35474
+1.5051,-5.26953
+1.5054,-5.41606
+1.5059,-5.42444
+1.5063,-5.51245
+1.5067,-5.59344
+1.5071,-5.6486
+1.5074,-5.60379
+1.508,-5.60605
+1.5083,-5.63685
+1.5087,-5.61278
+1.5091,-5.65937
+1.5094,-5.74141
+1.51,-5.62579
+1.5103,-5.59928
+1.5107,-5.64861
+1.5111,-5.76721
+1.5114,-5.68338
+1.512,-5.7388
+1.5123,-5.70101
+1.5127,-5.76197
+1.5131,-5.7409
+1.5134,-5.51446
+1.514,-5.5765
+1.5143,-5.38721
+1.5147,-5.39531
+1.5151,-5.34935
+1.5154,-5.47529
+1.5159,-5.35671
+1.5163,-5.16981
+1.5167,-5.07371
+1.5171,-5.13034
+1.5174,-5.0783
+1.5179,-4.99086
+1.5183,-4.8761
+1.5187,-4.85221
+1.5191,-4.79956
+1.5194,-4.64446
+1.52,-4.62507
+1.5203,-4.77621
+1.5207,-4.76353
+1.5211,-4.66142
+1.5214,-4.6757
+1.522,-4.72032
+1.5223,-4.82635
+1.5227,-4.66704
+1.5231,-4.76748
+1.5234,-4.79622
+1.524,-4.77046
+1.5243,-4.77024
+1.5247,-4.76853
+1.5251,-4.61422
+1.5255,-4.61186
+1.526,-4.38885
+1.5263,-4.32702
+1.5267,-4.34919
+1.5271,-4.23907
+1.5274,-4.23087
+1.5279,-4.25606
+1.5283,-4.20627
+1.5287,-4.04333
+1.5291,-4.16402
+1.5294,-4.19819
+1.53,-4.28375
+1.5303,-4.34879
+1.5307,-4.39301
+1.5311,-4.20651
+1.5314,-4.20823
+1.532,-4.12055
+1.5323,-4.12133
+1.5327,-4.30018
+1.5331,-4.16813
+1.5334,-4.0709
+1.5339,-4.07147
+1.5343,-3.78974
+1.5347,-3.61729
+1.5351,-3.77545
+1.5354,-3.7169
+1.5359,-3.66619
+1.5363,-3.53679
+1.5367,-3.39509
+1.5371,-3.48742
+1.5375,-3.56085
+1.538,-3.45247
+1.5383,-3.4456
+1.5387,-3.43236
+1.5391,-3.31353
+1.5394,-3.31199
+1.5399,-3.33702
+1.5403,-3.37105
+1.5407,-3.38894
+1.5411,-3.26206
+1.5414,-3.24264
+1.542,-3.17136
+1.5423,-3.37377
+1.5427,-3.40362
+1.5431,-3.4428
+1.5435,-3.37428
+1.544,-3.33123
+1.5443,-3.34737
+1.5447,-3.26251
+1.5451,-3.34565
+1.5455,-3.25054
+1.5459,-3.23595
+1.5463,-3.13342
+1.5467,-3.12763
+1.5471,-3.01972
+1.5475,-2.91309
+1.548,-2.74849
+1.5483,-2.77624
+1.5487,-2.83267
+1.5491,-2.6347
+1.5494,-2.62898
+1.5499,-2.71109
+1.5503,-2.82327
+1.5507,-2.87731
+1.5511,-2.78254
+1.5515,-2.72592
+1.552,-2.68786
+1.5523,-2.47901
+1.5527,-2.32259
+1.5531,-2.27352
+1.5535,-2.23921
+1.5539,-2.06023
+1.5543,-1.75799
+1.5547,-1.59064
+1.5551,-1.66147
+1.5554,-1.72976
+1.556,-1.71971
+1.5563,-1.79842
+1.5567,-1.76828
+1.5571,-1.86504
+1.5574,-1.87801
+1.558,-1.94085
+1.5583,-2.07631
+1.5587,-1.9978
+1.5591,-1.95113
+1.5594,-1.76985
+1.56,-1.97634
+1.5603,-1.86001
+1.5607,-1.84231
+1.5611,-1.75891
+1.5615,-1.75658
+1.562,-1.67287
+1.5623,-1.47463
+1.5627,-1.49666
+1.5631,-1.52409
+1.5635,-1.46507
+1.564,-1.16105
+1.5643,-1.14753
+1.5647,-1.06513
+1.5651,-1.11917
+1.5655,-0.981772
+1.566,-1.19176
+1.5663,-1.33836
+1.5667,-1.40931
+1.5671,-1.37759
+1.5675,-1.35953
+1.568,-1.37521
+1.5683,-1.32632
+1.5687,-1.40071
+1.5691,-1.18396
+1.5695,-1.21639
+1.57,-1.07522
+1.5703,-0.956126
+1.5707,-0.88265
+1.5711,-0.810364
+1.5715,-0.959725
+1.572,-0.975793
+1.5723,-1.01243
+1.5727,-0.932856
+1.5731,-1.06227
+1.5735,-0.956953
+1.574,-0.92763
+1.5743,-0.98452
+1.5747,-0.882074
+1.5751,-0.89886
+1.5755,-0.779708
+1.576,-0.868281
+1.5763,-0.725711
+1.5767,-0.691964
+1.5771,-0.660458
+1.5774,-0.635964
+1.578,-0.506465
+1.5783,-0.412797
+1.5787,-0.419759
+1.5791,-0.400827
+1.5794,-0.396082
+1.58,-0.289301
+1.5803,-0.334465
+1.5807,-0.389212
+1.5811,-0.334003
+1.5815,-0.362374
+1.5819,-0.456818
+1.5823,-0.364468
+1.5827,-0.466054
+1.5832,-0.375085
+1.5835,-0.317888
+1.5839,-0.336535
+1.5843,-0.290575
+1.5847,-0.280289
+1.5851,-0.281571
+1.5855,-0.346258
+1.586,-0.30573
+1.5863,-0.380797
+1.5867,-0.327947
+1.5871,-0.363742
+1.5875,-0.434217
+1.588,-0.440254
+1.5883,-0.506693
+1.5887,-0.505624
+1.5891,-0.466923
+1.5895,-0.414041
+1.59,-0.454477
+1.5903,-0.399432
+1.5907,-0.431886
+1.5911,-0.553875
+1.5915,-0.657503
+1.592,-0.723322
+1.5923,-0.66632
+1.5927,-0.743223
+1.5931,-0.893164
+1.5935,-0.81698
+1.594,-0.624885
+1.5943,-0.767366
+1.5947,-0.672793
+1.5951,-0.663996
+1.5955,-0.669746
+1.596,-0.526469
+1.5963,-0.612055
+1.5967,-0.516578
+1.5977,-0.299165
+1.598,-0.471933
+1.5983,-0.514079
+1.5985,-0.350481
+1.5987,-0.394463
+1.5991,-0.304771
+1.5995,-0.283226
+1.6,-0.348132
+1.6003,-0.322744
+1.6007,-0.322824
+1.6011,-0.434485
+1.6014,-0.321972
+1.602,-0.480935
+1.6023,-0.674833
+1.6027,-0.710987
+1.6031,-0.799383
+1.6035,-0.76182
+1.604,-0.812497
+1.6043,-0.918369
+1.6047,-0.878302
+1.6051,-0.878529
+1.6055,-0.909864
+1.6059,-0.818817
+1.6063,-0.827651
+1.6067,-0.827173
+1.6071,-0.875518
+1.6075,-0.918219
+1.608,-1.0467
+1.6083,-0.856177
+1.6087,-0.881907
+1.6091,-0.886144
+1.6095,-0.893758
+1.61,-0.784401
+1.6103,-0.637909
+1.6107,-0.54723
+1.6111,-0.667787
+1.6115,-0.614997
+1.612,-0.380567
+1.6123,-0.326123
+1.6127,-0.355566
+1.6132,-0.43738
+1.6135,-0.352047
+1.614,-0.471597
+1.6143,-0.57211
+1.6147,-0.624088
+1.6151,-0.51066
+1.6155,-0.539049
+1.616,-0.576732
+1.6163,-0.562628
+1.6167,-0.486585
+1.6171,-0.400817
+1.6174,-0.48641
+1.618,-0.432481
+1.6183,-0.352961
+1.6187,-0.377557
+1.6191,-0.452559
+1.6195,-0.399116
+1.62,-0.373767
+1.6203,-0.509719
+1.6207,-0.677764
+1.6211,-0.729097
+1.6215,-0.798379
+1.622,-0.794845
+1.6223,-0.742613
+1.6227,-0.849364
+1.6231,-0.800018
+1.6235,-0.757811
+1.624,-0.89298
+1.6243,-0.81011
+1.6247,-0.662114
+1.6251,-0.614635
+1.6255,-0.592495
+1.6258,-0.805713
+1.6263,-0.871264
+1.6267,-0.854346
+1.6271,-0.933935
+1.6275,-0.917938
+1.628,-0.967155
+1.6283,-1.18857
+1.6287,-1.2701
+1.6291,-1.26392
+1.6295,-1.28033
+1.63,-1.11389
+1.6303,-1.1337
+1.6307,-1.13549
+1.6311,-1.15245
+1.6315,-1.27669
+1.6319,-1.18516
+1.6323,-0.979181
+1.6327,-1.08559
+1.6331,-1.17206
+1.6334,-1.22226
+1.634,-1.20399
+1.6343,-1.21295
+1.6347,-1.11994
+1.6351,-1.007
+1.6355,-1.02753
+1.636,-0.977617
+1.6363,-1.15056
+1.6367,-1.10194
+1.6371,-1.15443
+1.6375,-1.09081
+1.6379,-1.11252
+1.6383,-1.11278
+1.6387,-1.26689
+1.6391,-1.4256
+1.6395,-1.31513
+1.64,-1.45139
+1.6403,-1.31571
+1.6407,-1.24173
+1.6411,-1.16008
+1.6415,-1.15667
+1.6418,-1.18862
+1.6423,-1.21988
+1.6427,-1.08844
+1.6431,-1.10057
+1.6436,-1.28684
+1.644,-1.15607
+1.6443,-1.27515
+1.6447,-1.4113
+1.6451,-1.41898
+1.6455,-1.37929
+1.6458,-1.57678
+1.6463,-1.57615
+1.6467,-1.58212
+1.6471,-1.5558
+1.6475,-1.57278
+1.648,-1.61995
+1.6483,-1.57856
+1.6487,-1.53716
+1.6491,-1.5437
+1.6495,-1.61485
+1.6498,-1.41468
+1.6503,-1.45173
+1.6507,-1.46925
+1.6511,-1.32885
+1.6515,-1.1235
+1.6518,-1.01372
+1.6523,-0.936639
+1.6527,-0.818198
+1.6531,-0.787999
+1.6535,-0.833972
+1.654,-0.917839
+1.6543,-0.858897
+1.6547,-0.879833
+1.6551,-0.960417
+1.6555,-1.02149
+1.656,-1.16631
+1.6563,-1.27098
+1.6567,-1.26032
+1.6571,-1.29541
+1.6575,-1.19264
+1.658,-0.964522
+1.6583,-0.972534
+1.6587,-0.796983
+1.6591,-0.587019
+1.6595,-0.642719
+1.6598,-0.640849
+1.6603,-0.419725
+1.6607,-0.531544
+1.6611,-0.559615
+1.6615,-0.613537
+1.6618,-0.815389
+1.6623,-0.822304
+1.6627,-0.887301
+1.6631,-1.03195
+1.6635,-1.00571
+1.6638,-0.91534
+1.6643,-1.06463
+1.6647,-0.891096
+1.6651,-0.832886
+1.6655,-0.776673
+1.6658,-0.671586
+1.6663,-0.636655
+1.6667,-0.609245
+1.6671,-0.396572
+1.6675,-0.212723
+1.6678,-0.0605134
+1.6683,+0.128123
+1.6688,+0.0994489
+1.6691,+0.23648
+1.6695,+0.32968
+1.6698,+0.408697
+1.6703,+0.621994
+1.6707,+0.631117
+1.6711,+0.523381
+1.6715,+0.594723
+1.6719,+0.631284
+1.6724,+0.615824
+1.6727,+0.750088
+1.6731,+0.864323
+1.6735,+1.02232
+1.674,+0.983197
+1.6743,+0.980466
+1.6747,+1.13858
+1.6751,+1.30023
+1.6755,+1.31272
+1.6758,+1.39691
+1.6763,+1.42025
+1.6767,+1.56085
+1.6771,+1.52064
+1.6775,+1.49429
+1.6778,+1.7265
+1.6783,+1.78646
+1.6787,+1.71843
+1.6791,+1.5878
+1.6795,+1.64189
+1.6798,+1.54142
+1.6805,+1.76432
+1.6807,+1.71674
+1.6811,+1.95908
+1.6815,+2.01986
+1.6818,+2.00591
+1.6823,+1.89208
+1.6827,+1.95995
+1.6831,+2.1573
+1.6835,+2.22853
+1.6838,+2.35447
+1.6845,+2.22899
+1.6847,+2.03411
+1.6851,+1.89835
+1.6855,+2.00594
+1.686,+1.92853
+1.6863,+2.01911
+1.6867,+2.1764
+1.6871,+2.2076
+1.6875,+2.2554
+1.6878,+2.29047
+1.6883,+2.19578
+1.6887,+2.43916
+1.6891,+2.51422
+1.6895,+2.48365
+1.6899,+2.64555
+1.6903,+2.7332
+1.6907,+2.75328
+1.6911,+2.82595
+1.6915,+2.81943
+1.6918,+2.82795
+1.6923,+2.93018
+1.6927,+2.82597
+1.6931,+2.8004
+1.6935,+2.77084
+1.6938,+2.7606
+1.6943,+2.68857
+1.6947,+2.62406
+1.6951,+2.50795
+1.6955,+2.3947
+1.6958,+2.43422
+1.6963,+2.36626
+1.6967,+2.3565
+1.6971,+2.39172
+1.6975,+2.37676
+1.6978,+2.16632
+1.6983,+2.13643
+1.6987,+2.06522
+1.6991,+2.06984
+1.7001,+2.01941
+1.7003,+1.87249
+1.7006,+1.89194
+1.7009,+1.84471
+1.7011,+1.67854
+1.7015,+1.69987
+1.7018,+1.7133
+1.7023,+1.68054
+1.7027,+1.5909
+1.7031,+1.48489
+1.7035,+1.46675
+1.7038,+1.45244
+1.7043,+1.42264
+1.7047,+1.41287
+1.7051,+1.30905
+1.7055,+1.04269
+1.7058,+0.959258
+1.7063,+0.827388
+1.7067,+0.624785
+1.7071,+0.557032
+1.7075,+0.498469
+1.7078,+0.170815
+1.7083,-0.129934
+1.7087,-0.25831
+1.7091,-0.324166
+1.7095,-0.35401
+1.7098,-0.411388
+1.7103,-0.4071
+1.7107,-0.487114
+1.7111,-0.634316
+1.7115,-0.639477
+1.7118,-0.704049
+1.7123,-0.606004
+1.7127,-0.756308
+1.7131,-0.900332
+1.7135,-1.04488
+1.7138,-1.19682
+1.7143,-1.30434
+1.7148,-1.28878
+1.7151,-1.44296
+1.7155,-1.69374
+1.7158,-1.63391
+1.7163,-1.83387
+1.7167,-1.83323
+1.7171,-1.92236
+1.7175,-1.93018
+1.7178,-1.8853
+1.7183,-1.99737
+1.7187,-2.12683
+1.7191,-2.2725
+1.7195,-2.28522
+1.7198,-2.34727
+1.7203,-2.41346
+1.7207,-2.45968
+1.7211,-2.47945
+1.7215,-2.58791
+1.7218,-2.73935
+1.7223,-2.83668
+1.7227,-2.90432
+1.7231,-2.79809
+1.7235,-2.97242
+1.7238,-3.09167
+1.7243,-3.19146
+1.7247,-3.31457
+1.7251,-3.42414
+1.7255,-3.49681
+1.7258,-3.59379
+1.7263,-3.69439
+1.7267,-3.76455
+1.7271,-3.87194
+1.7275,-3.81615
+1.7278,-3.87743
+1.7283,-3.96423
+1.7287,-4.07338
+1.7291,-4.08581
+1.7295,-4.05277
+1.7298,-3.98567
+1.7303,-4.00785
+1.7307,-4.0205
+1.7311,-4.04622
+1.7315,-4.17089
+1.7318,-4.12506
+1.7323,-4.0197
+1.7327,-4.00926
+1.7331,-4.00453
+1.7335,-3.92073
+1.7338,-4.00702
+1.7343,-3.88836
+1.7347,-3.81454
+1.7351,-3.71498
+1.7355,-3.55074
+1.7358,-3.4207
+1.7363,-3.37973
+1.7367,-3.2343
+1.7371,-3.254
+1.7375,-3.33051
+1.7378,-3.14586
+1.7383,-3.04577
+1.7387,-2.95996
+1.7391,-2.85139
+1.7395,-2.85142
+1.7398,-2.87379
+1.7403,-2.72098
+1.7407,-2.66312
+1.7411,-2.48458
+1.7415,-2.39585
+1.7418,-2.37815
+1.7423,-2.36103
+1.7427,-2.27891
+1.7431,-2.23645
+1.7435,-2.17779
+1.7438,-2.00096
+1.7443,-1.91708
+1.7447,-1.72126
+1.7451,-1.60145
+1.7455,-1.60123
+1.7458,-1.51794
+1.7463,-1.48177
+1.7467,-1.39091
+1.7471,-1.15866
+1.7475,-1.02761
+1.7478,-0.951266
+1.7483,-0.832979
+1.7487,-0.820342
+1.7491,-0.810358
+1.7495,-0.615894
+1.7498,-0.350357
+1.7503,-0.112249
+1.7507,+0.0270074
+1.7511,-0.000950608
+1.7515,+0.209766
+1.7518,+0.416087
+1.7523,+0.525893
+1.7527,+0.676316
+1.7531,+0.858042
+1.7535,+1.1338
+1.7538,+1.29219
+1.7543,+1.41421
+1.7547,+1.53234
+1.7551,+1.65978
+1.7555,+1.77714
+1.7558,+1.79847
+1.7563,+1.98994
+1.7567,+2.15114
+1.7571,+2.34859
+1.7575,+2.39168
+1.7578,+2.38676
+1.7583,+2.51099
+1.7587,+2.70787
+1.7591,+2.88328
+1.7595,+3.02533
+1.7598,+3.03448
+1.7603,+3.08909
+1.7607,+3.13323
+1.7611,+3.22979
+1.7615,+3.27792
+1.7618,+3.35984
+1.7623,+3.42932
+1.7627,+3.48862
+1.7631,+3.5459
+1.7635,+3.58787
+1.7638,+3.77678
+1.7643,+3.90153
+1.7647,+3.98792
+1.7651,+4.15689
+1.7656,+4.24936
+1.766,+4.24735
+1.7663,+4.18066
+1.7667,+4.11961
+1.7671,+4.16467
+1.7675,+4.22128
+1.768,+4.37483
+1.7683,+4.38941
+1.7687,+4.46563
+1.7691,+4.4246
+1.7695,+4.47321
+1.7698,+4.61673
+1.7703,+4.78638
+1.7707,+4.99672
+1.7711,+4.97398
+1.7715,+4.98783
+1.7718,+4.84977
+1.7723,+4.82599
+1.7727,+4.85155
+1.7731,+4.89367
+1.7735,+4.90689
+1.7738,+4.84961
+1.7743,+4.862
+1.7747,+4.79444
+1.7751,+4.81004
+1.7755,+4.86876
+1.7758,+4.93527
+1.7763,+5.06753
+1.7767,+5.07379
+1.7771,+5.04966
+1.7775,+5.09773
+1.7778,+5.1333
+1.7783,+5.09025
+1.7787,+5.07092
+1.7791,+5.16309
+1.7795,+5.03675
+1.7798,+5.06215
+1.7803,+4.96018
+1.7807,+4.85931
+1.7811,+4.90268
+1.7815,+4.80317
+1.7818,+4.75886
+1.7823,+4.7491
+1.7827,+4.76464
+1.7831,+4.67906
+1.7835,+4.73167
+1.7838,+4.69645
+1.7843,+4.61701
+1.7847,+4.67464
+1.7851,+4.5637
+1.7855,+4.51394
+1.7858,+4.52818
+1.7863,+4.45355
+1.7867,+4.34915
+1.7871,+4.33934
+1.7875,+4.31564
+1.7878,+4.17085
+1.7883,+4.244
+1.7887,+4.16443
+1.7891,+4.11367
+1.7895,+4.06413
+1.7898,+3.98352
+1.7903,+4.01699
+1.7907,+4.0572
+1.7911,+3.94918
+1.7915,+3.74263
+1.7918,+3.78954
+1.7923,+3.66767
+1.7927,+3.65647
+1.7931,+3.56595
+1.7935,+3.62173
+1.7938,+3.64341
+1.7943,+3.5776
+1.7947,+3.50714
+1.7951,+3.60269
+1.7956,+3.80015
+1.7959,+3.81508
+1.7963,+3.83578
+1.7967,+3.82817
+1.7971,+3.93984
+1.7975,+3.95316
+1.7978,+3.8832
+1.7983,+3.95609
+1.7987,+3.88154
+1.7991,+3.86263
+1.7995,+3.75274
+1.7998,+3.69855
+1.8003,+3.6609
+1.8007,+3.55838
+1.8011,+3.58565
+1.8015,+3.53351
+1.8025,+3.56978
+1.8027,+3.44124
+1.8029,+3.47772
+1.8031,+3.54895
+1.8035,+3.56448
+1.8038,+3.63707
+1.8043,+3.73122
+1.8047,+3.76848
+1.8051,+3.6812
+1.8055,+3.6515
+1.8058,+3.6299
+1.8063,+3.67222
+1.8067,+3.66172
+1.8071,+3.66612
+1.8076,+3.73701
+1.8079,+3.72061
+1.8083,+3.66353
+1.8087,+3.7357
+1.8091,+3.76067
+1.8095,+3.79419
+1.8098,+3.89453
+1.8103,+3.96721
+1.8107,+4.08669
+1.8111,+4.16106
+1.8115,+4.12305
+1.8118,+4.11718
+1.8123,+4.12509
+1.8127,+4.21655
+1.8131,+4.22444
+1.8135,+4.37022
+1.8138,+4.31299
+1.8143,+4.35955
+1.8147,+4.32334
+1.8151,+4.36092
+1.8155,+4.433
+1.8158,+4.54832
+1.8163,+4.64555
+1.8167,+4.65969
+1.8171,+4.81291
+1.8175,+4.77596
+1.8178,+4.95389
+1.8183,+4.98934
+1.8187,+5.10006
+1.8191,+5.24781
+1.8195,+5.26287
+1.8198,+5.27075
+1.8203,+5.33105
+1.8207,+5.3957
+1.8211,+5.30803
+1.8215,+5.38828
+1.8218,+5.32654
+1.8223,+5.39244
+1.8227,+5.34035
+1.8231,+5.27838
+1.8235,+5.2707
+1.8238,+5.25971
+1.8243,+5.18019
+1.8247,+5.20892
+1.8251,+5.34672
+1.8255,+5.36553
+1.826,+5.35586
+1.8263,+5.29295
+1.8267,+5.2328
+1.8271,+5.2803
+1.8275,+5.4222
+1.8278,+5.53675
+1.8283,+5.57251
+1.8287,+5.58228
+1.8291,+5.52412
+1.8295,+5.54552
+1.8298,+5.63511
+1.8303,+5.72408
+1.8308,+5.90861
+1.8311,+5.89936
+1.8315,+5.80433
+1.8318,+5.78198
+1.8323,+5.87313
+1.8327,+5.87298
+1.8331,+5.95082
+1.8335,+5.89111
+1.8338,+5.97693
+1.8343,+5.89759
+1.8347,+5.91511
+1.8351,+5.87791
+1.8355,+5.93706
+1.8359,+5.98214
+1.8363,+6.03399
+1.8367,+6.14342
+1.8371,+6.1716
+1.8375,+6.19661
+1.8378,+6.11633
+1.8383,+6.1865
+1.8387,+6.18514
+1.8391,+6.15924
+1.8395,+6.1949
+1.8398,+6.07753
+1.8403,+5.98514
+1.8407,+5.77519
+1.8411,+5.63342
+1.8415,+5.642
+1.8418,+5.53277
+1.8423,+5.5088
+1.8427,+5.40246
+1.8431,+5.42595
+1.8435,+5.33346
+1.8439,+5.26533
+1.8443,+5.19663
+1.8447,+5.31822
+1.8451,+5.34147
+1.8455,+5.31976
+1.8458,+5.29922
+1.8463,+5.23938
+1.8467,+5.23576
+1.8471,+5.16575
+1.8475,+5.23024
+1.8478,+5.20811
+1.8483,+5.19823
+1.8487,+5.04817
+1.8491,+4.95771
+1.8495,+4.88301
+1.8499,+4.87016
+1.8503,+4.75306
+1.8507,+4.66185
+1.8511,+4.54456
+1.8515,+4.39445
+1.8519,+4.37045
+1.8523,+4.27406
+1.8527,+4.20616
+1.8531,+4.15654
+1.8535,+4.17662
+1.8538,+4.15917
+1.8543,+4.17839
+1.8547,+4.30853
+1.8551,+4.30163
+1.8555,+4.38833
+1.8558,+4.35692
+1.8563,+4.48716
+1.8567,+4.56001
+1.8571,+4.56775
+1.8575,+4.58935
+1.8578,+4.56692
+1.8583,+4.54687
+1.8587,+4.41287
+1.8591,+4.40609
+1.8595,+4.29787
+1.8599,+4.22177
+1.8603,+4.03789
+1.8607,+3.84587
+1.8611,+3.73497
+1.8615,+3.66371
+1.8619,+3.59617
+1.8623,+3.60281
+1.8627,+3.52506
+1.8631,+3.56985
+1.8635,+3.54905
+1.8638,+3.57438
+1.8643,+3.52914
+1.8647,+3.66302
+1.8651,+3.75017
+1.8655,+3.6339
+1.8658,+3.56293
+1.8664,+3.50918
+1.8667,+3.54919
+1.8671,+3.46002
+1.8675,+3.42078
+1.8678,+3.41055
+1.8683,+3.5252
+1.8687,+3.45607
+1.8691,+3.49618
+1.8695,+3.49218
+1.8698,+3.4569
+1.8703,+3.40553
+1.8707,+3.3512
+1.8711,+3.30327
+1.8715,+3.20409
+1.8719,+3.19801
+1.8724,+3.11759
+1.8727,+3.05054
+1.8731,+2.97669
+1.8735,+2.9994
+1.8739,+3.07324
+1.8743,+3.13373
+1.8747,+3.2094
+1.8751,+3.321
+1.8755,+3.40085
+1.8759,+3.38811
+1.8763,+3.43665
+1.8767,+3.52773
+1.8771,+3.52767
+1.8775,+3.51472
+1.8778,+3.48899
+1.8783,+3.40463
+1.8787,+3.32551
+1.8791,+3.2508
+1.8795,+3.31712
+1.8798,+3.30862
+1.8804,+3.16399
+1.8807,+3.00965
+1.8811,+2.93548
+1.8815,+2.91586
+1.8818,+2.90297
+1.8823,+2.90804
+1.8827,+2.94565
+1.8831,+2.98179
+1.8835,+3.00584
+1.8839,+3.11667
+1.8843,+3.15528
+1.8847,+3.23169
+1.8851,+3.2183
+1.8855,+3.19625
+1.8858,+3.1227
+1.8863,+3.10608
+1.8867,+2.96925
+1.8871,+2.8934
+1.8875,+2.72525
+1.8878,+2.54369
+1.8883,+2.66088
+1.8887,+2.65918
+1.8891,+2.68701
+1.8895,+2.67828
+1.8899,+2.81654
+1.8903,+2.89982
+1.8907,+2.9206
+1.8911,+2.95359
+1.8915,+2.95189
+1.8919,+2.99846
+1.8924,+2.94912
+1.8927,+2.89494
+1.8931,+2.89958
+1.8935,+2.89832
+1.8939,+2.80732
+1.8944,+2.77632
+1.8947,+2.87861
+1.8951,+2.82646
+1.8955,+2.93707
+1.8959,+2.9954
+1.8963,+2.92831
+1.8967,+3.06769
+1.8971,+3.0728
+1.8975,+3.00754
+1.8979,+3.06174
+1.8983,+3.10763
+1.8987,+3.09414
+1.8991,+3.1518
+1.8995,+3.0673
+1.8999,+2.94144
+1.9003,+2.94778
+1.9007,+2.89214
+1.9011,+2.86987
+1.9015,+3.05391
+1.9018,+3.02132
+1.9023,+3.04708
+1.9027,+3.08908
+1.9031,+3.09004
+1.9035,+3.02869
+1.9039,+3.08096
+1.9049,+3.15653
+1.9052,+3.20165
+1.9054,+3.22355
+1.9056,+3.07608
+1.9059,+3.01614
+1.9063,+2.88052
+1.9067,+2.70897
+1.9071,+2.65249
+1.9075,+2.74224
+1.9079,+2.8279
+1.9083,+2.75881
+1.9087,+2.64127
+1.9091,+2.67903
+1.9095,+2.70464
+1.9098,+2.7937
+1.9103,+2.88757
+1.9107,+2.90956
+1.9111,+2.87172
+1.9115,+2.84208
+1.9118,+2.72506
+1.9122,+2.73422
+1.9127,+2.72159
+1.9131,+2.70841
+1.9135,+2.72957
+1.9138,+2.72728
+1.9142,+2.60595
+1.9147,+2.67401
+1.9151,+2.74044
+1.9155,+2.72113
+1.9158,+2.72503
+1.9162,+2.84738
+1.9167,+2.94996
+1.9171,+2.84274
+1.9175,+2.85707
+1.9179,+2.84448
+1.9183,+2.94636
+1.9187,+2.995
+1.9191,+3.00709
+1.9195,+3.03382
+1.9198,+3.03117
+1.9203,+2.91504
+1.9207,+2.76521
+1.9212,+2.82808
+1.9215,+2.77668
+1.922,+2.71548
+1.9223,+2.65343
+1.9229,+2.55557
+1.9231,+2.54833
+1.9235,+2.48823
+1.9239,+2.4922
+1.9243,+2.45437
+1.9248,+2.4987
+1.9251,+2.44439
+1.9255,+2.30024
+1.9259,+2.20528
+1.9263,+2.0989
+1.9268,+1.97041
+1.9271,+1.95991
+1.9275,+2.01442
+1.9279,+1.94263
+1.9283,+1.89368
+1.9288,+1.91865
+1.9291,+1.94674
+1.9295,+2.0596
+1.9299,+2.15071
+1.9304,+2.15347
+1.9308,+2.20546
+1.9311,+2.14255
+1.9315,+2.0567
+1.9319,+2.07201
+1.9324,+2.01777
+1.9328,+1.95772
+1.9331,+1.8995
+1.9335,+1.93837
+1.9339,+1.87338
+1.9343,+1.84948
+1.9348,+1.92979
+1.9351,+1.86698
+1.9355,+1.83371
+1.9359,+1.79896
+1.9362,+1.78782
+1.9368,+1.82006
+1.9371,+1.83862
+1.9375,+1.81307
+1.9379,+1.83808
+1.9382,+1.87636
+1.9388,+1.78003
+1.9391,+1.80677
+1.9395,+1.87
+1.9399,+1.88269
+1.9403,+1.98391
+1.9408,+1.92775
+1.9411,+1.82499
+1.9415,+1.85602
+1.9419,+1.80286
+1.9423,+1.81925
+1.9428,+1.93437
+1.9431,+1.89909
+1.9436,+1.75375
+1.9439,+1.82206
+1.9443,+1.81426
+1.9448,+1.80775
+1.9451,+1.83404
+1.9455,+1.64218
+1.9459,+1.6207
+1.9462,+1.54431
+1.9467,+1.41505
+1.9471,+1.3774
+1.9475,+1.40934
+1.9479,+1.28475
+1.9483,+1.12439
+1.9488,+1.12138
+1.9491,+1.22065
+1.9495,+1.30051
+1.9499,+1.28841
+1.9503,+1.36632
+1.9508,+1.28739
+1.9511,+1.32884
+1.9515,+1.38177
+1.9519,+1.39094
+1.9523,+1.42027
+1.9528,+1.37007
+1.9531,+1.22608
+1.9535,+1.22456
+1.9539,+1.24264
+1.9543,+1.18314
+1.9548,+1.28868
+1.9551,+1.22616
+1.9555,+1.21004
+1.9559,+1.35315
+1.9563,+1.31398
+1.9568,+1.39058
+1.9571,+1.46015
+1.9575,+1.46752
+1.958,+1.52588
+1.9584,+1.54458
+1.9588,+1.59022
+1.9591,+1.60849
+1.9595,+1.5511
+1.9599,+1.4076
+1.9602,+1.46529
+1.9608,+1.37836
+1.9611,+1.3888
+1.9615,+1.31302
+1.9619,+1.33138
+1.9623,+1.3567
+1.9628,+1.19967
+1.9631,+1.22287
+1.9635,+1.3106
+1.9639,+1.22485
+1.9643,+1.1836
+1.9648,+1.1322
+1.9651,+1.08784
+1.9655,+1.10209
+1.9659,+0.994702
+1.9663,+0.900472
+1.9668,+0.914077
+1.9671,+0.915457
+1.9675,+0.93852
+1.9679,+1.03086
+1.9684,+1.02317
+1.9687,+1.1162
+1.9691,+1.08237
+1.9695,+1.17367
+1.9699,+1.20966
+1.9703,+1.25085
+1.9708,+1.32108
+1.9711,+1.26709
+1.9715,+1.16448
+1.9719,+1.16828
+1.9722,+1.13127
+1.9728,+1.16266
+1.9731,+1.21931
+1.9735,+1.12601
+1.9739,+1.10966
+1.9743,+1.10789
+1.9748,+1.17863
+1.9751,+1.21511
+1.9755,+1.26935
+1.9759,+1.2381
+1.9763,+1.35556
+1.9768,+1.27608
+1.9771,+1.25329
+1.9775,+1.3191
+1.978,+1.32115
+1.9783,+1.36931
+1.9788,+1.30291
+1.9791,+1.35576
+1.9795,+1.28253
+1.9799,+1.28445
+1.9804,+1.20334
+1.9808,+1.24193
+1.9811,+1.28603
+1.9815,+1.19642
+1.9819,+1.23862
+1.9822,+1.15545
+1.9827,+1.0963
+1.9832,+1.08598
+1.9835,+1.10434
+1.9839,+1.1
+1.9842,+1.0454
+1.9847,+1.01589
+1.9851,+0.960985
+1.9855,+0.853066
+1.9859,+0.715087
+1.9862,+0.684822
+1.9867,+0.603461
+1.9871,+0.45282
+1.9875,+0.480294
+1.9879,+0.539518
+1.9882,+0.490816
+1.9887,+0.490303
+1.9891,+0.519264
+1.9895,+0.754829
+1.9898,+0.767764
+1.9902,+0.929701
+1.9907,+1.08791
+1.9911,+1.12848
+1.9915,+1.0972
+1.9919,+1.02484
+1.9922,+1.20096
+1.9927,+1.19803
+1.9931,+1.09141
+1.9935,+0.934359
+1.9939,+0.933262
+1.9942,+0.889199
+1.9947,+0.870944
+1.9951,+0.835215
+1.9955,+0.91398
+1.9959,+0.999736
+1.9962,+0.948679
+1.9967,+0.90213
+1.9971,+0.981839
+1.9975,+1.04058
+1.9979,+1.12142
+1.9982,+1.05944
+1.9987,+1.12496
+1.9991,+1.10374
+1.9995,+0.930553
+1.9999,+0.757032
+2.0002,+0.654214
