+0,-11.2997
+0.0004,-13.6245
+0.0008,-15.8566
+0.0012,-18.0709
+0.0016,-20.3395
+0.002,-22.5727
+0.0024,-22.5974
+0.0028,-22.4989
+0.0032,-22.4504
+0.0035,-22.571
+0.0039,-22.5815
+0.0044,-22.572
+0.0048,-22.6376
+0.0052,-22.7025
+0.0055,-22.7039
+0.006,-22.7435
+0.0064,-22.7964
+0.0068,-22.8827
+0.0072,-22.8514
+0.0075,-22.7524
+0.008,-22.8178
+0.0084,-22.7312
+0.0088,-22.8261
+0.0092,-22.8233
+0.0095,-22.8154
+0.01,-22.8751
+0.0104,-22.783
+0.0108,-22.7311
+0.0112,-22.7772
+0.0115,-22.7769
+0.0119,-22.6722
+0.0124,-22.6942
+0.0128,-22.6466
+0.0132,-22.6805
+0.0136,-22.6667
+0.014,-22.7048
+0.0144,-22.8016
+0.0148,-22.9201
+0.0152,-22.8988
+0.0155,-22.9522
+0.0159,-23.0513
+0.0164,-23.1362
+0.0168,-23.0241
+0.0172,-23.0623
+0.0175,-22.9774
+0.0179,-22.9806
+0.0184,-22.9605
+0.0188,-22.9332
+0.0192,-23.033
+0.0195,-22.9668
+0.0199,-22.9113
+0.0204,-22.9673
+0.0208,-23.0995
+0.0212,-23.0664
+0.0216,-23.2294
+0.022,-23.2327
+0.0224,-23.2449
+0.0228,-23.1868
+0.0232,-23.172
+0.0235,-23.2349
+0.024,-23.2969
+0.0244,-23.3163
+0.0248,-23.3332
+0.0252,-23.4174
+0.0255,-23.3895
+0.0259,-23.2568
+0.0264,-23.282
+0.0268,-23.4507
+0.0273,-23.511
+0.0275,-23.5827
+0.028,-23.547
+0.0284,-23.419
+0.0288,-23.32
+0.0292,-23.3326
+0.0295,-23.3197
+0.03,-23.4391
+0.0304,-23.3737
+0.0308,-23.2427
+0.0312,-23.1183
+0.0315,-23.0684
+0.032,-23.0416
+0.0324,-23.0897
+0.0328,-23.0695
+0.0332,-22.9156
+0.0335,-22.8732
+0.0339,-22.718
+0.0344,-22.6194
+0.0348,-22.5807
+0.0352,-22.6383
+0.0355,-22.4255
+0.0359,-22.3535
+0.0364,-22.2363
+0.0368,-22.194
+0.0372,-22.0234
+0.0376,-22.0808
+0.0379,-22.0277
+0.0384,-22.0746
+0.0388,-22.0977
+0.0392,-21.9492
+0.0395,-21.955
+0.0399,-21.9177
+0.0404,-21.9298
+0.0408,-21.8551
+0.0412,-21.8864
+0.0416,-21.6883
+0.0419,-21.7347
+0.0424,-21.7563
+0.0428,-21.6049
+0.0432,-21.7185
+0.0435,-21.7476
+0.0439,-21.7731
+0.0444,-21.5716
+0.0448,-21.4441
+0.0452,-21.3202
+0.0455,-21.3138
+0.0459,-21.1751
+0.0464,-21.1637
+0.0468,-20.9925
+0.0472,-20.8313
+0.0475,-20.7282
+0.048,-20.7569
+0.0484,-20.8705
+0.0488,-20.9418
+0.0492,-21.117
+0.0495,-21.1041
+0.0499,-21.1075
+0.0504,-20.8972
+0.0508,-21.1116
+0.0512,-21.1444
+0.0515,-21.2169
+0.0519,-20.9713
+0.0524,-20.7876
+0.0528,-20.6198
+0.0532,-20.5645
+0.0536,-20.4411
+0.0539,-20.4453
+0.0544,-20.424
+0.0548,-20.178
+0.0552,-20.0527
+0.0555,-19.7716
+0.0559,-19.6599
+0.0564,-19.6164
+0.0568,-19.5558
+0.0572,-19.2979
+0.0578,-19.1716
+0.0581,-18.9439
+0.0584,-18.8272
+0.0588,-18.7897
+0.0592,-18.5701
+0.0595,-18.5266
+0.0599,-18.4105
+0.0604,-18.3021
+0.0608,-18.2216
+0.0612,-18.2965
+0.0615,-18.2038
+0.0619,-18.0671
+0.0624,-18.0512
+0.0628,-17.8951
+0.0632,-17.7864
+0.0635,-17.6901
+0.064,-17.7637
+0.0644,-17.6961
+0.0648,-17.7207
+0.0652,-17.4584
+0.0655,-17.4475
+0.0659,-17.4896
+0.0664,-17.3118
+0.0668,-17.2692
+0.0672,-17.322
+0.0675,-17.3046
+0.0679,-17.1636
+0.0684,-17.097
+0.0688,-16.9286
+0.0692,-16.8951
+0.0695,-16.76
+0.0699,-16.6909
+0.0704,-16.4551
+0.0708,-16.3545
+0.0712,-16.3012
+0.0715,-16.2483
+0.0719,-16.1876
+0.0724,-16.1012
+0.0728,-16.0818
+0.0732,-16.1
+0.0736,-16.0214
+0.0739,-15.9245
+0.0744,-16.0549
+0.0748,-16.0057
+0.0752,-15.8885
+0.0755,-15.8075
+0.0759,-15.641
+0.0764,-15.5171
+0.0768,-15.3724
+0.0772,-15.2738
+0.0777,-15.1671
+0.078,-15.0656
+0.0784,-15.0068
+0.0788,-14.8822
+0.0792,-14.656
+0.0795,-14.6353
+0.0799,-14.5388
+0.0804,-14.5577
+0.0808,-14.5249
+0.0812,-14.3972
+0.0815,-14.4335
+0.0819,-14.3896
+0.0824,-14.3034
+0.0828,-14.2992
+0.0832,-14.2693
+0.0835,-14.1006
+0.0839,-14.0658
+0.0844,-14.0049
+0.0848,-13.8901
+0.0852,-13.8793
+0.0855,-13.7608
+0.0859,-13.7254
+0.0864,-13.6299
+0.0868,-13.423
+0.0872,-13.3941
+0.0876,-13.2538
+0.088,-13.2162
+0.0884,-13.0961
+0.0888,-12.9871
+0.0892,-12.7517
+0.0895,-12.5845
+0.0899,-12.4128
+0.0904,-12.1965
+0.0908,-12.2937
+0.0912,-12.2545
+0.0915,-12.2231
+0.0919,-12.0938
+0.0924,-12.0072
+0.0928,-11.9622
+0.0932,-12.0547
+0.0935,-12.07
+0.0939,-11.9969
+0.0944,-12.0168
+0.0948,-11.9164
+0.0952,-11.7528
+0.0955,-11.6571
+0.0964,-11.4737
+0.0966,-11.2863
+0.0969,-11.1988
+0.0972,-10.9399
+0.0975,-10.96
+0.0979,-10.8327
+0.0984,-10.7544
+0.0988,-10.6169
+0.0992,-10.628
+0.0995,-10.4911
+0.0999,-10.5178
+0.1004,-10.4139
+0.1008,-10.3077
+0.1012,-10.2926
+0.1015,-10.0815
+0.1019,-9.94113
+0.1024,-9.83306
+0.1028,-9.74774
+0.1032,-9.5576
+0.1035,-9.47045
+0.1039,-9.39257
+0.1044,-9.35403
+0.1048,-9.26866
+0.1052,-9.22208
+0.1055,-9.17048
+0.1059,-9.12659
+0.1064,-8.95071
+0.1068,-8.7908
+0.1072,-8.71561
+0.1075,-8.62825
+0.108,-8.53403
+0.1084,-8.45423
+0.1088,-8.30461
+0.1092,-8.17859
+0.1095,-8.08386
+0.1099,-7.90957
+0.1104,-7.69956
+0.1108,-7.47764
+0.1112,-7.20349
+0.1115,-6.99245
+0.1119,-6.73119
+0.1124,-6.52594
+0.1128,-6.41018
+0.1132,-6.18505
+0.1136,-5.84794
+0.1139,-5.71417
+0.1144,-5.60911
+0.1148,-5.51398
+0.1152,-5.53998
+0.1155,-5.4475
+0.1159,-5.30954
+0.1164,-5.21427
+0.1168,-5.04063
+0.1172,-4.92725
+0.1175,-4.73765
+0.1179,-4.553
+0.1185,-4.33589
+0.1188,-4.07131
+0.1192,-3.82699
+0.1195,-3.64187
+0.1199,-3.40537
+0.1204,-3.16745
+0.1208,-2.94144
+0.1212,-2.64493
+0.1215,-2.60323
+0.1219,-2.42437
+0.1224,-2.34517
+0.1228,-2.15888
+0.1232,-1.95146
+0.1235,-1.72165
+0.1239,-1.6113
+0.1244,-1.29172
+0.1248,-0.974025
+0.1252,-0.800507
+0.1255,-0.462074
+0.1259,-0.257891
+0.1264,-0.115087
+0.1268,+0.133379
+0.1272,+0.378583
+0.1275,+0.515921
+0.1279,+0.856859
+0.1284,+0.932456
+0.1288,+1.06422
+0.1292,+1.29039
+0.1295,+1.5691
+0.1299,+1.63581
+0.1304,+1.90779
+0.1308,+2.14495
+0.1312,+2.31665
+0.1315,+2.6501
+0.1319,+2.8134
+0.1324,+3.0301
+0.1328,+3.27549
+0.1332,+3.59291
+0.1335,+3.67869
+0.1339,+4.01875
+0.1344,+4.18981
+0.1348,+4.19636
+0.1352,+4.37067
+0.1355,+4.35582
+0.1359,+4.40734
+0.1364,+4.7757
+0.1368,+5.01555
+0.1372,+5.08781
+0.1376,+5.15505
+0.1379,+5.33912
+0.1384,+5.5673
+0.1388,+5.77794
+0.1392,+5.97264
+0.1395,+6.26892
+0.1399,+6.35885
+0.1404,+6.32332
+0.1408,+6.25561
+0.1412,+6.38067
+0.1416,+6.65563
+0.1419,+6.85568
+0.1424,+7.19797
+0.1428,+7.29524
+0.1432,+7.72299
+0.1435,+7.82804
+0.1439,+8.02642
+0.1444,+8.10225
+0.1448,+8.25987
+0.1452,+8.658
+0.1455,+8.72218
+0.1459,+8.92563
+0.1464,+8.74318
+0.1468,+8.90586
+0.1472,+8.71713
+0.1475,+8.7811
+0.1479,+8.89626
+0.1485,+9.01909
+0.1488,+9.09438
+0.1492,+9.04345
+0.1495,+9.32349
+0.1499,+9.13306
+0.1504,+9.13085
+0.1508,+9.16487
+0.1512,+9.38654
+0.1515,+9.47732
+0.1519,+9.42897
+0.1524,+9.75414
+0.1528,+10.0459
+0.1532,+10.1066
+0.1536,+10.1996
+0.1539,+10.5207
+0.1544,+10.7257
+0.1548,+10.8826
+0.1552,+10.9533
+0.1555,+11.0269
+0.1559,+11.3457
+0.1564,+10.9919
+0.1568,+10.7824
+0.1572,+10.869
+0.1575,+10.5885
+0.1579,+10.6557
+0.1584,+10.7602
+0.1588,+10.4833
+0.1592,+10.3682
+0.1595,+10.4769
+0.1599,+10.1885
+0.1604,+10.4929
+0.1608,+10.7179
+0.1612,+10.4456
+0.1615,+10.4506
+0.1619,+10.315
+0.1624,+10.0747
+0.1628,+10.0686
+0.1632,+9.87918
+0.1635,+9.57209
+0.1639,+9.6799
+0.1644,+9.28454
+0.1648,+8.93718
+0.1652,+9.02383
+0.1655,+8.94863
+0.1659,+8.79608
+0.1664,+8.75832
+0.1668,+8.97355
+0.1672,+8.93906
+0.1675,+9.01216
+0.1679,+9.05122
+0.1684,+9.32458
+0.1688,+9.4922
+0.1693,+9.31311
+0.1696,+9.46188
+0.1699,+9.25777
+0.1704,+9.21961
+0.1708,+8.97221
+0.1712,+8.90739
+0.1715,+8.81713
+0.1719,+8.75343
+0.1724,+8.54672
+0.1728,+8.53982
+0.1732,+8.77851
+0.1735,+8.59457
+0.1739,+8.72782
+0.1745,+8.88337
+0.1748,+8.96935
+0.1752,+8.8314
+0.1755,+9.12031
+0.1759,+9.02097
+0.1764,+9.0356
+0.1768,+9.13028
+0.1772,+8.89225
+0.1775,+9.09894
+0.1779,+9.16499
+0.1784,+9.11959
+0.1788,+9.14177
+0.1793,+9.398
+0.1795,+9.45029
+0.1799,+9.45336
+0.1804,+9.48863
+0.1808,+9.32442
+0.1812,+9.39261
+0.1816,+9.30779
+0.1819,+9.25351
+0.1825,+9.56985
+0.1828,+9.60842
+0.1832,+9.60187
+0.1836,+9.45879
+0.184,+9.58095
+0.1845,+9.73519
+0.1848,+10.1308
+0.1852,+10.2927
+0.1856,+10.3618
+0.186,+10.7537
+0.1865,+10.5212
+0.1868,+10.4971
+0.1872,+10.6447
+0.1876,+10.5479
+0.1879,+10.5877
+0.1885,+10.5682
+0.1888,+10.3265
+0.1892,+10.3953
+0.1896,+10.7852
+0.19,+10.6464
+0.1905,+10.835
+0.1908,+11.0361
+0.1912,+11.1783
+0.1916,+11.4812
+0.192,+11.5958
+0.1925,+11.7965
+0.1928,+11.9335
+0.1932,+11.9247
+0.1937,+11.6732
+0.194,+11.6346
+0.1944,+11.6836
+0.1948,+11.8182
+0.1952,+11.8127
+0.1956,+11.771
+0.1959,+11.8939
+0.1965,+11.8116
+0.1968,+11.8352
+0.1972,+11.9572
+0.1976,+12.0139
+0.198,+12.1659
+0.1988,+12.2536
+0.1991,+12.2753
+0.1993,+12.3575
+0.1996,+12.4662
+0.2,+18.9061
+0.2005,+19.0957
+0.2008,+19.0879
+0.2012,+19.113
+0.2016,+19.1944
+0.202,+19.1927
+0.2025,+19.213
+0.2028,+19.487
+0.2032,+19.4484
+0.2036,+19.4427
+0.2039,+19.6445
+0.2044,+19.5088
+0.2048,+19.4997
+0.2052,+19.5082
+0.2056,+19.5133
+0.206,+20.1099
+0.2065,+20.0148
+0.2068,+19.6982
+0.2072,+19.7247
+0.2076,+19.7487
+0.208,+19.7114
+0.2085,+19.8334
+0.2088,+19.8389
+0.2092,+19.8273
+0.2097,+19.841
+0.21,+19.2594
+0.2105,+19.4718
+0.2108,+19.7947
+0.2112,+19.8056
+0.2116,+19.8635
+0.212,+19.914
+0.2125,+19.9682
+0.2128,+20.1103
+0.2132,+20.2124
+0.2136,+20.2871
+0.214,+20.3251
+0.2145,+20.3503
+0.2148,+20.056
+0.2152,+20.2429
+0.2156,+20.1642
+0.2159,+20.1563
+0.2165,+20.4726
+0.2168,+20.341
+0.2172,+20.3365
+0.2176,+20.3553
+0.218,+20.9207
+0.2185,+20.8491
+0.2188,+20.7458
+0.2192,+20.6788
+0.2196,+21.1702
+0.22,+21.7795
+0.2205,+21.4948
+0.2208,+21.5929
+0.2212,+22.2245
+0.2216,+22.1923
+0.2219,+22.1884
+0.2225,+22.7902
+0.2228,+23.4965
+0.2232,+23.9349
+0.2236,+24.0844
+0.224,+24.0795
+0.2245,+24.5886
+0.2248,+25.209
+0.2252,+25.0511
+0.2256,+25.6219
+0.226,+25.1127
+0.2264,+24.9952
+0.2268,+25.0371
+0.2272,+25.1672
+0.2276,+24.7483
+0.2294,+24.7395
+0.2296,+24.9355
+0.2298,+24.4553
+0.23,+24.1548
+0.2305,+24.3078
+0.2308,+24.9914
+0.2312,+25.0505
+0.2316,+25.0365
+0.232,+24.9695
+0.2325,+25.4011
+0.2328,+25.5872
+0.2332,+25.5525
+0.2336,+25.5103
+0.234,+26.0347
+0.2345,+26.1785
+0.2348,+25.6631
+0.2352,+25.2197
+0.2356,+25.2161
+0.236,+25.2777
+0.2365,+25.3505
+0.2368,+24.6843
+0.2372,+24.5536
+0.2376,+24.5236
+0.238,+24.3269
+0.2385,+23.4391
+0.2388,+23.361
+0.2392,+23.4229
+0.2395,+22.9976
+0.2402,+22.4731
+0.2404,+22.2943
+0.2408,+22.6745
+0.2412,+22.5504
+0.2416,+22.9154
+0.2419,+22.9246
+0.2424,+23.3776
+0.2428,+23.7796
+0.2432,+24.107
+0.2436,+23.8379
+0.2439,+23.7552
+0.2444,+23.175
+0.2448,+22.7181
+0.2452,+22.0612
+0.2456,+21.9922
+0.2459,+21.7673
+0.2464,+21.3188
+0.2468,+21.1706
+0.2472,+21.1196
+0.2476,+21.4391
+0.2479,+21.1988
+0.2484,+21.6301
+0.2488,+21.3154
+0.2492,+21.6621
+0.2495,+21.5376
+0.2499,+21.2885
+0.2504,+21.3564
+0.2508,+20.9388
+0.2512,+20.5179
+0.2516,+20.2967
+0.2519,+20.2632
+0.2524,+19.8551
+0.2528,+19.8789
+0.2532,+19.3895
+0.2536,+19.0449
+0.2539,+18.7159
+0.2544,+18.3345
+0.2548,+18.1031
+0.2552,+17.9694
+0.2555,+17.5697
+0.2559,+17.4195
+0.2564,+17.1188
+0.2568,+16.9105
+0.2572,+16.6277
+0.2576,+16.1393
+0.2579,+15.8453
+0.2583,+15.4749
+0.2588,+14.9929
+0.2592,+14.4475
+0.2596,+14.0624
+0.2601,+13.7138
+0.2604,+13.2391
+0.2608,+12.782
+0.2612,+12.3771
+0.2616,+11.9686
+0.2619,+11.5704
+0.2624,+11.2338
+0.2628,+10.9871
+0.2632,+10.5477
+0.2636,+10.2247
+0.2639,+9.78083
+0.2644,+9.43835
+0.2648,+9.1062
+0.2652,+8.70175
+0.2656,+8.27081
+0.2659,+7.75252
+0.2663,+7.39036
+0.2668,+7.00606
+0.2672,+6.60614
+0.2675,+6.03242
+0.2679,+5.6419
+0.2684,+5.23499
+0.2688,+4.87071
+0.2692,+4.70182
+0.2696,+4.30746
+0.2699,+4.07297
+0.2704,+3.74927
+0.2708,+3.31129
+0.2712,+3.02658
+0.2716,+2.83933
+0.2719,+2.49311
+0.2724,+2.18964
+0.2728,+1.89127
+0.2732,+1.42533
+0.2735,+1.04777
+0.2739,+0.760481
+0.2743,+0.404174
+0.2748,+0.196308
+0.2752,-0.0539151
+0.2755,-0.56125
+0.2759,-0.826596
+0.2764,-1.22172
+0.2768,-1.72732
+0.2772,-2.13709
+0.2776,-2.28728
+0.2779,-2.72153
+0.2784,-3.09734
+0.2788,-3.56842
+0.2792,-3.87108
+0.2796,-4.10035
+0.2799,-4.43806
+0.2804,-4.69696
+0.2808,-4.93628
+0.2812,-5.15391
+0.2816,-5.52173
+0.2819,-5.83825
+0.2824,-6.17065
+0.2828,-6.36134
+0.2832,-6.7936
+0.2836,-7.05035
+0.2839,-7.49314
+0.2843,-7.99645
+0.2848,-8.32903
+0.2852,-8.68208
+0.2856,-9.04548
+0.2859,-9.32781
+0.2863,-9.55103
+0.2868,-9.90211
+0.2872,-10.1511
+0.2876,-10.3213
+0.2879,-10.5478
+0.2883,-10.7165
+0.2888,-10.9138
+0.2892,-10.9794
+0.2896,-11.1852
+0.2899,-11.3608
+0.2904,-11.514
+0.2908,-11.8413
+0.2912,-12.1224
+0.2915,-12.4491
+0.2919,-12.6106
+0.2924,-12.8554
+0.2928,-13.0463
+0.2932,-13.3659
+0.2936,-13.5089
+0.2939,-13.7038
+0.2943,-13.9441
+0.2948,-14.039
+0.2952,-14.1603
+0.2955,-14.2831
+0.2959,-14.3244
+0.2963,-14.351
+0.2968,-14.3566
+0.2972,-14.4758
+0.2976,-14.6743
+0.2979,-14.7307
+0.2983,-14.7636
+0.2988,-14.9214
+0.2992,-15.0709
+0.2995,-15.2288
+0.2999,-15.4708
+0.3018,-15.5152
+0.3022,-15.773
+0.3024,-15.8822
+0.3026,-15.7937
+0.3028,-15.9838
+0.3032,-16.2195
+0.3035,-16.2634
+0.3039,-16.3351
+0.3043,-16.3994
+0.3048,-16.4459
+0.3052,-16.5583
+0.3056,-16.596
+0.3059,-16.6564
+0.3063,-16.8807
+0.3068,-16.8468
+0.3072,-16.9636
+0.3075,-16.9982
+0.3079,-17.1857
+0.3084,-17.1797
+0.3088,-17.1874
+0.3093,-17.272
+0.3096,-17.3145
+0.3099,-17.4338
+0.3103,-17.4819
+0.3108,-17.5903
+0.3112,-17.4961
+0.3116,-17.4862
+0.3119,-17.402
+0.3124,-17.4109
+0.3128,-17.5553
+0.3132,-17.4922
+0.3136,-17.4172
+0.3139,-17.3833
+0.3143,-17.2936
+0.3148,-17.2185
+0.3152,-17.2363
+0.3155,-17.1709
+0.3159,-17.1435
+0.3164,-17.1425
+0.3168,-17.0653
+0.3172,-17.0195
+0.3175,-17.0165
+0.3179,-16.8717
+0.3183,-16.8524
+0.3188,-16.897
+0.3192,-16.9104
+0.3196,-16.9051
+0.3199,-16.6884
+0.3203,-16.5708
+0.3208,-16.4071
+0.3212,-16.4026
+0.3216,-16.4277
+0.3221,-16.4454
+0.3224,-16.243
+0.3228,-16.1217
+0.3232,-15.8871
+0.3235,-15.8166
+0.3239,-15.7621
+0.3243,-15.6577
+0.3248,-15.5106
+0.3252,-15.4732
+0.3256,-15.3323
+0.3259,-15.1398
+0.3263,-15.1407
+0.3268,-15.0055
+0.3272,-14.8761
+0.3276,-14.6035
+0.3279,-14.586
+0.3283,-14.374
+0.3288,-14.2252
+0.3292,-14.0823
+0.3296,-13.826
+0.3299,-13.5981
+0.3303,-13.2984
+0.3308,-13.0197
+0.3312,-12.9719
+0.3315,-12.9691
+0.3319,-12.6436
+0.3324,-12.4433
+0.3328,-12.3201
+0.3332,-11.9753
+0.3336,-11.777
+0.3339,-11.5957
+0.3343,-11.4698
+0.3348,-11.3023
+0.3352,-11.0296
+0.3355,-10.6917
+0.3359,-10.3931
+0.3363,-10.2838
+0.3368,-10.0994
+0.3372,-9.98241
+0.3376,-9.83745
+0.3379,-9.7878
+0.3383,-9.61924
+0.3388,-9.42754
+0.3392,-9.36008
+0.3396,-9.2864
+0.3399,-9.26071
+0.3403,-9.1112
+0.3408,-8.96768
+0.3412,-8.81041
+0.3416,-8.69064
+0.3419,-8.50471
+0.3424,-8.4612
+0.3428,-8.53928
+0.3432,-8.31484
+0.3435,-8.24958
+0.3439,-8.31497
+0.3443,-8.37378
+0.3448,-8.34536
+0.3452,-8.37099
+0.3456,-8.39306
+0.3459,-8.46317
+0.3463,-8.54235
+0.3468,-8.48148
+0.3472,-8.5828
+0.3476,-8.58268
+0.3479,-8.66081
+0.3483,-8.62397
+0.3488,-8.58618
+0.3492,-8.56199
+0.3496,-8.39663
+0.3499,-8.36253
+0.3503,-8.34751
+0.3508,-8.3215
+0.3512,-8.21633
+0.3515,-8.13298
+0.3519,-7.98867
+0.3524,-8.01112
+0.3528,-8.04672
+0.3532,-8.07871
+0.3536,-8.0754
+0.3539,-8.05997
+0.3543,-7.865
+0.3548,-7.7806
+0.3552,-7.74133
+0.3555,-7.72394
+0.3559,-7.69794
+0.3563,-7.6358
+0.3568,-7.54255
+0.3572,-7.40766
+0.3576,-7.41261
+0.3579,-7.20227
+0.3583,-7.26779
+0.3588,-7.21864
+0.3592,-7.26597
+0.3596,-7.16195
+0.3599,-7.03432
+0.3603,-6.77249
+0.3608,-6.65694
+0.3612,-6.5909
+0.3616,-6.49588
+0.3619,-6.41558
+0.3624,-6.28855
+0.3628,-6.2152
+0.3632,-6.12728
+0.3636,-6.10222
+0.3639,-6.00705
+0.3644,-5.99262
+0.3648,-5.9463
+0.3652,-5.91292
+0.3656,-5.85815
+0.3659,-5.86352
+0.3663,-5.81296
+0.3668,-5.72369
+0.3672,-5.59467
+0.3676,-5.53934
+0.3679,-5.52805
+0.3683,-5.5225
+0.3688,-5.49415
+0.3692,-5.47481
+0.3698,-5.46174
+0.3701,-5.36636
+0.3706,-5.30407
+0.3708,-5.25356
+0.3713,-5.22318
+0.3717,-5.33479
+0.372,-5.37934
+0.3724,-5.38185
+0.3728,-5.4303
+0.3732,-5.32423
+0.3736,-5.2838
+0.3739,-5.32181
+0.3743,-5.39247
+0.3748,-5.62911
+0.3752,-5.65458
+0.3756,-5.6414
+0.3759,-5.67552
+0.3763,-5.77707
+0.3768,-5.84115
+0.3772,-6.00755
+0.3776,-6.2019
+0.3779,-6.40512
+0.3783,-6.45191
+0.3788,-6.52354
+0.3792,-6.75555
+0.3796,-6.71254
+0.3799,-6.75886
+0.3803,-6.90972
+0.3808,-7.0631
+0.3812,-7.28297
+0.3816,-7.38014
+0.3819,-7.48907
+0.3823,-7.60269
+0.3828,-7.58478
+0.3833,-7.66082
+0.3836,-7.96747
+0.3839,-8.0906
+0.3843,-8.30101
+0.3848,-8.46158
+0.3852,-8.595
+0.3856,-8.80802
+0.3859,-8.86627
+0.3863,-9.12215
+0.3868,-9.3321
+0.3872,-9.53653
+0.3876,-9.63504
+0.3879,-9.86848
+0.3883,-9.9332
+0.3888,-9.90734
+0.3892,-9.9085
+0.3896,-10.0456
+0.3899,-10.2644
+0.3903,-10.3313
+0.3908,-10.5102
+0.3912,-10.4119
+0.3916,-10.4147
+0.3919,-10.3429
+0.3923,-10.3848
+0.3928,-10.5963
+0.3932,-10.5504
+0.3936,-10.4488
+0.3939,-10.4003
+0.3943,-10.422
+0.3948,-10.3703
+0.3952,-10.4143
+0.3956,-10.4698
+0.3959,-10.5898
+0.3963,-10.4065
+0.3968,-10.2362
+0.3972,-10.3164
+0.3976,-10.234
+0.3979,-10.0025
+0.3983,-9.82191
+0.3988,-9.52417
+0.3992,-9.46504
+0.3996,-9.27081
+0.3999,-8.88911
+0.4003,-8.73444
+0.4008,-8.57546
+0.4012,-8.26019
+0.4016,-10.8444
+0.4019,-10.7576
+0.4023,-10.519
+0.4036,-10.3369
+0.4038,-9.95555
+0.404,-9.59262
+0.4043,-9.38759
+0.4048,-9.3097
+0.4052,-9.1219
+0.4056,-8.87367
+0.4059,-8.68069
+0.4063,-8.53047
+0.4068,-8.37118
+0.4072,-8.24589
+0.4076,-8.03627
+0.4079,-7.91035
+0.4083,-7.87691
+0.4088,-7.51628
+0.4092,-7.30311
+0.4096,-7.21624
+0.4099,-7.07257
+0.4103,-6.82657
+0.4108,-6.65971
+0.4112,-6.49201
+0.4116,-6.45207
+0.4119,-6.30826
+0.4123,-6.12939
+0.4128,-6.05795
+0.4132,-6.01706
+0.4136,-5.85843
+0.4139,-5.74541
+0.4143,-5.50781
+0.4148,-5.39169
+0.4152,-5.39826
+0.4156,-5.30621
+0.4159,-5.37648
+0.4163,-5.32144
+0.4168,-5.23215
+0.4172,-5.08804
+0.4176,-5.00823
+0.4179,-4.97914
+0.4183,-5.14324
+0.4188,-5.1257
+0.4192,-4.92962
+0.4196,-4.97969
+0.4199,-4.90316
+0.4203,-4.9119
+0.4208,-4.94809
+0.4212,-5.06915
+0.4216,-5.231
+0.4219,-5.18604
+0.4223,-5.20208
+0.4228,-5.2766
+0.4232,-5.37606
+0.4236,-5.44852
+0.4239,-5.47201
+0.4243,-5.38745
+0.4248,-5.44188
+0.4252,-5.33485
+0.4256,-5.15581
+0.4259,-5.15513
+0.4263,-5.1299
+0.4268,-5.00242
+0.4272,-4.99188
+0.4276,-4.90579
+0.4279,-4.95552
+0.4283,-5.02408
+0.4288,-4.92321
+0.4292,-4.9284
+0.4296,-4.80567
+0.4299,-4.83474
+0.4303,-4.6794
+0.4308,-4.56434
+0.4312,-4.57686
+0.4316,-4.2642
+0.4319,-4.24403
+0.4323,-4.18524
+0.4328,-4.09355
+0.4332,-3.85901
+0.4336,-3.90998
+0.4341,-3.67919
+0.4343,-3.63786
+0.4348,-3.68794
+0.4352,-3.4359
+0.4356,-3.33502
+0.4359,-3.03774
+0.4363,-2.60991
+0.4367,-2.49569
+0.4372,-2.36073
+0.4376,-2.07701
+0.4379,-1.85463
+0.4383,-1.44693
+0.4388,-1.19438
+0.4392,-1.06534
+0.4396,-0.998005
+0.4399,-0.425872
+0.4403,-0.313746
+0.4408,+0.092399
+0.4412,+0.577046
+0.4416,+1.03215
+0.4419,+1.50521
+0.4423,+1.75946
+0.4428,+2.13895
+0.4432,+2.62682
+0.4436,+3.05623
+0.4439,+3.32005
+0.4443,+3.78039
+0.4448,+4.18277
+0.4452,+4.3918
+0.4456,+4.7215
+0.4459,+5.03527
+0.4463,+5.40546
+0.4468,+5.75916
+0.4472,+6.15028
+0.4476,+6.98204
+0.4479,+7.10942
+0.4483,+7.43666
+0.4488,+7.75631
+0.4492,+8.21787
+0.4496,+8.48337
+0.4499,+8.74273
+0.4503,+8.91291
+0.4508,+9.29971
+0.4512,+9.6439
+0.4516,+9.45624
+0.4519,+9.81388
+0.4523,+9.91823
+0.4528,+10.1764
+0.4532,+10.2365
+0.4536,+10.3316
+0.4539,+10.5694
+0.4543,+10.7597
+0.4548,+11.0034
+0.4552,+11.0986
+0.4556,+11.4003
+0.4559,+11.5454
+0.4563,+11.8091
+0.4568,+11.8196
+0.4572,+12.064
+0.4576,+12.2246
+0.4579,+12.2781
+0.4583,+12.4486
+0.4588,+12.3722
+0.4592,+12.291
+0.4596,+12.1163
+0.4599,+12.0737
+0.4603,+12.1964
+0.4608,+12.1511
+0.4612,+12.0178
+0.4616,+12.0341
+0.4619,+12.0565
+0.4623,+11.9401
+0.4628,+12.0522
+0.4632,+12.089
+0.4636,+12.155
+0.4641,+12.2382
+0.4644,+12.156
+0.4648,+12.312
+0.4652,+12.1861
+0.4656,+12.1052
+0.4659,+12.0564
+0.4663,+12.0486
+0.4668,+11.919
+0.4672,+11.8862
+0.4676,+11.8229
+0.4679,+11.6252
+0.4683,+11.3556
+0.4688,+11.0711
+0.4692,+11.0986
+0.4696,+10.9484
+0.4699,+10.6863
+0.4703,+10.6305
+0.4708,+10.5269
+0.4712,+10.3036
+0.4716,+10.1941
+0.4719,+10.2598
+0.4723,+10.1724
+0.4728,+10.0595
+0.4732,+9.8219
+0.4736,+9.69588
+0.4739,+9.64432
+0.4743,+9.42281
+0.4748,+9.24122
+0.4752,+9.21401
+0.4756,+9.09612
+0.4759,+8.81043
+0.4763,+8.61965
+0.4768,+8.56557
+0.4772,+8.39941
+0.4776,+8.26964
+0.4779,+8.01537
+0.4783,+7.89036
+0.4788,+7.497
+0.4792,+7.30576
+0.4796,+7.04362
+0.4799,+6.67515
+0.4803,+6.3859
+0.4808,+6.1375
+0.4812,+5.92488
+0.4817,+5.78043
+0.4819,+5.86676
+0.4823,+5.55751
+0.4828,+5.55737
+0.4832,+5.30897
+0.4836,+4.92623
+0.4839,+4.84517
+0.4843,+4.56279
+0.4848,+4.2156
+0.4852,+3.83478
+0.4856,+3.30838
+0.4859,+2.6145
+0.4863,+2.19401
+0.4868,+1.73771
+0.4872,+1.17636
+0.4876,+0.775961
+0.4879,+0.38961
+0.4883,+0.0586445
+0.4888,-0.508627
+0.4892,-0.973405
+0.4896,-1.55744
+0.4899,-2.0453
+0.4903,-2.49061
+0.4908,-2.99519
+0.4912,-3.41746
+0.4916,-3.80323
+0.4919,-4.48919
+0.4923,-5.11408
+0.4928,-5.47701
+0.4932,-5.97046
+0.4936,-6.27356
+0.4939,-6.64528
+0.4944,-7.0726
+0.4948,-7.48041
+0.4952,-7.77576
+0.4956,-8.24643
+0.4959,-8.41722
+0.4963,-8.62974
+0.4967,-8.84069
+0.4972,-8.9894
+0.4976,-9.13104
+0.4979,-9.23472
+0.4983,-9.27956
+0.4988,-9.33143
+0.4992,-9.46758
+0.4996,-9.49625
+0.4999,-9.58345
+0.5003,-9.58811
+0.5008,-9.68116
+0.5012,-9.60278
+0.5016,-9.56931
+0.5019,-9.65749
+0.5023,-9.6593
+0.5027,-9.5335
+0.5032,-9.47455
+0.5036,-9.20472
+0.5039,-8.8868
+0.5043,-8.66937
+0.5048,-8.29213
+0.506,-7.9874
+0.5063,-7.62801
+0.5065,-7.25465
+0.5067,-6.83656
+0.5072,-6.3334
+0.5076,-5.67873
+0.5079,-5.18835
+0.5083,-4.76877
+0.5087,-4.12865
+0.5092,-3.67342
+0.5096,-3.03812
+0.5099,-2.19638
+0.5103,-1.4793
+0.5108,-0.804713
+0.5112,-0.226054
+0.5116,+0.383062
+0.5119,+0.989948
+0.5123,+1.63432
+0.5128,+2.30272
+0.5132,+3.07679
+0.5136,+3.64543
+0.5139,+4.04238
+0.5143,+4.75457
+0.5148,+5.30128
+0.5152,+6.21211
+0.5156,+7.15407
+0.5159,+7.78054
+0.5163,+8.44102
+0.5167,+8.93458
+0.5172,+9.44075
+0.5176,+9.95951
+0.5179,+10.5567
+0.5183,+10.8944
+0.5187,+11.796
+0.5192,+12.3308
+0.5196,+12.3337
+0.5199,+13.1759
+0.5203,+13.471
+0.5208,+14.304
+0.5212,+15.095
+0.5216,+15.929
+0.5219,+16.5126
+0.5223,+17.3569
+0.5228,+17.249
+0.5232,+17.5202
+0.5236,+17.8479
+0.5239,+18.066
+0.5243,+18.1675
+0.5248,+17.9476
+0.5252,+17.5802
+0.5256,+17.2523
+0.5259,+17.0585
+0.5263,+16.9003
+0.5267,+17.0889
+0.5272,+16.7621
+0.5276,+16.926
+0.5279,+16.5573
+0.5283,+16.8589
+0.5287,+16.908
+0.5292,+17.2033
+0.5296,+17.2478
+0.5299,+17.4742
+0.5303,+17.4182
+0.5308,+17.3884
+0.5312,+17.8415
+0.5316,+17.8782
+0.5319,+18.1276
+0.5323,+18.1377
+0.5327,+18.3103
+0.5332,+18.3624
+0.5336,+18.5398
+0.5339,+18.5317
+0.5343,+18.6264
+0.5347,+18.8385
+0.5352,+18.7857
+0.5356,+18.9366
+0.5359,+19.0526
+0.5363,+19.2204
+0.5367,+19.3519
+0.5372,+19.4204
+0.5376,+19.6825
+0.5379,+19.934
+0.5383,+20.0624
+0.5387,+20.2672
+0.5392,+20.2415
+0.5396,+20.6656
+0.5399,+20.9785
+0.5403,+21.081
+0.5407,+21.4199
+0.5412,+21.3714
+0.5416,+21.1591
+0.5419,+21.3339
+0.5423,+21.6184
+0.5428,+21.3835
+0.5432,+20.9972
+0.5436,+20.409
+0.5439,+19.8067
+0.5443,+19.5119
+0.5447,+18.9561
+0.5452,+18.7343
+0.5456,+18.448
+0.5459,+17.7015
+0.5463,+16.8885
+0.5467,+16.4941
+0.5472,+16.2916
+0.5476,+15.768
+0.5479,+15.3073
+0.5483,+14.7574
+0.5487,+14.2452
+0.5492,+13.7143
+0.5496,+13.4542
+0.5499,+12.9619
+0.5503,+12.6022
+0.5507,+12.1886
+0.5512,+11.7374
+0.5516,+11.4359
+0.5519,+11.0347
+0.5523,+10.7333
+0.5527,+10.1329
+0.5532,+9.81482
+0.5536,+9.19465
+0.5539,+8.75595
+0.5543,+8.2831
+0.5547,+7.9042
+0.5552,+7.72487
+0.5556,+7.54597
+0.5559,+7.27069
+0.5563,+6.83358
+0.5567,+6.96053
+0.5572,+6.53398
+0.5576,+6.31739
+0.5579,+6.27232
+0.5583,+6.00423
+0.5587,+5.67339
+0.5592,+5.162
+0.5596,+4.88236
+0.5599,+4.57595
+0.5603,+4.32837
+0.5607,+3.84952
+0.5612,+3.75265
+0.5616,+3.59254
+0.5619,+3.22764
+0.5623,+3.35118
+0.5628,+3.19286
+0.5632,+3.14268
+0.5636,+2.85009
+0.5639,+2.83158
+0.5643,+2.90717
+0.5647,+2.78542
+0.5652,+2.8055
+0.5657,+2.78303
+0.566,+2.91762
+0.5663,+2.79077
+0.5667,+3.06527
+0.5672,+3.41513
+0.5676,+3.65755
+0.5679,+4.22182
+0.5683,+4.50894
+0.5687,+5.03337
+0.5692,+5.35322
+0.5696,+5.7489
+0.5699,+6.1638
+0.5703,+6.54906
+0.5707,+6.93707
+0.5712,+7.2418
+0.5716,+7.65896
+0.5719,+7.89872
+0.5723,+8.41038
+0.5727,+8.80441
+0.5732,+9.39706
+0.5736,+9.98015
+0.5739,+10.6203
+0.5743,+11.5403
+0.5747,+12.0908
+0.5752,+12.6511
+0.5756,+13.3238
+0.5759,+13.8024
+0.5763,+14.4092
+0.5767,+15.0344
+0.5772,+15.552
+0.5776,+15.999
+0.5779,+16.321
+0.5783,+16.4342
+0.5787,+17.0188
+0.5792,+17.3906
+0.5796,+17.6226
+0.5799,+17.8527
+0.5803,+17.9306
+0.5807,+18.0149
+0.5812,+18.0944
+0.5816,+18.2816
+0.5819,+18.3313
+0.5823,+18.3309
+0.5827,+18.1614
+0.5832,+18.0152
+0.5836,+17.9007
+0.5839,+17.7171
+0.5843,+17.5534
+0.5847,+17.2789
+0.5852,+16.988
+0.5856,+16.4851
+0.5859,+16.1964
+0.5863,+15.8272
+0.5867,+15.424
+0.5872,+15.0621
+0.5876,+14.6417
+0.5879,+14.1524
+0.5883,+13.6015
+0.5887,+13.1706
+0.5892,+12.604
+0.5896,+12.445
+0.5899,+11.6485
+0.5903,+10.9153
+0.5907,+10.2596
+0.5912,+9.52457
+0.5916,+8.83578
+0.5919,+8.15979
+0.5923,+7.6699
+0.5927,+6.91769
+0.5932,+6.25591
+0.5936,+5.14545
+0.5939,+4.87583
+0.5943,+4.51907
+0.5947,+3.87765
+0.5952,+3.29889
+0.5956,+2.67085
+0.5959,+2.25084
+0.5963,+1.59234
+0.5967,+1.35201
+0.5972,+0.949623
+0.5976,+0.797124
+0.5979,+0.343521
+0.5983,-0.0814841
+0.5987,-0.487052
+0.5992,-0.798531
+0.5996,-1.05532
+0.5999,-1.44623
+0.6003,-1.4802
+0.6007,-1.97334
+0.6012,-2.01104
+0.6016,-2.43863
+0.6019,-2.59979
+0.6023,-2.15139
+0.6027,-2.12977
+0.6032,-2.25729
+0.6036,-2.27271
+0.6039,-2.32485
+0.6043,-2.49588
+0.6047,-2.5944
+0.6052,-2.80456
+0.6056,-2.54724
+0.6059,-2.74436
+0.6063,-2.61786
+0.6067,-2.67381
+0.6072,-2.38379
+0.6076,-2.2074
+0.6084,-1.99341
+0.6087,-1.97777
+0.609,-1.68818
+0.6092,-1.6523
+0.6096,-1.68335
+0.6099,-1.34407
+0.6103,-1.2708
+0.6107,-1.02404
+0.6112,-0.573608
+0.6116,-0.45079
+0.6119,-0.195591
+0.6123,+0.257733
+0.6127,+0.660175
+0.6132,+1.26125
+0.6136,+1.70738
+0.6139,+2.06763
+0.6143,+2.70719
+0.6147,+3.21161
+0.6152,+3.57964
+0.6156,+4.03577
+0.6161,+4.46713
+0.6163,+4.81204
+0.6167,+5.1232
+0.6172,+5.64392
+0.6176,+5.94654
+0.6179,+6.17032
+0.6183,+6.43969
+0.6187,+7.01897
+0.6192,+7.02087
+0.6196,+7.31544
+0.6199,+7.49161
+0.6203,+7.67199
+0.6207,+7.85068
+0.6212,+7.80634
+0.6216,+7.89727
+0.6219,+8.12068
+0.6223,+7.94723
+0.6227,+7.67477
+0.6232,+7.68203
+0.6236,+7.69396
+0.6239,+7.74983
+0.6243,+7.73223
+0.6247,+7.7879
+0.6252,+7.80494
+0.6256,+7.78048
+0.6259,+7.77825
+0.6263,+7.72309
+0.6267,+7.60805
+0.6272,+7.69992
+0.6276,+7.61059
+0.6279,+7.47888
+0.6283,+7.40782
+0.6287,+7.13815
+0.6292,+6.9228
+0.6296,+6.87073
+0.6299,+6.7184
+0.6303,+6.53199
+0.6308,+6.45915
+0.6312,+6.40732
+0.6316,+6.25469
+0.6319,+6.13755
+0.6323,+6.0975
+0.6327,+6.11598
+0.6332,+6.26183
+0.6336,+6.15758
+0.6339,+6.10318
+0.6343,+6.13775
+0.6347,+6.13152
+0.6352,+6.2318
+0.6356,+6.28118
+0.6359,+6.43508
+0.6363,+6.79102
+0.6367,+7.26016
+0.6372,+7.23499
+0.6376,+7.51699
+0.6379,+7.94816
+0.6383,+8.50279
+0.6387,+8.8511
+0.6392,+9.19786
+0.6396,+9.85769
+0.6399,+10.5124
+0.6403,+10.7471
+0.6407,+11.1088
+0.6412,+11.8264
+0.6416,+12.1885
+0.6419,+12.5662
+0.6423,+12.8796
+0.6427,+13.7389
+0.6432,+14.0715
+0.6436,+14.4065
+0.6439,+14.6993
+0.6443,+15.1142
+0.6447,+15.3813
+0.6452,+15.6302
+0.6456,+16.352
+0.6459,+16.9469
+0.6464,+17.5476
+0.6467,+17.784
+0.6472,+18.2956
+0.6476,+19.4822
+0.6479,+20.0459
+0.6483,+20.684
+0.6487,+21.2228
+0.6492,+21.8816
+0.6496,+22.3931
+0.6499,+22.888
+0.6503,+23.4215
+0.6507,+24.4511
+0.6512,+25.5726
+0.6516,+25.3424
+0.652,+25.8207
+0.6523,+26.1715
+0.6527,+26.6102
+0.6532,+26.9912
+0.6536,+27.2685
+0.6539,+27.494
+0.6543,+28.1204
+0.6547,+27.8921
+0.6552,+27.9079
+0.6556,+28.0461
+0.6559,+28.6086
+0.6563,+28.7766
+0.6567,+28.8911
+0.6572,+28.8554
+0.6576,+29.337
+0.6579,+29.7929
+0.6583,+29.5939
+0.6587,+29.7729
+0.6592,+29.1394
+0.6596,+28.9069
+0.6599,+28.6165
+0.6603,+28.1779
+0.6607,+27.7646
+0.6612,+27.3623
+0.6616,+26.3228
+0.6619,+25.6994
+0.6623,+24.762
+0.6627,+24.0411
+0.6632,+23.4197
+0.6636,+22.6892
+0.6639,+21.4661
+0.6643,+20.6961
+0.6647,+19.7503
+0.6652,+19.1978
+0.6656,+18.4422
+0.6659,+17.0825
+0.6663,+15.9292
+0.6667,+14.5679
+0.6672,+13.3652
+0.6676,+12.2308
+0.6679,+11.3233
+0.6683,+10.1209
+0.6687,+9.02841
+0.6692,+7.58136
+0.6696,+6.29107
+0.6701,+5.0116
+0.6703,+4.00955
+0.6707,+2.70439
+0.6712,+1.69878
+0.6716,+0.471906
+0.6719,-0.83648
+0.6723,-1.80972
+0.6727,-2.78594
+0.6732,-3.74805
+0.6736,-4.6881
+0.6739,-5.41102
+0.6743,-6.20762
+0.6747,-6.85079
+0.6752,-7.61865
+0.6756,-7.91478
+0.6759,-8.44724
+0.6763,-8.85676
+0.6768,-9.13951
+0.6772,-9.36161
+0.6776,-9.57564
+0.6779,-9.79579
+0.6783,-9.91829
+0.6787,-9.75975
+0.6792,-9.66473
+0.6796,-9.77192
+0.6799,-9.48969
+0.6803,-9.31078
+0.6807,-9.22547
+0.6812,-9.11907
+0.6816,-8.74427
+0.6819,-8.30292
+0.6823,-7.77088
+0.6827,-7.26659
+0.6832,-6.75893
+0.6836,-6.03497
+0.684,-5.66183
+0.6844,-4.8645
+0.6847,-3.76252
+0.6852,-2.9626
+0.6856,-1.98449
+0.6859,-1.18018
+0.6863,-0.1079
+0.6867,+0.779814
+0.6872,+1.75175
+0.6876,+2.88775
+0.6879,+3.84104
+0.6883,+4.5974
+0.6887,+5.08633
+0.6892,+6.03538
+0.6896,+6.6922
+0.6899,+7.78798
+0.6903,+8.37941
+0.6907,+8.94611
+0.6912,+9.62383
+0.6916,+10.3532
+0.6919,+10.9922
+0.6923,+11.6188
+0.6927,+12.6024
+0.6932,+12.9991
+0.6936,+13.9127
+0.6939,+14.0486
+0.6943,+14.4204
+0.6947,+15.2921
+0.6952,+15.6258
+0.6956,+15.5855
+0.6959,+16.1021
+0.6963,+16.5247
+0.6967,+16.3909
+0.6972,+16.7645
+0.6976,+16.6064
+0.6979,+17.3837
+0.6983,+17.6364
+0.6987,+17.9797
+0.6992,+18.4878
+0.6996,+18.7699
+0.6999,+18.709
+0.7003,+18.8296
+0.7007,+18.967
+0.7012,+19.0225
+0.7016,+19.1431
+0.7019,+18.5788
+0.7023,+18.5611
+0.7027,+18.1287
+0.7032,+17.6788
+0.7036,+17.5102
+0.7039,+17.434
+0.7043,+17.155
+0.7047,+16.9425
+0.7052,+16.8052
+0.7056,+16.6011
+0.7059,+16.5711
+0.7063,+16.6495
+0.7067,+16.1667
+0.7072,+16.2856
+0.7076,+16.0065
+0.7079,+15.7339
+0.7083,+15.3042
+0.7087,+14.8969
+0.7092,+14.3901
+0.7096,+13.9265
+0.7099,+13.439
+0.7108,+12.6676
+0.7111,+12.4303
+0.7114,+11.8143
+0.7116,+11.3218
+0.7119,+11.0137
+0.7123,+10.6906
+0.7127,+10.4496
+0.7132,+10.1917
+0.7136,+9.86947
+0.7139,+9.58889
+0.7143,+9.37564
+0.7147,+8.90469
+0.7152,+8.46169
+0.7156,+8.4752
+0.7159,+8.23438
+0.7163,+8.15093
+0.7167,+7.975
+0.7172,+7.8589
+0.7176,+7.82212
+0.7179,+7.6662
+0.7183,+7.57595
+0.7187,+7.51148
+0.7192,+7.51427
+0.7196,+7.16293
+0.7199,+7.0798
+0.7203,+6.92807
+0.7207,+6.86145
+0.7212,+6.70081
+0.7216,+6.54701
+0.7219,+6.51611
+0.7223,+6.32777
+0.7227,+6.31759
+0.7232,+6.21456
+0.7236,+6.12515
+0.7239,+5.87061
+0.7243,+5.6404
+0.7247,+5.35809
+0.7252,+5.17933
+0.7256,+5.09337
+0.7259,+4.84456
+0.7263,+4.54874
+0.7267,+4.19856
+0.7272,+3.86953
+0.7276,+3.66699
+0.7279,+3.47677
+0.7283,+3.27871
+0.7287,+3.04688
+0.7292,+2.83163
+0.7296,+2.3894
+0.7299,+2.11189
+0.7303,+1.99758
+0.7307,+1.82273
+0.7312,+1.72834
+0.7316,+1.51436
+0.7319,+1.1526
+0.7323,+0.954103
+0.7327,+0.606948
+0.7331,+0.247251
+0.7336,+0.00918223
+0.7339,-0.420807
+0.7343,-0.789286
+0.7347,-1.04816
+0.7351,-1.4284
+0.7356,-1.74464
+0.7359,-1.9925
+0.7363,-2.38905
+0.7367,-2.61866
+0.7372,-2.92577
+0.7376,-3.3226
+0.7379,-3.42538
+0.7383,-3.862
+0.7387,-4.33707
+0.7392,-4.76149
+0.7396,-5.11454
+0.7399,-5.54183
+0.7403,-5.76743
+0.7407,-5.95069
+0.7412,-6.1418
+0.7416,-6.1118
+0.7419,-6.29327
+0.7423,-6.26077
+0.7427,-6.24261
+0.7432,-6.22813
+0.7436,-6.16013
+0.7439,-5.8939
+0.7443,-5.80585
+0.7447,-5.63736
+0.7452,-5.48334
+0.7456,-5.53679
+0.7459,-5.48872
+0.7463,-5.43656
+0.7467,-5.22362
+0.7472,-5.05293
+0.7476,-4.94081
+0.7479,-4.90748
+0.7483,-4.79419
+0.7487,-4.72206
+0.7492,-4.54207
+0.7496,-4.51522
+0.7499,-4.39611
+0.7503,-4.23445
+0.7507,-4.30181
+0.7512,-4.20795
+0.7516,-4.16257
+0.7519,-4.23462
+0.7523,-4.25727
+0.7527,-4.35265
+0.7532,-4.56794
+0.7536,-4.56388
+0.7539,-4.50842
+0.7544,-4.6034
+0.7547,-4.61614
+0.7552,-4.68894
+0.7556,-4.6983
+0.7559,-4.69705
+0.7563,-4.69482
+0.7567,-4.78169
+0.7571,-4.8307
+0.7576,-4.79003
+0.7579,-4.91585
+0.7583,-4.89565
+0.7587,-4.93386
+0.7592,-4.91418
+0.7596,-4.90155
+0.7599,-4.80893
+0.7603,-4.79066
+0.7607,-4.61866
+0.7612,-4.50695
+0.7616,-4.43254
+0.7619,-4.32765
+0.7623,-4.33186
+0.7627,-4.19895
+0.7632,-4.17405
+0.7636,-4.13607
+0.7639,-3.90433
+0.7643,-3.81342
+0.7647,-3.76472
+0.7651,-3.5641
+0.7656,-3.34642
+0.7659,-3.18823
+0.7663,-2.94502
+0.7667,-2.65426
+0.7671,-2.35552
+0.7676,-2.07812
+0.7679,-1.92319
+0.7683,-1.62695
+0.7687,-1.21787
+0.7691,-0.937091
+0.7696,-0.855363
+0.7699,-0.599381
+0.7703,-0.402653
+0.7707,-0.379276
+0.7712,-0.29892
+0.7716,-0.129288
+0.7719,-0.00302463
+0.7723,+0.188778
+0.7728,+0.249891
+0.7731,+0.257046
+0.7736,+0.40789
+0.7739,+0.397182
+0.7743,+0.429876
+0.7747,+0.404601
+0.7751,+0.413636
+0.7756,+0.33749
+0.7759,+0.240356
+0.7763,-0.299845
+0.7767,-0.637883
+0.7771,-0.974634
+0.7776,-1.35616
+0.7779,-1.84876
+0.7783,-2.44244
+0.7787,-3.06459
+0.7791,-3.79209
+0.7796,-4.58822
+0.78,-5.24272
+0.7803,-5.8046
+0.7807,-6.54186
+0.7812,-7.23212
+0.7816,-8.02388
+0.782,-8.73959
+0.7823,-9.40859
+0.7827,-9.89786
+0.7831,-10.3976
+0.7836,-10.9447
+0.7839,-11.7719
+0.7843,-12.2399
+0.7847,-12.7699
+0.7851,-13.3094
+0.7856,-13.7385
+0.7859,-14.0578
+0.7863,-14.5625
+0.7867,-14.9385
+0.7871,-15.3652
+0.7876,-15.6336
+0.7879,-15.9054
+0.7883,-16.2843
+0.7887,-16.6531
+0.7891,-16.8687
+0.7896,-17.1279
+0.7899,-17.4668
+0.7903,-17.6066
+0.7907,-17.8805
+0.7911,-18.0335
+0.7916,-18.2816
+0.792,-18.273
+0.7923,-18.2891
+0.7927,-18.2546
+0.7932,-18.2722
+0.7936,-18.2659
+0.7939,-18.0864
+0.7943,-17.946
+0.7947,-17.7146
+0.7951,-17.5786
+0.7956,-17.3394
+0.796,-17.2331
+0.7963,-16.8674
+0.7967,-16.5224
+0.7971,-16.4283
+0.7976,-16.0046
+0.798,-15.7036
+0.7985,-15.2827
+0.7987,-14.9924
+0.7992,-14.5804
+0.7996,-14.3105
+0.7999,-13.8266
+0.8003,-13.473
+0.8007,-13.1862
+0.8012,-12.6866
+0.8016,-12.5211
+0.8019,-12.3478
+0.8023,-13.7779
+0.8027,-13.5382
+0.8031,-13.4185
+0.8036,-13.1886
+0.804,-13.2012
+0.8043,-13.1682
+0.8047,-13.0975
+0.8051,-12.921
+0.8056,-12.6451
+0.806,-12.4623
+0.8063,-12.4054
+0.8067,-12.3753
+0.8071,-12.3236
+0.8076,-12.167
+0.808,-11.9697
+0.8083,-11.8577
+0.8087,-11.695
+0.8092,-11.6429
+0.8096,-11.475
+0.8101,-11.278
+0.8103,-10.9851
+0.8107,-10.8347
+0.8111,-10.4621
+0.8116,-10.2504
+0.8119,-9.89503
+0.8123,-9.73422
+0.8132,-9.44382
+0.8134,-9.03844
+0.8137,-8.93201
+0.8139,-8.69409
+0.8143,-8.43694
+0.8147,-7.96204
+0.8151,-7.62535
+0.8156,-7.20209
+0.8159,-6.88026
+0.8163,-6.2597
+0.8167,-5.69011
+0.8171,-5.23444
+0.8176,-4.73191
+0.8179,-4.1852
+0.8183,-3.6412
+0.8187,-3.10733
+0.8192,-2.77212
+0.8196,-2.46489
+0.8199,-2.04913
+0.8203,-1.54993
+0.8207,-1.32178
+0.8211,-1.14295
+0.8216,-0.723477
+0.8219,-0.584686
+0.8223,-0.338578
+0.8227,-0.19011
+0.8231,+0.0674284
+0.8236,+0.48278
+0.8239,+0.867223
+0.8243,+0.920763
+0.8247,+1.08882
+0.8251,+1.32156
+0.8256,+1.50829
+0.8259,+1.88277
+0.8263,+2.20936
+0.8267,+2.47239
+0.8271,+2.7887
+0.8276,+2.9471
+0.8279,+3.2036
+0.8283,+3.48055
+0.8288,+3.89432
+0.8291,+4.31239
+0.8296,+4.58215
+0.83,+4.7834
+0.8303,+4.96227
+0.8307,+5.19153
+0.8311,+5.39188
+0.8316,+5.62496
+0.8319,+5.73603
+0.8323,+6.04056
+0.8327,+6.11192
+0.8331,+6.23406
+0.8336,+6.33278
+0.8339,+6.53789
+0.8343,+6.63065
+0.8347,+6.7831
+0.8351,+6.88989
+0.8356,+7.04226
+0.8359,+7.09297
+0.8363,+6.94108
+0.8367,+6.78695
+0.8371,+6.72418
+0.8376,+6.71877
+0.8379,+6.68029
+0.8383,+6.68855
+0.8387,+6.59266
+0.8391,+6.5687
+0.8396,+6.43414
+0.8399,+6.36312
+0.8403,+6.41144
+0.8407,+6.62123
+0.8411,+6.57386
+0.8416,+6.72279
+0.842,+6.61224
+0.8423,+6.65805
+0.8427,+6.75629
+0.8431,+6.86587
+0.8436,+6.98176
+0.8439,+7.04175
+0.8443,+6.95596
+0.8447,+7.05148
+0.8451,+7.31381
+0.8456,+7.30803
+0.8459,+7.57974
+0.8463,+7.56637
+0.8467,+7.57165
+0.8471,+7.63674
+0.8476,+7.64179
+0.8479,+7.77506
+0.8483,+8.07784
+0.8487,+8.11534
+0.8491,+8.15058
+0.8496,+8.13179
+0.85,+8.13601
+0.8503,+8.2458
+0.8507,+8.38215
+0.8511,+8.37262
+0.8516,+8.50183
+0.8519,+8.46117
+0.8523,+8.51139
+0.8528,+8.62223
+0.8531,+8.61517
+0.8536,+8.85033
+0.8539,+8.83186
+0.8543,+8.82826
+0.8547,+8.90657
+0.8551,+9.04084
+0.8556,+9.01846
+0.856,+8.96837
+0.8563,+8.83123
+0.8568,+8.51754
+0.8571,+8.54235
+0.8576,+8.49155
+0.858,+8.5118
+0.8583,+8.68334
+0.8587,+8.62249
+0.8592,+8.54041
+0.8596,+8.47889
+0.8599,+8.56571
+0.8603,+8.70029
+0.8607,+9.08884
+0.8611,+9.0585
+0.8616,+8.97228
+0.8619,+9.03771
+0.8623,+8.92111
+0.8627,+8.87383
+0.8631,+8.8392
+0.8636,+8.71082
+0.8639,+8.38375
+0.8643,+8.0963
+0.8647,+7.89992
+0.8651,+7.72893
+0.8656,+7.72761
+0.8659,+7.53081
+0.8663,+7.3007
+0.8667,+7.13796
+0.8671,+7.00654
+0.8676,+6.98959
+0.868,+7.15747
+0.8683,+7.08708
+0.8687,+6.95098
+0.8691,+6.73163
+0.8696,+6.32811
+0.87,+6.03248
+0.8703,+5.79516
+0.8707,+5.56406
+0.8711,+5.25442
+0.8716,+5.02111
+0.8719,+4.77241
+0.8723,+4.59427
+0.8727,+4.25398
+0.8731,+4.12428
+0.8736,+3.9624
+0.8739,+3.85482
+0.8743,+3.71612
+0.8747,+3.57064
+0.8751,+3.51858
+0.8756,+3.40138
+0.876,+3.25579
+0.8763,+3.22242
+0.8767,+3.20263
+0.8771,+3.13834
+0.8776,+3.09113
+0.878,+2.99665
+0.8783,+2.92775
+0.8787,+2.8822
+0.8791,+2.73511
+0.8796,+2.53748
+0.8799,+2.45294
+0.8803,+2.29675
+0.8807,+2.14561
+0.8811,+2.08284
+0.8816,+1.89802
+0.882,+1.75529
+0.8823,+1.55377
+0.8827,+1.31837
+0.8831,+1.06867
+0.8836,+0.991343
+0.884,+0.86991
+0.8843,+0.542267
+0.8847,+0.360276
+0.8851,+0.0487602
+0.8856,-0.0277286
+0.886,-0.192017
+0.8863,-0.4021
+0.8867,-0.615858
+0.8871,-0.689726
+0.8876,-0.9693
+0.8879,-1.35686
+0.8883,-1.47296
+0.8887,-1.73191
+0.8891,-1.87135
+0.8896,-2.1773
+0.89,-2.51646
+0.8903,-2.77246
+0.8907,-3.12115
+0.8911,-3.4252
+0.8916,-3.68474
+0.892,-3.82753
+0.8923,-4.06583
+0.8927,-4.24645
+0.8931,-4.56842
+0.8936,-4.74506
+0.894,-4.75192
+0.8943,-4.84229
+0.8947,-4.93669
+0.8951,-4.99235
+0.8956,-5.02695
+0.896,-5.14824
+0.8963,-5.21352
+0.8967,-5.3516
+0.8971,-5.46292
+0.8976,-5.46824
+0.898,-5.67369
+0.8983,-5.7134
+0.8987,-5.6782
+0.8991,-5.73294
+0.8996,-5.7426
+0.9,-5.73591
+0.9003,-5.74064
+0.9007,-5.62998
+0.9011,-5.47294
+0.9016,-5.38367
+0.902,-5.15621
+0.9023,-4.85567
+0.9027,-4.63811
+0.9031,-4.45541
+0.9036,-4.2845
+0.9039,-4.04013
+0.9043,-3.78141
+0.9047,-3.53086
+0.9051,-3.33821
+0.9056,-3.21299
+0.906,-3.20659
+0.9063,-3.25333
+0.9067,-3.15328
+0.9071,-3.10206
+0.9076,-3.05139
+0.908,-3.04257
+0.9083,-3.04501
+0.9087,-3.09443
+0.9091,-2.99702
+0.9096,-3.21472
+0.91,-3.21108
+0.9103,-3.37546
+0.9107,-3.5076
+0.9111,-3.58682
+0.9116,-3.71741
+0.9119,-3.84942
+0.9123,-4.16509
+0.9127,-4.39021
+0.9131,-4.70558
+0.9136,-4.82068
+0.914,-5.03353
+0.9143,-5.31231
+0.9147,-5.48157
+0.9156,-5.80965
+0.9158,-6.10437
+0.916,-6.33963
+0.9163,-6.42554
+0.9167,-6.58786
+0.9171,-6.85676
+0.9176,-6.9355
+0.9179,-6.95691
+0.9183,-6.81085
+0.9187,-6.9171
+0.9191,-6.87194
+0.9196,-6.87631
+0.92,-6.82003
+0.9203,-6.78923
+0.9207,-6.57717
+0.9211,-6.39613
+0.9213,-6.36865
+0.9216,-6.25507
+0.9219,-6.14037
+0.9223,-5.93444
+0.9227,-5.88324
+0.9231,-5.4884
+0.9236,-5.42004
+0.924,-5.23059
+0.9243,-5.20454
+0.9247,-5.00907
+0.9251,-4.71913
+0.9256,-4.51911
+0.926,-4.4116
+0.9263,-4.209
+0.9267,-3.88693
+0.9271,-3.79224
+0.9276,-3.49935
+0.9279,-3.34095
+0.9283,-3.1003
+0.9287,-2.90528
+0.9291,-2.80464
+0.9296,-2.84707
+0.93,-2.69602
+0.9303,-2.79268
+0.9307,-2.78804
+0.9311,-2.82352
+0.9316,-2.95012
+0.932,-3.17687
+0.9323,-3.28607
+0.9327,-3.3882
+0.9331,-3.37781
+0.9336,-3.45064
+0.934,-3.45687
+0.9343,-3.57728
+0.9347,-3.61297
+0.9351,-3.87885
+0.9356,-3.80818
+0.936,-3.65908
+0.9365,-3.72423
+0.9367,-3.80295
+0.9371,-4.01771
+0.9376,-4.12734
+0.9379,-4.23609
+0.9383,-4.1573
+0.9387,-4.27495
+0.9391,-4.2262
+0.9396,-4.32441
+0.94,-4.35067
+0.9403,-4.40712
+0.9407,-4.36486
+0.9411,-4.31484
+0.9416,-4.20306
+0.942,-4.28408
+0.9423,-4.1391
+0.9427,-4.06818
+0.9431,-3.857
+0.9436,-3.70991
+0.944,-3.53362
+0.9443,-3.38256
+0.9447,-3.34039
+0.9451,-3.13548
+0.9456,-2.90169
+0.9459,-2.66229
+0.9463,-2.51105
+0.9467,-2.21816
+0.9471,-2.04344
+0.9476,-1.84193
+0.9479,-1.72617
+0.9483,-1.38384
+0.9487,-1.05783
+0.9491,-0.899925
+0.9496,-0.714417
+0.95,-0.522918
+0.9505,-0.355159
+0.9507,-0.254127
+0.9511,-0.00373678
+0.9516,+0.0606024
+0.952,+0.170028
+0.9523,+0.189011
+0.9527,+0.219556
+0.9531,+0.317348
+0.9536,+0.257268
+0.954,+0.230364
+0.9543,+0.152417
+0.9547,+0.116611
+0.9551,-0.414788
+0.9556,-0.422664
+0.956,-0.681501
+0.9563,-0.989126
+0.9567,-1.36692
+0.9571,-1.75033
+0.9576,-2.18264
+0.958,-2.6459
+0.9583,-3.26196
+0.9587,-3.90775
+0.9591,-4.2465
+0.9596,-4.97567
+0.96,-5.55411
+0.9603,-6.22557
+0.9607,-6.80234
+0.9611,-7.48695
+0.9616,-8.10461
+0.962,-8.66555
+0.9623,-9.13377
+0.9627,-9.63458
+0.9631,-10.0875
+0.9636,-10.447
+0.964,-10.855
+0.9643,-11.1544
+0.9647,-11.538
+0.9651,-11.7498
+0.9656,-11.9259
+0.966,-12.0262
+0.9663,-12.254
+0.9667,-12.4655
+0.9671,-12.5155
+0.9676,-12.7525
+0.968,-12.9415
+0.9683,-13.0417
+0.9687,-13.0311
+0.9691,-13.0909
+0.9696,-13.1659
+0.97,-13.4013
+0.9703,-13.4106
+0.9707,-13.31
+0.9711,-13.4026
+0.9716,-13.4471
+0.9719,-13.4002
+0.9723,-13.4997
+0.9727,-13.6101
+0.9731,-13.7338
+0.9736,-13.8295
+0.974,-13.9372
+0.9743,-13.9097
+0.9747,-14.1591
+0.9751,-14.3982
+0.9756,-14.4868
+0.976,-14.5291
+0.9763,-14.5995
+0.9767,-14.6805
+0.9771,-14.6995
+0.9776,-14.7495
+0.978,-14.6308
+0.9783,-14.8239
+0.9787,-14.8407
+0.9791,-14.7927
+0.9796,-14.8727
+0.98,-15.0306
+0.9803,-15.1933
+0.9807,-15.2621
+0.9813,-15.4135
+0.9816,-15.5347
+0.982,-15.6869
+0.9826,-15.7858
+0.9829,-15.8623
+0.9831,-16.0779
+0.9836,-16.2464
+0.984,-16.3512
+0.9843,-16.4017
+0.9847,-16.5483
+0.9851,-16.6875
+0.9855,-16.9166
+0.986,-17.2238
+0.9863,-17.5118
+0.9867,-17.865
+0.9871,-18.0187
+0.9875,-18.2963
+0.988,-18.5655
+0.9883,-18.7911
+0.9887,-19.0719
+0.9891,-19.26
+0.9895,-19.4226
+0.99,-19.5955
+0.9903,-19.528
+0.9907,-19.566
+0.9911,-19.5357
+0.9916,-19.4367
+0.992,-19.4198
+0.9923,-19.3066
+0.9927,-19.21
+0.9931,-18.9824
+0.9937,-18.7418
+0.994,-18.4357
+0.9943,-18.2853
+0.9947,-17.8865
+0.9951,-17.5875
+0.9955,-17.2067
+0.996,-16.7852
+0.9963,-16.484
+0.9967,-15.9652
+0.9971,-15.7033
+0.9975,-15.333
+0.998,-15.1512
+0.9983,-14.9146
+0.9987,-14.6386
+0.9991,-14.4018
+0.9996,-14.3168
+1,-14.2229
+1.0003,-14.1819
+1.0007,-14.1667
+1.0012,-14.262
+1.0016,-14.3965
+1.002,-14.976
+1.0023,-15.0492
+1.0027,-15.2736
+1.0031,-15.6312
+1.0035,-15.8739
+1.004,-16.054
+1.0043,-16.2488
+1.0047,-16.5392
+1.0051,-16.8191
+1.0056,-17.0132
+1.006,-17.3233
+1.0063,-17.616
+1.0067,-17.9603
+1.0071,-17.9757
+1.0075,-18.1909
+1.008,-18.3295
+1.0083,-18.3849
+1.0087,-18.4812
+1.0091,-18.3174
+1.0095,-18.364
+1.01,-18.3396
+1.0103,-18.1473
+1.0107,-17.8244
+1.0111,-17.6056
+1.0116,-17.3317
+1.012,-17.0884
+1.0123,-16.7909
+1.0127,-16.4527
+1.0131,-16.2365
+1.0135,-15.7547
+1.014,-15.2529
+1.0143,-14.9488
+1.0147,-14.525
+1.0151,-14.2375
+1.0155,-13.8558
+1.016,-13.4858
+1.0163,-13.0781
+1.0167,-12.7444
+1.0171,-12.4842
+1.018,-12.239
+1.0183,-11.9946
+1.0185,-11.7915
+1.0188,-11.7461
+1.0191,-11.6251
+1.0195,-11.4922
+1.0199,-11.3766
+1.0203,-11.4305
+1.0207,-11.2158
+1.0211,-11.0775
+1.0216,-11.0464
+1.022,-11.1041
+1.0223,-11.1516
+1.0227,-11.0393
+1.0231,-11.0365
+1.0234,-10.938
+1.024,-11.0536
+1.0243,-11.1509
+1.0247,-11.5415
+1.0251,-11.5137
+1.0254,-11.5921
+1.026,-11.7192
+1.0263,-11.7369
+1.0267,-11.9954
+1.0271,-12.1144
+1.0274,-12.1962
+1.028,-12.1431
+1.0283,-12.0724
+1.0287,-11.9147
+1.0291,-12.0662
+1.0294,-12.0629
+1.03,-11.99
+1.0303,-11.9779
+1.0307,-11.8724
+1.0311,-11.8292
+1.0316,-11.9137
+1.032,-12.0369
+1.0323,-12.1328
+1.0327,-12.1287
+1.0331,-11.9746
+1.0334,-11.925
+1.034,-11.6954
+1.0343,-11.6704
+1.0347,-11.5948
+1.0351,-11.3315
+1.0354,-11.173
+1.0359,-10.8019
+1.0363,-10.5145
+1.0367,-10.2223
+1.0371,-10.1388
+1.0374,-9.97861
+1.038,-9.79751
+1.0383,-9.36733
+1.0387,-8.9824
+1.0391,-8.72769
+1.0395,-8.38764
+1.04,-8.21119
+1.0403,-7.73934
+1.0407,-7.26875
+1.0411,-6.7067
+1.0414,-6.24864
+1.0421,-5.89307
+1.0423,-5.51549
+1.0427,-5.01093
+1.0431,-4.64082
+1.0434,-4.2293
+1.044,-3.64717
+1.0443,-3.25243
+1.0447,-2.9433
+1.0451,-2.58315
+1.0454,-2.23801
+1.046,-1.67486
+1.0463,-1.19966
+1.0467,-0.631567
+1.0471,-0.136719
+1.0475,+0.489154
+1.048,+0.896534
+1.0483,+1.30269
+1.0487,+1.55235
+1.0491,+1.96841
+1.0494,+2.23472
+1.05,+2.27317
+1.0503,+2.43405
+1.0507,+2.45008
+1.0511,+2.59994
+1.0515,+2.52192
+1.052,+2.50257
+1.0523,+2.3188
+1.0527,+2.39509
+1.0531,+2.19755
+1.0534,+2.21853
+1.054,+2.22247
+1.0543,+2.1036
+1.0547,+2.01418
+1.0551,+1.67489
+1.0555,+1.55534
+1.056,+1.32394
+1.0563,+1.22085
+1.0567,+1.12482
+1.0571,+0.867284
+1.0576,+0.6337
+1.0579,+0.314717
+1.0583,+0.142809
+1.0587,-0.218155
+1.0591,-0.331459
+1.0595,-0.630669
+1.06,-0.779948
+1.0603,-0.858697
+1.0607,-1.06557
+1.0611,-1.01519
+1.0615,-1.15537
+1.062,-1.13787
+1.0625,-1.34833
+1.0627,-1.42863
+1.0631,-1.53426
+1.0635,-1.60952
+1.0639,-1.59055
+1.0643,-1.70551
+1.0647,-1.9978
+1.0651,-2.19824
+1.0655,-2.10161
+1.066,-2.12513
+1.0663,-2.02587
+1.0667,-2.07591
+1.0671,-2.09015
+1.0675,-1.82444
+1.0679,-1.94048
+1.0683,-2.12698
+1.0687,-2.08367
+1.0691,-1.9993
+1.0694,-2.08031
+1.07,-2.18072
+1.0703,-2.22609
+1.0707,-2.21827
+1.0711,-2.31992
+1.0715,-2.63712
+1.0721,-2.58098
+1.0723,-2.44555
+1.0727,-2.08608
+1.0731,-2.04706
+1.0735,-2.01573
+1.074,-1.80444
+1.0743,-1.5269
+1.0747,-1.29767
+1.0751,-0.905949
+1.0755,-0.531067
+1.076,-0.22109
+1.0763,-0.0237944
+1.0767,-0.052777
+1.0771,+0.0878023
+1.0774,+0.285673
+1.078,+0.519459
+1.0783,+0.370013
+1.0787,+0.823463
+1.0791,+0.965439
+1.0795,+1.04313
+1.08,+1.0268
+1.0803,+1.20666
+1.0807,+1.33417
+1.0811,+1.3907
+1.0815,+1.43132
+1.082,+1.32156
+1.0823,+1.39977
+1.0827,+0.973695
+1.0831,+0.840359
+1.0835,+0.6565
+1.084,+0.517192
+1.0843,+0.432599
+1.0847,+0.298487
+1.0851,+0.150487
+1.0855,-0.0721582
+1.086,-0.203028
+1.0863,-0.244995
+1.0867,-0.257203
+1.0871,-0.405623
+1.0875,-0.430394
+1.088,-0.373858
+1.0883,-0.487252
+1.0887,-0.520406
+1.0891,-0.377543
+1.0895,-0.064643
+1.09,+0.0527272
+1.0903,+0.206145
+1.0907,+0.24481
+1.0911,+0.32389
+1.0915,+0.600096
+1.0919,+0.75765
+1.0923,+1.13021
+1.0927,+1.4662
+1.0931,+1.89321
+1.0935,+2.05217
+1.094,+2.35907
+1.0943,+2.56698
+1.0947,+2.91499
+1.0951,+3.51387
+1.0955,+3.82754
+1.0961,+3.94808
+1.0964,+3.98398
+1.0967,+4.14041
+1.0971,+3.92547
+1.0975,+4.01305
+1.098,+4.07241
+1.0983,+4.15927
+1.0987,+4.19639
+1.0991,+3.88477
+1.0995,+3.74898
+1.1,+3.70355
+1.1003,+3.55617
+1.1007,+3.49236
+1.1011,+3.50885
+1.1015,+3.41998
+1.102,+3.24224
+1.1023,+3.03219
+1.1027,+2.89558
+1.1031,+3.12121
+1.1035,+3.01444
+1.104,+2.9766
+1.1043,+3.06209
+1.1047,+3.12159
+1.1051,+3.19561
+1.1055,+3.41853
+1.106,+3.4636
+1.1063,+3.52934
+1.1067,+3.59206
+1.1071,+3.31839
+1.1075,+3.29019
+1.108,+3.37393
+1.1083,+3.31681
+1.1087,+3.09852
+1.1091,+3.0213
+1.1095,+2.52028
+1.11,+2.34347
+1.1103,+2.13972
+1.1107,+2.0132
+1.1111,+1.88666
+1.1115,+1.72496
+1.112,+1.48083
+1.1123,+1.22767
+1.1127,+0.916238
+1.1131,+0.460731
+1.1135,+0.355063
+1.114,+0.0773377
+1.1144,-0.193464
+1.1147,-0.625167
+1.1151,-0.880751
+1.1155,-1.19403
+1.116,-1.50682
+1.1163,-1.77321
+1.1167,-2.11632
+1.1171,-2.21408
+1.1175,-2.45011
+1.118,-2.5364
+1.1183,-2.62069
+1.1187,-2.55658
+1.1191,-2.48838
+1.1195,-2.44769
+1.1204,-2.2797
+1.1207,-2.22749
+1.1208,-1.90967
+1.1211,-1.86191
+1.1215,-1.59766
+1.122,-1.39015
+1.1223,-1.24983
+1.1228,-1.19228
+1.1231,-1.05696
+1.1235,-0.823207
+1.124,-0.670265
+1.1243,-0.404476
+1.1247,-0.166593
+1.1251,+0.160165
+1.1255,+0.349189
+1.126,+0.567422
+1.1263,+0.892552
+1.1267,+1.10542
+1.1271,+1.25148
+1.1275,+1.33088
+1.128,+1.3564
+1.1283,+1.48077
+1.1287,+1.2498
+1.1291,+1.29282
+1.1295,+1.27439
+1.13,+1.26695
+1.1303,+1.27307
+1.1307,+1.31453
+1.1311,+1.30616
+1.1315,+1.31042
+1.132,+1.49887
+1.1323,+1.42072
+1.1327,+1.63979
+1.1331,+1.75509
+1.1335,+1.78472
+1.134,+1.81436
+1.1343,+1.91741
+1.1347,+2.05391
+1.1351,+2.13499
+1.1355,+2.20555
+1.136,+2.15259
+1.1363,+2.27752
+1.1367,+2.59784
+1.1371,+2.78622
+1.1375,+2.89728
+1.138,+2.96639
+1.1383,+2.96943
+1.1387,+2.89223
+1.1391,+3.14083
+1.1395,+3.23738
+1.14,+3.42264
+1.1403,+3.64133
+1.1407,+3.603
+1.1411,+3.64902
+1.1415,+3.81478
+1.142,+4.10269
+1.1423,+4.30913
+1.1427,+4.66518
+1.1431,+5.02089
+1.1435,+5.23839
+1.144,+5.3184
+1.1443,+5.38405
+1.1447,+5.74725
+1.1451,+5.69706
+1.1455,+5.81035
+1.146,+5.80809
+1.1463,+5.81971
+1.1467,+5.68639
+1.1471,+5.1722
+1.1475,+5.07263
+1.148,+5.02023
+1.1483,+5.0643
+1.1487,+4.56223
+1.1491,+4.69636
+1.1495,+4.44204
+1.15,+4.18167
+1.1503,+4.03646
+1.1507,+3.92757
+1.1511,+3.92834
+1.1515,+3.80022
+1.152,+3.73779
+1.1523,+3.43728
+1.1527,+3.43338
+1.1532,+3.10869
+1.1535,+2.8545
+1.154,+2.35419
+1.1543,+2.04362
+1.1547,+1.63426
+1.1551,+1.2385
+1.1555,+0.859377
+1.156,+0.335805
+1.1563,+0.120868
+1.1567,-0.189449
+1.1571,-0.618077
+1.1575,-0.870632
+1.158,-1.00718
+1.1583,-1.27556
+1.1587,-1.6312
+1.1591,-1.73344
+1.1595,-1.91185
+1.16,-2.10541
+1.1603,-2.50684
+1.1607,-2.95932
+1.1611,-3.19387
+1.1615,-3.23424
+1.162,-3.24926
+1.1623,-3.46255
+1.1627,-3.47095
+1.1631,-3.81715
+1.1635,-4.07012
+1.164,-4.19641
+1.1643,-4.25169
+1.1647,-4.27691
+1.1651,-4.42805
+1.1655,-4.74242
+1.166,-4.94406
+1.1663,-5.0532
+1.1667,-5.21034
+1.1671,-5.11501
+1.1675,-4.99275
+1.168,-4.89578
+1.1683,-4.84253
+1.1687,-4.65393
+1.1691,-4.49085
+1.1695,-4.25553
+1.17,-4.11487
+1.1705,-4.02184
+1.1707,-3.63971
+1.1711,-3.47781
+1.1715,-3.30612
+1.172,-3.1906
+1.1723,-3.09293
+1.1727,-2.94896
+1.1731,-2.89818
+1.1735,-2.64576
+1.174,-2.35511
+1.1743,-1.96191
+1.1747,-1.67136
+1.1751,-1.66267
+1.1755,-1.58779
+1.176,-1.58104
+1.1763,-1.46012
+1.1767,-1.42251
+1.1771,-1.2159
+1.1775,-1.18325
+1.178,-1.14711
+1.1783,-1.18733
+1.1787,-1.45486
+1.1791,-1.35396
+1.1795,-1.39215
+1.18,-1.26178
+1.1803,-1.23184
+1.1807,-1.16374
+1.1811,-1.18485
+1.1815,-1.26138
+1.182,-1.23214
+1.1823,-1.27579
+1.1827,-1.26899
+1.1831,-1.18733
+1.1836,-1.13898
+1.184,-1.29322
+1.1843,-1.27585
+1.1847,-1.39592
+1.1851,-1.5357
+1.1855,-1.52064
+1.186,-1.84804
+1.1863,-2.00392
+1.1867,-2.24596
+1.1871,-2.53093
+1.1875,-2.87554
+1.1878,-3.02288
+1.1883,-3.40226
+1.1887,-3.78742
+1.1891,-4.03357
+1.1895,-4.49657
+1.19,-4.61238
+1.1903,-5.08017
+1.1907,-5.41662
+1.1911,-5.83718
+1.1915,-6.13246
+1.192,-6.40107
+1.1923,-6.61383
+1.1927,-6.77278
+1.1931,-7.0241
+1.1935,-7.26586
+1.194,-7.56113
+1.1943,-7.65689
+1.1947,-7.64718
+1.1951,-7.89514
+1.1955,-7.93485
+1.196,-8.01861
+1.1963,-8.04251
+1.1967,-8.05527
+1.1971,-8.03818
+1.1975,-7.92882
+1.198,-7.88488
+1.1984,-7.86777
+1.1987,-7.77605
+1.1991,-7.53228
+1.1995,-7.39748
+1.2,-7.3393
+1.2003,-7.26503
+1.2007,-7.15953
+1.2011,-7.10551
+1.2015,-7.09862
+1.202,-7.19339
+1.2023,-7.03137
+1.2027,-7.04282
+1.2031,-6.66588
+1.2035,-6.57383
+1.2039,-6.42174
+1.2043,-6.30952
+1.2047,-6.2632
+1.2051,-6.10004
+1.2055,-5.97829
+1.206,-5.73937
+1.2063,-5.50171
+1.2067,-5.31041
+1.2071,-5.31755
+1.2075,-5.25043
+1.208,-5.08264
+1.2083,-4.90034
+1.2087,-4.77463
+1.2091,-4.61863
+1.2095,-4.27315
+1.21,-4.27624
+1.2103,-4.1718
+1.2107,-3.97046
+1.2111,-3.79491
+1.2115,-3.67201
+1.2119,-3.64228
+1.2124,-3.62542
+1.2127,-3.50944
+1.2131,-3.4525
+1.2135,-3.61966
+1.214,-3.55613
+1.2143,-3.53873
+1.2147,-3.62614
+1.2151,-3.8856
+1.2155,-3.65843
+1.216,-3.66416
+1.2163,-3.66695
+1.2167,-3.75333
+1.2171,-3.62054
+1.2175,-3.51571
+1.218,-3.37069
+1.2183,-3.27579
+1.2187,-3.19919
+1.2191,-3.134
+1.2195,-3.31187
+1.2199,-3.31237
+1.2203,-3.63711
+1.2207,-3.62499
+1.2211,-3.94278
+1.2215,-4.07621
+1.2228,-4.58572
+1.2231,-4.95057
+1.2233,-5.44656
+1.2235,-5.83175
+1.224,-6.31274
+1.2243,-6.71568
+1.2247,-6.85589
+1.2251,-7.38491
+1.2255,-7.7998
+1.226,-8.33786
+1.2263,-8.63477
+1.2267,-9.10179
+1.2271,-9.51136
+1.2275,-9.94264
+1.2278,-10.4014
+1.2283,-10.8393
+1.2287,-11.2523
+1.2291,-11.6529
+1.2295,-12.0762
+1.23,-12.5189
+1.2303,-12.9558
+1.2307,-13.2937
+1.2311,-13.4515
+1.2315,-13.6027
+1.232,-13.763
+1.2323,-13.9509
+1.2327,-14.1638
+1.2331,-14.1946
+1.2335,-14.2466
+1.234,-14.2006
+1.2343,-14.1264
+1.2347,-14.0235
+1.2351,-13.9853
+1.2355,-13.8856
+1.2358,-13.6342
+1.2363,-13.365
+1.2367,-13.1002
+1.2371,-12.7967
+1.2375,-12.4163
+1.238,-11.9968
+1.2383,-11.6694
+1.2387,-11.2733
+1.2391,-10.7871
+1.2395,-10.3805
+1.24,-10.0595
+1.2403,-9.66332
+1.2407,-9.11453
+1.2411,-8.75437
+1.2415,-8.31274
+1.242,-8.07415
+1.2424,-7.67493
+1.2427,-7.36453
+1.2431,-7.03071
+1.2435,-6.67676
+1.2439,-6.31756
+1.2444,-6.038
+1.2447,-6.06232
+1.2451,-6.00632
+1.2455,-5.95771
+1.246,-5.88751
+1.2464,-5.89537
+1.2467,-5.96366
+1.2471,-6.1408
+1.2475,-6.27003
+1.248,-6.42949
+1.2484,-6.71647
+1.2488,-6.75789
+1.2491,-6.95821
+1.2495,-7.24188
+1.25,-7.45939
+1.2504,-7.55957
+1.2508,-7.63991
+1.2511,-7.88512
+1.2515,-8.00134
+1.2519,-7.99112
+1.2524,-7.88192
+1.2528,-7.82716
+1.2531,-7.71697
+1.2536,-7.69782
+1.254,-7.62856
+1.2544,-7.48783
+1.2547,-7.45843
+1.2551,-7.2297
+1.2555,-7.06794
+1.256,-7.0684
+1.2564,-7.07858
+1.2568,-7.15404
+1.2571,-6.92876
+1.2575,-6.53344
+1.258,-6.3368
+1.2584,-6.15501
+1.2587,-5.94287
+1.2591,-5.69499
+1.2595,-5.67058
+1.2599,-5.6017
+1.2604,-5.42908
+1.2608,-5.24407
+1.2611,-5.32981
+1.2615,-5.55361
+1.2619,-5.59019
+1.2624,-5.67481
+1.2628,-5.75291
+1.2631,-6.0364
+1.2635,-6.14462
+1.2639,-6.34937
+1.2644,-6.66534
+1.2648,-6.95148
+1.2651,-7.20514
+1.2655,-7.38217
+1.266,-7.68644
+1.2664,-8.11089
+1.2667,-8.5372
+1.2671,-8.82693
+1.2675,-9.13485
+1.2679,-9.4936
+1.2684,-9.8917
+1.2688,-10.435
+1.2691,-10.8888
+1.2695,-11.3424
+1.2699,-11.7953
+1.2704,-12.317
+1.2708,-12.7369
+1.2711,-13.1391
+1.2715,-13.6467
+1.2719,-13.997
+1.2724,-14.426
+1.2728,-14.632
+1.2731,-14.8998
+1.2736,-15.3365
+1.2739,-15.671
+1.2744,-15.8874
+1.2747,-16.0858
+1.2751,-16.3683
+1.2755,-16.6653
+1.2759,-16.9178
+1.2764,-17.1358
+1.2767,-17.2832
+1.2771,-17.2998
+1.2775,-17.2387
+1.2779,-17.3604
+1.2784,-17.3151
+1.2787,-17.3372
+1.2791,-17.2014
+1.2795,-17.0508
+1.28,-16.7679
+1.2804,-16.4148
+1.2808,-16.1014
+1.2811,-15.6987
+1.2815,-15.3942
+1.282,-14.7722
+1.2824,-14.4279
+1.2828,-13.8806
+1.2831,-13.2823
+1.2835,-12.6213
+1.2839,-11.9882
+1.2844,-11.3655
+1.2848,-10.7312
+1.2851,-10.2636
+1.2855,-9.62042
+1.2859,-9.06721
+1.2864,-8.33324
+1.2867,-7.74049
+1.2871,-7.19062
+1.2875,-6.67562
+1.2879,-6.27867
+1.2884,-5.85096
+1.2888,-5.38097
+1.2891,-4.93461
+1.2895,-4.48524
+1.2899,-3.83174
+1.2904,-3.5591
+1.2908,-3.06667
+1.2911,-2.76464
+1.2915,-2.38334
+1.2919,-1.95146
+1.2924,-1.56559
+1.2927,-1.40231
+1.2931,-1.13595
+1.2935,-0.872587
+1.2939,-0.906196
+1.2944,-0.470416
+1.2947,-0.224854
+1.2962,-0.166713
+1.2965,-0.0800304
+1.2968,-0.208711
+1.2972,-0.315497
+1.2976,-0.295742
+1.298,-0.403708
+1.2984,-0.552943
+1.2988,-0.588785
+1.2991,-0.870601
+1.2995,-1.2875
+1.2999,-1.35632
+1.3003,-1.64879
+1.3008,-1.78224
+1.3011,-2.09397
+1.3016,-2.38493
+1.302,-2.6591
+1.3023,-2.96173
+1.3027,-3.2817
+1.3031,-3.83011
+1.3035,-4.06394
+1.3038,-4.30543
+1.3043,-4.72124
+1.3047,-4.96024
+1.3051,-5.09825
+1.3055,-5.22276
+1.3058,-5.44
+1.3064,-5.5785
+1.3067,-5.75035
+1.3071,-5.8087
+1.3075,-6.03318
+1.3079,-6.34467
+1.3084,-6.31271
+1.3087,-6.33976
+1.3092,-6.30912
+1.3097,-6.23261
+1.31,-6.13924
+1.3103,-6.07175
+1.3107,-5.88342
+1.3111,-5.61277
+1.3115,-5.40393
+1.3118,-4.95376
+1.3124,-4.78815
+1.3127,-4.62815
+1.3131,-4.38656
+1.3135,-4.33676
+1.3138,-4.1941
+1.3143,-4.09666
+1.3147,-4.06986
+1.3151,-3.76281
+1.3155,-3.67306
+1.3158,-3.7813
+1.3163,-3.53516
+1.3168,-3.34461
+1.3171,-3.11757
+1.3175,-2.93961
+1.3178,-2.7703
+1.3183,-2.66625
+1.3187,-2.4843
+1.3191,-2.65041
+1.3195,-2.54587
+1.3199,-2.48497
+1.3203,-2.52991
+1.3207,-2.73405
+1.3211,-3.15528
+1.3215,-3.34929
+1.3218,-3.71211
+1.3223,-3.90753
+1.3227,-4.37943
+1.3231,-4.89595
+1.3235,-5.36269
+1.3238,-5.74583
+1.3243,-6.11582
+1.3252,-6.46571
+1.3254,-6.73889
+1.3257,-7.20723
+1.3259,-7.48496
+1.3263,-7.82729
+1.3267,-8.20544
+1.3271,-8.22392
+1.3275,-8.47692
+1.3278,-8.6829
+1.3283,-8.88692
+1.3287,-9.01414
+1.3291,-9.02326
+1.3295,-9.08083
+1.3298,-9.00288
+1.3303,-8.89942
+1.3307,-8.77357
+1.3311,-8.56014
+1.3315,-8.30145
+1.3318,-8.09381
+1.3323,-7.91151
+1.3327,-7.57123
+1.3331,-7.22768
+1.3335,-6.75979
+1.3338,-6.44364
+1.3343,-6.15563
+1.3347,-5.6633
+1.3351,-5.38885
+1.3355,-4.93141
+1.3358,-4.51904
+1.3363,-3.99254
+1.3367,-3.5564
+1.3371,-3.2342
+1.3375,-2.74752
+1.3378,-2.4515
+1.3383,-2.18493
+1.3387,-1.8208
+1.3391,-1.31664
+1.3395,-1.13557
+1.3398,-1.04037
+1.3403,-0.921617
+1.3407,-0.671951
+1.3411,-0.543795
+1.3415,-0.408414
+1.3418,-0.140199
+1.3423,+0.189728
+1.3427,+0.116944
+1.3431,-0.119902
+1.3435,-0.0513469
+1.3438,+0.170785
+1.3443,+0.141589
+1.3447,+0.0454064
+1.3451,-0.0914111
+1.3455,-0.416027
+1.3458,-0.577957
+1.3463,-0.895744
+1.3467,-0.953129
+1.3471,-1.08616
+1.3475,-1.29836
+1.3478,-1.64887
+1.3483,-1.73949
+1.3487,-1.93015
+1.3491,-2.00408
+1.3495,-2.06134
+1.3498,-2.41562
+1.3503,-2.66358
+1.3507,-2.85178
+1.3511,-2.99273
+1.3515,-3.16206
+1.3518,-3.26474
+1.3523,-3.52949
+1.3527,-3.93301
+1.3531,-4.24306
+1.3535,-4.57009
+1.3538,-4.67827
+1.3543,-4.81219
+1.3547,-4.97482
+1.3551,-5.34613
+1.3555,-5.69795
+1.3558,-5.91862
+1.3563,-6.16708
+1.3567,-6.33912
+1.3571,-6.56674
+1.3575,-6.81842
+1.3578,-7.03395
+1.3583,-7.22005
+1.3587,-7.57878
+1.3591,-7.65928
+1.3595,-7.76853
+1.3598,-7.98129
+1.3602,-7.98851
+1.3604,-8.00939
+1.3607,-7.97019
+1.3611,-7.91077
+1.3615,-7.88448
+1.3618,-7.78373
+1.3623,-7.37443
+1.3627,-6.99823
+1.3631,-6.6043
+1.3635,-6.18369
+1.3638,-5.9556
+1.3643,-5.54116
+1.3647,-5.0597
+1.3651,-4.54558
+1.3655,-4.16561
+1.3658,-3.59728
+1.3663,-3.27839
+1.3667,-2.92996
+1.3671,-2.59608
+1.3676,-2.10614
+1.3679,-1.57601
+1.3683,-1.05722
+1.3687,-0.930433
+1.3691,-0.613207
+1.3695,-0.15113
+1.3698,+0.043729
+1.3703,+0.241111
+1.3707,+0.409766
+1.3711,+0.72038
+1.3715,+0.669249
+1.372,+0.571764
+1.3725,+0.585149
+1.373,+0.79488
+1.3733,+0.694023
+1.3737,+0.600659
+1.3741,+0.457106
+1.3744,+0.382095
+1.3747,+0.301518
+1.3751,-0.067915
+1.3755,-0.253329
+1.3758,-0.430664
+1.3763,-0.718261
+1.3767,-1.14247
+1.3771,-1.42521
+1.3775,-1.8806
+1.3778,-2.22611
+1.3783,-2.58323
+1.3787,-3.04975
+1.3791,-3.22217
+1.3795,-3.33946
+1.3798,-3.65609
+1.3803,-4.19335
+1.3807,-4.45578
+1.3811,-4.70018
+1.3815,-4.82809
+1.3818,-5.07143
+1.3823,-5.26233
+1.3827,-5.35134
+1.3831,-5.66384
+1.3835,-5.96043
+1.3839,-5.98995
+1.3843,-5.94776
+1.3847,-6.0226
+1.3851,-6.01356
+1.3855,-5.9938
+1.3858,-5.99817
+1.3863,-5.89615
+1.3867,-5.98418
+1.3871,-5.82056
+1.3875,-5.74994
+1.3878,-5.59397
+1.3883,-5.55698
+1.3887,-5.31503
+1.3891,-5.18279
+1.3895,-5.10728
+1.3898,-4.98085
+1.3903,-4.94488
+1.3907,-4.67485
+1.3911,-4.55621
+1.3915,-4.49192
+1.3918,-4.40104
+1.3923,-4.22036
+1.3927,-3.86885
+1.3931,-3.79491
+1.3935,-3.5576
+1.3938,-3.28559
+1.3943,-3.05078
+1.3947,-2.95469
+1.3951,-2.71383
+1.3955,-2.50365
+1.3958,-2.43015
+1.3963,-2.12387
+1.3967,-2.02249
+1.3971,-1.81319
+1.3976,-1.77502
+1.3979,-1.71438
+1.3983,-1.66008
+1.3987,-1.44647
+1.3991,-1.47104
+1.3995,-1.22659
+1.3999,-1.12446
+1.4003,-1.22641
+1.4007,-1.55097
+1.4011,-1.61358
+1.4015,-1.49989
+1.4018,-1.70553
+1.4023,-1.81694
+1.4027,-2.25021
+1.4031,-2.46694
+1.4035,-2.88845
+1.4039,-3.11428
+1.4043,-3.4101
+1.4047,-3.56095
+1.4051,-3.80311
+1.4055,-4.29023
+1.4058,-4.313
+1.4064,-4.59525
+1.4067,-4.79676
+1.4071,-4.90034
+1.4075,-4.9374
+1.4078,-5.19354
+1.4083,-5.36736
+1.4087,-5.49426
+1.4091,-5.64411
+1.4095,-5.68118
+1.4098,-5.79136
+1.4103,-5.86144
+1.4107,-5.96971
+1.4111,-6.04658
+1.4115,-6.1753
+1.4118,-6.05682
+1.4124,-5.94431
+1.4127,-5.90932
+1.4131,-5.83198
+1.4135,-5.65984
+1.4138,-5.534
+1.4143,-5.26093
+1.4147,-5.0181
+1.4151,-4.66381
+1.4155,-4.3161
+1.4158,-4.06917
+1.4164,-3.72279
+1.4167,-3.30384
+1.4171,-2.90831
+1.4175,-2.52177
+1.4178,-2.22223
+1.4183,-1.82413
+1.4187,-1.2975
+1.4191,-1.00365
+1.4195,-0.668936
+1.4198,-0.327006
+1.4203,-0.0792535
+1.4207,+0.180784
+1.4211,+0.522334
+1.4215,+0.645325
+1.4218,+0.825043
+1.4224,+0.976629
+1.4227,+0.946413
+1.4231,+0.941495
+1.4235,+1.0023
+1.4238,+1.03129
+1.4244,+1.15084
+1.4247,+1.14791
+1.4251,+1.05358
+1.4255,+1.01332
+1.4258,+1.03198
+1.4263,+0.818382
+1.4267,+0.780701
+1.4276,+0.688267
+1.4279,+0.586646
+1.4281,+0.451546
+1.4283,+0.37553
+1.4287,+0.196116
+1.4291,+0.0528261
+1.4295,-0.0690429
+1.4298,-0.180963
+1.4303,-0.210469
+1.4307,-0.354386
+1.4311,-0.465166
+1.4315,-0.789479
+1.4318,-0.90453
+1.4323,-1.23505
+1.4327,-1.46366
+1.4331,-1.73019
+1.4335,-1.95262
+1.4339,-2.24056
+1.4343,-2.56079
+1.4347,-2.72845
+1.4351,-2.97765
+1.4355,-3.04374
+1.4359,-3.2056
+1.4363,-3.30258
+1.4367,-3.23965
+1.4371,-3.13555
+1.4375,-2.88008
+1.4378,-2.88019
+1.4383,-2.94258
+1.4387,-3.107
+1.4391,-3.10279
+1.4395,-3.18602
+1.4398,-3.04873
+1.4403,-3.11183
+1.4407,-3.23488
+1.4411,-3.37282
+1.4415,-3.65397
+1.4419,-3.72945
+1.4423,-3.63874
+1.4427,-3.57774
+1.4431,-3.60027
+1.4435,-3.50522
+1.4438,-3.69936
+1.4443,-3.60735
+1.4447,-3.60045
+1.4451,-3.69541
+1.4455,-3.83278
+1.4458,-3.60067
+1.4463,-3.41173
+1.4467,-3.27977
+1.4471,-2.94047
+1.4475,-2.78417
+1.4479,-2.53857
+1.4483,-2.50496
+1.4487,-2.25508
+1.4491,-1.99555
+1.4495,-1.61042
+1.4498,-1.50713
+1.4503,-1.50949
+1.4507,-1.35811
+1.4511,-1.27124
+1.4515,-1.0106
+1.4519,-0.830882
+1.4523,-0.423968
+1.4527,-0.133979
+1.4531,+0.161882
+1.4535,+0.442335
+1.4538,+0.644819
+1.4543,+0.9376
+1.4547,+1.22816
+1.4551,+1.53414
+1.4555,+1.67206
+1.4559,+2.05371
+1.4563,+2.40144
+1.4567,+2.65434
+1.4571,+2.82199
+1.4575,+2.95127
+1.4578,+2.92276
+1.4583,+2.95386
+1.4587,+2.87545
+1.4591,+2.58495
+1.4595,+2.21764
+1.4598,+1.80451
+1.4603,+1.16384
+1.4607,+0.625989
+1.4611,+0.239932
+1.4615,-0.263725
+1.4619,-0.474083
+1.4623,-1.03917
+1.4627,-1.60305
+1.4631,-1.99826
+1.4635,-2.26718
+1.4638,-2.69085
+1.4643,-2.7992
+1.4647,-3.16424
+1.4651,-3.48067
+1.4655,-3.73396
+1.4659,-4.06634
+1.4663,-4.15128
+1.4667,-4.14481
+1.4671,-4.22107
+1.4675,-4.26542
+1.4679,-4.22491
+1.4682,-4.30758
+1.4688,-3.99515
+1.4691,-3.86231
+1.4695,-3.67727
+1.4698,-3.36086
+1.4703,-3.04033
+1.4707,-2.76063
+1.4711,-2.2904
+1.4715,-2.01205
+1.4719,-1.4837
+1.4723,-0.842139
+1.4727,-0.68991
+1.4731,-0.0970166
+1.4735,+0.479732
+1.4739,+0.690045
+1.4743,+1.03427
+1.4747,+1.48474
+1.4751,+1.91296
+1.4755,+2.26929
+1.4759,+2.50212
+1.4763,+2.32149
+1.4767,+2.34828
+1.4771,+2.15431
+1.4775,+2.08281
+1.4778,+2.35622
+1.4783,+2.32434
+1.4787,+2.36517
+1.4791,+1.983
+1.4795,+2.15333
+1.4798,+1.9797
+1.4803,+2.14802
+1.4807,+2.37962
+1.4811,+2.4329
+1.4815,+2.26723
+1.4819,+1.97422
+1.4823,+1.8795
+1.4827,+1.60586
+1.4831,+1.58309
+1.4835,+1.27891
+1.4839,+0.96731
+1.4843,+0.784843
+1.4847,+0.469471
+1.4851,+0.240608
+1.4855,+0.337021
+1.4858,+0.232133
+1.4864,+0.0457915
+1.4867,+0.0370916
+1.4871,-0.0401205
+1.4875,-0.0815136
+1.4878,+0.0777177
+1.4882,+0.106839
+1.4887,+0.238673
+1.4891,+0.564118
+1.4895,+0.554655
+1.4899,+0.733115
+1.4903,+1.24377
+1.4907,+1.46949
+1.4911,+1.73842
+1.4915,+2.05581
+1.4919,+2.19215
+1.4923,+2.60809
+1.4927,+2.79183
+1.4931,+2.73952
+1.4935,+3.31549
+1.4939,+3.55878
+1.4942,+3.5286
+1.4947,+3.90643
+1.4951,+4.49241
+1.4955,+4.65518
+1.4959,+4.89798
+1.4962,+5.01459
+1.4967,+5.16513
+1.4971,+5.59107
+1.4975,+5.2855
+1.4979,+5.52789
+1.4982,+5.77869
+1.4987,+5.66015
+1.4992,+5.55059
+1.4995,+5.50625
+1.4999,+5.62357
+1.5002,+5.41966
+1.5007,+5.49929
+1.5011,+5.31415
+1.5015,+5.62994
+1.5019,+5.47124
+1.5023,+5.31326
+1.5027,+5.56508
+1.5031,+5.56344
+1.5035,+5.48033
+1.5039,+5.30702
+1.5042,+5.17039
+1.5047,+5.04752
+1.5051,+4.85827
+1.5055,+4.43366
+1.5059,+4.21888
+1.5062,+4.02925
+1.5067,+3.59521
+1.5071,+3.25384
+1.5075,+3.09707
+1.5078,+2.93923
+1.5082,+2.78295
+1.5087,+2.78219
+1.5091,+2.87295
+1.5095,+2.74618
+1.5099,+2.61091
+1.5103,+2.66321
+1.5107,+2.51222
+1.5111,+2.53924
+1.5115,+2.45288
+1.5119,+2.40498
+1.5123,+2.42944
+1.5127,+2.1554
+1.5131,+1.98189
+1.5135,+1.75589
+1.5138,+1.72072
+1.5142,+1.41774
+1.5147,+1.18871
+1.5151,+0.837094
+1.5155,+0.649541
+1.5159,+0.445946
+1.5162,+0.237442
+1.5167,+0.021867
+1.5171,-0.231865
+1.5175,-0.243292
+1.5179,-0.491979
+1.5182,-0.608795
+1.5187,-0.649042
+1.5191,-0.736582
+1.5195,-0.879163
+1.5199,-1.04731
+1.5202,-1.24733
+1.5207,-1.33012
+1.5211,-1.35557
+1.5215,-1.4308
+1.5218,-1.3907
+1.5223,-1.50877
+1.5227,-1.73492
+1.5231,-2.03774
+1.5235,-2.12646
+1.5239,-2.32741
+1.5242,-2.36294
+1.5247,-2.6088
+1.5251,-2.79911
+1.5255,-3.07992
+1.5258,-3.1697
+1.5262,-3.40296
+1.5267,-3.63054
+1.5271,-3.74339
+1.5275,-3.9732
+1.5279,-4.11816
+1.5282,-4.47099
+1.5287,-4.53272
+1.5291,-4.89927
+1.53,-5.13815
+1.5302,-5.49073
+1.5304,-5.69719
+1.5307,-5.73378
+1.5311,-5.91832
+1.5315,-6.07215
+1.5318,-6.2255
+1.5322,-6.29617
+1.5327,-6.52646
+1.5331,-6.75984
+1.5335,-6.87283
+1.5338,-7.08202
+1.5342,-7.0246
+1.5347,-7.32149
+1.5351,-7.45523
+1.5355,-7.69389
+1.5358,-7.96771
+1.5362,-8.15967
+1.5367,-8.3706
+1.5371,-8.41232
+1.5375,-8.5468
+1.5378,-8.73778
+1.5382,-8.98014
+1.5387,-9.07806
+1.5391,-9.24128
+1.5395,-9.43473
+1.5398,-9.51503
+1.5402,-9.6812
+1.5407,-9.77416
+1.5411,-9.8943
+1.5415,-10.1618
+1.5418,-10.3771
+1.5422,-10.5563
+1.5427,-10.7843
+1.5431,-10.9792
+1.5435,-10.9685
+1.5439,-11.1329
+1.5442,-11.2768
+1.5447,-11.4128
+1.5451,-11.5075
+1.5455,-11.469
+1.5458,-11.426
+1.5462,-11.5904
+1.5467,-11.5786
+1.5471,-11.5424
+1.5475,-11.6449
+1.5479,-11.6587
+1.5482,-11.6526
+1.5487,-11.6125
+1.5491,-11.711
+1.5496,-11.8342
+1.5499,-12.014
+1.5502,-11.9853
+1.5507,-12.0181
+1.5511,-12.1034
+1.5515,-12.0287
+1.5519,-11.9762
+1.5523,-12.0008
+1.5527,-12.0455
+1.5531,-12.0696
+1.5535,-12.0291
+1.5538,-11.9021
+1.5542,-11.9808
+1.5547,-11.8386
+1.5551,-11.8301
+1.5555,-11.8275
+1.5558,-11.7346
+1.5562,-11.579
+1.5567,-11.4479
+1.5571,-11.2741
+1.5575,-11.1731
+1.5578,-11.0574
+1.5582,-10.8354
+1.5587,-10.8182
+1.5591,-10.66
+1.5595,-10.6239
+1.5598,-10.693
+1.5604,-10.7497
+1.5607,-10.8281
+1.5611,-10.7581
+1.5615,-10.7295
+1.5619,-10.6608
+1.5624,-10.5466
+1.5627,-10.5441
+1.5631,-10.5321
+1.5635,-10.3226
+1.5639,-10.1903
+1.5642,-10.1149
+1.5647,-9.90946
+1.5651,-9.98788
+1.5655,-9.94301
+1.5658,-9.80425
+1.5662,-9.77779
+1.5667,-9.59757
+1.5671,-9.54485
+1.5675,-9.45639
+1.5679,-9.35363
+1.5682,-9.2847
+1.5687,-9.19416
+1.5691,-8.9727
+1.5695,-8.75788
+1.5698,-8.71173
+1.5703,-8.66434
+1.5707,-8.61981
+1.5711,-8.48982
+1.5715,-8.64533
+1.5719,-8.67001
+1.5722,-8.5607
+1.5727,-8.59657
+1.5731,-8.49125
+1.5735,-8.45753
+1.5739,-8.30063
+1.5742,-8.17746
+1.5747,-8.10684
+1.5751,-8.01719
+1.5755,-7.76389
+1.5759,-7.63147
+1.5762,-7.3805
+1.5767,-7.18637
+1.5771,-7.19112
+1.5775,-7.1695
+1.5779,-7.1874
+1.5782,-7.1537
+1.5787,-7.26554
+1.5791,-7.0865
+1.5795,-7.03268
+1.58,-6.94937
+1.5804,-6.90031
+1.5807,-6.84791
+1.5811,-6.79662
+1.5815,-6.80591
+1.5819,-6.86562
+1.5824,-6.74902
+1.5827,-6.50691
+1.5831,-6.58339
+1.5835,-6.499
+1.5839,-6.24178
+1.5842,-6.2199
+1.5847,-6.22813
+1.5851,-6.06988
+1.5855,-6.03934
+1.5858,-5.90508
+1.5862,-5.87582
+1.5867,-5.80552
+1.5871,-5.66785
+1.5875,-5.66347
+1.5879,-5.75731
+1.5882,-5.91395
+1.5887,-5.79311
+1.5891,-5.79932
+1.5895,-5.60821
+1.5899,-5.69128
+1.5902,-5.73115
+1.5907,-5.60397
+1.5911,-5.79342
+1.5915,-5.84313
+1.5919,-5.77426
+1.5924,-5.6594
+1.5927,-5.71184
+1.5931,-5.76391
+1.5935,-5.66518
+1.5939,-5.56614
+1.5942,-5.55383
+1.5947,-5.66925
+1.5951,-5.48616
+1.5955,-5.42541
+1.5959,-5.57064
+1.5962,-5.57624
+1.5967,-5.54171
+1.5971,-5.45447
+1.5975,-5.56656
+1.5978,-5.57141
+1.5982,-5.64027
+1.5987,-5.69483
+1.5991,-5.85578
+1.5995,-5.76717
+1.5999,-5.78971
+1.6002,-5.82638
+1.6007,-5.99473
+1.6011,-6.0367
+1.6015,-6.15897
+1.6019,-6.22913
+1.6023,-6.26117
+1.6027,-7.40424
+1.6031,-7.30296
+1.6035,-7.4242
+1.6039,-7.47209
+1.6042,-7.55155
+1.6047,-7.53159
+1.6051,-7.55931
+1.6055,-7.50057
+1.6059,-7.57583
+1.6062,-7.53618
+1.6067,-7.65725
+1.6071,-7.77353
+1.6075,-7.92038
+1.6079,-7.93486
+1.6083,-7.92161
+1.6087,-7.84011
+1.6091,-7.89135
+1.6095,-8.02742
+1.6099,-7.98456
+1.6104,-8.06402
+1.6107,-8.17089
+1.6111,-8.1318
+1.6115,-8.09694
+1.6119,-8.04204
+1.6122,-8.15848
+1.6127,-8.29148
+1.6131,-8.35851
+1.6135,-8.37801
+1.6138,-8.46023
+1.6142,-8.48495
+1.6147,-8.64508
+1.6151,-8.76338
+1.6155,-8.80984
+1.6159,-8.83333
+1.6162,-8.81287
+1.6167,-8.93162
+1.6171,-8.91451
+1.6175,-9.01454
+1.6179,-8.91049
+1.6182,-8.96282
+1.6187,-8.78909
+1.6191,-8.79633
+1.6195,-8.85242
+1.6199,-9.01172
+1.6202,-9.08921
+1.6208,-9.04077
+1.6211,-9.0755
+1.6215,-8.97852
+1.6219,-9.22405
+1.6223,-9.26551
+1.6227,-9.37367
+1.6231,-9.47865
+1.6235,-9.45424
+1.6238,-9.46766
+1.6242,-9.50522
+1.6247,-9.50077
+1.6251,-9.59918
+1.6255,-9.69341
+1.6259,-9.68895
+1.6262,-9.70701
+1.6267,-9.76693
+1.6271,-9.77845
+1.6275,-9.79081
+1.6279,-9.87381
+1.6282,-9.93402
+1.6287,-10.006
+1.6291,-10.032
+1.6295,-10.0358
+1.6299,-10.1244
+1.6302,-10.2522
+1.6307,-10.2996
+1.6311,-10.3576
+1.6315,-10.451
+1.6324,-10.4709
+1.6327,-10.404
+1.6329,-10.4193
+1.6332,-10.4669
+1.6335,-10.5709
+1.6339,-10.5409
+1.6342,-10.6073
+1.6347,-10.6961
+1.6351,-10.6918
+1.6355,-10.729
+1.6359,-10.7967
+1.6362,-10.8432
+1.6367,-10.9643
+1.6371,-11.0242
+1.6375,-10.9458
+1.6379,-10.962
+1.6382,-11.0079
+1.6387,-10.9563
+1.6391,-11.0975
+1.6395,-11.125
+1.6399,-11.1754
+1.6402,-11.3053
+1.6407,-11.3147
+1.6411,-11.3042
+1.6415,-11.3488
+1.6419,-11.3962
+1.6422,-11.411
+1.6427,-11.5177
+1.6431,-11.5985
+1.6435,-11.6848
+1.6439,-11.667
+1.6442,-11.6464
+1.6447,-11.7257
+1.6451,-11.768
+1.6455,-11.8576
+1.6458,-11.9268
+1.6462,-11.9003
+1.6467,-11.9168
+1.6471,-11.77
+1.6475,-11.7806
+1.6479,-11.8678
+1.6482,-11.849
+1.6487,-11.8978
+1.6491,-12.0273
+1.6495,-12.1397
+1.6499,-12.1201
+1.6502,-12.1492
+1.6507,-12.2294
+1.6511,-12.3007
+1.6515,-12.256
+1.6519,-12.1198
+1.6522,-12.1295
+1.6527,-11.9874
+1.6531,-11.9141
+1.6535,-11.8883
+1.6539,-11.8443
+1.6542,-11.8149
+1.6547,-11.724
+1.6551,-11.6473
+1.6555,-11.6526
+1.6559,-11.827
+1.6562,-11.8511
+1.6567,-11.9086
+1.6571,-11.8631
+1.6575,-11.8402
+1.6579,-11.8252
+1.6582,-11.7586
+1.6587,-11.8048
+1.6591,-11.8856
+1.6595,-12.0328
+1.6599,-11.9385
+1.6602,-11.9827
+1.6607,-12.0948
+1.6611,-12.1591
+1.6615,-12.1803
+1.6619,-12.2575
+1.6622,-12.3212
+1.6627,-12.3346
+1.6631,-12.3539
+1.6635,-12.2558
+1.6639,-12.2722
+1.6642,-12.221
+1.6647,-12.1917
+1.6651,-12.2047
+1.6655,-12.2571
+1.6659,-12.2981
+1.6662,-12.2304
+1.6667,-12.1999
+1.6671,-12.1657
+1.6675,-12.1391
+1.6679,-12.1245
+1.6682,-12.1394
+1.6687,-12.151
+1.6691,-12.1416
+1.6695,-12.0992
+1.6699,-12.0237
+1.6702,-12.0615
+1.6707,-12.078
+1.6712,-12.1827
+1.6715,-12.2412
+1.6719,-12.229
+1.6724,-12.281
+1.6727,-12.3367
+1.6731,-12.3206
+1.6735,-12.2177
+1.6739,-12.2603
+1.6742,-12.2896
+1.6747,-12.2252
+1.6751,-12.1442
+1.6755,-12.0595
+1.6759,-12.1035
+1.6762,-12.0486
+1.6767,-11.9082
+1.6771,-11.8517
+1.6775,-11.9318
+1.6779,-11.9969
+1.6782,-12.0097
+1.6787,-11.9848
+1.6791,-12.0055
+1.6795,-12.0366
+1.6799,-11.9412
+1.6802,-11.9438
+1.6807,-11.8147
+1.6811,-11.9192
+1.6815,-11.8396
+1.6819,-11.8121
+1.6822,-11.8409
+1.6827,-11.8372
+1.6831,-11.8082
+1.6835,-11.815
+1.6839,-11.9442
+1.6844,-11.9614
+1.6847,-12.0594
+1.6851,-12.1212
+1.6855,-12.2112
+1.6859,-12.1451
+1.6862,-12.0036
+1.6867,-11.9201
+1.6871,-11.9899
+1.6875,-11.882
+1.6879,-11.7488
+1.6882,-11.6731
+1.6887,-11.5679
+1.6891,-11.4913
+1.6895,-11.4186
+1.6899,-11.3949
+1.6902,-11.5591
+1.6907,-11.5988
+1.6911,-11.4668
+1.6915,-11.5564
+1.6919,-11.577
+1.6922,-11.7182
+1.6927,-11.8806
+1.6931,-11.7829
+1.6935,-11.7456
+1.6939,-11.7582
+1.6942,-11.5252
+1.6947,-11.4032
+1.6951,-11.3921
+1.6955,-11.2983
+1.6959,-11.267
+1.6962,-11.1046
+1.6967,-10.9461
+1.6971,-11.0168
+1.6975,-10.9281
+1.6979,-10.7647
+1.6982,-10.7652
+1.6987,-10.9801
+1.6991,-10.9151
+1.6995,-10.9061
+1.6999,-10.8715
+1.7002,-10.849
+1.7007,-10.9139
+1.7011,-10.8255
+1.7015,-10.9369
+1.7021,-10.9612
+1.7024,-10.9749
+1.7027,-10.8132
+1.7031,-10.771
+1.7035,-10.6919
+1.7039,-10.7581
+1.7042,-10.7375
+1.7047,-10.6386
+1.7051,-10.5109
+1.7055,-10.4603
+1.7059,-10.3412
+1.7062,-10.3398
+1.7067,-10.3173
+1.7071,-10.3499
+1.7075,-10.4155
+1.7079,-10.1363
+1.7082,-9.95993
+1.7087,-9.87324
+1.7091,-9.89635
+1.7095,-9.79927
+1.7099,-9.69566
+1.7102,-9.59187
+1.7107,-9.5113
+1.7111,-9.44314
+1.7115,-9.42609
+1.7119,-9.69408
+1.7124,-9.89184
+1.7127,-9.81377
+1.7131,-9.72364
+1.7135,-9.59137
+1.7139,-9.72677
+1.7142,-9.71735
+1.7147,-9.64623
+1.7151,-9.5659
+1.7155,-9.36601
+1.7159,-8.95782
+1.7162,-8.78807
+1.7167,-8.77802
+1.7171,-8.75033
+1.7175,-8.79465
+1.7179,-8.65
+1.7182,-8.52929
+1.7187,-8.50237
+1.7191,-8.48523
+1.7195,-8.50536
+1.7199,-8.59371
+1.7202,-8.57509
+1.7207,-8.50865
+1.7211,-8.38308
+1.7215,-8.27413
+1.7219,-8.25363
+1.7222,-8.28009
+1.7227,-8.30376
+1.7231,-8.28131
+1.7235,-8.22424
+1.7239,-8.24791
+1.7242,-8.1389
+1.7247,-8.15091
+1.7251,-8.14575
+1.7255,-8.1773
+1.7259,-8.03841
+1.7262,-7.9533
+1.7267,-7.92079
+1.7271,-7.81091
+1.7275,-7.68596
+1.7279,-7.48743
+1.7282,-7.37128
+1.7287,-7.27225
+1.7291,-7.26974
+1.7295,-7.1595
+1.7299,-7.1998
+1.7302,-7.13813
+1.7307,-7.02373
+1.7311,-7.06649
+1.7315,-7.05959
+1.7319,-7.11803
+1.7325,-7.17595
+1.7327,-7.19085
+1.7331,-7.08809
+1.7335,-7.011
+1.7339,-7.07412
+1.7348,-7.00107
+1.735,-6.91378
+1.7353,-6.831
+1.7355,-6.70934
+1.7359,-6.59596
+1.7362,-6.62241
+1.7367,-6.61458
+1.7371,-6.62488
+1.7375,-6.65315
+1.7379,-6.54964
+1.7382,-6.58177
+1.7387,-6.65318
+1.7391,-6.625
+1.7395,-6.64997
+1.7399,-6.65509
+1.7402,-6.42196
+1.7407,-6.37639
+1.7411,-6.31473
+1.7415,-6.25642
+1.7419,-6.1843
+1.7422,-6.11294
+1.7427,-5.96754
+1.7431,-5.83705
+1.7435,-5.67889
+1.7439,-5.54131
+1.7442,-5.51061
+1.7447,-5.40077
+1.7451,-5.27286
+1.7455,-5.28444
+1.7459,-5.12531
+1.7462,-5.1159
+1.7467,-5.12521
+1.7471,-5.13969
+1.7475,-5.27347
+1.7479,-5.2967
+1.7482,-5.2358
+1.7487,-5.11171
+1.7491,-5.14285
+1.7495,-5.00161
+1.7501,-5.05362
+1.7503,-5.0191
+1.7507,-5.01155
+1.7511,-5.00517
+1.7515,-4.88066
+1.7519,-4.98253
+1.7524,-5.11485
+1.7527,-5.23662
+1.7531,-5.18819
+1.7535,-5.16152
+1.7539,-5.11065
+1.7542,-4.97235
+1.7547,-4.78031
+1.7551,-4.59199
+1.7555,-4.59804
+1.7559,-4.50397
+1.7562,-4.36188
+1.7567,-4.24546
+1.7571,-4.11635
+1.7575,-3.92019
+1.7579,-3.946
+1.7582,-4.0126
+1.7587,-4.083
+1.7591,-4.21299
+1.7595,-4.14007
+1.7599,-4.06467
+1.7602,-4.07284
+1.7607,-4.00141
+1.7611,-4.08207
+1.7615,-4.19891
+1.7619,-4.12338
+1.7623,-4.03206
+1.7625,-4.06705
+1.7629,-3.9303
+1.7631,-3.9795
+1.7635,-3.86543
+1.7639,-3.79226
+1.7642,-3.80037
+1.7647,-3.70595
+1.7651,-3.6941
+1.7655,-3.70268
+1.7659,-3.71351
+1.7662,-3.38948
+1.7666,-3.3465
+1.7671,-3.22949
+1.7675,-3.29305
+1.7679,-3.26269
+1.7682,-2.98748
+1.7687,-2.97147
+1.7691,-2.94163
+1.7695,-2.75688
+1.7699,-2.64177
+1.7702,-2.78147
+1.7706,-2.76435
+1.7711,-2.60591
+1.7715,-2.55528
+1.7719,-2.58223
+1.7722,-2.69068
+1.7727,-2.62477
+1.7731,-2.48266
+1.7735,-2.41372
+1.7739,-2.26834
+1.7742,-2.11089
+1.7747,-2.01542
+1.7751,-2.0281
+1.7755,-1.80233
+1.7759,-1.62335
+1.7762,-1.6252
+1.7767,-1.56675
+1.7771,-1.53978
+1.7775,-1.57933
+1.7779,-1.47107
+1.7783,-1.47933
+1.7787,-1.45342
+1.7791,-1.48406
+1.7795,-1.46734
+1.7799,-1.42376
+1.7802,-1.47833
+1.7807,-1.51902
+1.781,-1.55769
+1.7812,-1.58957
+1.7815,-1.74486
+1.7819,-1.75754
+1.7822,-1.71527
+1.7827,-1.66703
+1.7831,-1.7738
+1.7835,-1.78177
+1.7839,-1.73185
+1.7842,-1.64237
+1.7846,-1.65502
+1.7851,-1.64242
+1.7855,-1.69794
+1.7859,-1.72387
+1.7862,-1.71015
+1.7866,-1.73012
+1.7871,-1.64026
+1.7875,-1.55764
+1.7879,-1.466
+1.7882,-1.49091
+1.7886,-1.32687
+1.7891,-1.30938
+1.7895,-1.21011
+1.7899,-1.14155
+1.7902,-1.16669
+1.7906,-1.11153
+1.7911,-1.09846
+1.7915,-1.16698
+1.7919,-1.1983
+1.7923,-1.16274
+1.7927,-1.18052
+1.7931,-1.02963
+1.7935,-1.0765
+1.7939,-1.04271
+1.7942,-1.067
+1.7947,-1.00801
+1.7951,-0.946323
+1.7955,-0.829993
+1.7959,-0.713954
+1.7962,-0.623981
+1.7966,-0.529791
+1.7971,-0.610411
+1.7975,-0.470751
+1.7979,-0.461717
+1.7982,-0.388159
+1.7986,-0.29539
+1.7991,-0.239782
+1.7995,-0.242356
+1.7999,-0.189762
+1.8002,-0.215888
+1.8006,-0.377659
+1.8011,-0.396629
+1.8015,-0.452107
+1.8019,-0.459324
+1.8022,-0.512738
+1.8026,-0.602394
+1.8031,-0.643295
+1.8035,-0.631391
+1.8039,-0.722851
+1.8042,-0.67583
+1.8046,-0.575602
+1.8051,-0.53019
+1.8055,-0.456827
+1.8059,-0.398521
+1.8062,-0.261319
+1.8066,-0.0345119
+1.8071,-0.0417567
+1.8075,+0.0150929
+1.8079,+0.0121495
+1.8082,-0.0298818
+1.8086,+0.0937056
+1.8091,+0.252994
+1.8095,+0.335434
+1.8099,+0.366162
+1.8104,+0.344085
+1.8107,+0.138376
+1.8111,+0.131318
+1.8115,+0.0940355
+1.8119,+0.284409
+1.8122,+0.358223
+1.8126,+0.134836
+1.8131,-0.00915141
+1.8135,-0.109406
+1.8139,-0.0807653
+1.8142,-0.123339
+1.8146,-0.0855262
+1.8151,-0.188638
+1.8155,-0.201297
+1.8159,-0.410593
+1.8162,-0.393542
+1.8166,-0.22454
+1.8171,-0.161087
+1.8175,-0.106591
+1.8179,+0.0108863
+1.8183,+0.0682826
+1.8186,+0.0459196
+1.8191,+0.209365
+1.8195,+0.170706
+1.8199,+0.291059
+1.8202,+0.224445
+1.8206,+0.148128
+1.8211,+0.160064
+1.8215,+0.0798658
+1.8219,-0.151672
+1.8222,-0.0203546
+1.8226,+0.0701137
+1.8231,-0.0139108
+1.8235,+0.00785036
+1.8239,-0.0494832
+1.8241,-0.0221349
+1.8243,-3.29104e-005
+1.8246,+0.0265547
+1.8251,+0.0722193
+1.8255,+0.118584
+1.8259,+0.100675
+1.8262,+0.0371124
+1.8266,+0.0636818
+1.8271,+0.280806
+1.8275,+0.386861
+1.8279,+0.532313
+1.8282,+0.573514
+1.8286,+0.63563
+1.8291,+0.765929
+1.8295,+0.885314
+1.8299,+0.820521
+1.8302,+0.790233
+1.8306,+0.763863
+1.8311,+0.588232
+1.8315,+0.609471
+1.8319,+0.472874
+1.8322,+0.407947
+1.8326,+0.307962
+1.8331,+0.283153
+1.8336,+0.133205
+1.8339,+0.161762
+1.8342,+0.335005
+1.8346,+0.448915
+1.8351,+0.496534
+1.8355,+0.448342
+1.8359,+0.483939
+1.8362,+0.66773
+1.8372,+0.705861
+1.8374,+0.698977
+1.8377,+0.828867
+1.8379,+0.83647
+1.8382,+0.691876
+1.8386,+0.584856
+1.8391,+0.46157
+1.8395,+0.651186
+1.8399,+0.642587
+1.8402,+0.396604
+1.8406,+0.490481
+1.8411,+0.4713
+1.8415,+0.437944
+1.8419,+0.434946
+1.8422,+0.460179
+1.8426,+0.575333
+1.8431,+0.724604
+1.8435,+0.492306
+1.8439,+0.480355
+1.8442,+0.696218
+1.8446,+0.619096
+1.8451,+0.605922
+1.8455,+0.494724
+1.8459,+0.561121
+1.8462,+0.608363
+1.8466,+0.499028
+1.8471,+0.513922
+1.8475,+0.552341
+1.8479,+0.593552
+1.8482,+0.601661
+1.8486,+0.610619
+1.8491,+0.652912
+1.8495,+0.851665
+1.8499,+0.762869
+1.8502,+0.656388
+1.8506,+0.723359
+1.8511,+0.897356
+1.8515,+0.917557
+1.8519,+0.928066
+1.8524,+0.90494
+1.8527,+0.918745
+1.8531,+0.862428
+1.8535,+0.776688
+1.8539,+1.01748
+1.8543,+1.05487
+1.8546,+1.11063
+1.8551,+0.912447
+1.8555,+0.916672
+1.8559,+1.07572
+1.8562,+1.09949
+1.8566,+1.11168
+1.8571,+1.15401
+1.8575,+1.14895
+1.8579,+1.13658
+1.8582,+1.32811
+1.8586,+1.23837
+1.8591,+1.18346
+1.8595,+1.17368
+1.8599,+0.985563
+1.8602,+0.924544
+1.8606,+0.959571
+1.8611,+0.957968
+1.8615,+0.992652
+1.8619,+0.799676
+1.863,+0.564379
+1.8632,+0.586678
+1.8636,+0.641241
+1.8639,+0.753989
+1.8643,+0.789231
+1.8646,+0.859564
+1.8651,+0.830238
+1.8655,+0.817315
+1.8659,+0.772575
+1.8662,+0.574197
+1.8666,+0.627118
+1.8671,+0.601185
+1.8675,+0.459825
+1.8679,+0.331609
+1.8682,+0.285898
+1.8686,+0.259621
+1.8691,+0.275413
+1.8695,+0.262091
+1.8699,+0.212267
+1.8702,+0.43378
+1.8706,+0.641285
+1.8711,+0.797697
+1.8715,+0.920805
+1.8719,+0.959798
+1.8722,+0.995536
+1.8726,+0.97815
+1.8731,+1.00681
+1.8735,+1.01102
+1.8739,+1.30532
+1.8742,+1.34771
+1.8746,+1.27107
+1.8751,+1.22126
+1.8755,+1.25276
+1.8759,+1.28684
+1.8762,+1.27216
+1.8766,+1.35048
+1.8771,+1.28108
+1.8775,+1.35402
+1.8779,+1.20686
+1.8782,+1.25014
+1.8786,+1.48144
+1.8791,+1.54889
+1.8795,+1.64222
+1.8799,+1.60965
+1.8802,+1.66391
+1.8806,+1.58316
+1.8811,+1.65907
+1.8815,+1.7419
+1.8819,+1.71038
+1.8822,+1.70596
+1.8826,+1.49628
+1.8831,+1.50931
+1.8835,+1.30471
+1.8839,+1.41378
+1.8842,+1.37168
+1.8846,+1.47996
+1.8851,+1.53565
+1.8855,+1.43673
+1.8859,+1.4656
+1.8862,+1.47564
+1.8866,+1.41125
+1.8871,+1.42922
+1.8875,+1.49792
+1.8879,+1.4506
+1.8882,+1.48374
+1.8886,+1.54765
+1.8891,+1.52233
+1.8895,+1.54467
+1.8899,+1.609
+1.8902,+1.50305
+1.8906,+1.50788
+1.8911,+1.38841
+1.8915,+1.48524
+1.8919,+1.47013
+1.8922,+1.49968
+1.8926,+1.57275
+1.8931,+1.50942
+1.8935,+1.40331
+1.8939,+1.42959
+1.8944,+1.55129
+1.8947,+1.64627
+1.8951,+1.74941
+1.8955,+1.73802
+1.8959,+1.82974
+1.8962,+1.82239
+1.8966,+1.66017
+1.8971,+1.72359
+1.8975,+1.90467
+1.8979,+1.85226
+1.8983,+1.92816
+1.8986,+1.92426
+1.8991,+1.93802
+1.8995,+1.96669
+1.8999,+1.92533
+1.9003,+1.93213
+1.9006,+1.98114
+1.9011,+2.06607
+1.9015,+1.97784
+1.9019,+1.92693
+1.9022,+1.79896
+1.9026,+1.68585
+1.9031,+1.63304
+1.9035,+1.58907
+1.9039,+1.703
+1.9042,+1.71829
+1.9046,+1.69887
+1.9051,+1.52701
+1.9055,+1.59183
+1.9059,+1.53997
+1.9062,+1.6291
+1.9066,+1.76441
+1.9071,+1.77755
+1.9075,+1.91569
+1.9079,+1.72033
+1.9082,+1.77064
+1.9086,+1.78267
+1.9091,+1.96876
+1.9095,+1.98337
+1.9099,+2.00502
+1.9102,+1.97748
+1.9106,+2.03504
+1.9111,+2.06359
+1.9115,+1.99111
+1.9119,+2.17629
+1.9122,+2.08812
+1.9126,+2.08519
+1.9131,+2.28375
+1.9135,+2.25599
+1.9139,+2.36801
+1.9143,+2.42017
+1.9146,+2.39976
+1.9152,+2.64593
+1.9155,+2.60899
+1.9159,+2.50622
+1.9162,+2.60584
+1.9166,+2.59512
+1.9171,+2.40292
+1.9175,+2.58141
+1.9179,+2.50676
+1.9182,+2.45269
+1.9186,+2.63074
+1.9191,+2.36208
+1.9195,+2.46321
+1.9199,+2.4894
+1.9202,+2.52812
+1.9206,+2.49669
+1.9211,+2.56226
+1.9215,+2.39651
+1.9219,+2.56016
+1.9222,+2.65296
+1.9226,+2.42412
+1.9231,+2.58262
+1.9235,+2.56901
+1.9239,+2.62903
+1.9242,+2.59052
+1.9249,+2.71651
+1.9251,+2.63663
+1.9255,+2.58475
+1.9259,+2.54845
+1.9262,+2.47519
+1.9266,+2.5308
+1.9271,+2.53482
+1.9275,+2.6027
+1.9279,+2.58396
+1.9282,+2.67537
+1.9286,+2.80173
+1.9291,+2.81164
+1.9295,+2.87404
+1.9299,+2.94171
+1.9302,+2.98432
+1.9306,+3.01354
+1.9311,+2.99594
+1.9315,+3.03591
+1.9319,+3.05027
+1.9322,+3.04973
+1.9326,+2.84175
+1.9331,+2.91609
+1.9335,+3.0096
+1.9339,+2.9697
+1.9343,+2.93593
+1.9346,+2.8925
+1.9351,+2.83522
+1.9355,+3.09393
+1.9359,+3.0828
+1.9363,+3.01339
+1.9366,+3.16185
+1.9371,+3.09722
+1.9375,+3.1447
+1.9379,+3.18948
+1.9383,+3.2119
+1.9386,+3.25068
+1.9396,+3.3467
+1.9398,+3.01509
+1.94,+3.03585
+1.9403,+2.98755
+1.9406,+2.88862
+1.9411,+2.85522
+1.9415,+2.70354
+1.9419,+2.73746
+1.9422,+2.74026
+1.9426,+2.8201
+1.9431,+2.83167
+1.9435,+2.77924
+1.9439,+2.83005
+1.9442,+3.04433
+1.9447,+3.04468
+1.9451,+3.15333
+1.9455,+3.26986
+1.9459,+3.17146
+1.9462,+3.27272
+1.9466,+3.16325
+1.9471,+3.1272
+1.9475,+3.36682
+1.9479,+3.36107
+1.9482,+3.36953
+1.9486,+3.49881
+1.9491,+3.54847
+1.9495,+3.62342
+1.9499,+3.74216
+1.9502,+3.68848
+1.9506,+3.81034
+1.9511,+3.80025
+1.9515,+3.60001
+1.9519,+3.66932
+1.9522,+3.7588
+1.9526,+3.64189
+1.9531,+3.60246
+1.9535,+3.5283
+1.9539,+3.70517
+1.9542,+3.76407
+1.9546,+3.73952
+1.9551,+3.80155
+1.9555,+3.80207
+1.9559,+3.76813
+1.9562,+3.69821
+1.9566,+3.86396
+1.9571,+4.08654
+1.9575,+4.18581
+1.9579,+4.00894
+1.9582,+4.06733
+1.9586,+4.0567
+1.9591,+4.06739
+1.9595,+4.17747
+1.9599,+4.16754
+1.9602,+4.10014
+1.9606,+4.10347
+1.9611,+3.88324
+1.9615,+3.90693
+1.9619,+3.86109
+1.9622,+3.81965
+1.9626,+3.83534
+1.9631,+3.95725
+1.9635,+3.94728
+1.9639,+3.93651
+1.9642,+4.00842
+1.9646,+3.93788
+1.9651,+3.95282
+1.9655,+3.84503
+1.9659,+3.9492
+1.9662,+4.06221
+1.9666,+4.00896
+1.9671,+3.97478
+1.9675,+4.13219
+1.9679,+4.30104
+1.9682,+4.32376
+1.9686,+4.31701
+1.9691,+4.29369
+1.9695,+4.47216
+1.9699,+4.37821
+1.9702,+4.47037
+1.9706,+4.48887
+1.9711,+4.42231
+1.9715,+4.32444
+1.9719,+4.28651
+1.9722,+4.50045
+1.9726,+4.52207
+1.9731,+4.46507
+1.9735,+4.45627
+1.9739,+4.53521
+1.9742,+4.34752
+1.9746,+4.45364
+1.9751,+4.54339
+1.9755,+4.58097
+1.9759,+4.42735
+1.9762,+4.24361
+1.9766,+4.2951
+1.9771,+4.44218
+1.9775,+4.22995
+1.9779,+4.23958
+1.9782,+4.19639
+1.9786,+4.15115
+1.9791,+4.01076
+1.9795,+3.97019
+1.9799,+4.23595
+1.9802,+4.12065
+1.9806,+4.17461
+1.9811,+4.18369
+1.9815,+4.3421
+1.9819,+4.31178
+1.9822,+4.32659
+1.9826,+4.54539
+1.9831,+4.76284
+1.9835,+4.71813
+1.9839,+4.77681
+1.9843,+4.78642
+1.9846,+4.74035
+1.9851,+4.62647
+1.9855,+4.60999
+1.9859,+4.62459
+1.9862,+4.67686
+1.9866,+4.51064
+1.9871,+4.42411
+1.9875,+4.59896
+1.9879,+4.37749
+1.9882,+4.39396
+1.9886,+4.39561
+1.9891,+4.48161
+1.9895,+4.5147
+1.9899,+4.66697
+1.9902,+4.66718
+1.9906,+4.70985
+1.9911,+4.58536
+1.9915,+4.60029
+1.9919,+4.6058
+1.9922,+4.64846
+1.9926,+4.62842
+1.9931,+4.65074
+1.9935,+4.81421
+1.9939,+4.67238
+1.9942,+4.71879
+1.9946,+4.67557
+1.9951,+4.72051
+1.9955,+4.57815
+1.9959,+4.60958
+1.9962,+4.80318
+1.9966,+4.76367
+1.9971,+5.07142
+1.9975,+4.86251
+1.9979,+4.74413
+1.9982,+4.67874
+1.9986,+4.23202
+1.9991,+3.81357
+1.9995,+3.38057
+1.9999,+2.92642
