+0,-4.21083
+0.00038,-5.10173
+0.00075,-5.97699
+0.00112,-6.81351
+0.00151,-7.29235
+0.002,-8.17921
+0.00237,-7.7033
+0.00275,-8.07015
+0.00312,-7.98177
+0.00349,-8.07738
+0.00386,-8.04002
+0.00438,-7.99693
+0.00475,-8.09791
+0.00513,-8.27001
+0.0055,-8.38896
+0.00587,-8.45748
+0.00638,-8.55114
+0.00675,-8.84881
+0.00726,-9.29018
+0.00752,-8.98726
+0.008,-9.00738
+0.00838,-9.17551
+0.00875,-9.05567
+0.00912,-8.57949
+0.0095,-8.96465
+0.00987,-9.07387
+0.01038,-9.04084
+0.01075,-8.4329
+0.01112,-8.33083
+0.0115,-8.60413
+0.01187,-8.61765
+0.01239,-8.10863
+0.01276,-8.21878
+0.01312,-8.14217
+0.01351,-7.78397
+0.01388,-7.44817
+0.01438,-7.46308
+0.01475,-7.74463
+0.01514,-7.57052
+0.01563,-7.67753
+0.01589,-7.76875
+0.01638,-8.08867
+0.01675,-7.99636
+0.01712,-8.58034
+0.01752,-9.08843
+0.018,-9.38632
+0.01838,-9.50607
+0.01875,-9.90241
+0.01913,-9.83859
+0.0195,-10.0419
+0.01988,-9.61562
+0.02038,-9.35294
+0.02075,-9.58885
+0.02112,-9.24549
+0.0215,-8.7196
+0.02187,-8.44483
+0.02238,-8.47432
+0.02275,-8.01103
+0.02312,-8.49215
+0.0235,-8.36344
+0.02388,-8.72114
+0.02439,-9.2364
+0.02475,-9.14918
+0.02513,-9.08396
+0.02563,-9.86098
+0.026,-10.2486
+0.02638,-10.2402
+0.02675,-10.4364
+0.02713,-10.5046
+0.02751,-10.0483
+0.02801,-10.1837
+0.02839,-9.85265
+0.02875,-10.1431
+0.02912,-10.7123
+0.0295,-10.412
+0.02988,-10.5344
+0.03038,-10.5286
+0.03075,-10.6832
+0.03112,-10.6691
+0.03151,-10.6405
+0.03188,-10.0275
+0.03238,-10.3608
+0.03275,-10.1307
+0.03312,-9.67709
+0.0335,-9.67716
+0.03387,-9.49309
+0.03437,-9.50047
+0.03476,-9.34937
+0.03513,-9.3348
+0.0355,-9.77007
+0.03587,-10.2789
+0.03639,-10.3651
+0.03675,-10.2168
+0.03713,-10.6474
+0.03762,-10.2249
+0.03801,-10.2651
+0.03838,-10.4085
+0.03875,-10.4767
+0.03912,-10.4769
+0.0395,-10.5243
+0.03987,-10.8434
+0.04038,-10.4492
+0.04075,-10.6836
+0.04112,-10.7319
+0.0415,-11.2613
+0.04188,-11.164
+0.04238,-11.1595
+0.04275,-11.1492
+0.04313,-10.904
+0.04351,-10.8393
+0.04387,-10.7311
+0.04439,-10.9791
+0.04476,-11.079
+0.04513,-11.0039
+0.0455,-10.5299
+0.04587,-10.6951
+0.04639,-10.844
+0.04675,-10.9954
+0.04713,-10.865
+0.0475,-11.087
+0.04801,-11.0234
+0.04838,-11.2577
+0.04875,-10.6441
+0.04913,-10.4671
+0.0495,-10.9063
+0.04988,-10.9515
+0.05038,-10.7799
+0.05075,-10.8765
+0.05112,-11.3601
+0.05151,-10.7762
+0.05188,-10.9104
+0.05238,-10.9745
+0.05275,-11.4546
+0.05313,-11.7067
+0.0535,-11.8271
+0.05388,-11.9047
+0.05438,-12.0122
+0.05476,-11.8704
+0.05513,-12.0233
+0.05551,-12.5971
+0.05587,-12.5831
+0.05639,-12.5282
+0.05676,-12.3529
+0.05713,-12.5202
+0.0575,-12.6191
+0.05787,-12.7244
+0.05838,-12.6691
+0.05875,-12.9231
+0.05915,-12.8413
+0.05951,-12.862
+0.05988,-12.7865
+0.06039,-12.8303
+0.06076,-13.067
+0.06126,-12.9535
+0.06157,-12.8103
+0.06191,-12.4745
+0.06241,-12.4563
+0.06276,-12.3087
+0.06313,-12.396
+0.06426,-12.386
+0.06444,-12.4518
+0.06475,-12.3892
+0.06513,-12.2478
+0.0655,-12.1689
+0.066,-12.3115
+0.06638,-12.4771
+0.06675,-12.4159
+0.06712,-12.5835
+0.0675,-12.9385
+0.06801,-12.9999
+0.06838,-13.1171
+0.06875,-12.8369
+0.06914,-13.1228
+0.06952,-13.1959
+0.06988,-13.0451
+0.07038,-12.8048
+0.07075,-13.1289
+0.07112,-13.0321
+0.07151,-13.0734
+0.07187,-13.1308
+0.07238,-12.7976
+0.07275,-13.3203
+0.07313,-13.1943
+0.07351,-13.2252
+0.07387,-13.2328
+0.07438,-13.732
+0.07475,-13.6983
+0.07513,-13.8439
+0.07551,-13.4136
+0.07587,-13.4
+0.07638,-13.7861
+0.07675,-13.7091
+0.07712,-13.4653
+0.0775,-13.5855
+0.07788,-13.7708
+0.0785,-13.6662
+0.07876,-13.613
+0.07912,-13.5206
+0.07951,-13.5891
+0.07987,-13.042
+0.08038,-13.1122
+0.08075,-13.09
+0.08113,-13.1316
+0.08151,-13.1195
+0.08187,-13.1669
+0.08237,-13.1704
+0.08275,-13.2742
+0.08313,-13.4245
+0.0835,-13.3561
+0.08387,-14.0518
+0.08438,-13.9263
+0.08475,-14.2599
+0.08512,-14.631
+0.08551,-14.6288
+0.08588,-14.5864
+0.08638,-14.6096
+0.08675,-14.6371
+0.08712,-14.4369
+0.08751,-14.5448
+0.08788,-14.5379
+0.08838,-14.7403
+0.08875,-14.8746
+0.08913,-14.4924
+0.0895,-14.5231
+0.08988,-14.5776
+0.09038,-14.613
+0.09076,-14.4804
+0.09126,-14.6334
+0.09152,-14.5702
+0.09187,-14.717
+0.09239,-14.628
+0.09276,-14.2483
+0.09313,-14.8595
+0.0935,-14.8818
+0.09387,-14.7839
+0.09438,-14.7643
+0.09475,-14.8831
+0.09513,-14.9099
+0.09552,-14.9909
+0.09588,-14.8016
+0.09638,-14.806
+0.09675,-14.4457
+0.09713,-14.229
+0.09751,-14.2375
+0.09787,-14.3378
+0.09839,-14.576
+0.09876,-14.658
+0.09913,-14.5623
+0.0995,-14.5319
+0.09988,-14.6341
+0.10041,-14.5806
+0.1009,-14.9056
+0.10117,-15.0974
+0.10152,-15.2162
+0.10188,-15.3015
+0.10239,-15.1076
+0.10275,-15.1066
+0.10313,-15.2203
+0.10351,-15.3093
+0.10388,-15.2403
+0.10438,-15.3715
+0.10475,-15.4426
+0.10513,-15.4107
+0.10551,-15.3611
+0.10587,-15.378
+0.10638,-15.5277
+0.10675,-15.4557
+0.10713,-15.5743
+0.1075,-15.6382
+0.10787,-15.5953
+0.10839,-15.7646
+0.10888,-15.7085
+0.10914,-15.7331
+0.10951,-15.8146
+0.10988,-15.8992
+0.11038,-15.8501
+0.11075,-15.8478
+0.11113,-15.2559
+0.11151,-15.2508
+0.11188,-15.4497
+0.11238,-15.7265
+0.11275,-15.8296
+0.11313,-15.8534
+0.11351,-15.8346
+0.11388,-15.7596
+0.11439,-15.8116
+0.11476,-15.8863
+0.11513,-16.4284
+0.11551,-16.4838
+0.11588,-16.4678
+0.11638,-16.0772
+0.11675,-16.1998
+0.11713,-16.1749
+0.11753,-16.1979
+0.11788,-16.3062
+0.11839,-16.4227
+0.11876,-16.2796
+0.11913,-16.2281
+0.11951,-16.1135
+0.11989,-16.067
+0.12038,-16.1163
+0.12075,-15.9831
+0.12113,-15.9931
+0.12151,-15.9346
+0.12188,-16.222
+0.12237,-16.1778
+0.12276,-16.2761
+0.12313,-16.4078
+0.1235,-16.5734
+0.12389,-16.726
+0.12439,-16.6685
+0.12477,-16.6965
+0.12513,-16.7795
+0.12552,-17.4022
+0.12601,-17.0881
+0.12639,-16.9826
+0.12675,-17.2483
+0.12714,-17.0897
+0.12751,-17.1531
+0.12788,-16.9674
+0.12838,-17.1535
+0.12876,-17.2761
+0.12913,-17.3211
+0.12951,-16.7783
+0.12988,-16.7617
+0.13038,-16.7555
+0.13076,-16.7008
+0.13114,-16.7574
+0.13151,-16.6233
+0.13188,-16.7486
+0.13238,-16.7563
+0.13275,-17.074
+0.13313,-17.0687
+0.13351,-16.9265
+0.13388,-16.8672
+0.13439,-16.9763
+0.13476,-16.5827
+0.13513,-16.6523
+0.13551,-16.8356
+0.13588,-16.7507
+0.13639,-17.0833
+0.13676,-16.7535
+0.13713,-16.6781
+0.13751,-16.8874
+0.13788,-17.0427
+0.13838,-17.013
+0.13876,-17.3966
+0.13914,-17.5114
+0.13951,-17.3832
+0.13988,-17.2523
+0.14038,-16.7542
+0.14076,-16.754
+0.14113,-16.3468
+0.14151,-16.318
+0.14187,-16.332
+0.14239,-16.3769
+0.14276,-15.9396
+0.14314,-15.8267
+0.14351,-15.9087
+0.14388,-16.1744
+0.14439,-16.4992
+0.14476,-16.1692
+0.14513,-16.6532
+0.14552,-16.6522
+0.14588,-16.6201
+0.14638,-16.1577
+0.14675,-16.484
+0.14714,-16.3482
+0.14751,-15.8463
+0.14788,-15.8511
+0.14839,-15.6881
+0.14876,-16.0199
+0.14914,-15.9959
+0.14951,-16.0329
+0.14988,-16.3951
+0.15039,-16.7665
+0.15076,-16.889
+0.15113,-17.1314
+0.15151,-17.4728
+0.15187,-17.7601
+0.15239,-17.7302
+0.15276,-17.7239
+0.15314,-17.732
+0.15351,-17.7144
+0.15388,-17.2831
+0.15438,-17.8924
+0.15476,-17.7422
+0.15513,-18.0542
+0.15551,-17.6221
+0.15589,-17.759
+0.15639,-17.6925
+0.15676,-17.8345
+0.15713,-17.3093
+0.15751,-17.6057
+0.15788,-17.6907
+0.15838,-17.1757
+0.15876,-17.2435
+0.15926,-16.9567
+0.15952,-17.507
+0.15988,-17.128
+0.16039,-17.431
+0.16076,-17.3069
+0.16113,-17.8976
+0.16152,-17.6686
+0.16188,-17.6736
+0.16239,-17.7354
+0.16276,-17.8475
+0.16314,-17.8596
+0.16351,-17.9038
+0.16389,-18.1382
+0.16439,-18.1783
+0.16476,-18.2721
+0.16513,-18.5826
+0.16552,-18.7026
+0.16666,-18.7166
+0.16695,-18.7363
+0.16718,-18.7514
+0.16751,-18.7052
+0.16788,-18.791
+0.16839,-18.6144
+0.16877,-18.6214
+0.16913,-18.5541
+0.16951,-18.3602
+0.16988,-18.5077
+0.17038,-18.7988
+0.17076,-18.8371
+0.17114,-18.7866
+0.17151,-19.2367
+0.17188,-19.1216
+0.17239,-19.3587
+0.17276,-19.0389
+0.17313,-19.1329
+0.17351,-19.1528
+0.17388,-18.95
+0.17438,-18.6733
+0.17475,-19.0242
+0.17514,-19.1468
+0.17551,-18.7518
+0.17588,-19.1327
+0.17639,-18.9135
+0.17676,-18.9341
+0.17713,-19.4151
+0.1775,-19.7179
+0.17789,-19.7132
+0.17839,-19.8488
+0.17876,-19.5228
+0.17914,-19.8208
+0.17951,-20.1334
+0.17988,-19.9555
+0.18039,-19.7025
+0.18076,-19.7034
+0.18114,-19.5554
+0.18151,-18.7116
+0.18188,-19.1609
+0.18239,-19.4409
+0.18276,-19.7932
+0.18314,-19.5586
+0.18351,-19.4284
+0.18389,-19.712
+0.18439,-19.9522
+0.18476,-20.0196
+0.18513,-19.2503
+0.18552,-20.0182
+0.18588,-20.0384
+0.18638,-20.0453
+0.18676,-19.9418
+0.18714,-20.3653
+0.18751,-20.5258
+0.18789,-20.02
+0.18839,-20.3357
+0.18876,-20.4356
+0.18913,-21.2453
+0.18964,-21.3225
+0.18992,-21.2888
+0.19039,-21.2755
+0.19076,-20.9783
+0.19114,-20.7509
+0.19151,-20.8217
+0.19188,-21.2099
+0.19239,-20.9616
+0.19276,-20.7894
+0.19314,-20.5628
+0.19351,-20.505
+0.19388,-20.1245
+0.19438,-20.2348
+0.19477,-20.1838
+0.19514,-19.5304
+0.19551,-19.6005
+0.19589,-19.6194
+0.19626,-19.8682
+0.19677,-19.9389
+0.19713,-19.2934
+0.19751,-19.3582
+0.19789,-19.7169
+0.19826,-19.6452
+0.19876,-19.8148
+0.19914,-20.5695
+0.19952,-20.5327
+0.19989,-20.5344
+0.20039,-20.1686
+0.20076,+9.90459
+0.20114,+9.61778
+0.20151,+9.75288
+0.20189,+9.81177
+0.20226,+9.81853
+0.20276,+9.57517
+0.20314,+9.60266
+0.20351,+9.67367
+0.2039,+9.7959
+0.20426,+9.55135
+0.20477,+9.39755
+0.20513,+9.14299
+0.20552,+9.2062
+0.20601,+9.19041
+0.20639,+9.13123
+0.20676,+9.14271
+0.20714,+9.19199
+0.20751,+9.17413
+0.2079,+9.04092
+0.20839,+9.01533
+0.20877,+9.08437
+0.20914,+9.17999
+0.20952,+9.1989
+0.20989,+9.2922
+0.21039,+9.21754
+0.21077,+9.38517
+0.21114,+9.39271
+0.21151,+9.2455
+0.21189,+9.2241
+0.2124,+9.09148
+0.21276,+9.17903
+0.21314,+9.09237
+0.21351,+8.89164
+0.21388,+8.68439
+0.2144,+8.68679
+0.21476,+8.60237
+0.21513,+8.86713
+0.21551,+9.08739
+0.21589,+9.0758
+0.21639,+9.2895
+0.21676,+9.03846
+0.21714,+9.16986
+0.21751,+9.31823
+0.21789,+9.34879
+0.21852,+9.38059
+0.21879,+9.56584
+0.21914,+9.22933
+0.21951,+9.15176
+0.22002,+9.26392
+0.22039,+9.28228
+0.22076,+9.56324
+0.22114,+9.44509
+0.22152,+9.41032
+0.22188,+9.47136
+0.22241,+9.47812
+0.22277,+9.18088
+0.22314,+9.17078
+0.22351,+9.1932
+0.22389,+9.35935
+0.2244,+9.29319
+0.22476,+8.90126
+0.22514,+9.16313
+0.22551,+9.32334
+0.2259,+9.34045
+0.22639,+9.21132
+0.22676,+9.60635
+0.22715,+9.6781
+0.22752,+9.52803
+0.2279,+9.27303
+0.22839,+9.13215
+0.22877,+9.36897
+0.22914,+9.26236
+0.22952,+9.12384
+0.22989,+9.13392
+0.23039,+9.32595
+0.23077,+9.22816
+0.23114,+9.26781
+0.23151,+9.37783
+0.23189,+9.42689
+0.2324,+9.47165
+0.23276,+9.14651
+0.23315,+9.28742
+0.23351,+9.32309
+0.23389,+9.31999
+0.23439,+9.28573
+0.23476,+9.17676
+0.23514,+9.26056
+0.23552,+9.46236
+0.2359,+9.56741
+0.2364,+9.79754
+0.23677,+10.0923
+0.23714,+9.90453
+0.23751,+9.75487
+0.23789,+9.74838
+0.23827,+9.6904
+0.23876,+9.58512
+0.23914,+9.30129
+0.23952,+9.04473
+0.23989,+8.96894
+0.24027,+8.97252
+0.24078,+9.04182
+0.24114,+9.06129
+0.24151,+9.12262
+0.24188,+9.09431
+0.24239,+9.05948
+0.24277,+9.0409
+0.24314,+9.12309
+0.24352,+9.18295
+0.2439,+9.21606
+0.2444,+9.42207
+0.24476,+9.37272
+0.24515,+9.41292
+0.24553,+8.97016
+0.2459,+9.1542
+0.24639,+9.3259
+0.24677,+9.38466
+0.24715,+9.37626
+0.24752,+9.39752
+0.2479,+9.27136
+0.2484,+9.27334
+0.24877,+9.3569
+0.24914,+9.30312
+0.24952,+9.59578
+0.24989,+9.34158
+0.2504,+9.30252
+0.25077,+9.18892
+0.25114,+8.71986
+0.25152,+8.23989
+0.25203,+8.1119
+0.2524,+7.59792
+0.25277,+7.69042
+0.25314,+7.7255
+0.25352,+7.80397
+0.2539,+7.86611
+0.25427,+7.6169
+0.25477,+7.74878
+0.25514,+8.27617
+0.25552,+8.49378
+0.2559,+8.2914
+0.25626,+8.54636
+0.25678,+8.45455
+0.25715,+8.52116
+0.25752,+8.23001
+0.25789,+8.3341
+0.25826,+8.51386
+0.25877,+8.27782
+0.25914,+8.36004
+0.25952,+8.08189
+0.25989,+7.94825
+0.26027,+7.37737
+0.26089,+7.23886
+0.26116,+7.07889
+0.26152,+7.48271
+0.2619,+7.11714
+0.2624,+7.14084
+0.26277,+7.30567
+0.26315,+7.1941
+0.26352,+7.71242
+0.26391,+7.88686
+0.2644,+7.85035
+0.26477,+7.5417
+0.26514,+7.58524
+0.26552,+7.45597
+0.26589,+7.6946
+0.26627,+7.53323
+0.26677,+7.42229
+0.26714,+7.42285
+0.26751,+7.43205
+0.2679,+7.67791
+0.26906,+7.66191
+0.26926,+7.61854
+0.26953,+7.00971
+0.26988,+6.70104
+0.27025,+6.14609
+0.27076,+5.79492
+0.27113,+5.26943
+0.27152,+5.28884
+0.27189,+5.04661
+0.27239,+4.97647
+0.27276,+5.41957
+0.27313,+5.10511
+0.27352,+5.57926
+0.27389,+5.75986
+0.27426,+5.6719
+0.27476,+5.64177
+0.27514,+6.24857
+0.27551,+5.55543
+0.27589,+5.56546
+0.27626,+5.57202
+0.27677,+5.094
+0.27714,+5.67501
+0.27751,+5.85434
+0.27788,+5.83147
+0.27825,+5.89918
+0.27876,+5.84478
+0.27913,+5.25308
+0.27951,+5.33656
+0.27988,+5.35274
+0.28026,+4.86082
+0.28077,+4.72511
+0.28114,+4.11409
+0.28152,+3.26467
+0.28189,+3.34299
+0.28226,+3.24179
+0.28276,+3.01309
+0.28313,+3.44249
+0.28351,+3.22391
+0.28389,+2.73747
+0.28426,+3.02589
+0.28476,+3.49872
+0.28514,+3.56781
+0.28551,+3.56517
+0.28589,+3.45674
+0.28625,+3.864
+0.28676,+3.87896
+0.28714,+3.74051
+0.28751,+3.91459
+0.28788,+3.73119
+0.28826,+3.95394
+0.28877,+3.44614
+0.28914,+3.34328
+0.28951,+3.72587
+0.28988,+3.76388
+0.29026,+3.26208
+0.29076,+3.21393
+0.29126,+3.11807
+0.29153,+3.41934
+0.29189,+3.45202
+0.29226,+2.73711
+0.29277,+2.52297
+0.29314,+2.43849
+0.29352,+2.40667
+0.29389,+1.69831
+0.29426,+1.42797
+0.29476,+1.87075
+0.29513,+1.59381
+0.29551,+1.03681
+0.29588,+0.817798
+0.29625,+0.70387
+0.29677,+0.74155
+0.29714,+0.81645
+0.29751,+0.268622
+0.29789,+0.305179
+0.29826,+0.854434
+0.29876,+0.256337
+0.29914,+0.0646863
+0.29952,-0.150319
+0.29989,-0.0517337
+0.30026,-0.262962
+0.30076,-0.431137
+0.30114,-0.687913
+0.30151,-0.793234
+0.30189,-0.923534
+0.30226,-1.70566
+0.30276,-1.86615
+0.30314,-1.99526
+0.30351,-2.03837
+0.30389,-1.68928
+0.30425,-1.60986
+0.30477,-1.67599
+0.30514,-1.75975
+0.30551,-1.75302
+0.30588,-1.84914
+0.30626,-1.14198
+0.30676,-1.02576
+0.30714,-1.16352
+0.30751,-1.08193
+0.3079,-1.70621
+0.30826,-1.76451
+0.30877,-1.76134
+0.30914,-1.40181
+0.30952,-1.65608
+0.3099,-1.75918
+0.31026,-2.44016
+0.31076,-2.62175
+0.31115,-2.86132
+0.31152,-2.57489
+0.31189,-2.77547
+0.31226,-3.05385
+0.31277,-3.17951
+0.31314,-3.64738
+0.31351,-3.16081
+0.31388,-3.42954
+0.31426,-3.60111
+0.31476,-3.76071
+0.31514,-3.71628
+0.31551,-4.35562
+0.31589,-4.50279
+0.31626,-4.51266
+0.31677,-4.58024
+0.31714,-4.86252
+0.31751,-4.86613
+0.31788,-4.90013
+0.31827,-4.95798
+0.31877,-4.9472
+0.31914,-5.1335
+0.31952,-5.30371
+0.3199,-5.38075
+0.32026,-5.54002
+0.32077,-5.80628
+0.32113,-5.77885
+0.32151,-6.55953
+0.32189,-6.6005
+0.32226,-6.7409
+0.32276,-7.05433
+0.32313,-7.22251
+0.32352,-7.31498
+0.32389,-7.40009
+0.32426,-7.58102
+0.32477,-7.54727
+0.32515,-7.71207
+0.32552,-7.78
+0.32589,-7.85438
+0.32626,-7.92499
+0.32676,-7.98058
+0.32714,-8.03194
+0.32752,-8.14329
+0.32789,-8.20814
+0.32826,-7.687
+0.32877,-7.49322
+0.32914,-7.62832
+0.32951,-7.75522
+0.32989,-8.01947
+0.33027,-7.64898
+0.33077,-7.95029
+0.33114,-8.10486
+0.33152,-8.24791
+0.33189,-8.45332
+0.33225,-8.52533
+0.33277,-9.10516
+0.33314,-9.24345
+0.33351,-9.42077
+0.33389,-8.79017
+0.33426,-9.47437
+0.33476,-9.5225
+0.33514,-9.57177
+0.33552,-9.78313
+0.3359,-9.93357
+0.33626,-10.6451
+0.33677,-10.7804
+0.33713,-10.9486
+0.33752,-11.1363
+0.33789,-12.0572
+0.33826,-12.1309
+0.33876,-12.2458
+0.33914,-12.308
+0.33952,-12.5938
+0.33989,-12.6609
+0.34026,-12.7915
+0.34077,-12.983
+0.34114,-12.966
+0.34151,-13.055
+0.3419,-13.0907
+0.34227,-13.5115
+0.34277,-13.6946
+0.34314,-13.9467
+0.34352,-13.1578
+0.3439,-13.4185
+0.34427,-13.5779
+0.34477,-13.8766
+0.34514,-14.0403
+0.34552,-14.2461
+0.3459,-14.4886
+0.34626,-14.5951
+0.34676,-14.7949
+0.34713,-14.9785
+0.34752,-15.7361
+0.3479,-15.7483
+0.34826,-15.9549
+0.34877,-15.9025
+0.34914,-16.2315
+0.34952,-16.2647
+0.34989,-16.5041
+0.35026,-15.7715
+0.35077,-15.7721
+0.35114,-15.8626
+0.35151,-16.1625
+0.35202,-15.8069
+0.3524,-15.9487
+0.35277,-16.1648
+0.35314,-16.2578
+0.35351,-16.4215
+0.3539,-16.4373
+0.35427,-17.3808
+0.35477,-17.5501
+0.35514,-17.7063
+0.35551,-17.8217
+0.3559,-18.6059
+0.35627,-18.8312
+0.35677,-19.0048
+0.35714,-19.2999
+0.35752,-19.5582
+0.3579,-19.7277
+0.35827,-19.82
+0.35876,-19.9301
+0.35915,-20.1973
+0.35952,-20.3164
+0.35989,-20.2651
+0.36026,-20.3478
+0.36077,-20.48
+0.36114,-19.758
+0.36152,-19.8759
+0.3619,-20.0101
+0.36226,-20.1913
+0.36276,-19.5979
+0.36314,-19.6027
+0.36351,-19.7654
+0.36389,-19.9436
+0.36426,-20.1638
+0.36478,-20.3229
+0.36515,-20.4021
+0.36552,-19.7693
+0.36589,-20.0287
+0.36627,-19.997
+0.36677,-20.263
+0.36714,-20.4168
+0.36752,-20.5179
+0.36789,-19.956
+0.36826,-19.9599
+0.36877,-19.2577
+0.36927,-20.1389
+0.36959,-20.3332
+0.36993,-20.4468
+0.3703,-20.0051
+0.37146,-20.8457
+0.37166,-21.0434
+0.37202,-21.2747
+0.37228,-21.3592
+0.37277,-21.4671
+0.37314,-22.4077
+0.37351,-21.8054
+0.37389,-21.91
+0.37423,-22.0103
+0.3745,-22.0562
+0.37477,-22.2481
+0.37514,-21.6935
+0.37552,-21.6774
+0.37589,-22.6119
+0.37627,-22.6507
+0.37677,-22.6691
+0.37714,-22.6042
+0.37751,-23.4814
+0.3779,-22.6676
+0.37827,-23.5423
+0.37951,-22.7703
+0.37974,-23.5897
+0.37994,-23.8136
+0.38027,-23.1742
+0.38077,-22.7844
+0.38114,-22.1047
+0.38152,-23.2164
+0.38189,-22.4198
+0.38227,-22.5009
+0.38276,-21.8427
+0.38314,-21.9461
+0.38352,-21.9776
+0.3839,-21.8941
+0.38427,-21.8273
+0.38477,-22.6394
+0.38515,-22.7376
+0.38552,-21.9539
+0.38589,-22.1105
+0.38626,-22.1759
+0.38676,-23.1768
+0.38714,-23.5756
+0.38752,-22.7349
+0.3879,-22.0684
+0.38827,-22.268
+0.38877,-21.5099
+0.38914,-21.593
+0.38952,-21.6099
+0.3899,-21.6571
+0.39027,-21.8029
+0.39077,-21.2415
+0.39114,-20.9583
+0.39151,-21.0762
+0.3919,-21.6068
+0.39227,-21.6327
+0.39277,-21.9515
+0.39314,-22.1125
+0.39352,-22.1523
+0.3939,-22.1949
+0.39426,-22.1984
+0.39477,-21.5952
+0.39515,-21.6869
+0.39552,-21.9573
+0.39589,-21.6679
+0.39627,-22.0995
+0.39677,-21.7901
+0.39715,-22.1128
+0.39752,-22.2301
+0.39789,-22.5925
+0.39826,-22.7401
+0.39877,-23.5878
+0.39914,-24.0081
+0.39952,-23.8329
+0.3999,-23.407
+0.40027,-23.1039
+0.40077,-23.1233
+0.40114,-22.4914
+0.40152,-23.5968
+0.40189,-23.2605
+0.4024,-22.6946
+0.40277,-22.1557
+0.40314,-21.5895
+0.40352,-22.1147
+0.4039,-22.8738
+0.40427,-23.3772
+0.40477,-23.8419
+0.40514,-25.0037
+0.40552,-24.6352
+0.4059,-24.7058
+0.40627,-25.4291
+0.40677,-25.4935
+0.40715,-25.8076
+0.40752,-25.2957
+0.40789,-25.6886
+0.40827,-25.2202
+0.40877,-24.2144
+0.40914,-23.6862
+0.40952,-23.6417
+0.4099,-23.5159
+0.41027,-23.6193
+0.41077,-23.7198
+0.41114,-23.4943
+0.41152,-23.542
+0.4119,-23.0188
+0.41227,-22.9527
+0.41277,-23.567
+0.41314,-23.6705
+0.41352,-23.7071
+0.4139,-23.6664
+0.41427,-23.5713
+0.41477,-23.5128
+0.41515,-23.5545
+0.41553,-23.5988
+0.41589,-23.4962
+0.41627,-23.4871
+0.41678,-23.4707
+0.41715,-23.4855
+0.41752,-23.4977
+0.4179,-23.4181
+0.41827,-23.2867
+0.41877,-23.3133
+0.41915,-23.2679
+0.41952,-23.2429
+0.41989,-22.7207
+0.42028,-22.7761
+0.42078,-22.6852
+0.42115,-22.5525
+0.42152,-22.0327
+0.42189,-21.9027
+0.42228,-21.8319
+0.42278,-21.6309
+0.42315,-20.9069
+0.42352,-20.4164
+0.4239,-20.5505
+0.42427,-20.509
+0.42481,-19.8692
+0.42517,-19.7297
+0.42553,-20.0555
+0.4259,-19.4967
+0.42627,-19.3574
+0.42678,-19.3731
+0.42716,-20.4412
+0.42752,-20.0822
+0.42789,-19.8394
+0.42828,-18.3697
+0.42878,-18.9441
+0.42914,-18.2914
+0.42952,-17.6251
+0.4299,-18.1001
+0.43028,-17.4539
+0.43077,-16.7766
+0.43115,-15.682
+0.43153,-16.2385
+0.4319,-16.064
+0.43227,-16.6593
+0.43278,-16.4464
+0.43315,-16.3499
+0.43352,-16.1681
+0.43389,-15.477
+0.43428,-15.3094
+0.43478,-15.3279
+0.43514,-15.7203
+0.43553,-15.0376
+0.4359,-14.9794
+0.43627,-14.9568
+0.43677,-14.2872
+0.43714,-14.3504
+0.43752,-14.2898
+0.4379,-14.2429
+0.43828,-14.2247
+0.43878,-14.128
+0.43915,-13.4355
+0.43953,-13.8519
+0.4399,-13.7586
+0.44027,-13.5085
+0.44078,-13.3604
+0.44115,-13.6672
+0.44152,-12.9322
+0.4419,-12.8861
+0.44228,-13.2162
+0.44277,-12.8739
+0.44315,-12.6051
+0.44352,-11.8894
+0.44389,-12.249
+0.44427,-12.1981
+0.44478,-12.232
+0.44515,-11.3449
+0.44553,-11.7415
+0.4459,-11.418
+0.44627,-10.7717
+0.44677,-10.607
+0.44715,-10.5373
+0.44752,-10.3594
+0.4479,-9.59893
+0.44828,-9.99345
+0.44865,-9.63337
+0.44915,-9.56609
+0.44952,-9.47158
+0.4499,-9.30515
+0.45028,-9.00623
+0.45077,-8.76099
+0.45114,-8.59271
+0.45152,-8.37768
+0.4519,-8.25778
+0.45228,-7.48116
+0.45265,-7.22106
+0.45315,-7.03642
+0.45365,-6.75054
+0.45391,-6.59025
+0.45428,-6.48445
+0.45464,-6.57811
+0.45515,-6.48123
+0.45552,-6.19607
+0.4559,-5.88398
+0.45628,-5.66418
+0.45679,-5.66375
+0.45715,-5.40854
+0.45752,-5.22248
+0.4579,-4.95311
+0.45828,-5.18185
+0.45877,-4.7082
+0.45915,-4.30323
+0.45953,-4.78894
+0.4599,-4.4805
+0.46029,-4.30024
+0.46079,-4.20473
+0.46115,-3.98665
+0.46152,-4.25318
+0.4619,-4.40666
+0.46228,-3.66434
+0.46278,-3.82564
+0.46315,-4.06787
+0.46353,-3.12242
+0.4639,-2.94251
+0.46427,-2.98764
+0.46478,-2.89892
+0.46515,-2.58258
+0.46552,-1.71833
+0.4659,-1.49806
+0.46628,-1.19743
+0.46678,-0.544677
+0.46715,+0.272477
+0.46752,+0.0465407
+0.4679,+0.318592
+0.46827,+1.09774
+0.46879,+1.87423
+0.46915,+2.17332
+0.46953,+2.44323
+0.4699,+3.19977
+0.47028,+3.52673
+0.47077,+3.31584
+0.47115,+3.63818
+0.47152,+4.38398
+0.4719,+4.66777
+0.47228,+5.03327
+0.47278,+5.43624
+0.47386,+5.32333
+0.47413,+5.20384
+0.47439,+5.13057
+0.47478,+5.46061
+0.47515,+6.08727
+0.47552,+6.02364
+0.4759,+6.35852
+0.47627,+6.70466
+0.47678,+6.96271
+0.47715,+6.74711
+0.47752,+7.59442
+0.47789,+8.84714
+0.47828,+9.2883
+0.47865,+9.15214
+0.47915,+9.39539
+0.47952,+9.73996
+0.4799,+9.61652
+0.48028,+9.57743
+0.48077,+9.46537
+0.48115,+9.93192
+0.48152,+9.83258
+0.4819,+9.26872
+0.48227,+9.55324
+0.48264,+9.80857
+0.48315,+10.1612
+0.48353,+10.5625
+0.4839,+11.0482
+0.48427,+11.489
+0.48477,+11.752
+0.48515,+12.2075
+0.48552,+12.5877
+0.48589,+13.0998
+0.48627,+13.5044
+0.48665,+13.9683
+0.48715,+14.3132
+0.48752,+14.6541
+0.48789,+15.013
+0.48828,+15.3449
+0.48878,+15.8133
+0.48915,+15.9717
+0.48952,+16.3045
+0.4899,+16.4935
+0.49027,+16.8489
+0.49064,+17.2839
+0.49116,+17.6221
+0.49153,+17.677
+0.4919,+17.977
+0.49228,+18.2686
+0.49278,+18.6118
+0.49315,+19.3534
+0.49353,+19.7328
+0.4939,+20.1392
+0.49428,+20.467
+0.49478,+21.1175
+0.49515,+21.5742
+0.49552,+21.8595
+0.49589,+22.2478
+0.49628,+22.5917
+0.49678,+22.9488
+0.49714,+23.4317
+0.49753,+23.5016
+0.4979,+23.7076
+0.49828,+23.8917
+0.49864,+23.9321
+0.49915,+23.9641
+0.49952,+24.7101
+0.4999,+25.046
+0.50028,+25.166
+0.50078,+25.6147
+0.50115,+25.4881
+0.50152,+26.1624
+0.5019,+26.7298
+0.50228,+27.2623
+0.50264,+27.6432
+0.50315,+28.3368
+0.50353,+28.6337
+0.50403,+29.049
+0.5043,+29.7546
+0.50478,+30.0293
+0.50515,+30.4642
+0.50553,+30.7188
+0.5059,+30.9577
+0.50637,+31.23
+0.50715,+31.6146
+0.50733,+31.8842
+0.50794,+32.3086
+0.50882,+32.676
+0.50906,+32.9319
+0.50928,+33.2493
+0.50954,+33.6475
+0.5099,+34.0772
+0.51028,+34.412
+0.51064,+34.7741
+0.51115,+34.9918
+0.51152,+35.2615
+0.51191,+35.4912
+0.51227,+35.7516
+0.51265,+36.0355
+0.51315,+36.3059
+0.51353,+36.5003
+0.5139,+36.6762
+0.51427,+36.866
+0.51477,+37.1306
+0.51515,+37.4187
+0.51552,+37.7033
+0.51591,+37.8815
+0.51627,+38.0063
+0.51666,+38.2379
+0.51715,+38.4413
+0.51753,+38.6256
+0.5179,+38.7657
+0.51827,+38.9931
+0.51865,+39.1722
+0.51915,+39.3143
+0.51952,+39.3739
+0.51991,+39.5303
+0.52028,+39.6211
+0.52065,+39.7474
+0.52115,+39.941
+0.52153,+40.0415
+0.5219,+40.2541
+0.52228,+40.4225
+0.52264,+40.553
+0.52316,+40.6855
+0.52353,+40.9469
+0.52415,+41.1787
+0.5245,+41.3756
+0.52491,+41.6024
+0.52541,+41.723
+0.5257,+41.9005
+0.52603,+41.9822
+0.52629,+42.0972
+0.52665,+42.2191
+0.52715,+42.3139
+0.52753,+42.328
+0.5279,+42.3168
+0.52828,+42.3899
+0.52865,+42.2942
+0.52916,+42.2502
+0.52954,+42.2799
+0.52991,+42.3173
+0.53028,+42.2876
+0.53064,+42.222
+0.53115,+42.1863
+0.53153,+42.2068
+0.5319,+42.1717
+0.53228,+42.1466
+0.53266,+42.1067
+0.53315,+42.0694
+0.53352,+42.0301
+0.5339,+41.9579
+0.53429,+41.8828
+0.53478,+41.8882
+0.53515,+41.8725
+0.53552,+41.6536
+0.53591,+41.5221
+0.53628,+41.4091
+0.53665,+41.3985
+0.53715,+41.3574
+0.53753,+41.2077
+0.5379,+41.0253
+0.53828,+41.0053
+0.53864,+40.8765
+0.53916,+40.6454
+0.53953,+40.6376
+0.5399,+40.5755
+0.54028,+40.4199
+0.54066,+40.1752
+0.54115,+39.9474
+0.54153,+39.6314
+0.5419,+39.7734
+0.54228,+39.2289
+0.54265,+38.9681
+0.54315,+38.616
+0.54352,+38.3241
+0.54391,+38.1677
+0.54429,+37.9345
+0.54478,+37.7091
+0.54516,+37.5796
+0.54553,+37.5758
+0.5459,+36.9266
+0.54628,+37.0165
+0.54665,+36.8345
+0.54716,+36.8391
+0.54753,+36.5694
+0.5479,+36.1751
+0.54828,+35.9629
+0.54866,+35.706
+0.54916,+35.4471
+0.54953,+34.9743
+0.5499,+34.8314
+0.55029,+34.4393
+0.55065,+34.1103
+0.55115,+33.6314
+0.55153,+33.2502
+0.5519,+32.9713
+0.55228,+32.7387
+0.55265,+32.453
+0.55315,+32.0122
+0.55352,+32.048
+0.5539,+31.958
+0.5544,+31.6925
+0.55478,+31.3326
+0.55516,+31.1642
+0.55553,+31.2819
+0.5559,+31.0232
+0.55628,+30.9079
+0.55666,+30.6983
+0.55715,+30.4774
+0.55753,+29.9226
+0.5579,+29.389
+0.55829,+29.4005
+0.55865,+29.501
+0.55915,+29.1236
+0.55953,+28.8858
+0.55991,+28.8676
+0.56028,+28.4843
+0.56065,+28.3431
+0.56116,+28.2708
+0.56153,+28.2627
+0.5619,+28.7591
+0.56228,+28.4132
+0.56266,+28.1002
+0.56316,+28.2725
+0.56353,+27.7168
+0.5639,+27.398
+0.56431,+27.2673
+0.56466,+27.1315
+0.56516,+26.9694
+0.56553,+26.7831
+0.5659,+26.111
+0.56628,+25.9228
+0.56665,+25.6515
+0.56715,+25.3055
+0.56752,+25.3293
+0.56791,+25.1819
+0.56829,+24.9741
+0.56865,+24.7387
+0.56915,+24.5159
+0.56953,+24.1475
+0.56991,+23.8027
+0.57028,+23.5298
+0.57065,+23.3355
+0.57116,+23.0898
+0.57153,+22.7216
+0.5719,+22.3711
+0.57228,+22.1057
+0.57265,+21.7699
+0.57315,+21.4818
+0.57352,+21.3189
+0.5739,+21.1282
+0.57428,+20.8487
+0.57465,+20.5307
+0.57515,+20.3399
+0.57626,+20.2117
+0.57649,+20.0895
+0.57671,+19.8561
+0.57716,+19.6486
+0.57753,+19.3126
+0.5779,+19.086
+0.57828,+18.8876
+0.57865,+18.7562
+0.57916,+18.5755
+0.57953,+18.213
+0.5799,+18.1158
+0.58028,+17.897
+0.58066,+17.7113
+0.58116,+17.5085
+0.58153,+17.3605
+0.5819,+17.2485
+0.58229,+17.1664
+0.58265,+17.0045
+0.58315,+16.9594
+0.58353,+17.067
+0.58391,+16.7996
+0.58428,+16.6808
+0.58478,+16.5392
+0.58515,+16.5187
+0.58554,+16.4711
+0.58591,+16.2913
+0.58628,+15.9809
+0.58665,+15.9542
+0.58716,+15.8166
+0.58753,+15.6048
+0.58791,+15.5799
+0.58828,+15.4048
+0.58865,+15.2831
+0.58916,+15.1195
+0.58953,+14.9658
+0.5899,+14.9323
+0.59028,+15.0587
+0.59066,+14.9098
+0.59115,+14.6621
+0.59153,+14.5125
+0.5919,+14.4255
+0.59229,+14.3664
+0.59266,+14.2117
+0.59316,+14.1616
+0.59352,+14.1405
+0.59391,+13.9427
+0.59428,+13.6413
+0.59465,+13.479
+0.59529,+13.5644
+0.59555,+13.6162
+0.59591,+13.5894
+0.59628,+13.5442
+0.59665,+13.55
+0.59716,+13.3934
+0.59754,+13.3262
+0.5979,+13.2142
+0.59828,+13.29
+0.59866,+13.2612
+0.59916,+13.1109
+0.59953,+12.9829
+0.59991,+12.925
+0.60029,+12.8982
+0.60066,+12.8706
+0.60115,+12.8236
+0.60153,+12.7204
+0.60191,+12.9046
+0.60229,+12.8593
+0.60265,+23.9411
+0.60316,+23.9759
+0.60353,+24.0419
+0.60391,+23.9133
+0.60428,+23.9443
+0.60465,+23.9374
+0.60516,+23.9353
+0.60553,+23.967
+0.6059,+23.9302
+0.60629,+23.8303
+0.60666,+23.6195
+0.60716,+23.3656
+0.60754,+23.26
+0.60791,+22.721
+0.60828,+22.5867
+0.60865,+22.4251
+0.60915,+22.3699
+0.60954,+22.0292
+0.60991,+21.8233
+0.61028,+21.2371
+0.61065,+21.1941
+0.61116,+21.1336
+0.61153,+20.9422
+0.61191,+21.0491
+0.61229,+20.3141
+0.61266,+20.1757
+0.61316,+19.5734
+0.61353,+19.3323
+0.6139,+18.7263
+0.61429,+19.0342
+0.61465,+18.8271
+0.61516,+18.5081
+0.61554,+18.2871
+0.61591,+17.9677
+0.61628,+17.9241
+0.61666,+17.2679
+0.61716,+17.3698
+0.61753,+17.3569
+0.61791,+17.5683
+0.61828,+16.9992
+0.61865,+16.4538
+0.61916,+16.1462
+0.61953,+15.496
+0.6199,+15.1878
+0.62029,+14.6028
+0.62066,+14.1762
+0.62116,+13.6171
+0.62153,+13.6992
+0.62191,+13.1967
+0.62228,+13.1802
+0.62265,+13.1989
+0.62315,+13.374
+0.62354,+13.2297
+0.62391,+13.0925
+0.62428,+13.083
+0.62466,+12.8855
+0.62516,+12.755
+0.62667,+11.6464
+0.62686,+11.4855
+0.62706,+11.1925
+0.62728,+10.811
+0.62754,+9.71989
+0.62791,+9.12654
+0.62829,+8.87227
+0.62866,+9.123
+0.62916,+8.76503
+0.62954,+8.18579
+0.62991,+8.10459
+0.63028,+8.00195
+0.63065,+7.20555
+0.63116,+6.83684
+0.63154,+6.80158
+0.63193,+6.80026
+0.6323,+6.08236
+0.63266,+5.64616
+0.63316,+5.52949
+0.63353,+5.26761
+0.63392,+4.88726
+0.63429,+4.15144
+0.63467,+3.99182
+0.63516,+3.40535
+0.63553,+2.90332
+0.63591,+2.34155
+0.63629,+2.1837
+0.6368,+1.4911
+0.63717,+1.04073
+0.63754,+0.755324
+0.63791,+0.361235
+0.63828,-0.128315
+0.63866,-0.47374
+0.63916,-0.867365
+0.63953,-1.27987
+0.63991,-1.51161
+0.64029,-1.80763
+0.64066,-1.90426
+0.64116,-2.36613
+0.64154,-2.86135
+0.64191,-3.32342
+0.64229,-3.82152
+0.64265,-4.22537
+0.64316,-3.966
+0.64354,-4.21052
+0.64391,-4.70992
+0.64429,-5.16972
+0.64467,-6.05256
+0.64516,-6.36383
+0.64553,-6.67371
+0.64591,-6.97206
+0.64629,-7.31126
+0.64679,-7.7631
+0.6472,-8.66726
+0.64767,-9.09834
+0.64795,-9.34065
+0.64829,-9.64285
+0.64866,-9.78178
+0.64916,-10.1005
+0.64954,-10.3668
+0.64991,-10.7209
+0.65029,-10.9876
+0.65066,-11.1602
+0.65116,-11.3825
+0.65154,-11.7919
+0.65191,-12.1808
+0.65228,-12.5374
+0.65267,-12.8458
+0.65317,-12.8418
+0.65353,-12.1964
+0.65391,-12.3652
+0.65429,-12.4204
+0.65467,-11.7249
+0.65516,-11.8608
+0.65554,-11.9355
+0.65591,-11.9182
+0.65629,-11.1026
+0.65667,-11.236
+0.65716,-11.4044
+0.65754,-12.3518
+0.65792,-12.2369
+0.65829,-12.3203
+0.65866,-13.0844
+0.65917,-13.1746
+0.65954,-12.9702
+0.65991,-12.9767
+0.66028,-13.693
+0.66066,-13.5791
+0.66116,-13.524
+0.66153,-12.5193
+0.66192,-12.4196
+0.66229,-12.1202
+0.66266,-11.9401
+0.66317,-11.6798
+0.66354,-11.3964
+0.66391,-11.0133
+0.66429,-10.7256
+0.66466,-10.4013
+0.66517,-10.0648
+0.66554,-9.7494
+0.66591,-9.54008
+0.66628,-9.40208
+0.66667,-9.22377
+0.66716,-8.89567
+0.66753,-8.73153
+0.66791,-8.45556
+0.66829,-8.15204
+0.66868,-7.9114
+0.66916,-7.60671
+0.66954,-8.21005
+0.66991,-7.72354
+0.67028,-7.22071
+0.67066,-6.68612
+0.67116,-6.24306
+0.67154,-5.74759
+0.67191,-5.33415
+0.6723,-4.76746
+0.67266,-4.16609
+0.67316,-3.69534
+0.67355,-3.07383
+0.67392,-2.62268
+0.67429,-2.16166
+0.67466,-1.58948
+0.67516,-1.14957
+0.67554,-0.582577
+0.67591,-0.0703299
+0.67629,+0.397207
+0.67667,+0.978257
+0.67717,+1.60116
+0.67753,+2.11063
+0.67866,+2.74341
+0.67894,+3.37979
+0.67917,+3.95724
+0.67954,+4.68813
+0.67991,+5.26929
+0.68029,+5.5283
+0.68066,+5.96842
+0.68115,+6.37514
+0.68154,+6.67329
+0.68191,+6.82148
+0.68228,+6.87524
+0.68265,+7.30312
+0.68316,+7.54099
+0.68353,+7.85331
+0.68391,+8.18149
+0.68428,+9.01361
+0.68466,+9.20253
+0.68516,+10.1049
+0.68553,+10.8127
+0.6859,+11.5425
+0.68629,+12.2908
+0.68666,+12.8991
+0.68717,+13.4848
+0.68753,+14.5646
+0.68791,+14.8294
+0.68828,+15.307
+0.68867,+16.0046
+0.68916,+16.0563
+0.68954,+16.4623
+0.68991,+17.1937
+0.69028,+17.5498
+0.69066,+17.8427
+0.69116,+18.2328
+0.69154,+18.1347
+0.69191,+18.9767
+0.69228,+19.459
+0.69266,+19.9389
+0.69316,+20.4811
+0.69353,+20.7184
+0.69391,+21.1516
+0.69429,+21.9099
+0.69466,+22.1133
+0.69516,+22.0549
+0.69553,+22.4383
+0.69591,+22.2839
+0.69628,+22.562
+0.69666,+23.0314
+0.69703,+23.2662
+0.69753,+23.2995
+0.69791,+22.8549
+0.69829,+22.4829
+0.69866,+22.6018
+0.69903,+22.7986
+0.69954,+22.5375
+0.69991,+23.0256
+0.70028,+22.6811
+0.7007,+22.0563
+0.70107,+21.9859
+0.70157,+22.0309
+0.70194,+22.4622
+0.70233,+22.7985
+0.70271,+22.8813
+0.70307,+22.5975
+0.70358,+22.7947
+0.70395,+22.0112
+0.70435,+22.0658
+0.7047,+22.3225
+0.70507,+22.026
+0.70557,+21.6437
+0.70593,+21.2651
+0.70632,+20.3547
+0.7067,+20.1648
+0.70707,+20.3135
+0.70772,+19.2691
+0.70799,+18.9003
+0.70834,+18.4509
+0.70869,+17.5139
+0.70921,+17.1362
+0.70958,+16.4255
+0.70995,+15.3584
+0.71032,+15.4477
+0.7107,+14.8187
+0.71121,+14.3558
+0.71157,+14.2443
+0.71195,+13.9369
+0.71235,+13.3548
+0.71269,+13.3457
+0.71318,+12.7661
+0.71355,+12.884
+0.71393,+12.9613
+0.71431,+12.0476
+0.7147,+11.4609
+0.71521,+10.854
+0.71558,+10.5306
+0.71595,+10.1683
+0.71635,+9.67944
+0.71669,+9.18742
+0.7172,+8.62657
+0.71758,+7.95824
+0.71808,+7.45351
+0.71835,+7.18902
+0.71884,+6.67576
+0.7192,+6.17364
+0.71957,+5.5372
+0.71995,+4.99593
+0.72036,+4.47914
+0.7207,+3.77842
+0.72121,+3.22156
+0.72157,+2.59349
+0.72193,+2.01507
+0.7223,+2.18763
+0.72269,+2.03185
+0.72318,+1.14996
+0.72357,+0.807221
+0.72394,+0.296761
+0.72435,-0.561567
+0.7247,-1.25501
+0.72521,-1.73937
+0.72557,-1.96132
+0.72595,-2.81575
+0.72632,-3.61138
+0.7267,-4.02352
+0.7272,-3.74728
+0.72757,-4.11348
+0.72795,-4.08169
+0.72835,-3.87851
+0.72871,-3.75075
+0.7292,-3.72821
+0.72958,-3.84956
+0.72995,-3.5684
+0.73033,-4.34235
+0.7307,-4.75871
+0.73121,-5.05733
+0.73157,-5.21453
+0.73195,-5.52654
+0.73235,-5.78026
+0.73269,-6.05229
+0.7332,-6.38245
+0.73355,-6.71399
+0.73394,-6.96463
+0.73431,-7.29132
+0.73468,-7.45876
+0.73519,-7.73584
+0.73557,-7.88834
+0.73596,-8.14421
+0.73634,-8.32862
+0.73671,-8.2734
+0.73707,-8.25492
+0.73757,-8.33069
+0.73795,-8.38282
+0.73847,-7.78598
+0.7387,-7.8211
+0.73921,-7.71612
+0.73957,-7.68845
+0.73994,-7.57336
+0.74035,-7.30969
+0.74069,-7.32979
+0.74107,-7.36997
+0.74159,-7.15635
+0.74197,-7.23255
+0.74234,-7.90425
+0.74269,-7.7696
+0.74321,-7.61874
+0.74358,-7.32967
+0.74396,-6.99021
+0.74436,-7.17724
+0.74471,-7.13755
+0.74519,-6.72791
+0.74556,-6.39969
+0.74594,-6.52082
+0.74631,-6.078
+0.74669,-6.3057
+0.74708,-6.26924
+0.74758,-6.0297
+0.74795,-6.60346
+0.74836,-5.92905
+0.74901,-5.63015
+0.74926,-5.63869
+0.74957,-5.69771
+0.74995,-4.96871
+0.75032,-4.32577
+0.75069,-3.76246
+0.75122,-3.50139
+0.75157,-3.62656
+0.75194,-2.99816
+0.75237,-3.02097
+0.75271,-2.87034
+0.75308,-2.77265
+0.75359,-2.60821
+0.75396,-2.52044
+0.75433,-2.64056
+0.75471,-2.42902
+0.75521,-2.30345
+0.75558,-2.3453
+0.75595,-2.26053
+0.75634,-2.69279
+0.75669,-2.561
+0.75706,-2.50321
+0.75756,-2.4387
+0.75794,-2.59962
+0.75833,-2.51803
+0.75869,-2.70598
+0.75917,-2.92877
+0.75954,-2.76097
+0.75992,-2.82117
+0.7603,-2.51273
+0.76068,-2.6481
+0.76117,-2.78136
+0.76154,-2.9822
+0.76192,-2.93668
+0.76229,-3.92289
+0.76267,-3.9486
+0.76304,-4.05854
+0.76354,-4.26652
+0.76391,-4.34821
+0.76429,-4.53312
+0.76468,-4.81248
+0.76517,-4.92667
+0.76554,-5.16707
+0.76592,-5.5519
+0.76629,-4.99433
+0.76666,-5.44438
+0.76716,-5.84118
+0.76754,-6.2467
+0.76792,-6.70135
+0.76829,-7.1883
+0.76893,-7.56458
+0.76919,-8.03553
+0.76954,-8.36714
+0.76992,-8.909
+0.77029,-9.3779
+0.77066,-9.67839
+0.77103,-10.0729
+0.77154,-9.9393
+0.77192,-10.6764
+0.77231,-10.977
+0.77268,-11.3724
+0.77304,-11.746
+0.77354,-12.149
+0.77391,-12.3585
+0.7743,-12.6763
+0.77467,-13.044
+0.77517,-13.4853
+0.77554,-14.4329
+0.77592,-14.4463
+0.7763,-14.7909
+0.77667,-15.3828
+0.77704,-16.0556
+0.77754,-16.5482
+0.77791,-16.9113
+0.77829,-17.1967
+0.77867,-17.767
+0.77916,-18.1717
+0.77954,-18.6207
+0.77991,-19.092
+0.78106,-19.4577
+0.78125,-19.6467
+0.78155,-19.7639
+0.78192,-19.7458
+0.78229,-19.5583
+0.78266,-19.386
+0.78316,-19.5558
+0.78354,-18.5966
+0.78391,-18.7306
+0.7843,-18.3636
+0.78467,-18.1071
+0.78504,-17.8396
+0.78554,-17.4827
+0.78592,-17.4348
+0.7863,-17.6136
+0.78667,-17.7557
+0.78704,-17.2056
+0.78754,-17.8788
+0.78791,-16.85
+0.7883,-16.7765
+0.7888,-16.8665
+0.78917,-16.8534
+0.78954,-16.8273
+0.78992,-16.8013
+0.79029,-16.6452
+0.79067,-16.6992
+0.79103,-16.7223
+0.79153,-16.604
+0.79192,-17.5152
+0.79257,-17.4825
+0.79284,-17.2197
+0.79307,-17.0381
+0.79354,-16.8469
+0.79392,-16.5728
+0.79429,-16.248
+0.79466,-15.7828
+0.79504,-15.6443
+0.79554,-15.3128
+0.79591,-14.5912
+0.79631,-14.1128
+0.79667,-13.7221
+0.79704,-13.3222
+0.79754,-12.8378
+0.79791,-12.245
+0.79829,-11.8115
+0.79867,-11.3096
+0.79929,-10.7017
+0.79955,-10.0425
+0.79991,-9.22544
+0.80031,-8.74243
+0.80067,-8.18197
+0.80104,-7.52663
+0.80154,-6.9581
+0.80192,-6.50637
+0.80229,-5.88044
+0.80267,-5.35477
+0.80303,-4.58537
+0.80354,-3.99652
+0.80392,+0.341713
+0.80431,-0.383619
+0.80466,-0.999247
+0.80504,-1.90969
+0.80554,-2.64791
+0.80591,-3.08987
+0.80628,-3.87068
+0.80668,-4.82693
+0.80704,-5.25373
+0.80754,-6.02447
+0.80792,-6.75468
+0.80831,-7.43383
+0.80867,-8.29521
+0.80904,-8.98711
+0.80954,-9.68847
+0.80992,-10.5198
+0.81029,-11.2904
+0.81067,-11.8794
+0.81104,-12.8599
+0.81155,-13.4895
+0.81191,-14.2519
+0.8123,-14.6711
+0.81268,-15.3242
+0.81304,-15.7966
+0.81354,-16.2369
+0.81391,-17.0713
+0.81429,-17.2688
+0.81467,-17.7914
+0.81504,-18.0222
+0.81555,-18.5924
+0.81592,-18.9057
+0.8163,-19.3576
+0.81667,-19.5559
+0.81703,-19.6708
+0.81754,-20.0458
+0.81792,-20.3188
+0.81829,-20.7697
+0.81867,-20.9407
+0.81917,-21.3145
+0.81954,-21.4636
+0.81991,-21.9237
+0.82031,-22.3343
+0.82068,-22.7908
+0.82104,-22.9282
+0.82154,-23.1807
+0.82192,-23.3347
+0.82229,-23.3475
+0.82267,-23.0401
+0.82304,-22.9708
+0.82355,-22.6828
+0.82392,-22.7125
+0.8243,-22.8735
+0.82467,-22.3781
+0.82503,-22.2228
+0.82555,-22.1574
+0.82592,-21.6299
+0.82644,-21.3754
+0.82673,-21.3349
+0.82704,-20.946
+0.82755,-20.5365
+0.82792,-19.6218
+0.82831,-18.9234
+0.82868,-18.5555
+0.8292,-18.1431
+0.82967,-17.3716
+0.82993,-16.8108
+0.83029,-16.1824
+0.83067,-15.4372
+0.83104,-15.0246
+0.83154,-14.8975
+0.83192,-14.5525
+0.83231,-13.8631
+0.83267,-13.3736
+0.83304,-12.7757
+0.83354,-12.2809
+0.83396,-11.7434
+0.83417,-11.176
+0.83445,-10.8372
+0.83467,-10.1639
+0.83504,-9.20014
+0.83555,-8.68744
+0.83592,-8.60146
+0.83631,-7.86787
+0.83668,-7.19368
+0.83703,-6.31391
+0.83754,-5.84495
+0.83792,-5.78518
+0.83829,-4.8874
+0.83867,-4.29846
+0.83904,-3.5603
+0.83954,-2.81979
+0.83992,-2.15386
+0.8403,-1.61045
+0.84068,-0.979102
+0.84105,-0.48018
+0.84154,+0.292402
+0.84191,+1.44291
+0.8423,+1.95381
+0.84267,+2.59892
+0.84304,+3.06527
+0.84354,+3.73507
+0.84391,+4.69423
+0.84431,+5.25364
+0.84467,+5.72315
+0.84504,+6.45553
+0.84554,+6.28261
+0.84591,+6.92593
+0.84629,+7.62509
+0.84667,+8.33848
+0.84704,+8.99399
+0.84755,+9.55544
+0.84792,+10.2686
+0.84831,+10.8644
+0.84868,+11.3507
+0.84904,+11.7932
+0.84955,+13.0781
+0.84991,+12.8821
+0.8503,+13.2177
+0.85067,+12.933
+0.85104,+12.5736
+0.85154,+12.9847
+0.85192,+12.815
+0.85231,+13.2561
+0.85268,+13.024
+0.85305,+13.2662
+0.85355,+13.6056
+0.85392,+14.5893
+0.8543,+14.8955
+0.85467,+15.8313
+0.85504,+16.872
+0.85554,+17.0981
+0.85592,+17.9866
+0.85631,+17.4731
+0.85667,+17.7432
+0.85704,+17.9687
+0.85755,+17.414
+0.85792,+16.7007
+0.85829,+16.0804
+0.85867,+15.4964
+0.85905,+14.9129
+0.85954,+14.3373
+0.86004,+13.5312
+0.86032,+14.32
+0.86068,+14.2961
+0.86104,+13.5956
+0.86154,+14.2656
+0.86192,+14.236
+0.86229,+14.4742
+0.86267,+14.2652
+0.86304,+14.0791
+0.86355,+13.6596
+0.86392,+13.504
+0.8643,+12.4441
+0.86467,+12.0515
+0.86524,+11.7334
+0.86555,+10.5793
+0.86592,+10.4041
+0.86629,+9.65678
+0.86668,+9.24644
+0.86705,+8.73971
+0.86754,+9.14543
+0.86792,+9.34216
+0.86831,+9.67288
+0.86868,+8.97806
+0.86905,+8.81325
+0.86955,+8.684
+0.86992,+8.33971
+0.8703,+7.91448
+0.87068,+7.41692
+0.87104,+7.21077
+0.87154,+5.90811
+0.87192,+5.11183
+0.87231,+3.95596
+0.87268,+3.77854
+0.87305,+3.03255
+0.87354,+2.25582
+0.87392,+1.4473
+0.8743,+1.03578
+0.87467,+0.767726
+0.87504,+0.283594
+0.87555,+0.0201289
+0.87592,-0.850512
+0.87631,-1.44856
+0.87668,-2.04422
+0.87704,-2.35179
+0.87755,-2.74444
+0.87792,-2.79495
+0.87831,-3.17209
+0.87867,-3.48503
+0.87904,-3.96065
+0.87954,-4.60416
+0.87993,-4.9522
+0.88032,-5.32862
+0.88068,-5.66541
+0.88105,-5.98938
+0.88154,-6.22795
+0.88193,-6.79593
+0.8823,-7.2222
+0.88346,-7.60511
+0.88364,-8.13917
+0.88392,-8.36887
+0.88431,-8.67937
+0.88467,-9.01064
+0.88504,-9.29357
+0.88555,-9.82398
+0.88591,-10.1029
+0.88629,-10.4771
+0.88667,-10.3075
+0.88704,-10.5833
+0.88755,-10.6286
+0.88792,-10.6613
+0.88831,-10.6633
+0.88867,-10.6178
+0.88905,-10.4247
+0.88955,-10.3056
+0.88992,-10.4195
+0.89042,-10.2075
+0.89069,-10.2668
+0.89105,-10.0072
+0.89155,-9.79041
+0.89192,-9.64135
+0.8923,-9.67044
+0.89267,-9.55625
+0.89305,-9.71562
+0.89354,-9.63173
+0.89392,-9.3762
+0.8943,-9.23527
+0.89468,-8.97683
+0.89505,-9.04393
+0.89554,-8.93198
+0.89592,-8.81592
+0.89631,-8.39625
+0.89667,-8.04771
+0.89705,-7.48383
+0.89754,-7.15152
+0.89792,-6.80173
+0.8983,-6.50733
+0.89867,-6.49663
+0.89904,-6.06381
+0.89954,-5.7731
+0.89991,-5.28386
+0.90031,-4.96647
+0.90067,-4.57793
+0.90104,-4.40411
+0.90155,-3.47032
+0.90192,-3.19209
+0.9023,-2.84654
+0.90266,-2.45805
+0.90304,-2.09562
+0.90355,-1.17344
+0.90392,-0.766132
+0.90431,-0.409545
+0.90467,-0.0949078
+0.90504,+0.410929
+0.90554,+0.294198
+0.90592,+1.40745
+0.90629,+1.95409
+0.90666,+2.45727
+0.90705,+3.61517
+0.90754,+4.26166
+0.90792,+4.80202
+0.90831,+6.07269
+0.90868,+7.21513
+0.90905,+7.69961
+0.90955,+8.17635
+0.90992,+8.80252
+0.9103,+9.34734
+0.91067,+9.8445
+0.91104,+9.69679
+0.91154,+9.3982
+0.91192,+9.91104
+0.91231,+9.63053
+0.91267,+9.5001
+0.91304,+9.85384
+0.91355,+10.3921
+0.91392,+10.6924
+0.9143,+10.9652
+0.91467,+12.0708
+0.91504,+12.3881
+0.91555,+13.641
+0.91592,+13.7633
+0.91631,+14.2242
+0.91667,+14.7662
+0.91705,+15.3556
+0.91755,+15.6125
+0.91792,+15.6338
+0.91829,+16.0808
+0.91867,+16.5134
+0.91905,+16.9078
+0.91942,+16.6111
+0.91992,+17.4156
+0.92031,+18.0046
+0.92093,+18.4103
+0.92119,+18.8082
+0.92154,+19.0368
+0.92193,+18.9017
+0.9223,+18.9675
+0.92267,+18.4808
+0.92304,+18.884
+0.92342,+19.007
+0.92392,+18.8799
+0.92431,+18.0257
+0.92467,+17.6262
+0.92506,+17.2151
+0.92555,+17.3811
+0.92592,+17.3786
+0.92629,+17.3387
+0.92668,+16.9776
+0.92706,+16.5556
+0.92755,+16.2442
+0.92792,+15.9051
+0.92831,+16.5814
+0.92868,+16.5434
+0.92905,+16.5527
+0.92955,+16.0929
+0.92992,+16.1736
+0.93029,+16.1262
+0.93068,+15.9053
+0.93105,+15.6754
+0.93155,+15.4417
+0.93192,+15.6692
+0.93231,+14.9791
+0.93268,+15.0557
+0.93304,+14.7125
+0.93354,+14.3782
+0.93393,+13.7729
+0.9343,+13.4176
+0.93468,+13.1155
+0.93505,+12.7703
+0.93555,+12.4178
+0.93592,+11.7316
+0.93636,+11.9375
+0.93668,+11.2624
+0.93706,+10.9391
+0.93755,+10.4685
+0.93792,+10.523
+0.9383,+10.9463
+0.93867,+11.0664
+0.93906,+11.1014
+0.93956,+10.5834
+0.93992,+10.4366
+0.94032,+9.71176
+0.94067,+9.06546
+0.94131,+8.60334
+0.94157,+8.88053
+0.94193,+8.60031
+0.9423,+7.81408
+0.94268,+7.58247
+0.94304,+7.27088
+0.94355,+6.96708
+0.94392,+6.84842
+0.94431,+6.79847
+0.94467,+6.98029
+0.94506,+7.70428
+0.94555,+7.292
+0.94592,+6.90511
+0.9463,+6.41822
+0.94668,+6.79561
+0.94706,+6.53401
+0.94742,+6.75576
+0.94792,+6.38444
+0.94832,+7.04626
+0.94868,+7.74948
+0.94905,+7.75441
+0.94942,+7.74374
+0.94993,+8.44262
+0.9503,+9.27085
+0.95068,+8.56174
+0.95106,+8.49583
+0.95154,+8.83261
+0.95193,+9.72547
+0.95231,+9.77212
+0.95268,+9.15676
+0.95305,+8.66559
+0.95343,+8.86693
+0.95406,+8.28647
+0.95432,+7.73248
+0.95468,+7.96627
+0.95505,+8.23597
+0.95555,+8.40823
+0.95592,+7.8612
+0.95631,+7.49321
+0.95668,+7.96998
+0.95705,+8.28203
+0.95742,+8.46768
+0.95793,+8.7227
+0.9583,+9.03919
+0.95868,+9.55334
+0.95905,+9.71819
+0.95955,+10.1771
+0.95993,+10.5069
+0.96032,+11.1466
+0.96068,+11.2733
+0.96118,+11.8205
+0.96155,+12.4411
+0.96192,+12.919
+0.9623,+13.2186
+0.96267,+13.1654
+0.96305,+13.5317
+0.96355,+13.6075
+0.96392,+13.957
+0.96433,+13.8042
+0.96468,+14.1899
+0.96506,+14.2344
+0.96555,+14.1268
+0.96593,+14.1079
+0.96631,+14.4521
+0.96668,+14.7236
+0.96706,+14.9179
+0.96755,+14.7153
+0.96792,+14.732
+0.96831,+14.8794
+0.96868,+14.8193
+0.96905,+14.8154
+0.96942,+15.1949
+0.96993,+15.4412
+0.9703,+15.2928
+0.97068,+15.3156
+0.97106,+15.3162
+0.97168,+15.6226
+0.97194,+15.6075
+0.97243,+15.455
+0.97269,+15.3324
+0.97306,+14.9689
+0.97356,+14.5937
+0.97393,+14.1936
+0.9743,+14.2822
+0.97468,+14.0948
+0.97506,+14.2761
+0.97556,+14.0163
+0.97592,+13.7575
+0.97631,+13.5158
+0.97668,+13.3924
+0.97706,+13.1756
+0.97755,+12.8175
+0.97792,+12.6621
+0.9783,+12.0087
+0.97868,+11.4176
+0.97906,+10.6039
+0.97942,+10.0371
+0.97992,+9.5345
+0.98032,+8.98131
+0.98068,+8.61722
+0.98105,+8.2095
+0.98155,+7.57505
+0.98192,+6.96443
+0.9823,+6.52331
+0.98268,+6.0583
+0.98306,+5.49123
+0.98356,+4.91684
+0.98392,+4.30373
+0.98432,+3.75169
+0.98468,+2.77681
+0.98586,+2.21702
+0.98605,+1.84538
+0.98631,+1.30107
+0.98667,+0.766587
+0.98706,+0.279115
+0.98743,-0.674099
+0.98793,-1.02264
+0.98831,-1.44442
+0.98867,-1.80311
+0.98906,-1.99954
+0.98942,-2.43984
+0.98992,-2.72151
+0.9903,-3.09149
+0.99068,-3.28278
+0.99105,-3.52736
+0.99155,-3.2446
+0.99192,-3.71613
+0.99232,-3.88164
+0.99268,-4.63472
+0.99305,-4.87311
+0.99354,-5.16166
+0.99393,-5.29905
+0.9943,-5.51761
+0.99467,-5.91172
+0.99505,-6.18163
+0.99555,-6.40004
+0.99592,-6.65985
+0.99631,-6.69199
+0.99668,-6.37391
+0.99706,-6.45699
+0.99755,-6.37223
+0.99792,-6.58652
+0.99831,-6.57247
+0.99868,-6.51172
+0.99906,-6.32203
+0.99942,-6.14002
+0.99992,-5.59086
+1.00032,-5.55473
+1.00068,-5.32194
+1.00105,-5.18151
+1.00156,-4.97304
+1.00193,-4.83626
+1.00231,-4.40525
+1.00267,-4.08296
+1.00305,-4.18738
+1.00343,-3.9109
+1.00393,-3.61324
+1.00431,+13.2272
+1.00468,+13.5471
+1.00505,+14.0077
+1.00555,+14.3461
+1.00592,+14.6181
+1.00631,+14.9777
+1.00668,+15.3638
+1.00706,+15.7798
+1.00742,+16.2976
+1.00792,+16.5899
+1.00832,+16.9778
+1.00868,+17.3046
+1.00905,+17.5062
+1.00942,+17.8473
+1.00993,+18.2344
+1.0103,+18.6495
+1.01068,+18.9977
+1.01105,+19.3387
+1.01142,+19.6243
+1.01192,+20.1151
+1.01231,+20.6969
+1.01267,+21.2053
+1.01306,+21.9141
+1.01343,+22.6056
+1.01393,+23.4663
+1.0143,+24.0627
+1.01469,+24.9232
+1.01519,+25.4447
+1.01555,+26.0152
+1.01592,+26.5508
+1.01632,+26.8798
+1.01671,+27.4789
+1.01705,+28.1677
+1.01742,+28.5009
+1.01793,+28.7634
+1.0183,+29.1166
+1.01867,+29.3354
+1.01905,+29.8156
+1.01943,+30.5434
+1.01993,+30.7222
+1.02032,+31.1214
+1.02067,+31.318
+1.02106,+31.3199
+1.02143,+31.4628
+1.02193,+31.7916
+1.02231,+32.0057
+1.02268,+32.312
+1.02305,+32.5136
+1.02342,+32.2029
+1.02392,+32.2697
+1.02432,+32.2276
+1.02468,+32.0298
+1.02505,+32.1264
+1.02556,+31.9539
+1.02593,+31.6513
+1.02631,+31.3523
+1.02667,+30.6613
+1.02706,+30.0396
+1.02742,+29.538
+1.02793,+29.3748
+1.02832,+28.7401
+1.02868,+28.3957
+1.02906,+27.5027
+1.02943,+26.9568
+1.02992,+26.1118
+1.03031,+25.4663
+1.03068,+24.8773
+1.03106,+24.3059
+1.03142,+23.5394
+1.03206,+22.4248
+1.03233,+21.6618
+1.03268,+20.6344
+1.03306,+19.8342
+1.03342,+18.8328
+1.03393,+17.8755
+1.0343,+16.7615
+1.03468,+15.6688
+1.03506,+14.4655
+1.03556,+13.4558
+1.03593,+12.3505
+1.03632,+11.0775
+1.03668,+9.84366
+1.03706,+8.47347
+1.03743,+7.29504
+1.03793,+6.04063
+1.0383,+4.90159
+1.03868,+3.71586
+1.03905,+2.57337
+1.03942,+1.45562
+1.03993,+0.356135
+1.04032,-0.732256
+1.04068,-1.78884
+1.04106,-2.81583
+1.04147,-3.92431
+1.04194,-4.92995
+1.04231,-5.82824
+1.04268,-6.72617
+1.04305,-7.7221
+1.04343,-8.51781
+1.04393,-9.18994
+1.04432,-9.75646
+1.04468,-10.3215
+1.04505,-10.7479
+1.04556,-10.9622
+1.04593,-11.2478
+1.0463,-11.4983
+1.04668,-11.7253
+1.04706,-11.6649
+1.04743,-11.7974
+1.04794,-11.8741
+1.04832,-11.8508
+1.04868,-11.6413
+1.04906,-11.4573
+1.04943,-11.4105
+1.04993,-11.2783
+1.0503,-11.2696
+1.05069,-11.0162
+1.05106,-10.7311
+1.05143,-10.3407
+1.05193,-9.98961
+1.05231,-9.67639
+1.05269,-9.33492
+1.05306,-9.02709
+1.05343,-8.45268
+1.05394,-7.84568
+1.05431,-7.17584
+1.05469,-6.46293
+1.05505,-6.09772
+1.05556,-5.84094
+1.05593,-5.50243
+1.05631,-5.05361
+1.05668,-4.84843
+1.05706,-4.41637
+1.05743,-4.39976
+1.05793,-4.23311
+1.0583,-4.07702
+1.05868,-4.16282
+1.05908,-3.96959
+1.05943,-3.71593
+1.05993,-3.71191
+1.06032,-3.74059
+1.06068,-3.53004
+1.06105,-3.47372
+1.06143,-3.23807
+1.06193,-3.32977
+1.06231,-3.28527
+1.06281,-3.27911
+1.06307,-3.22436
+1.06343,-3.2111
+1.06394,-3.0172
+1.06432,-2.98899
+1.06468,-3.05081
+1.06506,-3.10425
+1.06556,-3.26011
+1.06593,-3.15187
+1.06631,-3.09427
+1.06668,-3.04982
+1.06706,-2.94331
+1.06743,-2.87295
+1.06793,-2.82023
+1.06831,-2.61734
+1.06869,-2.47018
+1.06907,-2.22989
+1.06943,-1.97215
+1.06993,-1.66172
+1.07031,-1.41817
+1.07069,-1.04973
+1.07106,-0.70127
+1.07143,-0.224282
+1.07194,+0.313295
+1.07232,+0.768894
+1.07268,+1.39533
+1.07306,+1.79868
+1.07342,+2.18459
+1.07393,+2.61081
+1.07431,+3.20449
+1.07468,+3.88495
+1.07506,+4.34753
+1.07556,+4.83851
+1.07593,+5.26478
+1.07631,+5.75806
+1.07668,+6.19192
+1.07706,+6.74014
+1.07742,+7.57322
+1.07794,+8.05972
+1.07831,+8.63365
+1.07868,+9.15841
+1.07907,+9.7708
+1.07943,+10.3676
+1.07993,+11.1379
+1.08031,+11.8361
+1.08068,+12.4725
+1.08107,+13.0721
+1.08143,+13.6989
+1.08194,+14.481
+1.08231,+15.0861
+1.08269,+15.5303
+1.08308,+16.1027
+1.08343,+16.8576
+1.08394,+17.3886
+1.08432,+17.9548
+1.08469,+18.5914
+1.08507,+19.321
+1.08556,+19.8921
+1.08593,+20.6307
+1.08631,+21.3364
+1.08669,+22.1445
+1.08706,+22.8165
+1.08826,+23.3626
+1.08854,+24.0101
+1.08874,+24.7138
+1.08906,+25.372
+1.08943,+25.973
+1.08992,+26.5659
+1.0903,+26.948
+1.09068,+27.3603
+1.09106,+27.8051
+1.09156,+28.3243
+1.09193,+28.8289
+1.09231,+29.2198
+1.09268,+29.588
+1.09318,+29.9607
+1.09355,+30.3033
+1.09392,+30.5034
+1.09431,+30.7829
+1.09468,+31.0302
+1.09506,+31.1302
+1.09555,+31.1529
+1.09593,+30.9566
+1.09631,+30.9007
+1.09668,+30.6828
+1.09705,+30.4108
+1.09743,+30.1375
+1.09793,+29.9342
+1.0983,+29.5907
+1.09867,+29.2428
+1.09906,+28.9779
+1.09943,+28.5953
+1.09993,+28.3394
+1.10031,+27.8194
+1.10068,+27.4278
+1.10106,+26.8929
+1.10142,+26.3145
+1.10193,+25.7224
+1.10231,+25.0695
+1.10268,+24.3927
+1.10305,+23.6204
+1.10342,+22.9358
+1.10393,+22.202
+1.10431,+21.5097
+1.10468,+20.8184
+1.10505,+20.1839
+1.10542,+19.506
+1.10593,+18.7939
+1.1063,+18.123
+1.10668,+17.3998
+1.10705,+16.7226
+1.10743,+16.0379
+1.10793,+15.283
+1.10831,+14.6349
+1.10868,+13.92
+1.10906,+13.1618
+1.10943,+12.6322
+1.10993,+12.0929
+1.11031,+11.6443
+1.11068,+11.174
+1.11106,+10.7546
+1.11143,+10.437
+1.11193,+10.2053
+1.11232,+10.0439
+1.11268,+9.94209
+1.11318,+9.82607
+1.11344,+9.65688
+1.11393,+9.49069
+1.11431,+9.47304
+1.11468,+9.62889
+1.11505,+9.61154
+1.11543,+9.44768
+1.11593,+9.3718
+1.11631,+9.27508
+1.11668,+9.16606
+1.11705,+9.17947
+1.11743,+9.08305
+1.11793,+9.07328
+1.1183,+8.9073
+1.11868,+8.71334
+1.11906,+8.67957
+1.11944,+8.75628
+1.11994,+8.71651
+1.12031,+8.61702
+1.12068,+8.53634
+1.12105,+8.40077
+1.12143,+8.33097
+1.12193,+8.12328
+1.12231,+7.93716
+1.12268,+7.55783
+1.12306,+7.24558
+1.12343,+6.83122
+1.12393,+6.35075
+1.12431,+5.88569
+1.12468,+5.33867
+1.12505,+4.79795
+1.12556,+4.12438
+1.12593,+3.54098
+1.12631,+2.91942
+1.12668,+2.31828
+1.12706,+1.54455
+1.12743,+0.8487
+1.12793,+0.153537
+1.12831,-0.65492
+1.12869,-1.41237
+1.12906,-2.07367
+1.12943,-2.86798
+1.12993,-3.69333
+1.1303,-4.37897
+1.13068,-5.08798
+1.13106,-5.72693
+1.13143,-6.35744
+1.13193,-6.9676
+1.13231,-7.44496
+1.13268,-7.95469
+1.13306,-8.43562
+1.13343,-8.72995
+1.13393,-8.8142
+1.13431,-9.15696
+1.13468,-9.35093
+1.13506,-9.49785
+1.13543,-9.69471
+1.13593,-9.79616
+1.13631,-9.9156
+1.13669,-9.94001
+1.13706,-10.2102
+1.13743,-10.3348
+1.13794,-10.6268
+1.13831,-10.7407
+1.13869,-10.8865
+1.13905,-10.8815
+1.13943,-10.9491
+1.13993,-11.0172
+1.14031,-10.9863
+1.14068,-11.0966
+1.14106,-10.9352
+1.14143,-11.0403
+1.14193,-11.1935
+1.1423,-11.2494
+1.14268,-11.2463
+1.14306,-11.5114
+1.14356,-11.5291
+1.14394,-11.7326
+1.14431,-11.8651
+1.14469,-11.9058
+1.14506,-12.0235
+1.14543,-11.973
+1.14593,-11.8813
+1.14631,-11.8125
+1.14668,-11.8639
+1.14706,-11.7681
+1.14743,-11.5755
+1.14793,-11.2659
+1.14831,-11.0848
+1.14868,-10.747
+1.14906,-10.3509
+1.14943,-9.86219
+1.14993,-9.52512
+1.1503,-9.02986
+1.15069,-8.39541
+1.15106,-7.69503
+1.15143,-7.04825
+1.15194,-6.39142
+1.15231,-5.51071
+1.15269,-4.6645
+1.15306,-3.70229
+1.15343,-2.91964
+1.15394,-1.99745
+1.15431,-1.12497
+1.15468,-0.0895305
+1.15506,+0.869546
+1.15543,+1.67084
+1.15593,+2.68076
+1.15631,+3.42626
+1.15668,+4.25267
+1.15706,+4.87034
+1.15744,+5.67452
+1.15794,+6.72782
+1.1583,+7.59382
+1.15869,+8.12817
+1.15906,+8.78588
+1.15943,+9.52555
+1.15993,+10.0781
+1.16031,+10.7346
+1.16069,+11.2888
+1.16106,+11.7631
+1.16143,+12.077
+1.16194,+12.2377
+1.16231,+12.4105
+1.16268,+12.6523
+1.16307,+12.6912
+1.16344,+12.6784
+1.16394,+12.6366
+1.16431,+12.2319
+1.16468,+11.8969
+1.16506,+11.4574
+1.16543,+11.0539
+1.16593,+10.4549
+1.16631,+9.84595
+1.16669,+9.19348
+1.16706,+8.45822
+1.16743,+7.64783
+1.16794,+6.76738
+1.16831,+6.05042
+1.1687,+5.1772
+1.16906,+4.30668
+1.16945,+3.34938
+1.16994,+2.47613
+1.17031,+1.52835
+1.17068,+0.513166
+1.17105,-0.411688
+1.17144,-1.4077
+1.17193,-2.2514
+1.17231,-3.0802
+1.17269,-3.93485
+1.17306,-4.66768
+1.17344,-5.49759
+1.17394,-6.32605
+1.1743,-7.13133
+1.17469,-7.73957
+1.17506,-8.43659
+1.17543,-8.89802
+1.17593,-9.58624
+1.17632,-10.2808
+1.17669,-10.9923
+1.17706,-11.5456
+1.17745,-12.0247
+1.17794,-12.3515
+1.17831,-12.6496
+1.17868,-13.0334
+1.17906,-13.3436
+1.17943,-13.7356
+1.17994,-14.1108
+1.18031,-14.0983
+1.18069,-13.9986
+1.18106,-14.042
+1.18144,-13.9316
+1.18194,-13.8835
+1.18232,-13.8977
+1.18269,-13.8035
+1.18306,-13.4557
+1.18343,-13.2698
+1.18394,-12.9384
+1.18432,-12.9062
+1.18469,-12.9176
+1.18507,-12.7682
+1.18544,-12.8075
+1.18594,-12.8699
+1.18631,-13.0497
+1.18669,-13.0848
+1.18706,-13.4964
+1.18744,-13.631
+1.18793,-13.8985
+1.18832,-14.2207
+1.18869,-14.6715
+1.18907,-15.0318
+1.18944,-15.4414
+1.19066,-15.9226
+1.19085,-16.028
+1.19107,-16.6186
+1.19144,-17.0041
+1.19193,-17.3616
+1.19232,-17.7262
+1.19269,-18.1784
+1.19306,-18.3988
+1.19344,-18.967
+1.19393,-19.1802
+1.19431,-19.5306
+1.19468,-20.0481
+1.19506,-20.0503
+1.19544,-20.156
+1.19594,-20.3979
+1.19631,-20.3767
+1.19668,-20.3294
+1.19705,-20.2863
+1.19744,-19.9152
+1.19781,-19.8786
+1.19831,-19.3154
+1.19868,-18.8606
+1.19906,-18.7683
+1.19944,-18.1575
+1.1998,-17.6774
+1.20031,-17.0414
+1.20068,-16.4442
+1.20105,-15.4332
+1.20143,-14.4858
+1.2018,-13.3574
+1.20231,-12.4074
+1.20269,-11.3168
+1.20306,-9.89884
+1.20344,-8.98065
+1.20381,-7.84496
+1.20432,-6.79646
+1.20468,-5.46116
+1.20505,-0.828533
+1.20543,+0.302703
+1.20594,+1.4859
+1.2063,+2.70747
+1.20669,+3.75262
+1.20706,+4.85659
+1.20744,+5.91811
+1.20793,+6.99704
+1.20831,+7.93426
+1.20869,+8.92587
+1.20906,+9.79081
+1.20944,+10.4012
+1.20994,+11.0408
+1.21031,+11.4782
+1.21069,+12.0208
+1.21106,+12.4452
+1.21144,+12.8371
+1.21194,+13.1473
+1.21232,+13.4498
+1.21268,+13.6125
+1.21306,+13.6223
+1.21344,+13.674
+1.21393,+13.6721
+1.21431,+13.6031
+1.21482,+13.2497
+1.2151,+12.927
+1.21544,+12.7257
+1.21594,+12.2818
+1.21632,+11.8161
+1.21669,+11.2046
+1.21706,+10.6866
+1.21745,+10.2084
+1.21794,+9.51047
+1.21844,+8.87879
+1.21871,+8.29686
+1.21906,+7.67432
+1.21943,+7.08104
+1.21994,+6.57031
+1.22032,+6.04937
+1.22068,+5.48307
+1.22106,+4.95578
+1.22144,+4.28747
+1.22181,+3.84004
+1.22231,+3.41011
+1.22268,+2.98452
+1.22307,+2.652
+1.22344,+2.2112
+1.22381,+1.89852
+1.22436,+1.48472
+1.2247,+1.21864
+1.22507,+1.00339
+1.22543,+0.775562
+1.22594,+0.567422
+1.22631,+0.440133
+1.22669,+0.444489
+1.22706,+0.268699
+1.22744,+0.235125
+1.22794,+0.157769
+1.22832,+0.225751
+1.22868,+0.321643
+1.22906,+0.467686
+1.22944,+0.647404
+1.22981,+0.756694
+1.23031,+0.71304
+1.23069,+0.86488
+1.23106,+0.999936
+1.23144,+1.01462
+1.23194,+1.20314
+1.23231,+1.22528
+1.23269,+1.31517
+1.23306,+1.29355
+1.23344,+1.18321
+1.23394,+1.1122
+1.23432,+1.03124
+1.23469,+0.677777
+1.23506,+0.40488
+1.23543,+0.0317648
+1.23594,-0.577103
+1.23632,-1.11005
+1.23669,-1.89648
+1.23706,-2.60452
+1.23745,-3.42394
+1.23781,-4.39156
+1.23831,-5.40246
+1.23869,-6.48822
+1.23906,-7.69357
+1.23944,-8.97593
+1.23981,-10.1529
+1.24031,-11.5476
+1.24068,-12.7148
+1.24106,-14.308
+1.24145,-15.5749
+1.24182,-16.8651
+1.24232,-18.0251
+1.24269,-19.2843
+1.24306,-20.4077
+1.24344,-21.4582
+1.24393,-22.5937
+1.24432,-23.5257
+1.24469,-24.3684
+1.24532,-24.8315
+1.24558,-25.2922
+1.24594,-25.7785
+1.24633,-26.1147
+1.24669,-26.1607
+1.24706,-26.2872
+1.24744,-26.0836
+1.24781,-25.5019
+1.24831,-24.8995
+1.24869,-24.2107
+1.24907,-23.5346
+1.24944,-22.8379
+1.24982,-21.8351
+1.25032,-20.6783
+1.25069,-19.2754
+1.25107,-17.711
+1.25145,-16.2247
+1.25182,-14.8671
+1.25245,-13.3742
+1.25271,-11.9123
+1.25306,-10.4559
+1.25345,-8.79519
+1.25381,-7.35945
+1.25431,-6.08812
+1.25468,-4.97948
+1.25507,-3.8821
+1.25544,-2.68923
+1.25594,-1.75431
+1.25632,-0.989193
+1.25669,-0.334175
+1.25707,+0.305408
+1.25744,+0.661107
+1.25782,+1.0563
+1.25832,+1.23795
+1.25869,+1.25461
+1.25906,+1.09823
+1.25943,+0.778456
+1.25982,+0.303815
+1.26032,-0.171943
+1.26069,-0.726471
+1.26107,-1.33795
+1.26144,-2.14822
+1.26181,-3.03595
+1.26231,-3.82519
+1.26268,-4.85138
+1.26306,-5.87427
+1.26344,-6.98452
+1.26381,-7.97428
+1.26433,-8.93671
+1.2647,-10.0208
+1.26507,-10.9744
+1.26544,-11.8298
+1.26595,-12.627
+1.26632,-13.2743
+1.26669,-13.6718
+1.26706,-13.8905
+1.26744,-13.9241
+1.26781,-13.6743
+1.26832,-13.3202
+1.26869,-12.5876
+1.26907,-11.7042
+1.26944,-10.6747
+1.26981,-9.22879
+1.27032,-7.78441
+1.27069,-5.9524
+1.27107,-3.93157
+1.27144,-2.00021
+1.27181,-0.126861
+1.27232,+1.88385
+1.2727,+3.88274
+1.27306,+5.89369
+1.27343,+7.83186
+1.27382,+9.5865
+1.27432,+11.1958
+1.27469,+12.4605
+1.27506,+13.5127
+1.27569,+14.6306
+1.27594,+15.5423
+1.27632,+16.2172
+1.27669,+16.6717
+1.27707,+16.8307
+1.27744,+17.0251
+1.27782,+16.701
+1.27832,+16.4222
+1.27869,+15.995
+1.27907,+15.2525
+1.27945,+14.4415
+1.27982,+13.3519
+1.28032,+12.291
+1.2807,+10.9769
+1.28107,+9.58651
+1.28144,+8.03578
+1.28181,+6.55068
+1.28232,+4.96093
+1.28269,+3.25103
+1.28306,+1.52051
+1.28345,-0.456931
+1.28381,-2.27875
+1.28432,-4.21849
+1.28469,-5.9827
+1.28507,-7.86221
+1.28545,-9.68287
+1.28594,-11.4254
+1.28631,-13.211
+1.2867,-15.015
+1.28708,-16.4519
+1.28744,-17.7727
+1.28783,-18.9688
+1.28832,-19.8834
+1.28869,-20.6816
+1.28907,-21.1606
+1.28945,-21.413
+1.28981,-21.5915
+1.29032,-21.4753
+1.29069,-20.5248
+1.29106,-19.6055
+1.29144,-18.4971
+1.29181,-17.0959
+1.29306,-15.6491
+1.29333,-14.2019
+1.29353,-12.4921
+1.2938,-10.6877
+1.29432,-8.80817
+1.29468,-6.85112
+1.29507,-5.40954
+1.29556,-3.81075
+1.29594,-2.14989
+1.29631,-0.675027
+1.29669,+0.686036
+1.29706,+1.99546
+1.29743,+3.03513
+1.29781,+3.92363
+1.29832,+4.99169
+1.29869,+5.64178
+1.29906,+6.3032
+1.29943,+6.73574
+1.2998,+6.91908
+1.30032,+7.07694
+1.30069,+7.08458
+1.30106,+7.14806
+1.30144,+6.99196
+1.30181,+6.71546
+1.30231,+6.28635
+1.30269,+5.9204
+1.30307,+5.22436
+1.30344,+4.59616
+1.30381,+3.99891
+1.30432,+3.37086
+1.30469,+2.72222
+1.30506,+1.89237
+1.30543,+1.15251
+1.30594,+0.33729
+1.30632,-0.330318
+1.30669,-1.04018
+1.30706,-1.53872
+1.30744,-2.02095
+1.30781,-2.50744
+1.30832,-2.95687
+1.30869,-3.26112
+1.30906,-3.31255
+1.30945,-3.35385
+1.30981,-3.29775
+1.31031,-3.14697
+1.31069,-2.90653
+1.31107,-2.5301
+1.31144,-2.25573
+1.31181,-1.82714
+1.31232,-1.36405
+1.31269,-0.900881
+1.31306,-0.57507
+1.31344,-0.0827161
+1.31381,+0.25818
+1.31431,+0.561718
+1.31469,+0.791477
+1.31506,+1.04377
+1.31545,+1.20057
+1.31581,+1.42362
+1.31632,+1.43426
+1.31669,+1.45697
+1.31706,+1.5178
+1.31743,+1.68922
+1.31781,+1.85699
+1.31832,+2.04635
+1.31869,+2.22205
+1.31906,+2.37617
+1.31945,+2.57532
+1.31981,+2.74894
+1.32032,+3.1115
+1.32068,+3.39989
+1.32107,+3.85006
+1.32144,+4.18377
+1.32181,+4.60067
+1.32232,+4.93937
+1.32268,+5.4364
+1.32306,+5.834
+1.32344,+6.29541
+1.32381,+6.86609
+1.32432,+7.47727
+1.32469,+8.16577
+1.32506,+8.71991
+1.32545,+9.18983
+1.32594,+9.76293
+1.32631,+10.3342
+1.32669,+10.8693
+1.32706,+11.2912
+1.32744,+11.7469
+1.32781,+12.1389
+1.32832,+12.155
+1.3287,+12.3214
+1.32907,+12.2168
+1.32944,+12.1652
+1.32981,+12.068
+1.33032,+11.5369
+1.33069,+10.8198
+1.33107,+10.2267
+1.33145,+9.52532
+1.33181,+8.45474
+1.33231,+7.59324
+1.33269,+6.14495
+1.33306,+4.75592
+1.33345,+3.17473
+1.33381,+1.45674
+1.33432,-0.140987
+1.33469,-1.71303
+1.33507,-3.45166
+1.33545,-5.09587
+1.33581,-6.68651
+1.33644,-8.34615
+1.3367,-9.69616
+1.33707,-11.0387
+1.33744,-12.0302
+1.33781,-12.8708
+1.33832,-13.4501
+1.33869,-13.8154
+1.33906,-13.8628
+1.33944,-13.8194
+1.33981,-13.4502
+1.34032,-12.8805
+1.34069,-12.0114
+1.34106,-10.6879
+1.34144,-9.45199
+1.34181,-8.14499
+1.34232,-6.6887
+1.34269,-5.18945
+1.34307,-3.58834
+1.34344,-2.0755
+1.34382,-0.737342
+1.34432,+0.544959
+1.34469,+1.66332
+1.34506,+2.52868
+1.34545,+3.25518
+1.34581,+3.80813
+1.34631,+4.06043
+1.34669,+4.09939
+1.34707,+3.75036
+1.34745,+3.23416
+1.34781,+2.67759
+1.34832,+1.99882
+1.3487,+1.16978
+1.34907,+0.100684
+1.34945,-1.00803
+1.34982,-2.23173
+1.35032,-3.2465
+1.35069,-4.39675
+1.35108,-5.48247
+1.35144,-6.37549
+1.35182,-7.35482
+1.35232,-8.20622
+1.35269,-8.90433
+1.35307,-9.40059
+1.35345,-9.73964
+1.35381,-9.82881
+1.35432,-10.0186
+1.35469,-9.67513
+1.35506,-9.25772
+1.35545,-8.73799
+1.35582,-7.86082
+1.35632,-6.73531
+1.35669,-5.50273
+1.35707,-3.99291
+1.35745,-2.37951
+1.35782,-0.654196
+1.35831,+1.30235
+1.35869,+3.29073
+1.35907,+5.40075
+1.35945,+7.49879
+1.35982,+9.56851
+1.36033,+11.4524
+1.3607,+13.3031
+1.36107,+14.9667
+1.36144,+16.425
+1.36181,+17.7366
+1.36232,+18.7546
+1.3627,+19.1402
+1.36307,+19.4886
+1.36344,+19.3575
+1.36382,+18.9376
+1.36432,+18.3642
+1.36469,+17.533
+1.36506,+16.2154
+1.36545,+14.7427
+1.36582,+13.0375
+1.36632,+11.2535
+1.36681,+9.72712
+1.36707,+7.96683
+1.36745,+6.43902
+1.36781,+4.97615
+1.36832,+3.51759
+1.3687,+2.18952
+1.36907,+1.24027
+1.36944,+0.389658
+1.36981,-0.150264
+1.37032,-0.491312
+1.3707,-0.680651
+1.37107,-0.607449
+1.37144,-0.467231
+1.37182,-0.158331
+1.37233,+0.213142
+1.37269,+0.666927
+1.37307,+1.01255
+1.37345,+1.48206
+1.37382,+1.80964
+1.37432,+2.07887
+1.37469,+2.06199
+1.37506,+1.81127
+1.37546,+1.4864
+1.37582,+0.837134
+1.37632,+0.179597
+1.3767,-0.886329
+1.37707,-1.96624
+1.37745,-3.23439
+1.37782,-4.55744
+1.37832,-6.05923
+1.3787,-7.45007
+1.37907,-8.7088
+1.37944,-9.98107
+1.37982,-10.9735
+1.38032,-11.8308
+1.3807,-12.1134
+1.38107,-12.1128
+1.38144,-11.8539
+1.38182,-11.3019
+1.38232,-10.5033
+1.3827,-9.31717
+1.38306,-8.00627
+1.38345,-6.46733
+1.38382,-4.89539
+1.38432,-3.41499
+1.38469,-2.12443
+1.38507,-0.985109
+1.38545,+0.0245684
+1.38582,+0.817585
+1.38632,+1.63002
+1.38669,+1.8935
+1.38707,+2.1379
+1.38745,+2.16373
+1.38782,+2.08097
+1.38832,+2.13064
+1.3887,+2.04883
+1.38907,+1.91749
+1.38944,+1.98282
+1.38982,+2.06653
+1.39033,+2.15761
+1.3907,+2.62565
+1.39107,+3.09658
+1.39144,+3.79331
+1.39182,+4.59715
+1.39232,+5.52666
+1.3927,+6.25827
+1.39307,+6.94427
+1.39345,+7.2658
+1.39382,+7.587
+1.39432,+7.42835
+1.39546,+6.96157
+1.3957,+6.09773
+1.39595,+4.93342
+1.39632,+3.2102
+1.3967,+0.840858
+1.39708,-1.57146
+1.39745,-4.17015
+1.39782,-6.91934
+1.39833,-9.78733
+1.3987,-12.483
+1.39907,-15.0846
+1.39944,-17.3752
+1.39983,-19.321
+1.40033,-20.6047
+1.4007,-21.0463
+1.40107,-20.9474
+1.40145,-20.0724
+1.40183,-18.5645
+1.40232,-16.4735
+1.4027,-13.6619
+1.40308,-10.3227
+1.40345,-6.85708
+1.40382,-3.29958
+1.40432,+0.281453
+1.4047,+3.46757
+1.40508,+6.28075
+1.40546,+8.3852
+1.40582,+9.96436
+1.40632,+10.8566
+1.4067,+10.8391
+1.40707,+10.0205
+1.40745,+8.60444
+1.40783,+6.63036
+1.40833,+4.0268
+1.4087,+1.00976
+1.40908,-1.97831
+1.40945,-5.08212
+1.40982,-7.96304
+1.41032,-10.3723
+1.41069,-12.1067
+1.41108,-13.1594
+1.41145,-13.3221
+1.41182,-12.7224
+1.41233,-11.0827
+1.4127,-8.43311
+1.41308,-5.11113
+1.41345,-0.889497
+1.41382,+3.72438
+1.41433,+8.61887
+1.41469,+13.6302
+1.41507,+18.209
+1.41545,+22.3572
+1.41582,+25.8244
+1.41633,+28.4445
+1.4167,+29.9916
+1.41708,+30.582
+1.41745,+30.1777
+1.41783,+28.9841
+1.41833,+26.9254
+1.4187,+23.7239
+1.41907,+20.1644
+1.41945,+16.254
+1.41983,+12.0298
+1.42033,+7.77776
+1.4207,+3.65561
+1.42107,-0.179633
+1.42145,-3.71012
+1.42184,-6.63016
+1.42232,-9.03123
+1.42269,-10.4026
+1.42308,-11.0817
+1.42345,-11.0598
+1.42382,-10.1607
+1.42433,-8.69752
+1.4247,-6.52428
+1.42507,-4.1674
+1.42546,-1.70458
+1.42584,+0.700766
+1.42633,+3.04032
+1.4267,+4.80717
+1.42708,+6.32825
+1.42758,+7.21197
+1.42784,+7.43283
+1.42834,+7.22057
+1.42874,+6.07113
+1.42911,+4.77032
+1.42946,+3.16883
+1.42983,+1.20481
+1.43032,-0.92355
+1.43071,-2.74448
+1.43108,-4.52307
+1.43145,-5.95528
+1.43183,-6.98768
+1.43234,-7.76018
+1.4327,-7.5945
+1.43308,-7.13935
+1.43345,-6.22909
+1.43382,-4.99744
+1.43433,-3.5171
+1.4347,-1.94744
+1.43508,-0.315176
+1.43545,+1.09887
+1.43583,+2.38181
+1.43634,+3.30857
+1.4367,+3.5496
+1.43707,+3.45638
+1.43745,+3.12864
+1.43783,+2.63918
+1.43833,+1.85223
+1.4387,+1.02014
+1.43907,+0.0769007
+1.43946,-0.606549
+1.43983,-0.897757
+1.44033,-0.964834
+1.4407,-0.404205
+1.44108,+0.545826
+1.44145,+1.9166
+1.44183,+3.71191
+1.44233,+5.91222
+1.4427,+7.82953
+1.44308,+10.1184
+1.44346,+12.4744
+1.44384,+14.2893
+1.44433,+15.9195
+1.44471,+17.1168
+1.44508,+17.4137
+1.44545,+17.2479
+1.44583,+16.448
+1.44619,+15.1116
+1.44671,+13.4386
+1.44708,+11.2893
+1.44745,+8.53424
+1.44783,+5.89778
+1.44834,+3.29707
+1.4487,+0.710447
+1.44907,-1.14106
+1.44946,-2.70261
+1.44983,-3.69066
+1.4502,-4.12935
+1.4507,-3.76055
+1.45109,-2.91082
+1.45145,-1.24749
+1.45183,+0.707303
+1.45219,+2.99648
+1.45271,+5.39914
+1.45308,+7.81456
+1.45345,+9.92857
+1.45383,+11.7116
+1.4542,+13.0284
+1.45483,+13.7827
+1.45509,+13.97
+1.45545,+13.4741
+1.45583,+12.4707
+1.45633,+10.7809
+1.4567,+8.98232
+1.45708,+6.83599
+1.45745,+4.91932
+1.45808,+3.04746
+1.45835,+1.4384
+1.4587,+0.358787
+1.45907,-0.469672
+1.45946,-0.71245
+1.45984,-0.439619
+1.46033,+0.454776
+1.46071,+1.8448
+1.46108,+3.63391
+1.46146,+5.50506
+1.46183,+7.59902
+1.46232,+9.68818
+1.46271,+11.6681
+1.46308,+13.4384
+1.46346,+14.8257
+1.46384,+16.0069
+1.46433,+16.8046
+1.46471,+16.9034
+1.46509,+16.7055
+1.46545,+16.028
+1.46583,+14.9085
+1.46633,+13.3393
+1.46671,+11.7531
+1.46708,+9.90088
+1.46746,+8.01705
+1.46784,+5.91193
+1.46834,+3.98064
+1.46871,+1.99818
+1.46908,+0.0181592
+1.46945,-1.6328
+1.46983,-3.12548
+1.47033,-4.16504
+1.47071,-5.13245
+1.47109,-5.40739
+1.47146,-5.59772
+1.47183,-5.27632
+1.47233,-4.52249
+1.47271,-3.21675
+1.47308,-1.37918
+1.47345,+0.614311
+1.47383,+2.85826
+1.47421,+5.09953
+1.47471,+7.20582
+1.47508,+8.91096
+1.47546,+10.3559
+1.47584,+11.122
+1.47634,+10.8143
+1.4767,+9.91412
+1.47708,+8.021
+1.47746,+5.55472
+1.47796,+2.58899
+1.47833,-0.997423
+1.4787,-4.95043
+1.47908,-8.88084
+1.47946,-12.7341
+1.47984,-16.0033
+1.48034,-18.4448
+1.48071,-19.9435
+1.48108,-20.3465
+1.48145,-19.7181
+1.48183,-18.2362
+1.48233,-15.4069
+1.48271,-11.5128
+1.48308,-6.98668
+1.48345,-1.87131
+1.48384,+3.22154
+1.48434,+8.1456
+1.4847,+12.1692
+1.48509,+14.9904
+1.48546,+17.0377
+1.48584,+18.0875
+1.48633,+17.7766
+1.48671,+15.9546
+1.48708,+12.8735
+1.48745,+8.99988
+1.48785,+4.39853
+1.48833,-0.37263
+1.4887,-4.84574
+1.48909,-8.62364
+1.48946,-11.936
+1.48983,-14.3628
+1.49034,-15.7042
+1.49071,-15.5164
+1.49108,-13.9679
+1.49146,-11.4335
+1.49183,-7.77987
+1.49234,-3.47615
+1.49271,+1.43523
+1.49308,+6.53875
+1.49345,+11.3589
+1.49384,+15.5248
+1.49434,+18.9874
+1.4947,+21.1574
+1.49509,+22.2111
+1.49547,+21.1736
+1.49584,+19.2047
+1.49634,+16.4759
+1.49671,+12.6243
+1.49786,+8.44663
+1.49805,+3.96021
+1.49835,-0.312547
+1.49871,-4.24055
+1.49907,-7.47666
+1.49946,-10.0135
+1.49984,-10.6119
+1.50033,-10.5564
+1.5007,-9.49526
+1.50108,-7.54204
+1.50145,-5.22456
+1.50183,-2.45164
+1.50232,+0.518388
+1.5027,+3.65489
+1.50308,+6.76972
+1.50346,+9.66338
+1.50383,+12.0611
+1.5042,+14.0724
+1.50471,+15.2736
+1.50508,+15.996
+1.50546,+16.3817
+1.50583,+16.4374
+1.50619,+16.3808
+1.50671,+15.8406
+1.50708,+15.1966
+1.50745,+14.5485
+1.50782,+14.1093
+1.50835,+13.8806
+1.50872,+13.7228
+1.50908,+13.7377
+1.50945,+13.9653
+1.50984,+14.3798
+1.51021,+14.69
+1.51071,+15.1975
+1.51108,+15.5115
+1.51146,+16.0033
+1.51184,+16.2033
+1.5122,+16.2926
+1.51271,+16.2639
+1.51308,+16.2158
+1.51345,+16.0612
+1.51383,+15.845
+1.5142,+15.5537
+1.51471,+15.4257
+1.51508,+15.3456
+1.51546,+15.0358
+1.51583,+14.8656
+1.51621,+14.5287
+1.51671,+14.2945
+1.51708,+13.8966
+1.51745,+13.5894
+1.51783,+13.1577
+1.5182,+12.8253
+1.51883,+12.1476
+1.51909,+11.576
+1.51945,+11.1087
+1.51984,+10.6592
+1.52034,+10.412
+1.5207,+10.1894
+1.52107,+10.1273
+1.52146,+10.1266
+1.52183,+10.2081
+1.5222,+10.3501
+1.52271,+10.6676
+1.52308,+11.1315
+1.52346,+11.4092
+1.52383,+11.7883
+1.5242,+11.9493
+1.52471,+12.0248
+1.52509,+11.973
+1.52546,+11.571
+1.52583,+11.246
+1.52635,+10.7183
+1.52683,+10.1297
+1.52733,+9.36368
+1.52761,+8.75284
+1.52809,+8.20733
+1.52847,+7.91714
+1.52873,+7.77704
+1.52908,+7.93344
+1.52945,+8.23372
+1.52984,+8.65462
+1.5302,+9.34514
+1.53071,+10.0263
+1.53108,+10.7529
+1.53146,+11.2536
+1.53184,+11.4484
+1.5322,+11.3984
+1.53271,+10.9895
+1.53308,+10.225
+1.53346,+9.2755
+1.53383,+7.97331
+1.5342,+6.58822
+1.5347,+5.13215
+1.53508,+3.62091
+1.53546,+2.4833
+1.53583,+1.77427
+1.5362,+1.3672
+1.53671,+1.44221
+1.53708,+2.01306
+1.53746,+3.13061
+1.53783,+4.53917
+1.5382,+6.14208
+1.53871,+8.04389
+1.53909,+10.1257
+1.53945,+12.0852
+1.53983,+13.7269
+1.54021,+15.1681
+1.54071,+16.2837
+1.54108,+16.892
+1.54146,+16.9948
+1.54183,+16.8424
+1.5422,+16.2907
+1.54271,+15.3847
+1.54308,+14.0248
+1.54346,+12.6278
+1.54384,+11.0818
+1.5442,+9.52965
+1.54472,+8.19139
+1.54509,+7.00869
+1.54546,+6.24215
+1.54583,+5.65339
+1.5462,+5.35308
+1.54671,+5.40993
+1.54708,+6.01344
+1.54746,+6.64778
+1.54783,+7.54751
+1.54821,+8.61356
+1.54884,+9.68087
+1.5491,+10.6909
+1.54946,+11.38
+1.54983,+11.9672
+1.55021,+12.2923
+1.55071,+12.2384
+1.55109,+11.765
+1.55145,+10.9352
+1.55184,+9.9547
+1.55221,+8.62982
+1.55271,+7.17302
+1.55308,+5.52034
+1.55348,+3.92491
+1.55383,+2.55894
+1.5542,+1.40651
+1.55471,+0.582238
+1.55509,+0.0273027
+1.55546,-0.0821295
+1.55584,-0.085894
+1.55621,+0.374137
+1.55672,+1.01195
+1.55708,+1.96347
+1.55746,+3.06092
+1.55784,+4.13718
+1.5582,+5.19789
+1.55871,+6.2075
+1.55908,+7.23954
+1.55945,+8.15626
+1.55983,+9.29968
+1.56022,+10.106
+1.56072,+10.9007
+1.56108,+11.7757
+1.56145,+12.5226
+1.56184,+13.1338
+1.56221,+13.6503
+1.56271,+14.0972
+1.56308,+14.2635
+1.56346,+14.164
+1.56384,+13.6724
+1.56421,+12.9849
+1.56471,+11.9302
+1.56509,+10.3997
+1.56547,+8.70501
+1.56584,+6.86617
+1.5662,+4.88602
+1.56672,+2.99535
+1.56709,+1.25688
+1.56746,+0.0940671
+1.56784,-0.696026
+1.5682,-1.07043
+1.56872,-0.641084
+1.56909,+0.416576
+1.56946,+2.01723
+1.56983,+4.13848
+1.57021,+6.6529
+1.57071,+9.24087
+1.57108,+11.9042
+1.57146,+14.2004
+1.57184,+16.1522
+1.57221,+17.8719
+1.57271,+18.7762
+1.57308,+19.0573
+1.57346,+18.6789
+1.57384,+17.6938
+1.57421,+16.1158
+1.57471,+14.2958
+1.57508,+12.1609
+1.57546,+9.90387
+1.57584,+7.74682
+1.57621,+5.55955
+1.57672,+3.47761
+1.57709,+1.73556
+1.57746,+0.273829
+1.57784,-0.952447
+1.5782,-1.96037
+1.57872,-2.713
+1.57909,-3.27858
+1.57959,-3.50716
+1.57985,-3.8709
+1.5802,-3.97454
+1.58072,-3.70236
+1.58109,-3.31441
+1.58146,-2.71819
+1.58184,-1.94022
+1.58221,-0.847922
+1.58271,+0.209246
+1.58309,+1.4294
+1.58346,+2.65788
+1.58384,+3.97161
+1.58421,+5.18767
+1.58471,+6.19004
+1.58508,+6.97285
+1.58547,+7.37784
+1.58584,+7.49076
+1.58621,+7.26559
+1.58671,+6.80739
+1.58709,+6.20171
+1.58746,+5.11118
+1.58784,+4.1621
+1.58821,+3.03751
+1.58871,+1.96655
+1.58908,+1.05479
+1.58946,+0.304358
+1.58984,-0.360798
+1.59021,-0.781666
+1.59072,-0.947752
+1.59109,-1.03754
+1.59146,-0.750605
+1.59185,-0.636194
+1.59221,-0.282264
+1.59272,+0.0274236
+1.59308,+0.0998834
+1.59346,+0.205907
+1.59384,+0.19055
+1.59421,+0.163754
+1.59471,-0.078667
+1.5951,-0.259755
+1.59547,-0.516257
+1.59584,-0.45021
+1.59621,-0.325206
+1.59671,-0.0424227
+1.59709,+0.58555
+1.59746,+1.34918
+1.59784,+2.71173
+1.59821,+4.00329
+1.59871,+5.41791
+1.59908,+6.82452
+1.60026,+8.19506
+1.60053,+9.33213
+1.60074,+10.2838
+1.60108,+10.9059
+1.60146,+11.1429
+1.60183,+11.0517
+1.6022,+10.3845
+1.6027,+9.59445
+1.60307,+8.74152
+1.60346,+7.69737
+1.60383,+6.67445
+1.60421,+5.56566
+1.60471,+4.66315
+1.60508,+3.89744
+1.60545,+3.5018
+1.60584,+3.29326
+1.6062,+3.20372
+1.6067,+3.47963
+1.60709,+3.76087
+1.60746,+4.34364
+1.60784,+4.99799
+1.60821,+5.84823
+1.60871,+6.58856
+1.60909,+7.34018
+1.60946,+7.86028
+1.60995,+8.30109
+1.61033,+8.9181
+1.61071,+9.01163
+1.61108,+9.10602
+1.61146,+8.91746
+1.61183,+8.78927
+1.6122,+8.37549
+1.61272,+8.07518
+1.61308,+7.71318
+1.61346,+7.42833
+1.61383,+7.21877
+1.61421,+6.9211
+1.61471,+6.95354
+1.61508,+7.02562
+1.61546,+7.18608
+1.61584,+7.36468
+1.61621,+7.7398
+1.61671,+7.92026
+1.61708,+8.18011
+1.61746,+8.38638
+1.61784,+8.61389
+1.61821,+8.69623
+1.6187,+8.56426
+1.61909,+8.30447
+1.61946,+7.86169
+1.61984,+7.3848
+1.6202,+6.81077
+1.62073,+6.12028
+1.62109,+5.51496
+1.62146,+4.95303
+1.62183,+4.3891
+1.6222,+4.07827
+1.62271,+3.89463
+1.62308,+3.955
+1.62345,+4.37163
+1.62384,+4.86742
+1.62421,+5.42576
+1.62471,+6.2952
+1.62509,+7.07737
+1.62546,+7.97728
+1.62584,+8.9304
+1.6262,+9.58585
+1.62671,+10.1917
+1.62709,+10.7947
+1.62746,+11.1836
+1.62783,+11.3126
+1.62822,+11.2537
+1.62872,+10.9724
+1.62909,+10.6973
+1.62946,+10.3247
+1.63122,+9.74856
+1.63148,+9.332
+1.63169,+9.18065
+1.63197,+8.82384
+1.63223,+8.61713
+1.63271,+8.39723
+1.63312,+8.32773
+1.63347,+8.19943
+1.63384,+8.07417
+1.6342,+7.88465
+1.6347,+7.86044
+1.63509,+7.63829
+1.63546,+7.28664
+1.63584,+6.86384
+1.63621,+6.29492
+1.63672,+5.74136
+1.63709,+5.02724
+1.63746,+4.53855
+1.63783,+3.87267
+1.63821,+3.41022
+1.6386,+2.73046
+1.63909,+2.25254
+1.63946,+1.57183
+1.63983,+1.11312
+1.64021,+0.748353
+1.64071,+0.509832
+1.64108,+0.597836
+1.64146,+0.548516
+1.64183,+0.77787
+1.64221,+0.904836
+1.64271,+1.1549
+1.64309,+1.36924
+1.64346,+1.5887
+1.64384,+1.69309
+1.64421,+1.6998
+1.64471,+1.56397
+1.64509,+1.1682
+1.64547,+0.814514
+1.64583,+0.328629
+1.6462,-0.287795
+1.64671,-0.87025
+1.64709,-1.61213
+1.64746,-2.1996
+1.64784,-2.58082
+1.64822,-2.8653
+1.64871,-3.08053
+1.64908,-3.09324
+1.64946,-2.97246
+1.64984,-2.86354
+1.65021,-2.63068
+1.65071,-2.35175
+1.65109,-1.95755
+1.65148,-1.5296
+1.65184,-1.3788
+1.65221,-1.27604
+1.65271,-1.18834
+1.65309,-1.23413
+1.65346,-1.30879
+1.65383,-1.48434
+1.65434,-1.76894
+1.65471,-1.96511
+1.65509,-2.17575
+1.65546,-2.43499
+1.65585,-2.59405
+1.65622,-2.6734
+1.65671,-2.74115
+1.65708,-2.63725
+1.65746,-2.58889
+1.65784,-2.34249
+1.65821,-2.06245
+1.65871,-1.82892
+1.65908,-1.44423
+1.65946,-1.1453
+1.65984,-0.762023
+1.66021,-0.405315
+1.66072,-0.048148
+1.66109,+0.290888
+1.66146,+0.447912
+1.66196,+0.656946
+1.66233,+0.85795
+1.66272,+1.01626
+1.6631,+1.03875
+1.66346,+1.241
+1.66384,+1.38003
+1.66421,+1.61421
+1.66472,+1.76815
+1.66509,+1.81239
+1.66546,+2.02803
+1.66583,+2.19221
+1.66622,+2.3105
+1.66672,+2.34268
+1.66709,+2.50668
+1.66746,+2.62721
+1.66784,+2.63949
+1.66821,+2.39747
+1.66871,+2.46521
+1.66909,+2.42685
+1.66947,+2.32214
+1.66984,+2.2065
+1.67021,+2.25923
+1.6706,+2.31855
+1.6711,+2.21031
+1.67147,+2.20969
+1.67184,+2.38247
+1.67221,+2.68628
+1.67272,+2.68689
+1.67309,+2.85346
+1.67346,+3.12839
+1.67384,+3.4541
+1.67423,+3.59132
+1.67471,+3.84849
+1.67509,+4.12713
+1.67546,+4.3567
+1.67583,+4.42246
+1.67622,+4.49513
+1.67672,+4.69674
+1.67709,+4.84725
+1.67746,+4.91489
+1.67784,+4.86322
+1.67822,+4.94255
+1.6786,+4.87211
+1.67909,+4.81087
+1.67947,+4.74983
+1.67984,+4.77454
+1.68021,+4.5756
+1.68072,+4.36885
+1.68109,+4.10027
+1.68146,+3.77309
+1.68196,+3.43553
+1.68223,+2.99848
+1.68273,+2.69495
+1.68309,+2.30529
+1.68346,+1.77422
+1.68383,+1.10837
+1.68422,+0.574723
+1.68472,+0.106036
+1.68509,-0.417403
+1.68546,-0.765403
+1.68584,-1.12677
+1.68621,-1.36994
+1.6866,-1.6675
+1.68708,-1.69018
+1.68747,-1.63784
+1.68785,-1.43494
+1.68821,-1.05402
+1.68872,-0.585349
+1.68909,+0.00436198
+1.68947,+0.453923
+1.68984,+1.1596
+1.69021,+1.86988
+1.69072,+2.65515
+1.69109,+3.31005
+1.69146,+3.90639
+1.69186,+4.42668
+1.69222,+5.08875
+1.69272,+5.5748
+1.69309,+6.01746
+1.69346,+6.56751
+1.69384,+6.97466
+1.69421,+7.32098
+1.6946,+7.51413
+1.69509,+7.75056
+1.69546,+8.13072
+1.69584,+8.57895
+1.69622,+8.71905
+1.69659,+8.94978
+1.69709,+9.28693
+1.69748,+9.57009
+1.69784,+9.86087
+1.69822,+10.2708
+1.69859,+10.6602
+1.69909,+10.8902
+1.69947,+11.2311
+1.69984,+11.3871
+1.70022,+11.3735
+1.70059,+11.3083
+1.70109,+11.0969
+1.70147,+10.8054
+1.70266,+10.3645
+1.70285,+9.83389
+1.7031,+9.18168
+1.70346,+8.62409
+1.70383,+7.75847
+1.70421,+6.93731
+1.70458,+6.20387
+1.70509,+5.53071
+1.70546,+4.9041
+1.70584,+4.37346
+1.70621,+3.93756
+1.70671,+3.46903
+1.70709,+3.21195
+1.70746,+3.03346
+1.70784,+2.89938
+1.70822,+3.0265
+1.70872,+3.2178
+1.70909,+3.50109
+1.70946,+3.84184
+1.70983,+4.05287
+1.71021,+4.35003
+1.71059,+4.65646
+1.71109,+4.9776
+1.71147,+5.16118
+1.71184,+5.37033
+1.71235,+5.34759
+1.71271,+5.41399
+1.71308,+5.23886
+1.71347,+5.0195
+1.71384,+4.78831
+1.71422,+4.47002
+1.71471,+4.08284
+1.71509,+3.71233
+1.71546,+3.42182
+1.71584,+2.98376
+1.71622,+2.69506
+1.71672,+2.40893
+1.71709,+1.93137
+1.71746,+1.70371
+1.71783,+1.60222
+1.71822,+1.49076
+1.71859,+1.48203
+1.71909,+1.43933
+1.71946,+1.59444
+1.71984,+1.91265
+1.72021,+2.17823
+1.72071,+2.26972
+1.72109,+2.79055
+1.72147,+2.99745
+1.72184,+3.23998
+1.72222,+3.50914
+1.72271,+3.78063
+1.72309,+3.984
+1.72346,+4.0205
+1.72384,+4.15545
+1.72422,+4.23311
+1.72472,+4.40215
+1.72509,+4.53375
+1.72546,+4.68879
+1.72584,+4.78879
+1.72621,+4.87908
+1.72659,+5.02425
+1.72709,+5.13476
+1.72746,+5.25498
+1.72784,+5.26878
+1.72822,+5.50135
+1.72859,+5.75213
+1.72909,+5.75229
+1.72947,+6.01418
+1.72984,+6.20906
+1.73022,+6.45403
+1.73058,+6.57485
+1.73109,+6.69767
+1.73146,+6.81665
+1.73184,+6.79304
+1.73221,+6.82599
+1.73273,+6.58865
+1.73309,+6.75203
+1.73346,+6.73473
+1.73384,+6.69367
+1.73423,+6.52402
+1.7346,+6.4458
+1.73509,+6.50612
+1.73546,+6.41188
+1.73583,+6.42821
+1.73621,+6.15346
+1.73672,+6.31128
+1.73709,+6.19928
+1.73746,+6.04976
+1.73784,+6.09492
+1.73822,+6.15098
+1.73859,+6.11021
+1.73909,+6.09405
+1.73947,+6.25056
+1.73984,+6.38636
+1.74022,+6.63972
+1.74059,+6.78905
+1.74109,+6.88464
+1.74147,+7.01122
+1.74184,+6.99061
+1.74222,+6.84202
+1.74272,+6.6767
+1.74309,+6.53855
+1.74347,+6.2339
+1.74384,+6.03101
+1.74423,+5.76439
+1.74472,+5.33754
+1.74509,+4.94309
+1.74546,+4.53417
+1.74584,+4.09147
+1.74623,+3.76533
+1.74672,+3.57953
+1.74709,+3.2808
+1.74746,+3.05583
+1.74784,+2.889
+1.74822,+2.68882
+1.74872,+2.62314
+1.74909,+2.59277
+1.74947,+2.58523
+1.74984,+2.59638
+1.75022,+2.74113
+1.7506,+2.79002
+1.7511,+2.87428
+1.75147,+3.08135
+1.75184,+3.17358
+1.75221,+3.28127
+1.75272,+3.41599
+1.75309,+3.52696
+1.75347,+3.7225
+1.75384,+3.86883
+1.75423,+3.971
+1.75472,+4.16111
+1.75509,+4.40801
+1.75546,+4.63635
+1.75585,+4.79329
+1.75622,+4.87689
+1.7566,+5.12263
+1.75709,+5.30433
+1.75746,+5.46991
+1.75784,+5.79652
+1.75823,+6.0787
+1.75859,+6.29386
+1.75909,+6.55207
+1.75947,+6.61628
+1.75984,+6.79818
+1.76022,+7.10195
+1.76063,+7.08053
+1.76114,+7.24656
+1.7615,+7.3596
+1.76187,+7.32539
+1.76225,+7.41389
+1.76263,+7.44374
+1.76314,+7.51217
+1.7635,+7.55286
+1.76388,+7.44833
+1.76429,+7.44863
+1.76477,+7.68197
+1.76513,+7.70926
+1.7655,+7.65068
+1.76586,+7.72414
+1.76625,+7.81885
+1.76675,+7.87391
+1.76713,+7.77318
+1.7675,+7.81234
+1.76788,+7.99286
+1.76827,+7.97491
+1.76861,+7.83321
+1.76914,+7.63745
+1.76952,+7.56148
+1.76988,+7.36299
+1.77026,+7.06947
+1.77063,+6.85966
+1.77114,+6.58462
+1.77151,+6.1053
+1.77188,+5.60886
+1.77229,+5.27545
+1.77262,+4.8312
+1.77312,+4.6137
+1.77349,+4.2882
+1.77386,+4.01057
+1.77425,+3.55647
+1.77463,+3.10949
+1.77513,+2.77299
+1.77551,+2.55039
+1.77588,+2.19284
+1.77628,+1.87358
+1.77663,+1.71742
+1.77714,+1.3457
+1.77749,+1.12031
+1.77788,+0.971563
+1.77825,+0.962241
+1.77878,+0.900267
+1.77913,+0.911722
+1.77951,+1.0186
+1.77988,+1.32632
+1.78028,+1.40843
+1.78062,+1.4639
+1.78114,+1.57403
+1.78151,+1.54333
+1.78187,+1.60884
+1.78223,+1.53545
+1.78261,+1.54176
+1.78324,+1.47261
+1.78352,+1.28965
+1.78388,+1.03885
+1.78429,+0.971052
+1.78462,+0.90567
+1.78513,+0.809718
+1.78549,+0.867908
+1.78587,+0.558249
+1.78626,+0.274967
+1.78662,+0.0947551
+1.78713,-0.0923641
+1.78751,-0.179395
+1.78788,-0.299054
+1.78828,-0.483006
+1.78862,-0.671171
+1.78913,-0.896851
+1.78951,-1.19199
+1.78988,-1.18281
+1.79028,-1.14019
+1.79062,-1.21518
+1.79114,-1.24866
+1.79151,-1.38274
+1.79188,-1.44899
+1.79229,-1.5282
+1.79262,-1.66423
+1.79315,-1.53837
+1.79349,-1.42653
+1.79386,-1.44528
+1.79424,-1.33875
+1.79461,-1.14756
+1.79513,-1.02175
+1.7955,-0.709461
+1.79588,-0.535969
+1.79628,-0.267208
+1.79663,+0.116801
+1.79712,+0.291737
+1.7975,+0.682059
+1.79788,+1.21982
+1.79826,+1.65261
+1.79862,+2.08196
+1.79915,+2.50483
+1.79951,+2.93579
+1.79987,+3.60026
+1.80029,+4.08422
+1.80062,+4.66629
+1.80114,+5.39433
+1.80152,+5.91016
+1.80189,+6.42904
+1.80225,+6.95877
+1.80264,+7.44955
+1.80315,+8.01295
+1.80351,+8.42599
+1.80389,+8.8541
+1.80506,+9.26159
+1.80528,+9.58158
+1.80553,+9.82489
+1.80586,+9.94356
+1.80624,+10.0421
+1.80662,+10.2058
+1.80714,+10.3052
+1.8075,+10.2814
+1.80788,+10.1781
+1.80828,+9.9894
+1.80862,+9.90036
+1.80914,+9.71263
+1.80951,+9.62665
+1.80987,+9.5755
+1.81027,+9.36619
+1.81062,+9.08853
+1.81114,+8.79297
+1.81149,+8.46424
+1.81187,+8.34084
+1.81229,+8.22955
+1.81263,+8.02191
+1.81314,+7.82535
+1.81352,+7.55141
+1.81402,+7.48144
+1.81427,+7.35248
+1.81463,+7.25467
+1.81514,+7.18956
+1.81549,+7.18045
+1.81586,+7.13941
+1.81627,+6.92082
+1.81661,+6.77235
+1.81713,+6.76768
+1.8175,+6.83686
+1.81787,+6.57545
+1.81823,+6.45067
+1.81859,+6.2621
+1.8191,+6.16145
+1.81947,+6.06402
+1.81984,+5.89656
+1.82022,+5.80895
+1.8206,+5.64706
+1.8211,+5.19355
+1.82147,+4.70683
+1.82184,+4.47548
+1.82223,+4.13526
+1.82259,+3.8219
+1.8231,+3.30134
+1.82347,+2.93346
+1.82385,+2.34664
+1.82423,+1.81693
+1.8246,+1.40048
+1.82509,+1.11323
+1.82548,+0.639173
+1.82585,-0.00050151
+1.82622,-0.544447
+1.82659,-0.930211
+1.8271,-1.28083
+1.82747,-1.64537
+1.82785,-1.92559
+1.82823,-2.139
+1.8286,-2.39349
+1.8291,-2.60021
+1.82947,-2.74028
+1.82985,-2.79238
+1.83023,-2.9336
+1.8306,-2.99892
+1.83109,-3.03297
+1.83147,-3.09869
+1.83185,-3.02447
+1.83222,-2.88694
+1.8326,-2.93913
+1.8331,-3.015
+1.83347,-2.95323
+1.83385,-2.81771
+1.83423,-2.71336
+1.83459,-2.65501
+1.8351,-2.51608
+1.83548,-2.559
+1.83584,-2.4586
+1.83622,-2.64718
+1.83661,-2.54864
+1.8371,-2.59325
+1.83747,-2.37246
+1.83785,-2.20921
+1.83823,-1.9782
+1.8386,-1.88909
+1.8391,-1.84742
+1.83947,-1.46985
+1.83984,-1.31
+1.84023,-0.917649
+1.8406,-0.601697
+1.8411,-0.0951037
+1.84147,+0.0587416
+1.84185,+0.236855
+1.84223,+0.576483
+1.8426,+0.775614
+1.8431,+1.09861
+1.84348,+1.16446
+1.84385,+1.30471
+1.84435,+1.45869
+1.84472,+1.50124
+1.8451,+1.61927
+1.84547,+1.79253
+1.84585,+1.87731
+1.84622,+1.89272
+1.8466,+1.9852
+1.8471,+2.00021
+1.84747,+2.16621
+1.84784,+2.29178
+1.84823,+2.31445
+1.8486,+2.44172
+1.8491,+2.3861
+1.84947,+2.34447
+1.84985,+2.36703
+1.85023,+2.38843
+1.85059,+2.4357
+1.85109,+2.43671
+1.85148,+2.39226
+1.85185,+2.26471
+1.85223,+2.22226
+1.8526,+2.16725
+1.8531,+2.12513
+1.85348,+2.12397
+1.85385,+1.9755
+1.85422,+1.88057
+1.8546,+1.74898
+1.8551,+1.52496
+1.85547,+1.50697
+1.85584,+1.38198
+1.85623,+1.25706
+1.85659,+1.01757
+1.8571,+0.906689
+1.85747,+0.632479
+1.85784,+0.614997
+1.85823,+0.640185
+1.8586,+0.759869
+1.8591,+0.929467
+1.85947,+0.825282
+1.85985,+1.0137
+1.86023,+1.03441
+1.86063,+1.13432
+1.8611,+1.30495
+1.86147,+1.55939
+1.86185,+1.75083
+1.86223,+1.61209
+1.8626,+1.58538
+1.8631,+1.61756
+1.86348,+1.68606
+1.86385,+1.56868
+1.86435,+1.65455
+1.86462,+1.76109
+1.8651,+1.73356
+1.86548,+1.58308
+1.86585,+1.47333
+1.86623,+1.50391
+1.86659,+1.40487
+1.8671,+1.29776
+1.86748,+1.19301
+1.86785,+1.29392
+1.86823,+1.29691
+1.86861,+1.26987
+1.8691,+1.27504
+1.86947,+1.32952
+1.86984,+1.26115
+1.87023,+1.17865
+1.8706,+1.24866
+1.8711,+1.29243
+1.87147,+1.28813
+1.87185,+1.12312
+1.87223,+1.06284
+1.8726,+0.998053
+1.8731,+0.923051
+1.87347,+0.927973
+1.87385,+1.04165
+1.87423,+1.14611
+1.8746,+1.22232
+1.87511,+1.19211
+1.87575,+1.20377
+1.87593,+1.28455
+1.87628,+1.33719
+1.87661,+1.49453
+1.87711,+1.42236
+1.87748,+1.35131
+1.87785,+1.3391
+1.87823,+1.35718
+1.87859,+1.29935
+1.8791,+1.35491
+1.87948,+1.41594
+1.87985,+1.47159
+1.88023,+1.41152
+1.88061,+1.40067
+1.8811,+1.55006
+1.88147,+1.75947
+1.88185,+1.66156
+1.88223,+1.71413
+1.8826,+1.78288
+1.8831,+1.90272
+1.88347,+1.92067
+1.88385,+1.9021
+1.88423,+1.86153
+1.8846,+1.69986
+1.8851,+1.714
+1.88548,+1.65338
+1.88586,+1.8428
+1.88623,+1.79284
+1.8866,+1.761
+1.8871,+1.70371
+1.88747,+1.7269
+1.88785,+1.7995
+1.88823,+1.91458
+1.8886,+2.09431
+1.88911,+2.06155
+1.88948,+2.00031
+1.88985,+1.96361
+1.89022,+2.02277
+1.8906,+1.98956
+1.8911,+2.03538
+1.89148,+2.01055
+1.89185,+2.13399
+1.89223,+2.09442
+1.89261,+2.15824
+1.8931,+2.23993
+1.89348,+2.34053
+1.89385,+2.26384
+1.89423,+2.33308
+1.89473,+2.43262
+1.8951,+2.4803
+1.89547,+2.61724
+1.89586,+2.57607
+1.89623,+2.78944
+1.8966,+2.79554
+1.8971,+2.90855
+1.89747,+3.03005
+1.89786,+3.33482
+1.89823,+3.57622
+1.8986,+3.72736
+1.89911,+3.83582
+1.89947,+4.01956
+1.89985,+4.09977
+1.90022,+4.18286
+1.9006,+4.31119
+1.90111,+4.2869
+1.90148,+4.3117
+1.90185,+4.13038
+1.90224,+3.98985
+1.9026,+3.92755
+1.9031,+3.98604
+1.90348,+3.83408
+1.90385,+3.83152
+1.90422,+3.64898
+1.90461,+3.50673
+1.9051,+3.25502
+1.90548,+2.97326
+1.90585,+2.86904
+1.90623,+2.50987
+1.90746,+2.18536
+1.90771,+1.72351
+1.9079,+1.36252
+1.90827,+1.03439
+1.90864,+0.8368
+1.90901,+0.514948
+1.90948,+0.371976
+1.90985,+0.221782
+1.91022,-0.113502
+1.9106,-0.189206
+1.9111,-0.280719
+1.91147,-0.321572
+1.91185,-0.414364
+1.91222,-0.46917
+1.91261,-0.674697
+1.9131,-0.835066
+1.91347,-0.864752
+1.91384,-0.871708
+1.91423,-0.77238
+1.91461,-0.864831
+1.9151,-0.874202
+1.91547,-0.923413
+1.91585,-1.0839
+1.91623,-1.20832
+1.9166,-1.1082
+1.9171,-1.03511
+1.91748,-0.975212
+1.91785,-0.95878
+1.91822,-0.921624
+1.91859,-0.594465
+1.91911,-0.435481
+1.91947,-0.23671
+1.91985,+0.108514
+1.92022,+0.426785
+1.92074,+0.707883
+1.9211,+1.10221
+1.92148,+1.30747
+1.92185,+1.58155
+1.92222,+1.87722
+1.9226,+2.00491
+1.9231,+2.27717
+1.92348,+2.50569
+1.92385,+2.71705
+1.92422,+3.00153
+1.92461,+3.27534
+1.9251,+3.43524
+1.92548,+3.88735
+1.92585,+4.1185
+1.92622,+4.33616
+1.92659,+4.69
+1.9271,+4.79248
+1.92747,+5.07942
+1.92785,+5.53177
+1.92823,+5.81315
+1.92861,+6.04248
+1.9291,+6.45684
+1.92947,+6.62089
+1.92985,+7.10825
+1.93023,+7.54308
+1.93061,+7.87991
+1.93111,+8.35427
+1.93147,+8.70453
+1.93185,+8.95523
+1.93223,+9.37922
+1.93262,+9.7189
+1.9331,+9.96242
+1.93348,+10.2591
+1.93385,+10.484
+1.93422,+10.6481
+1.93461,+10.8567
+1.9351,+11.0413
+1.93548,+11.1564
+1.93585,+11.3479
+1.93622,+11.3
+1.93661,+11.2564
+1.9371,+11.2207
+1.93747,+11.1641
+1.93786,+10.9336
+1.93823,+10.7576
+1.93861,+10.4707
+1.9391,+10.3879
+1.93948,+10.172
+1.93985,+9.80058
+1.94023,+9.4929
+1.94061,+9.36041
+1.9411,+9.06914
+1.94148,+8.83163
+1.94185,+8.53887
+1.94222,+8.15272
+1.94259,+7.73351
+1.9431,+7.13003
+1.94348,+6.73607
+1.94385,+6.29468
+1.94423,+5.74493
+1.94461,+5.12635
+1.9451,+4.57088
+1.94548,+3.95831
+1.94585,+3.33031
+1.94623,+2.81826
+1.9466,+2.33746
+1.94698,+1.83944
+1.94748,+1.19479
+1.94786,+0.577364
+1.94822,+0.133678
+1.94861,-0.502734
+1.94897,-1.09036
+1.94947,-1.57042
+1.94986,-2.06452
+1.95023,-2.54807
+1.95061,-3.04168
+1.9511,-3.52889
+1.95148,-3.99304
+1.95185,-4.34424
+1.95223,-4.83891
+1.95261,-5.21026
+1.95298,-5.61552
+1.95348,-6.09488
+1.95385,-6.49044
+1.95423,-6.95778
+1.9546,-7.36976
+1.95497,-7.62522
+1.95549,-7.84719
+1.95598,-8.22541
+1.95626,-8.43005
+1.95661,-8.63623
+1.95711,-8.70421
+1.95748,-8.82338
+1.95785,-8.74578
+1.95823,-8.649
+1.9586,-8.60873
+1.9591,-8.64722
+1.95948,-8.52163
+1.95985,-8.27662
+1.96022,-8.07807
+1.96061,-7.74104
+1.9611,-7.59585
+1.96148,-7.33642
+1.96186,-7.26662
+1.96223,-6.96777
+1.96261,-6.52204
+1.96311,-6.17931
+1.96348,-5.95018
+1.96385,-5.59428
+1.96423,-5.29576
+1.96462,-5.11429
+1.96511,-4.73897
+1.96548,-4.3374
+1.96585,-3.99139
+1.96624,-3.81703
+1.9666,-3.63812
+1.9671,-3.4045
+1.96748,-3.11139
+1.96786,-2.87061
+1.96823,-2.72053
+1.96861,-2.50593
+1.9691,-2.24223
+1.96948,-2.17116
+1.96986,-1.96178
+1.97023,-1.70099
+1.97061,-1.51648
+1.97099,-1.29233
+1.97148,-1.15843
+1.97186,-1.15855
+1.97223,-1.01325
+1.97261,-0.979676
+1.97311,-1.01112
+1.97348,-0.903127
+1.97385,-0.884229
+1.97423,-1.02028
+1.97461,-1.14174
+1.9751,-1.24855
+1.97548,-1.33389
+1.97586,-1.37664
+1.97623,-1.48114
+1.97662,-1.56273
+1.97711,-1.70778
+1.97748,-1.86551
+1.97786,-1.84406
+1.97823,-1.83253
+1.97861,-1.93852
+1.97911,-2.07208
+1.97948,-2.12837
+1.97985,-2.2537
+1.98024,-2.26858
+1.98062,-2.26864
+1.98111,-2.28755
+1.98148,-2.37576
+1.98185,-2.53359
+1.98223,-2.52241
+1.9826,-2.52746
+1.9831,-2.36588
+1.98348,-2.34524
+1.98386,-2.26483
+1.98423,-2.18811
+1.98461,-2.09906
+1.9851,-2.0397
+1.98548,-1.85841
+1.98586,-1.56303
+1.98623,-1.43985
+1.9866,-1.16461
+1.98711,-1.1292
+1.98748,-0.95914
+1.98785,-0.686532
+1.98823,-0.471693
+1.98862,-0.266838
+1.98897,+0.0304246
+1.98948,+0.354054
+1.98985,+0.55444
+1.99022,+0.903773
+1.9906,+1.21096
+1.99111,+1.614
+1.99148,+1.92748
+1.99185,+2.07344
+1.99224,+2.35093
+1.99261,+2.51326
+1.99311,+2.7586
+1.99348,+2.93219
+1.99386,+3.10127
+1.99423,+3.24388
+1.9946,+3.36925
+1.9951,+3.37548
+1.99548,+3.57217
+1.99586,+3.83958
+1.99623,+4.00566
+1.99661,+4.15811
+1.99711,+4.30811
+1.99748,+4.37063
+1.99786,+4.46836
+1.99823,+4.6215
+1.99861,+4.19972
+1.99911,+3.87411
+1.99948,+3.37734
+1.99985,+2.88298
