+0,+0.692614
+0.0006,+0.97081
+0.0011,+1.59263
+0.0016,+1.52215
+0.0022,+1.7322
+0.0027,+2.24368
+0.0032,+2.2836
+0.0037,+2.30141
+0.0043,+1.89039
+0.0048,+2.3918
+0.0053,+2.15395
+0.0058,+1.69686
+0.0065,+0.918387
+0.007,+1.15847
+0.0075,+1.18039
+0.008,+0.687511
+0.0086,+0.31245
+0.0091,+0.828107
+0.0096,+1.29943
+0.0102,+0.963991
+0.0107,+1.28925
+0.0112,+1.77305
+0.0117,+2.28123
+0.0123,+1.83497
+0.0128,+2.02362
+0.0133,+2.41205
+0.0138,+2.50191
+0.0145,+2.3241
+0.015,+2.19457
+0.0155,+1.79548
+0.016,+1.52921
+0.0166,+1.09538
+0.0171,+0.676747
+0.0176,+0.859674
+0.0181,+0.606805
+0.0187,+0.463767
+0.0197,+0.38477
+0.0199,-0.133579
+0.0203,-0.213121
+0.0208,+0.053083
+0.0213,-0.0135882
+0.0218,+0.434498
+0.0225,+0.6619
+0.023,+0.901082
+0.0235,+0.909327
+0.024,+0.985344
+0.0246,+1.32017
+0.0251,+1.29382
+0.0256,+1.02968
+0.0261,+1.20002
+0.0267,+1.20209
+0.0272,+0.906734
+0.0277,+1.0397
+0.0282,+0.66095
+0.0288,+0.21217
+0.0293,-0.00987471
+0.0298,+0.0045542
+0.0305,+0.213412
+0.031,+0.39671
+0.0315,+0.27254
+0.032,+0.520628
+0.0326,+0.655352
+0.0331,+0.0416404
+0.0336,+0.4213
+0.0341,+0.867509
+0.0347,+0.835856
+0.0352,+0.711173
+0.0357,+1.03764
+0.0362,+1.02474
+0.0368,+1.06217
+0.0373,+1.14044
+0.0379,+0.862515
+0.0383,+1.26712
+0.039,+0.947275
+0.0395,+1.03455
+0.04,+0.609668
+0.0405,+0.610358
+0.0411,+0.397057
+0.0416,+0.451472
+0.0421,-0.131218
+0.0427,-0.154278
+0.0432,-0.3156
+0.0437,-0.276024
+0.0442,-0.046709
+0.0448,-0.0625231
+0.0453,+0.358817
+0.0458,+0.31943
+0.0465,+0.328988
+0.047,+0.208665
+0.0475,+0.705612
+0.048,+0.221446
+0.0485,+0.511504
+0.0491,+0.653136
+0.0496,+0.297804
+0.0501,+0.228362
+0.0507,+0.203502
+0.0512,-0.210405
+0.0517,-0.274692
+0.0522,-0.242214
+0.0528,-0.294226
+0.0533,+0.0415299
+0.0538,+0.0390225
+0.0543,-0.0194784
+0.055,+0.421233
+0.0555,+0.228808
+0.056,+0.134924
+0.0565,+0.524174
+0.0571,+0.387431
+0.0576,+0.365215
+0.0581,+0.363755
+0.0586,+0.438406
+0.0593,+0.497547
+0.0597,+0.472824
+0.0602,+0.41303
+0.0609,+0.493238
+0.0613,+0.433375
+0.0618,+0.0791251
+0.0624,+0.251279
+0.063,+0.178716
+0.0635,+0.210454
+0.064,+0.0920049
+0.0645,+0.0382049
+0.0651,-0.164969
+0.0656,-0.221456
+0.0661,-0.441911
+0.0666,-0.206492
+0.0672,-0.383496
+0.0677,-0.432715
+0.0682,-0.237837
+0.0688,-0.323591
+0.0693,-0.304966
+0.0698,-0.344226
+0.0703,-0.272939
+0.0708,-0.339319
+0.0715,-0.31479
+0.072,-0.321469
+0.0725,-0.581429
+0.0731,-0.672116
+0.0736,-1.35019
+0.0741,-1.3118
+0.0746,-1.40104
+0.0752,-1.51421
+0.0757,-1.64489
+0.0762,-1.74127
+0.0767,-1.6894
+0.0773,-1.69628
+0.0779,-1.02469
+0.0783,-1.91468
+0.079,-1.51884
+0.0795,-1.6269
+0.08,-1.62982
+0.0805,-2.00577
+0.0811,-1.92097
+0.0816,-1.81865
+0.0821,-1.71519
+0.0826,-1.87263
+0.0832,-1.9664
+0.0837,-1.06466
+0.0842,-1.01163
+0.0847,-1.69292
+0.0854,-1.66578
+0.0858,-1.23792
+0.0863,-1.35214
+0.0868,-1.36501
+0.0875,-1.6299
+0.088,-1.66265
+0.0885,-1.48225
+0.0891,-1.58142
+0.0896,-1.51646
+0.0901,-0.867862
+0.0906,-0.876342
+0.0912,-1.3341
+0.0917,-1.24778
+0.0922,-1.25395
+0.0927,-1.25177
+0.0934,-1.31944
+0.0938,-1.54199
+0.0943,-1.95768
+0.0948,-1.98597
+0.0955,-2.12692
+0.096,-2.20273
+0.0965,-1.72794
+0.097,-1.85314
+0.0976,-1.95043
+0.0981,-1.75722
+0.0986,-1.69538
+0.0992,-1.72128
+0.0997,-1.25986
+0.1002,-1.23667
+0.1007,-1.10524
+0.1013,-1.07645
+0.1018,-1.28893
+0.1023,-1.2997
+0.1028,-1.36198
+0.1035,-1.4327
+0.104,-1.59939
+0.1045,-1.49919
+0.105,-1.49565
+0.1056,-1.55938
+0.1061,-1.73252
+0.1066,-2.39553
+0.1071,-2.36268
+0.1077,-2.42213
+0.1082,-2.43051
+0.1088,-3.17452
+0.1094,-3.13181
+0.1098,-3.85236
+0.1103,-3.88421
+0.1108,-3.89044
+0.1115,-3.91967
+0.112,-3.51441
+0.1125,-3.48608
+0.113,-3.47352
+0.1136,-3.46973
+0.1141,-2.76593
+0.1146,-2.83808
+0.1151,-2.27682
+0.1157,-3.25628
+0.1162,-3.37544
+0.1167,-3.36341
+0.1172,-3.13272
+0.1179,-3.09381
+0.1184,-3.19931
+0.1189,-3.27336
+0.1195,-3.3954
+0.12,-3.43714
+0.1205,-3.46041
+0.121,-2.64643
+0.122,-2.57517
+0.1223,-2.56148
+0.1226,-2.54019
+0.1231,-2.497
+0.1237,-2.61472
+0.1242,-2.57088
+0.1247,-3.34385
+0.1252,-3.46727
+0.1259,-3.41244
+0.1264,-3.42311
+0.1269,-3.56283
+0.1275,-3.56416
+0.128,-3.76322
+0.1285,-3.9157
+0.129,-3.82314
+0.1296,-4.60204
+0.1301,-3.79339
+0.1306,-4.27309
+0.1311,-4.47803
+0.1317,-4.46263
+0.1322,-5.16339
+0.1327,-5.10422
+0.1332,-5.06748
+0.1339,-5.2201
+0.1344,-5.19996
+0.1349,-5.31618
+0.1353,-5.38717
+0.136,-4.70741
+0.1365,-4.59784
+0.137,-4.65812
+0.1376,-4.06697
+0.1381,-4.86641
+0.1386,-4.85007
+0.1391,-4.64424
+0.1397,-4.74665
+0.1402,-4.00798
+0.1407,-4.01515
+0.1412,-4.16598
+0.1419,-4.17318
+0.1424,-4.81542
+0.1429,-5.32637
+0.1434,-4.7375
+0.144,-5.60444
+0.1445,-5.64767
+0.145,-5.53158
+0.1455,-5.5019
+0.1461,-5.56544
+0.1466,-5.62217
+0.1471,-6.32693
+0.1477,-6.39921
+0.1482,-5.83947
+0.1487,-5.77701
+0.1494,-4.99926
+0.1499,-5.02907
+0.1504,-5.12155
+0.1508,-5.88035
+0.1514,-5.98207
+0.152,-5.88908
+0.1525,-6.02871
+0.153,-5.40031
+0.1535,-5.51352
+0.1541,-6.27323
+0.1546,-6.3843
+0.1551,-6.60653
+0.1556,-6.48761
+0.1562,-6.51261
+0.1567,-6.41273
+0.1572,-6.67319
+0.1579,-6.0163
+0.1583,-6.78241
+0.1589,-6.80836
+0.1594,-6.17937
+0.16,-6.15295
+0.1605,-6.08938
+0.161,-6.15989
+0.1615,-6.24977
+0.1621,-7.02856
+0.1626,-6.95226
+0.1631,-7.56991
+0.1636,-7.61268
+0.1642,-8.25746
+0.1647,-9.0509
+0.1654,-9.07374
+0.1657,-9.84586
+0.1664,-9.83295
+0.1669,-8.92989
+0.1674,-8.21962
+0.168,-8.23577
+0.1685,-7.54428
+0.169,-7.68487
+0.1695,-7.03112
+0.1701,-7.04129
+0.1706,-7.05236
+0.1711,-6.27434
+0.1717,-6.50933
+0.1723,-7.4951
+0.1728,-7.52675
+0.1733,-8.08604
+0.1738,-8.81771
+0.1744,-8.78785
+0.1749,-9.64235
+0.1754,-9.65181
+0.1759,-9.66461
+0.1765,-10.5466
+0.177,-11.2156
+0.1775,-10.418
+0.1782,-11.3437
+0.1786,-11.4094
+0.1791,-10.7999
+0.1797,-10.7839
+0.1803,-9.97704
+0.1808,-9.94635
+0.1813,-10.6622
+0.1818,-10.5684
+0.1824,-9.86899
+0.1829,-10.7238
+0.1834,-9.88962
+0.1839,-10.0121
+0.1845,-10.0845
+0.185,-10.029
+0.1855,-10.8821
+0.186,-10.941
+0.1867,-10.4559
+0.1871,-10.5716
+0.1877,-10.61
+0.1883,-9.84812
+0.1888,-10.6146
+0.1893,-10.719
+0.1899,-10.6281
+0.1904,-10.7675
+0.1909,-10.811
+0.1914,-10.2047
+0.1919,-10.2628
+0.1925,-10.2616
+0.193,-10.2839
+0.1935,-10.9697
+0.194,-10.2554
+0.1946,-10.2877
+0.1952,-11.227
+0.1956,-11.2224
+0.1962,-11.1554
+0.1968,-11.8881
+0.1973,-12.5202
+0.1978,-12.7214
+0.1984,-12.8148
+0.1989,-12.8308
+0.1994,-12.8362
+0.1999,-12.9428
+0.2005,-12.8808
+0.201,-13.102
+0.2015,-13.0149
+0.202,-13.0349
+0.2026,-12.1375
+0.2031,-11.2863
+0.2037,-12.0483
+0.2041,-12.1333
+0.2048,-12.9055
+0.2053,-12.8211
+0.2058,-12.0731
+0.2063,-11.9406
+0.2069,-12.0361
+0.2075,-11.9689
+0.2079,-12.9754
+0.2085,-13.7394
+0.209,-13.7514
+0.2095,-13.8258
+0.21,-13.9528
+0.2107,-14.0141
+0.2112,-14.8764
+0.2117,-14.0134
+0.2121,-14.0411
+0.2128,-14.258
+0.2133,-14.164
+0.2138,-14.3074
+0.2143,-14.418
+0.2149,-14.4151
+0.2154,-14.2798
+0.2159,-14.2362
+0.2165,-14.1253
+0.217,-14.2459
+0.2175,-14.2776
+0.218,-14.1217
+0.2187,-14.14
+0.2191,-14.1295
+0.2197,-14.0654
+0.2202,-14.2395
+0.2208,-14.4399
+0.2213,-14.4596
+0.2218,-14.5286
+0.2223,-15.2442
+0.2229,-15.3365
+0.2234,-15.4802
+0.2244,-15.6303
+0.2247,-15.4639
+0.225,-14.6218
+0.2255,-14.4387
+0.226,-14.3545
+0.2266,-14.4641
+0.2271,-14.4776
+0.2276,-14.616
+0.2281,-14.6729
+0.2287,-14.6989
+0.2292,-14.6393
+0.2297,-14.8056
+0.2302,-15.8969
+0.2309,-16.0363
+0.2314,-16.1994
+0.2319,-16.152
+0.2324,-16.162
+0.233,-16.1647
+0.2335,-16.1828
+0.234,-16.1252
+0.2343,-16.1208
+0.2346,-16.1648
+0.2351,-16.0988
+0.2356,-16.1697
+0.2361,-16.1082
+0.2366,-16.1516
+0.2372,-16.1647
+0.2377,-16.1765
+0.2382,-16.1804
+0.2389,-16.2974
+0.2394,-16.5146
+0.2399,-16.4523
+0.2404,-16.4445
+0.241,-16.3968
+0.2415,-16.5316
+0.242,-16.5718
+0.2425,-16.6651
+0.2431,-16.7035
+0.2436,-16.5581
+0.2441,-16.4941
+0.2446,-16.5547
+0.2452,-16.5263
+0.2457,-16.3917
+0.2462,-16.3718
+0.2469,-16.2732
+0.2474,-16.2955
+0.2479,-16.5148
+0.2484,-16.4693
+0.249,-16.4945
+0.2495,-16.4995
+0.25,-16.2743
+0.2505,-16.4052
+0.2511,-16.463
+0.2516,-16.4978
+0.2521,-16.4743
+0.2526,-16.6107
+0.2532,-16.5043
+0.2537,-16.6293
+0.2542,-16.8358
+0.2547,-16.9278
+0.2554,-17.0704
+0.2559,-17.0365
+0.2564,-17.2348
+0.257,-17.3297
+0.2575,-17.3558
+0.258,-17.238
+0.2585,-17.0871
+0.2591,-17.0798
+0.2596,-17.1587
+0.2601,-16.9776
+0.2607,-16.9921
+0.2612,-17.0473
+0.2617,-16.8526
+0.2622,-16.8179
+0.2627,-16.8943
+0.2634,-16.8736
+0.2639,-16.9122
+0.2644,-16.8222
+0.2649,-16.8278
+0.2655,-17.0161
+0.266,+4.15353
+0.2667,+4.25076
+0.2672,+4.40774
+0.268,+4.32977
+0.2683,+4.28844
+0.2689,+4.50837
+0.2692,+4.53969
+0.2697,+4.71278
+0.2702,+4.66712
+0.2707,+4.71108
+0.2714,+4.83304
+0.2719,+4.77634
+0.2724,+4.72478
+0.2729,+4.57227
+0.2735,+4.6349
+0.274,+4.63365
+0.2745,+4.70526
+0.275,+4.90466
+0.2756,+4.98556
+0.2761,+5.01614
+0.2766,+4.89686
+0.2772,+5.02415
+0.2777,+5.05536
+0.2782,+5.48494
+0.2789,+5.44219
+0.2794,+5.53113
+0.2799,+5.66803
+0.2804,+5.46829
+0.2809,+5.55399
+0.2815,+5.60082
+0.282,+5.55792
+0.2825,+5.62389
+0.283,+5.54274
+0.2836,+5.44542
+0.2841,+5.67428
+0.2846,+5.64746
+0.2852,+5.6637
+0.2857,+5.85989
+0.2862,+5.74498
+0.2867,+5.66455
+0.2874,+5.90644
+0.2879,+5.99262
+0.2884,+6.18675
+0.2889,+6.25812
+0.2895,+6.12441
+0.29,+6.20131
+0.2905,+6.19096
+0.291,+6.3043
+0.2916,+6.35396
+0.2921,+6.53932
+0.2926,+6.48211
+0.2931,+6.45008
+0.2937,+6.56599
+0.2942,+6.54014
+0.2947,+6.6711
+0.2954,+6.47325
+0.2959,+6.59449
+0.2964,+6.35837
+0.2969,+6.40463
+0.2975,+6.3613
+0.298,+6.46671
+0.2985,+6.40367
+0.299,+6.32089
+0.2996,+6.274
+0.3001,+6.26805
+0.3006,+6.58145
+0.3011,+6.48274
+0.3017,+6.46447
+0.3022,+6.58319
+0.3027,+6.45748
+0.3032,+6.45548
+0.3039,+6.39025
+0.3044,+6.50467
+0.3049,+6.6784
+0.3055,+6.75112
+0.306,+6.74121
+0.3065,+6.89596
+0.307,+6.95595
+0.3076,+6.86986
+0.3081,+7.09916
+0.3086,+7.26673
+0.3091,+7.4944
+0.3097,+7.37318
+0.3102,+7.48039
+0.3107,+7.55231
+0.3112,+7.67206
+0.3119,+7.80521
+0.3124,+8.08627
+0.3129,+8.11284
+0.3134,+8.07344
+0.314,+8.04529
+0.3145,+8.02227
+0.315,+8.27725
+0.3156,+8.23343
+0.3161,+8.20161
+0.3166,+8.20412
+0.3171,+7.98605
+0.3177,+7.9065
+0.3182,+8.03735
+0.3187,+8.06102
+0.3192,+7.99381
+0.3199,+8.14097
+0.3204,+8.01424
+0.3209,+8.11464
+0.3214,+8.13986
+0.322,+8.07787
+0.3225,+8.30305
+0.323,+8.40368
+0.3235,+8.47485
+0.3241,+8.73217
+0.3246,+8.86288
+0.3251,+8.93074
+0.3257,+9.20614
+0.3268,+9.19989
+0.327,+9.35843
+0.3272,+9.4446
+0.3279,+9.5406
+0.3284,+9.67744
+0.3289,+9.58459
+0.3293,+9.59647
+0.33,+9.66887
+0.3305,+9.55277
+0.331,+9.43813
+0.3315,+9.62431
+0.3321,+9.50311
+0.3326,+9.46494
+0.3331,+9.37913
+0.3336,+9.22399
+0.3342,+9.27768
+0.3347,+9.14249
+0.3352,+9.10694
+0.3359,+9.24105
+0.3364,+9.34706
+0.3369,+9.26902
+0.3374,+9.39614
+0.338,+9.4295
+0.3385,+9.68648
+0.339,+9.79941
+0.3395,+9.90763
+0.3401,+9.97846
+0.3406,+10.0294
+0.3411,+9.82305
+0.3416,+9.74593
+0.3422,+9.78456
+0.3427,+9.69894
+0.3432,+9.63749
+0.3439,+9.58123
+0.3444,+9.60254
+0.3449,+9.6315
+0.3454,+9.71207
+0.346,+9.67742
+0.3465,+9.89475
+0.347,+9.99919
+0.3475,+10.1008
+0.3481,+10.3947
+0.3486,+10.5713
+0.3491,+10.4074
+0.3496,+10.5051
+0.3502,+10.7062
+0.3507,+10.7448
+0.3512,+10.8877
+0.3517,+10.9068
+0.3524,+10.8426
+0.3529,+10.8315
+0.3534,+10.7173
+0.354,+10.903
+0.3545,+11.0491
+0.355,+10.9212
+0.3555,+10.8499
+0.3561,+10.974
+0.3566,+10.9367
+0.3571,+11.1188
+0.3576,+11.5267
+0.3582,+11.6725
+0.3587,+11.8937
+0.3592,+11.7016
+0.3599,+11.6817
+0.3604,+11.7774
+0.3609,+11.9218
+0.3614,+11.9858
+0.3619,+12.0037
+0.3625,+11.8956
+0.363,+11.7144
+0.3635,+11.6971
+0.364,+11.4786
+0.3646,+11.6651
+0.3651,+11.7629
+0.3656,+11.871
+0.3662,+11.8522
+0.3667,+11.8744
+0.3672,+11.9526
+0.3678,+11.9615
+0.3684,+12.0451
+0.3689,+12.1846
+0.3694,+12.4785
+0.37,+12.5274
+0.3705,+12.6586
+0.371,+12.8085
+0.3715,+12.7651
+0.372,+12.7102
+0.3726,+12.8473
+0.3731,+13.1573
+0.3736,+13.5466
+0.3742,+13.2977
+0.3747,+13.1945
+0.3752,+13.1821
+0.3757,+13.1812
+0.3764,+13.1278
+0.3769,+13.5102
+0.3774,+13.9419
+0.3779,+13.8307
+0.3785,+13.7661
+0.379,+13.4694
+0.3795,+13.6517
+0.38,+13.5906
+0.3806,+13.7353
+0.3811,+13.7781
+0.3816,+13.7842
+0.3822,+13.5373
+0.3827,+13.2963
+0.3832,+13.5013
+0.3837,+13.5022
+0.3844,+13.3615
+0.3849,+13.5163
+0.3854,+13.6696
+0.3859,+13.6307
+0.3865,+13.704
+0.387,+13.8307
+0.3875,+13.7523
+0.388,+14.1276
+0.3886,+14.0113
+0.3891,+14.1319
+0.3896,+14.2217
+0.3901,+14.584
+0.3907,+14.6123
+0.3912,+14.7128
+0.3917,+14.8201
+0.3924,+14.7303
+0.3929,+14.9805
+0.3934,+14.6558
+0.3939,+14.7616
+0.3945,+14.6916
+0.395,+15.2045
+0.3955,+15.0409
+0.396,+15.1026
+0.3966,+15.3684
+0.3971,+15.3516
+0.3976,+15.5192
+0.3981,+14.9702
+0.3987,+14.9013
+0.3992,+15.417
+0.3997,+16.0158
+0.4002,+15.6263
+0.4009,+15.7508
+0.4014,+15.2808
+0.4019,+14.9592
+0.4024,+15.3079
+0.403,+15.6649
+0.4035,+16.1719
+0.404,+16.6731
+0.4046,+16.2647
+0.4051,+16.2707
+0.4056,+16.0132
+0.4061,+16.167
+0.4067,+16.5994
+0.4072,+16.7188
+0.4077,+16.4348
+0.4082,+16.4427
+0.4089,+16.5891
+0.4094,+16.1304
+0.4099,+16.2873
+0.4105,+15.8382
+0.411,+16.6109
+0.4115,+16.2734
+0.412,+16.3726
+0.4126,+16.4673
+0.4131,+16.7271
+0.4136,+16.3256
+0.4141,+16.6511
+0.4147,+17.1583
+0.4152,+17.5894
+0.4157,+18.1662
+0.4162,+17.8648
+0.4169,+17.8155
+0.4174,+17.8538
+0.4179,+17.5619
+0.4184,+17.8089
+0.419,+17.9459
+0.4195,+17.1541
+0.42,+17.055
+0.4206,+16.6958
+0.4211,+15.9255
+0.4216,+16.0257
+0.4221,+16.4511
+0.4226,+16.5334
+0.4232,+16.7546
+0.4237,+16.2988
+0.4243,+16.7421
+0.4249,+17.523
+0.4254,+17.6871
+0.4259,+17.7771
+0.4264,+18.0308
+0.427,+17.717
+0.4275,+17.7786
+0.428,+18.1393
+0.4292,+18.3849
+0.4295,+18.7393
+0.4297,+18.6678
+0.4301,+18.3769
+0.4307,+17.9897
+0.4312,+18.2054
+0.4317,+18.3385
+0.4322,+18.5903
+0.4329,+18.6096
+0.4334,+18.366
+0.4339,+18.3928
+0.4344,+18.5206
+0.435,+18.7443
+0.4355,+18.8053
+0.436,+19.1575
+0.4365,+18.9915
+0.4371,+18.9251
+0.4376,+18.9944
+0.4381,+18.6247
+0.4386,+18.1202
+0.4392,+18.1867
+0.4397,+17.8758
+0.4402,+17.1171
+0.4409,+17.204
+0.4414,+16.9942
+0.4419,+17.2537
+0.4424,+17.6926
+0.4429,+17.7609
+0.4435,+17.8917
+0.444,+18.4016
+0.4445,+18.4936
+0.4451,+18.5554
+0.4456,+19.3862
+0.4461,+19.4085
+0.4466,+19.5908
+0.4472,+19.6603
+0.4477,+19.3768
+0.4482,+19.7232
+0.4489,+19.5748
+0.4494,+19.9068
+0.4499,+19.7956
+0.4504,+19.7043
+0.4509,+19.7238
+0.4515,+19.6761
+0.452,+19.4255
+0.4525,+19.0897
+0.4531,+19.0023
+0.4536,+18.7758
+0.4541,+19.3144
+0.4546,+19.4202
+0.4552,+19.4284
+0.4559,+19.6601
+0.4562,+19.4761
+0.4567,+19.9052
+0.4574,+20.1318
+0.4579,+20.2906
+0.4584,+20.4593
+0.4589,+20.5286
+0.4595,+20.38
+0.46,+19.8743
+0.4605,+19.9515
+0.4611,+20.1766
+0.4616,+20.0523
+0.4621,+19.6632
+0.4626,+19.8543
+0.4632,+19.5955
+0.4638,+19.9351
+0.4642,+19.6992
+0.4647,+19.3198
+0.4654,+19.3213
+0.4659,+19.1473
+0.4664,+18.8748
+0.4669,+19.1037
+0.4675,+19.3671
+0.468,+19.0163
+0.4685,+19.3049
+0.4691,+19.2903
+0.4696,+19.5656
+0.4701,+19.7998
+0.4706,+20.0623
+0.4711,+20.6132
+0.4718,+20.9612
+0.4722,+20.7838
+0.4727,+20.5915
+0.4732,+20.7175
+0.4739,+20.5039
+0.4744,+20.2671
+0.4749,+20.2242
+0.4755,+20.3949
+0.476,+20.5933
+0.4765,+20.2832
+0.477,+19.797
+0.4776,+19.7806
+0.4781,+19.8336
+0.4786,+19.961
+0.4792,+20.3002
+0.4797,+20.4542
+0.4802,+20.769
+0.4807,+20.6041
+0.4814,+20.5471
+0.4819,+20.6293
+0.4824,+20.6802
+0.4829,+21.0807
+0.4835,+21.1438
+0.484,+21.0168
+0.4845,+20.9841
+0.485,+20.6717
+0.4856,+20.6651
+0.4861,+20.9886
+0.4866,+21.1233
+0.4871,+21.084
+0.4877,+21.3854
+0.4882,+21.269
+0.4887,+21.3577
+0.4892,+21.8882
+0.4899,+21.903
+0.4904,+22.2334
+0.4909,+21.9462
+0.4915,+21.8127
+0.492,+21.658
+0.4925,+21.6981
+0.493,+21.6388
+0.4936,+21.4793
+0.4941,+21.5297
+0.4946,+20.9975
+0.4951,+20.9999
+0.4958,+21.3727
+0.4962,+21.8268
+0.4967,+21.8186
+0.4972,+22.0097
+0.4979,+22.3584
+0.4984,+22.5124
+0.4989,+22.3976
+0.4994,+22.1334
+0.5,+22.4731
+0.5005,+22.4448
+0.501,+22.3399
+0.5016,+21.8792
+0.5021,+22.047
+0.5026,+21.9672
+0.5031,+21.8796
+0.5038,+21.7767
+0.5042,+22.1057
+0.5047,+22.3723
+0.5052,+22.5852
+0.5059,+22.7343
+0.5064,+22.4718
+0.5069,+22.7835
+0.5074,+22.732
+0.508,+22.8317
+0.5085,+22.7141
+0.509,+22.7751
+0.5095,+22.8409
+0.5101,+22.8566
+0.5106,+22.5688
+0.5111,+22.7964
+0.5117,+23.1571
+0.5122,+23.0303
+0.5128,+22.7826
+0.5133,+22.6924
+0.5139,+22.7727
+0.5144,+22.6627
+0.5149,+22.4108
+0.5154,+22.5464
+0.516,+22.9194
+0.5165,+22.7906
+0.517,+22.7287
+0.5175,+23.0668
+0.5181,+23.3565
+0.5186,+23.4323
+0.5191,+23.1307
+0.5196,+23.3278
+0.5202,+23.4542
+0.5207,+23.459
+0.5212,+23.1992
+0.5219,+23.2555
+0.5224,+23.3067
+0.5229,+23.1405
+0.5234,+23.3166
+0.524,+23.4707
+0.5245,+23.8474
+0.525,+24.0705
+0.5255,+23.8522
+0.5261,+23.8251
+0.5266,+23.8477
+0.5271,+24.0102
+0.5276,+23.6339
+0.5283,+23.4958
+0.5287,+23.3768
+0.5293,+23.4974
+0.5297,+23.6872
+0.5304,+23.3448
+0.5316,+23.841
+0.5318,+23.8391
+0.532,+24.0181
+0.5325,-26.5898
+0.533,-26.5661
+0.5335,-26.5899
+0.5341,-26.6072
+0.5346,-26.5101
+0.5351,-26.5007
+0.5356,-26.5364
+0.5363,-26.5693
+0.5368,-26.4179
+0.5373,-26.2016
+0.5379,-26.4073
+0.5384,-26.3331
+0.5389,-26.2475
+0.5394,-26.2988
+0.5399,-26.2676
+0.5405,-26.3498
+0.541,-26.4679
+0.5415,-26.5553
+0.5421,-26.5168
+0.5426,-26.6748
+0.5431,-26.5456
+0.5436,-26.669
+0.5443,-26.6905
+0.5447,-26.5163
+0.5453,-26.7474
+0.5457,-26.6498
+0.5464,-26.4937
+0.5469,-26.3709
+0.5474,-26.4864
+0.5479,-26.4899
+0.5485,-26.5642
+0.549,-26.6101
+0.5495,-26.4915
+0.55,-26.6359
+0.5506,-26.3773
+0.5511,-26.336
+0.5516,-26.3545
+0.5523,-26.3826
+0.5527,-26.375
+0.5532,-26.3923
+0.5538,-26.4824
+0.5544,-26.1883
+0.5549,-26.4701
+0.5554,-26.4058
+0.5559,-26.6749
+0.5565,-26.4872
+0.557,-26.4663
+0.5575,-26.4942
+0.558,-26.5574
+0.5586,-26.5226
+0.5591,-26.3558
+0.5596,-26.6193
+0.5603,-26.4979
+0.5607,-26.3697
+0.5613,-26.1448
+0.5618,-26.3272
+0.5624,-26.4371
+0.5629,-26.6662
+0.5634,-26.6232
+0.5639,-26.4235
+0.5645,-26.4401
+0.565,-26.4357
+0.5655,-26.4039
+0.566,-26.6433
+0.5666,-26.7434
+0.5671,-26.6544
+0.5676,-26.6301
+0.5681,-26.353
+0.5687,-26.3092
+0.5692,-26.4629
+0.5698,-26.3824
+0.5702,-26.2587
+0.5709,-26.1641
+0.5714,-25.972
+0.5719,-26.0015
+0.5725,-26.1492
+0.573,-25.932
+0.5735,-25.9767
+0.574,-26.0509
+0.5746,-25.9756
+0.5751,-26.0148
+0.5756,-26.128
+0.5761,-26.1075
+0.5768,-26.0951
+0.5773,-25.8501
+0.5778,-25.7084
+0.5783,-25.7104
+0.5789,-25.5895
+0.5794,-25.5192
+0.5799,-25.4914
+0.5805,-25.3462
+0.581,-25.1947
+0.5815,-25.1654
+0.582,-25.1563
+0.5826,-25.1996
+0.5831,-25.3042
+0.5836,-25.3367
+0.5841,-25.3383
+0.5848,-25.2324
+0.5852,-25.1672
+0.5858,-25.2657
+0.5862,-25.1376
+0.5869,-25.386
+0.5874,-25.4109
+0.5879,-25.5512
+0.5884,-25.2618
+0.589,-25.1194
+0.5895,-25.0295
+0.59,-24.9073
+0.5905,-24.9075
+0.5911,-24.8417
+0.5916,-24.9798
+0.5921,-24.7448
+0.5928,-24.7324
+0.5933,-24.6041
+0.5938,-24.7329
+0.5943,-24.9062
+0.5949,-24.9719
+0.5954,-25.0317
+0.5959,-24.8381
+0.5964,-24.8818
+0.597,-24.755
+0.5975,-24.7225
+0.598,-24.5918
+0.5986,-24.4231
+0.5991,-24.4733
+0.5996,-24.4002
+0.6001,-24.1251
+0.6008,-24.0512
+0.6013,-24.1551
+0.6017,-23.9798
+0.6023,-23.883
+0.6029,-23.7269
+0.6034,-23.7141
+0.6039,-23.7204
+0.6044,-23.6222
+0.605,-23.6293
+0.6055,-23.8288
+0.606,-23.7914
+0.6065,-23.6392
+0.6071,-23.6643
+0.6076,-23.6834
+0.6081,-23.7517
+0.6088,-23.6347
+0.6093,-23.6064
+0.6097,-23.5797
+0.6103,-23.3051
+0.6108,-23.1413
+0.6114,-23.1038
+0.6119,-22.9312
+0.6124,-22.8732
+0.613,-22.9312
+0.6135,-22.8673
+0.614,-22.7413
+0.6145,-22.7
+0.6151,-22.647
+0.6156,-22.6005
+0.6161,-22.6862
+0.6166,-22.72
+0.6172,-22.8511
+0.6178,-22.8762
+0.6183,-22.7624
+0.6188,-22.5856
+0.6194,-22.6855
+0.6199,-22.5964
+0.6204,-22.4513
+0.621,-22.343
+0.6215,-21.9937
+0.622,-21.9967
+0.6225,-22.0086
+0.6231,-21.7958
+0.6236,-21.623
+0.6241,-21.7103
+0.6246,-21.6572
+0.6253,-21.5308
+0.6258,-21.4055
+0.6263,-21.6443
+0.6267,-21.8707
+0.6274,-21.7906
+0.6279,-21.6411
+0.6284,-21.5175
+0.629,-21.4305
+0.6295,-21.4889
+0.63,-21.4574
+0.6305,-21.5348
+0.6311,-21.4523
+0.6316,-21.1915
+0.6321,-20.8864
+0.6326,-20.6002
+0.634,-20.7299
+0.6342,-20.5462
+0.6344,-20.5938
+0.6348,-20.3541
+0.6354,-20.1405
+0.6359,-19.8979
+0.6364,-19.9331
+0.6369,-19.9015
+0.6375,-19.9722
+0.638,-20.0439
+0.6385,-19.841
+0.6391,-19.9163
+0.6396,-19.7917
+0.6401,-19.6416
+0.6406,-19.4823
+0.6413,-19.6518
+0.6418,-19.592
+0.6423,-19.2952
+0.6428,-18.9972
+0.6434,-18.917
+0.6439,-18.672
+0.6444,-18.496
+0.6449,-18.4722
+0.6455,-18.55
+0.646,-18.7099
+0.6465,-18.7259
+0.6471,-18.6067
+0.6476,-18.695
+0.6481,-18.7491
+0.6486,-18.7674
+0.6493,-18.753
+0.6498,-18.8698
+0.6503,-18.7171
+0.6508,-18.6252
+0.6514,-18.2809
+0.6519,-17.942
+0.6524,-17.7621
+0.6529,-17.7078
+0.6535,-17.8588
+0.654,-17.6925
+0.6545,-17.4914
+0.655,-17.3352
+0.6556,-17.3502
+0.6561,-17.3968
+0.6566,-17.489
+0.6571,-17.3985
+0.6578,-17.4013
+0.6582,-17.3519
+0.6588,-16.9981
+0.6594,-16.7716
+0.6599,-16.7887
+0.6604,-16.5767
+0.6609,-16.4244
+0.6615,-16.1757
+0.662,-16.1043
+0.6625,-16.1092
+0.663,-15.8967
+0.6636,-15.75
+0.6641,-15.6677
+0.6646,-15.7252
+0.6651,-15.5583
+0.6658,-15.5942
+0.6663,-15.6508
+0.6668,-15.5077
+0.6672,-15.3497
+0.6679,-15.1581
+0.6684,-15.2666
+0.6689,-15.34
+0.6695,-15.2281
+0.67,-14.9482
+0.6705,-14.9206
+0.671,-14.891
+0.6716,-14.3814
+0.6721,-14.2032
+0.6726,-14.2214
+0.6731,-14.0691
+0.6738,-13.5887
+0.6743,-13.235
+0.6748,-13.3323
+0.6753,-13.5932
+0.6759,-13.4765
+0.6764,-13.2859
+0.6769,-13.5558
+0.6774,-13.734
+0.678,-13.4018
+0.6785,-13.3084
+0.679,-13.4695
+0.6796,-13.3923
+0.6803,-13.1756
+0.6806,-12.8221
+0.6811,-12.7454
+0.6818,-12.6824
+0.6823,-12.464
+0.6828,-12.2287
+0.6833,-12.0686
+0.6839,-12.1006
+0.6844,-12.0415
+0.6849,-12.1146
+0.6854,-12.136
+0.686,-12.2006
+0.6865,-11.9626
+0.687,-11.9123
+0.6875,-11.601
+0.6881,-11.5074
+0.6886,-11.5809
+0.6891,-11.2272
+0.6898,-10.981
+0.6903,-10.7466
+0.6908,-10.566
+0.6913,-10.3742
+0.6919,-10.5841
+0.6924,-10.219
+0.6929,-10.194
+0.6934,-10.0978
+0.694,-10.0486
+0.6945,-10.2205
+0.695,-10.4919
+0.6955,-10.6349
+0.6961,-10.3293
+0.6966,-10.1017
+0.6971,-10.073
+0.6978,-10.0655
+0.6983,-9.79375
+0.6988,-9.4737
+0.6993,-9.37262
+0.6999,-9.08177
+0.7004,-8.96551
+0.7009,-8.53482
+0.7014,-8.51088
+0.702,-8.39973
+0.7025,-8.08834
+0.703,-7.95877
+0.7035,-8.03362
+0.7041,-8.10669
+0.7046,-7.62736
+0.7051,-7.63667
+0.7056,-7.1453
+0.7063,-7.30323
+0.7068,-7.22112
+0.7073,-7.12316
+0.7079,-7.06672
+0.7084,-7.10943
+0.7089,-7.02954
+0.7094,-6.68497
+0.71,-7.02039
+0.7105,-7.16411
+0.711,-7.2345
+0.7115,-7.07355
+0.7121,-6.89223
+0.7126,-7.16726
+0.7131,-7.17593
+0.7136,-6.76297
+0.7143,-6.91282
+0.7148,-6.85224
+0.7153,-6.87547
+0.7158,-6.32737
+0.7164,-6.3934
+0.7169,-6.33685
+0.7174,-6.61632
+0.718,-6.2557
+0.7185,-5.91347
+0.719,-5.90328
+0.7195,-5.8609
+0.7201,-5.78147
+0.7206,-5.13272
+0.7211,-4.85674
+0.7216,-4.50268
+0.7223,-4.32245
+0.7228,-3.95373
+0.7233,-3.59708
+0.7238,-3.75786
+0.7244,-4.08838
+0.7249,-3.99239
+0.7254,-4.30228
+0.7259,-4.43975
+0.7265,-4.67183
+0.727,-4.40078
+0.7275,-4.30731
+0.7281,-4.06836
+0.7286,-4.05376
+0.7291,-3.88646
+0.7296,-3.69391
+0.7303,-3.06207
+0.7308,-2.5002
+0.7313,-2.38397
+0.7318,-2.3416
+0.7324,-2.30458
+0.7329,-2.20032
+0.7334,-2.24347
+0.7339,-2.43715
+0.7345,-1.82047
+0.735,-1.62119
+0.7355,-1.76139
+0.7364,-1.88575
+0.7367,-1.82964
+0.7371,-1.57701
+0.7376,-1.7106
+0.7383,-1.31274
+0.7388,-1.13682
+0.7393,-0.973248
+0.7398,-1.41763
+0.7404,-1.1615
+0.7409,-1.02915
+0.7414,-0.975241
+0.7419,-0.796301
+0.7425,-0.754807
+0.743,-0.671602
+0.7435,-1.04611
+0.744,-1.10877
+0.7446,-0.704261
+0.7451,-0.607641
+0.7456,-0.163766
+0.7461,-0.279166
+0.7468,-0.069417
+0.7473,-0.422269
+0.7478,-0.589134
+0.7484,-0.329156
+0.7489,-0.303875
+0.7494,-0.122113
+0.75,-0.21563
+0.7505,+0.320492
+0.751,-0.310854
+0.7515,-0.0462821
+0.752,-0.0436745
+0.7526,+0.386854
+0.7531,+0.410785
+0.7536,+0.695204
+0.7541,+1.06635
+0.7548,+1.37158
+0.7553,+1.04416
+0.7558,+0.33428
+0.7563,+0.919173
+0.7569,+0.961877
+0.7574,+0.733974
+0.7579,+0.537648
+0.7585,+1.08957
+0.759,+0.678496
+0.7595,+0.917206
+0.76,+0.773557
+0.7606,+0.971563
+0.7611,+1.826
+0.7618,+1.34347
+0.7621,+1.21203
+0.7628,+1.85593
+0.7633,+1.82519
+0.7638,+1.79774
+0.7643,+1.88003
+0.7649,+2.10147
+0.7654,+1.71943
+0.7659,+2.27185
+0.7665,+2.06979
+0.767,+2.26648
+0.7675,+2.47969
+0.768,+2.2535
+0.7686,+2.44653
+0.7691,+2.02747
+0.7696,+2.14625
+0.7701,+1.8481
+0.7708,+2.45184
+0.7713,+2.18168
+0.7718,+2.06906
+0.7723,+2.32256
+0.7729,+2.31547
+0.7734,+2.43915
+0.7739,+2.52862
+0.7744,+3.0674
+0.775,+2.77121
+0.7755,+2.5487
+0.776,+2.70094
+0.7766,+2.95944
+0.7771,+3.28732
+0.7776,+3.58824
+0.7781,+3.86883
+0.7788,+3.90141
+0.7793,+4.40554
+0.7798,+4.04984
+0.7803,+4.77035
+0.7809,+5.27472
+0.7814,+5.11841
+0.7819,+4.68807
+0.7824,+4.36224
+0.783,+4.00871
+0.7835,+4.20742
+0.784,+3.89509
+0.7845,+3.47004
+0.7851,+3.86865
+0.7856,+3.43588
+0.7861,+3.2918
+0.7866,+3.51108
+0.7873,+3.97288
+0.7878,+4.52463
+0.7883,+4.64806
+0.7889,+4.52104
+0.7894,+5.12149
+0.7899,+5.46672
+0.7904,+5.03533
+0.791,+5.45616
+0.7915,+5.2963
+0.792,+5.14306
+0.7925,+5.21044
+0.7931,+5.02006
+0.7936,+5.10499
+0.7941,+5.1721
+0.7946,+5.02249
+0.7953,+5.04447
+0.7958,+5.81674
+0.7963,+5.39305
+0.7969,+5.42383
+0.7974,+5.41047
+0.7979,+5.4911
+0.7984,+5.92047
+0.799,+6.40521
+0.7995,+6.5004
+0.8,+6.16886
+0.8005,+6.12052
+0.8011,+6.19579
+0.8016,+6.744
+0.8021,+7.15612
+0.8026,+7.40919
+0.8033,+7.45559
+0.8038,+6.70155
+0.8043,+6.95992
+0.8048,+6.56172
+0.8054,+6.70036
+0.8059,+7.05909
+0.8064,+6.52311
+0.807,+6.15348
+0.8075,+5.76301
+0.808,+5.84955
+0.8085,+5.69239
+0.8091,+6.34564
+0.8096,+6.3754
+0.8101,+6.97142
+0.8106,+7.52655
+0.8113,+7.65149
+0.8118,+8.20075
+0.8123,+8.7814
+0.8128,+9.49533
+0.8134,+9.70344
+0.8139,+10.2412
+0.8144,+10.4018
+0.815,+10.9763
+0.8155,+10.7097
+0.816,+10.7938
+0.8165,+10.8278
+0.8171,+10.9876
+0.8176,+11.2188
+0.8181,+11.3557
+0.8188,+10.8722
+0.8193,+10.728
+0.8198,+10.6758
+0.8203,+10.6945
+0.8208,+10.887
+0.8214,+11.1812
+0.8219,+11.3102
+0.8224,+11.5842
+0.8229,+11.6738
+0.8235,+11.724
+0.824,+12.3353
+0.8245,+12.5419
+0.8251,+12.8399
+0.8256,+12.951
+0.8261,+13.2089
+0.8266,+13.16
+0.8273,+13.2675
+0.8278,+13.1723
+0.8283,+13.2523
+0.8288,+13.2828
+0.8294,+13.2795
+0.8299,+13.1728
+0.8304,+12.9993
+0.8309,+13.2227
+0.8315,+13.4328
+0.832,+13.4368
+0.8325,+13.447
+0.833,+13.4875
+0.8337,+13.5444
+0.8341,+13.5509
+0.8346,+13.6344
+0.8353,+13.7302
+0.8358,+13.8911
+0.8363,+13.6466
+0.8368,+13.5339
+0.8374,+13.5603
+0.8379,+13.2919
+0.8388,+13.1793
+0.839,+12.9217
+0.8395,+12.8446
+0.84,+12.8095
+0.8405,+13.0337
+0.841,+12.822
+0.8416,+12.752
+0.8421,+12.8194
+0.8426,+12.7149
+0.8431,+12.8244
+0.8438,+12.6911
+0.8443,+12.7941
+0.8448,+12.6377
+0.8454,+12.5222
+0.8459,+12.1898
+0.8464,+12.2122
+0.8469,+12.1052
+0.8475,+11.7448
+0.848,+11.4917
+0.8485,+11.4344
+0.8491,+11.1651
+0.8496,+10.8146
+0.8501,+10.7736
+0.8506,+10.4524
+0.8511,+10.2686
+0.8518,+9.93937
+0.8523,+9.74488
+0.8528,+9.56201
+0.8533,+9.47989
+0.8539,+9.22417
+0.8544,+9.08259
+0.8549,+8.825
+0.8555,+8.43401
+0.856,+8.09122
+0.8565,+7.74075
+0.857,+7.49708
+0.8576,+7.12589
+0.8581,+6.76418
+0.8586,+6.47407
+0.8593,+6.10939
+0.8598,+5.77541
+0.8603,+5.5468
+0.8608,+5.25277
+0.8613,+4.97477
+0.8619,+4.61502
+0.8624,+4.3412
+0.8629,+4.01976
+0.8634,+3.73595
+0.864,+3.23848
+0.8645,+2.79243
+0.865,+2.61777
+0.8656,+2.27073
+0.8661,+2.03766
+0.8666,+1.85503
+0.8672,+1.64632
+0.8678,+1.29244
+0.8683,+1.01587
+0.8688,+0.867224
+0.8693,+0.488613
+0.8699,+0.350148
+0.8704,-0.077757
+0.8709,-0.472782
+0.8714,-0.923237
+0.872,-1.33893
+0.8725,-1.51382
+0.873,-1.85701
+0.8735,-2.04571
+0.8741,-2.32348
+0.8746,-2.51032
+0.8752,-2.93559
+0.8758,-3.05835
+0.8763,-3.17653
+0.8768,-3.33021
+0.8773,-3.52664
+0.8779,-3.87751
+0.8784,-4.02192
+0.8789,-4.23269
+0.8795,-4.41137
+0.88,-4.58497
+0.8805,-4.6799
+0.881,-4.89887
+0.8815,-5.20661
+0.8821,-5.3785
+0.8826,-5.35823
+0.8831,-5.18878
+0.8838,-5.52827
+0.8843,-5.72832
+0.8848,-5.97386
+0.8853,-5.98508
+0.8859,-6.2133
+0.8864,-6.25675
+0.8869,-6.40308
+0.8874,-6.43896
+0.888,-6.47935
+0.8885,-6.74584
+0.889,-6.51804
+0.8895,-6.54641
+0.8901,-6.58175
+0.8906,-6.56396
+0.8912,-6.44063
+0.8916,-6.58828
+0.8923,-6.53071
+0.8928,-6.46027
+0.8933,-6.57664
+0.8939,-6.65443
+0.8944,-6.60136
+0.8949,-6.56378
+0.8954,-6.51737
+0.896,-6.70249
+0.8965,-6.72976
+0.897,-6.65739
+0.8975,-6.38567
+0.8982,-6.34902
+0.8986,-6.23933
+0.8992,-6.28481
+0.8996,-6.19787
+0.9003,-6.12409
+0.9008,-5.92276
+0.9013,-5.79637
+0.9018,-5.72989
+0.9024,-5.66032
+0.9029,-5.64256
+0.9034,-5.4707
+0.904,-5.37004
+0.9045,-5.15533
+0.905,-5.36238
+0.9055,-5.24154
+0.9062,-5.47684
+0.9066,-5.34851
+0.9071,-5.29941
+0.9077,-5.1906
+0.9083,-5.3788
+0.9088,-5.59442
+0.9093,-5.44894
+0.9098,-5.43502
+0.9104,-5.02678
+0.9109,-5.13222
+0.9114,-5.12036
+0.9119,-5.19905
+0.9125,-5.4038
+0.913,-5.65527
+0.9135,-5.61031
+0.9142,-5.27435
+0.9146,-5.24297
+0.9152,-5.08517
+0.9157,-5.10952
+0.9163,-5.0187
+0.9168,-4.39908
+0.9173,-3.89761
+0.9178,-3.41884
+0.9184,-2.94545
+0.9189,-2.64842
+0.9194,-2.58324
+0.9199,-2.37103
+0.9205,-2.2032
+0.921,-2.26793
+0.9215,-1.81119
+0.922,-1.88948
+0.9227,-1.75311
+0.9232,-1.50122
+0.9237,-1.55856
+0.9243,-1.36178
+0.9248,-1.32778
+0.9253,-1.2986
+0.9258,-1.19317
+0.9264,-0.800961
+0.9269,-0.81371
+0.9274,-0.653302
+0.9279,-0.795738
+0.9285,-0.686422
+0.929,-0.313699
+0.9295,-0.0922319
+0.93,+0.0243505
+0.9307,+0.140498
+0.9311,+0.417218
+0.9317,+0.564279
+0.9321,+0.736163
+0.9328,+0.996028
+0.9333,+1.3059
+0.9338,+1.51098
+0.9344,+1.68382
+0.9349,+1.72567
+0.9354,+2.03903
+0.9359,+2.18934
+0.9365,+2.14968
+0.937,+2.22674
+0.9375,+2.3037
+0.938,+2.19499
+0.9386,+2.41153
+0.9391,+2.4224
+0.9397,+2.62999
+0.9401,+3.05578
+0.9412,+2.99739
+0.9415,+3.28203
+0.9418,+3.51328
+0.9423,+3.66184
+0.9429,+3.93618
+0.9434,+4.23257
+0.9439,+4.09115
+0.9445,+4.1852
+0.945,+4.2263
+0.9455,+4.17764
+0.9461,+4.36902
+0.9467,+4.12184
+0.9471,+4.07376
+0.9477,+4.02644
+0.9481,+4.03602
+0.9488,+4.03389
+0.9493,+4.31545
+0.9498,+4.29551
+0.9503,+4.37285
+0.9509,+4.30299
+0.9514,+4.25908
+0.9519,+4.32394
+0.9525,+4.30044
+0.953,+4.25802
+0.9535,+4.03622
+0.954,+3.80238
+0.9547,+3.5882
+0.9551,+3.45443
+0.9557,+3.08945
+0.9562,+2.73545
+0.9568,+2.61495
+0.9573,+2.30255
+0.9578,+2.36326
+0.9583,+2.34823
+0.9589,+2.29706
+0.9594,+2.13011
+0.9599,+1.98416
+0.9604,+1.7815
+0.961,+1.76529
+0.9615,+1.76123
+0.962,+1.46244
+0.9626,+1.53202
+0.9632,+1.03625
+0.9637,+0.621711
+0.9642,+0.257019
+0.9648,+0.191553
+0.9653,-0.0120264
+0.9658,-0.504898
+0.9663,-1.04333
+0.9669,-1.14721
+0.9674,-1.57213
+0.9679,-1.73619
+0.9684,-2.11272
+0.969,-1.9993
+0.9695,-1.89252
+0.97,-2.10008
+0.9705,-2.10567
+0.9712,-2.02833
+0.9717,-1.61006
+0.9722,-1.82361
+0.9728,-1.85578
+0.9733,-1.87055
+0.9738,-1.79862
+0.9743,-2.34767
+0.9749,-2.78025
+0.9754,-2.87283
+0.9759,-2.94119
+0.9764,-2.95319
+0.977,-3.61143
+0.9775,-3.88151
+0.978,-3.65712
+0.9785,-3.72805
+0.9792,-3.68538
+0.9797,-3.0984
+0.9802,-3.01869
+0.9807,-3.18696
+0.9813,-3.4394
+0.9818,-3.06106
+0.9823,-2.80663
+0.9829,-2.63768
+0.9834,-2.13213
+0.9839,-2.13106
+0.9844,-1.92008
+0.985,-2.29381
+0.9855,-2.12912
+0.986,-1.57562
+0.9865,-1.45481
+0.9872,-1.65314
+0.9877,-1.5101
+0.9882,-1.14447
+0.9888,-1.52684
+0.9893,-1.42153
+0.9898,-1.36642
+0.9903,-1.04986
+0.9908,-0.232767
+0.9914,-0.189182
+0.9919,+0.358183
+0.9924,+0.879852
+0.993,+1.65236
+0.9935,+1.95864
+0.994,+2.92602
+0.9945,+3.25641
+0.9952,+3.78169
+0.9957,+4.4562
+0.9962,+4.37088
+0.9967,+5.12482
+0.9982,+5.759
+0.9984,+6.47006
+0.9986,+6.46176
+0.9989,+7.262
+0.9994,+7.62559
+0.9999,+8.00534
+1.0004,+8.34622
+1.0009,+9.04005
+1.0015,+9.78867
+1.002,+9.83897
+1.0025,+10.2209
+1.003,+10.6126
+1.0037,+11.4484
+1.0042,+11.7777
+1.0047,+12.1285
+1.0053,+12.8785
+1.0058,+13.5173
+1.0063,+13.7233
+1.0068,+13.889
+1.0074,+14.4252
+1.0079,+14.6099
+1.0084,+14.6214
+1.009,+15.0272
+1.0095,+15.3264
+1.01,+15.6009
+1.0105,+15.8341
+1.011,+16.1103
+1.0117,+16.1447
+1.0122,+16.5953
+1.0127,+16.6957
+1.0133,+16.7116
+1.0138,+16.9037
+1.0143,+16.7307
+1.0148,+16.5677
+1.0154,+16.4632
+1.0159,+16.2882
+1.0164,+16.1595
+1.0169,+16.1238
+1.0175,+15.9229
+1.018,+16.0113
+1.0185,+16.0132
+1.019,+15.9585
+1.0197,+15.7491
+1.0202,+15.7325
+1.0207,+15.2103
+1.0212,+15.3948
+1.0218,+15.2283
+1.0223,+15.0046
+1.0228,+14.6112
+1.0234,+14.3823
+1.0239,+14.2711
+1.0245,+13.9959
+1.0249,+14.0415
+1.0255,+13.7961
+1.026,+13.9774
+1.0265,+13.0956
+1.027,+12.9289
+1.0277,+12.6974
+1.0282,+12.6817
+1.0288,+12.4068
+1.0293,+12.0073
+1.0298,+11.9196
+1.0303,+11.5766
+1.0308,+11.3291
+1.0314,+11.1589
+1.0319,+11.6264
+1.0324,+11.4857
+1.0329,+11.5683
+1.0335,+11.5274
+1.034,+11.4617
+1.0345,+11.3894
+1.035,+11.2548
+1.0357,+11.1237
+1.0362,+11.053
+1.0367,+10.8843
+1.0372,+10.8127
+1.0378,+10.8058
+1.0383,+10.8387
+1.0388,+10.6483
+1.0394,+10.8111
+1.0399,+10.8729
+1.0404,+11.093
+1.0409,+11.1978
+1.0414,+11.4013
+1.042,+11.7613
+1.0425,+11.7421
+1.0436,+11.9362
+1.0438,+12.0543
+1.0442,+12.2964
+1.0447,+12.3305
+1.0452,+12.5366
+1.0458,+12.6062
+1.0463,+12.787
+1.0468,+12.8253
+1.0473,+12.9377
+1.0479,+13.0069
+1.0484,+12.8513
+1.049,+12.9931
+1.0495,+13.1668
+1.05,+13.3015
+1.0505,+13.5384
+1.051,+13.499
+1.0517,+13.5814
+1.0522,+13.5759
+1.0527,+13.6456
+1.0532,+13.7897
+1.0538,+14.1624
+1.0543,+13.8936
+1.0548,+14.0067
+1.0553,+13.939
+1.0559,+14.0682
+1.0564,+14.1959
+1.0569,+14.1523
+1.0574,+14.2267
+1.058,+14.1343
+1.0585,+14.0858
+1.059,+13.8436
+1.0597,+14.1595
+1.0602,+14.0489
+1.0607,+13.9059
+1.0612,+13.6384
+1.0618,+13.5349
+1.0623,+13.6648
+1.0628,+13.7049
+1.0633,+13.8201
+1.0639,+13.8794
+1.0644,+13.8849
+1.0649,+13.7646
+1.0654,+14.3822
+1.066,+14.4274
+1.0665,+14.387
+1.067,+14.339
+1.0675,+14.1393
+1.0682,+13.9422
+1.0687,+13.774
+1.0693,+13.7505
+1.0698,+13.7989
+1.0703,+13.7448
+1.0708,+13.7248
+1.0713,+13.793
+1.0719,+13.6609
+1.0724,+13.5886
+1.0729,+13.5916
+1.0734,+13.8128
+1.074,+13.6586
+1.0745,+13.5109
+1.075,+13.3912
+1.0755,+13.0729
+1.0762,+13.049
+1.0767,+12.937
+1.0772,+12.4312
+1.0777,+12.2508
+1.0783,+12.2201
+1.0788,+12.078
+1.0794,+11.5778
+1.0799,+11.5349
+1.0804,+11.0991
+1.0809,+10.6879
+1.0814,+10.7418
+1.082,+10.7733
+1.0825,+10.7818
+1.083,+10.6801
+1.0835,+10.6505
+1.0842,+10.562
+1.0847,+10.9082
+1.0852,+10.3505
+1.0857,+10.0053
+1.0863,+10.3567
+1.0868,+9.46299
+1.0873,+8.64027
+1.0878,+8.80282
+1.0884,+8.29461
+1.0889,+7.97331
+1.0894,+7.73727
+1.09,+7.77452
+1.0905,+8.10239
+1.091,+8.58232
+1.0915,+8.51465
+1.0922,+8.62037
+1.0927,+8.96655
+1.0932,+8.98866
+1.0937,+9.45679
+1.0943,+9.15219
+1.0948,+9.02733
+1.0953,+8.72303
+1.0958,+8.32647
+1.0964,+8.15084
+1.0969,+7.75731
+1.0974,+8.03672
+1.0979,+7.80268
+1.0985,+7.63524
+1.099,+7.20635
+1.0996,+6.98682
+1.1002,+6.78627
+1.1007,+6.54134
+1.1012,+6.55036
+1.1017,+6.45567
+1.1023,+6.199
+1.1028,+5.79236
+1.1033,+5.77999
+1.1038,+5.52297
+1.1044,+5.3076
+1.1049,+5.20478
+1.1054,+5.04405
+1.1059,+4.82893
+1.1065,+4.60237
+1.107,+4.22827
+1.1075,+4.22512
+1.108,+4.29288
+1.1087,+4.05155
+1.1093,+3.93891
+1.1097,+3.9754
+1.1103,+3.82804
+1.1108,+3.79442
+1.1113,+4.11301
+1.1118,+3.5894
+1.1124,+3.42964
+1.1129,+3.35544
+1.1134,+3.177
+1.1139,+3.01671
+1.1145,+2.88427
+1.115,+2.37209
+1.1155,+2.01256
+1.116,+1.96405
+1.1167,+1.76626
+1.1172,+2.40026
+1.1177,+2.01832
+1.1182,+1.73544
+1.1188,+1.88349
+1.1193,+2.0013
+1.1198,+1.58132
+1.1204,+1.83643
+1.1209,+1.9962
+1.1214,+1.94086
+1.1219,+2.12069
+1.1225,+1.82528
+1.123,+2.32549
+1.1235,+2.91935
+1.124,+2.4965
+1.1247,+2.38406
+1.1252,+2.61726
+1.1257,+2.89604
+1.1262,+3.11713
+1.1268,+2.98853
+1.1273,+2.61938
+1.1278,+2.60704
+1.1283,+2.68943
+1.1289,+2.64968
+1.1294,+2.8129
+1.1299,+3.19713
+1.1305,+3.29211
+1.131,+3.48881
+1.1316,+3.76332
+1.132,+3.72749
+1.1327,+4.02064
+1.1332,+4.34067
+1.1337,+4.36341
+1.1342,+4.01144
+1.1348,+4.44648
+1.1353,+4.24666
+1.1358,+4.60017
+1.1363,+4.0267
+1.1369,+3.66508
+1.1374,+3.73393
+1.1379,+3.5639
+1.1384,+3.40602
+1.139,+3.05316
+1.1395,+3.23565
+1.1402,+2.78991
+1.1407,+2.82792
+1.1412,+2.72449
+1.1417,+3.18245
+1.1422,+3.51347
+1.1428,+3.66574
+1.1433,+3.2355
+1.1438,+3.23024
+1.1443,+3.29314
+1.1449,+3.21467
+1.146,+3.36498
+1.1462,+2.88984
+1.1465,+2.85395
+1.147,+2.74067
+1.1475,+2.24776
+1.148,+1.67635
+1.1487,+2.00935
+1.1492,+2.08153
+1.1497,+2.09895
+1.1502,+2.21578
+1.1508,+2.25814
+1.1513,+2.67502
+1.1518,+2.84255
+1.1523,+2.84193
+1.1529,+3.37386
+1.1534,+3.70404
+1.1539,+3.71981
+1.1544,+3.79909
+1.155,+3.61307
+1.1555,+3.56078
+1.156,+3.2949
+1.1565,+3.28249
+1.1572,+3.23005
+1.1577,+3.47755
+1.1582,+3.75946
+1.1588,+3.71787
+1.1593,+3.5984
+1.1598,+3.78499
+1.1603,+3.96885
+1.1609,+4.35784
+1.1614,+4.6596
+1.1619,+5.02275
+1.1624,+4.85214
+1.163,+4.9206
+1.1635,+4.97406
+1.164,+5.5427
+1.1645,+5.96483
+1.1652,+5.96751
+1.1657,+6.59071
+1.1662,+6.26176
+1.1667,+6.51629
+1.1673,+6.53787
+1.1678,+7.0527
+1.1683,+7.32493
+1.1689,+6.8282
+1.1694,+7.36951
+1.1699,+7.74162
+1.1704,+7.91947
+1.1709,+8.43667
+1.1715,+8.98496
+1.172,+9.18858
+1.1725,+9.43798
+1.1732,+9.66147
+1.1737,+9.59552
+1.1742,+10.2301
+1.1747,+9.9718
+1.1753,+9.93557
+1.1758,+10.1268
+1.1763,+9.99165
+1.1768,+10.0279
+1.1774,+10.2546
+1.1779,+10.3027
+1.1784,+10.3755
+1.179,+10.6667
+1.1795,+10.7983
+1.18,+10.9792
+1.1805,+11.195
+1.1812,+11.2559
+1.1817,+11.3524
+1.1822,+11.613
+1.1827,+11.7138
+1.1833,+11.901
+1.1838,+12.1198
+1.1843,+12.1984
+1.1848,+12.3374
+1.1854,+11.8292
+1.1859,+11.9108
+1.1864,+11.9598
+1.1869,+11.4185
+1.1875,+11.2867
+1.188,+11.2399
+1.1885,+11.3748
+1.1892,+11.3441
+1.1897,+11.2968
+1.1902,+11.4227
+1.1907,+12.0922
+1.1913,+11.9509
+1.1918,+11.9931
+1.1923,+12.5192
+1.1928,+12.1616
+1.1934,+12.3032
+1.1939,+11.8009
+1.1944,+11.3796
+1.1949,+11.5207
+1.1955,+11.3935
+1.196,+11.2637
+1.1965,+10.8318
+1.197,+10.4309
+1.1977,+10.3283
+1.1982,+10.8453
+1.1988,+10.8618
+1.1993,+10.8234
+1.1998,+11.3886
+1.2003,+11.7395
+1.2008,+11.8913
+1.2014,+11.4616
+1.2019,+12.125
+1.2024,+12.116
+1.2029,+12.4104
+1.2035,+12.79
+1.204,+12.4351
+1.2045,+13.0754
+1.205,+12.6342
+1.2057,+12.9609
+1.2062,+12.5451
+1.2067,+12.6898
+1.2072,+13.0001
+1.2078,+13.6861
+1.2083,+13.9058
+1.2088,+13.6988
+1.2094,+14.7128
+1.2099,+14.764
+1.2104,+15.187
+1.2109,+14.6173
+1.2115,+15.184
+1.212,+15.6605
+1.2125,+15.2228
+1.213,+15.0752
+1.2137,+14.9302
+1.2142,+14.7603
+1.2147,+14.1204
+1.2152,+14.0161
+1.2158,+13.9005
+1.2163,+13.8155
+1.2168,+13.4429
+1.2174,+13.1695
+1.2179,+13.3034
+1.2184,+13.0543
+1.2189,+12.7096
+1.2196,+12.588
+1.22,+12.2119
+1.2205,+11.9474
+1.221,+11.7218
+1.2217,+11.2642
+1.2222,+11.0666
+1.2227,+10.9684
+1.2232,+10.369
+1.2238,+10.2679
+1.2243,+9.98372
+1.2248,+9.62069
+1.2253,+9.36129
+1.2259,+9.06753
+1.2264,+8.836
+1.2269,+8.48933
+1.2276,+8.20656
+1.2281,+8.00323
+1.2286,+7.96789
+1.2291,+7.7671
+1.2297,+7.61471
+1.2302,+7.59494
+1.2307,+7.51704
+1.2312,+7.56312
+1.2319,+7.4647
+1.2323,+7.62464
+1.2328,+7.59347
+1.2333,+7.52288
+1.234,+7.47171
+1.2345,+7.37866
+1.235,+7.46711
+1.2355,+7.47617
+1.2361,+7.69893
+1.2366,+7.48866
+1.2371,+7.57602
+1.2376,+7.60494
+1.2382,+7.86699
+1.2387,+8.17722
+1.2394,+8.48668
+1.2398,+8.71026
+1.2403,+9.00267
+1.2408,+9.24503
+1.2413,+9.32497
+1.242,+9.62863
+1.2425,+9.83834
+1.243,+10.1402
+1.2435,+10.2712
+1.2441,+10.2681
+1.2446,+10.2727
+1.2451,+10.2743
+1.2456,+10.0688
+1.2462,+9.92323
+1.2467,+10.0158
+1.2472,+10.0406
+1.2484,+9.9112
+1.2487,+10.3247
+1.2489,+10.1981
+1.2493,+9.99333
+1.25,+9.46934
+1.2505,+9.02328
+1.251,+8.74868
+1.2515,+8.26654
+1.2521,+8.02534
+1.2526,+7.68996
+1.2531,+7.65575
+1.2536,+6.35656
+1.2542,+5.66627
+1.2547,+5.1275
+1.2552,+5.47421
+1.2558,+5.78362
+1.2563,+5.6546
+1.2568,+5.47885
+1.2573,+4.84316
+1.258,+4.82664
+1.2585,+4.41101
+1.259,+4.74278
+1.2594,+5.23584
+1.2601,+5.45543
+1.2606,+5.03714
+1.2611,+4.61492
+1.2616,+4.14603
+1.2622,+3.90215
+1.2627,+3.98644
+1.2632,+3.73325
+1.2637,+3.29582
+1.2644,+2.81299
+1.2648,+2.60727
+1.2654,+2.50025
+1.2659,+2.52629
+1.2665,+2.49228
+1.267,+2.94572
+1.2675,+3.43179
+1.2681,+3.94772
+1.2687,+4.05551
+1.2695,+4.60556
+1.2697,+4.70086
+1.2702,+4.41357
+1.2707,+4.6408
+1.2712,+4.45423
+1.2717,+4.90423
+1.2723,+5.26935
+1.2728,+5.56221
+1.2734,+5.68865
+1.2739,+6.00472
+1.2745,+6.41926
+1.275,+7.19572
+1.2755,+8.50442
+1.276,+8.30525
+1.2766,+8.55501
+1.2771,+9.26454
+1.2776,+9.42185
+1.2782,+10.2423
+1.2787,+10.3932
+1.2795,+10.6463
+1.2797,+10.8451
+1.2803,+11.5552
+1.2808,+11.7325
+1.2813,+12.4994
+1.2818,+13.2731
+1.2824,+13.3173
+1.2829,+13.5304
+1.2834,+13.1545
+1.2839,+13.3426
+1.2846,+13.4323
+1.285,+13.7664
+1.2856,+13.3354
+1.2862,+12.8985
+1.2867,+12.9664
+1.2872,+12.8321
+1.2877,+12.6976
+1.2883,+12.8752
+1.2888,+12.9322
+1.2893,+13.0225
+1.2898,+13.1912
+1.2904,+12.809
+1.2909,+12.7456
+1.2914,+12.7201
+1.2919,+12.7367
+1.2926,+13.4381
+1.2931,+13.2259
+1.2936,+12.8786
+1.2941,+12.8791
+1.2947,+12.5724
+1.2952,+12.2937
+1.2957,+12.0869
+1.2963,+12.0767
+1.2968,+11.7871
+1.2973,+11.455
+1.2978,+10.5531
+1.2984,+10.3762
+1.2989,+10.374
+1.2994,+9.95684
+1.2999,+9.64956
+1.3006,+9.64277
+1.3011,+9.46873
+1.3016,+9.06551
+1.3021,+8.89962
+1.3027,+8.64239
+1.3032,+8.1681
+1.3037,+7.83556
+1.3042,+7.36212
+1.3048,+6.95568
+1.3053,+6.53354
+1.3058,+5.82109
+1.3064,+5.37177
+1.3069,+4.98609
+1.3081,+4.56099
+1.3083,+4.14117
+1.3086,+3.91659
+1.3091,+3.47081
+1.3096,+3.26255
+1.3101,+2.88612
+1.3107,+2.76792
+1.3112,+2.54951
+1.3117,+2.33496
+1.3122,+2.0759
+1.3128,+1.6142
+1.3133,+1.20159
+1.3138,+0.870467
+1.3143,+0.625598
+1.3149,+0.260741
+1.3154,+0.0764098
+1.3159,-0.0466068
+1.3166,-0.246152
+1.3171,-0.336639
+1.3176,-0.512174
+1.3181,-0.39264
+1.3187,-0.310827
+1.3192,-0.28538
+1.3197,-0.459424
+1.3202,-0.23791
+1.3208,-0.0371409
+1.3213,-0.0291598
+1.3218,+0.210889
+1.3223,+0.289003
+1.3229,+0.567739
+1.3234,+0.790331
+1.3239,+1.11135
+1.3244,+1.2267
+1.3251,+1.75851
+1.3256,+1.90137
+1.3261,+2.15121
+1.3267,+2.57709
+1.3272,+2.92295
+1.3277,+3.31959
+1.3282,+3.81005
+1.3288,+4.22222
+1.3293,+4.5303
+1.3298,+5.08624
+1.3303,+5.37314
+1.3308,+5.46966
+1.3311,+5.75979
+1.3314,+6.25021
+1.3319,+6.62511
+1.3324,+6.90947
+1.3331,+7.19176
+1.3336,+7.3294
+1.3341,+7.85004
+1.3346,+8.10536
+1.3352,+8.50434
+1.3357,+9.05198
+1.3362,+9.5981
+1.3368,+9.61826
+1.3373,+9.66589
+1.3378,+9.98388
+1.3383,+10.0708
+1.3389,+10.451
+1.3394,+10.4587
+1.3399,+10.7469
+1.3404,+10.8304
+1.3411,+10.8589
+1.3416,+10.6846
+1.3421,+10.822
+1.3426,+10.8732
+1.3432,+10.8598
+1.3437,+10.7258
+1.3442,+10.4137
+1.3448,+10.1099
+1.3453,+9.57435
+1.3458,+9.33172
+1.3463,+9.03634
+1.3469,+8.65233
+1.3474,+8.05077
+1.3479,+7.62186
+1.3484,+6.85232
+1.3491,+6.47079
+1.3496,+5.98484
+1.3508,+5.53267
+1.351,+4.97822
+1.3512,+4.31389
+1.3517,+3.61746
+1.3522,+2.80229
+1.3527,+2.0511
+1.3533,+1.57112
+1.3538,+1.02989
+1.3543,+0.183997
+1.3549,-0.516676
+1.3554,-1.36791
+1.3559,-1.98871
+1.3564,-2.70662
+1.3571,-3.63886
+1.3576,-3.68068
+1.3581,-4.08269
+1.3585,-4.75733
+1.3592,-5.49669
+1.3597,-5.81884
+1.3602,-6.23841
+1.3607,-6.583
+1.3613,-6.8428
+1.3618,-7.11886
+1.3623,-6.80746
+1.3628,-7.14783
+1.3634,-7.22628
+1.3639,-7.82249
+1.3644,-7.54209
+1.3649,-7.9509
+1.3656,-8.26468
+1.3661,-8.4059
+1.3666,-8.60983
+1.367,-8.44769
+1.3677,-8.60272
+1.3682,-8.55249
+1.3689,-8.30916
+1.3693,-7.54725
+1.3698,-7.58314
+1.3703,-6.46697
+1.3708,-5.48409
+1.3714,-4.63651
+1.3719,-3.68774
+1.3724,-3.2983
+1.3729,-2.56708
+1.3736,-1.99825
+1.3741,-1.49839
+1.3746,-1.04696
+1.3752,-0.222664
+1.3757,-0.186003
+1.3762,-0.0777743
+1.3767,+0.323209
+1.3773,+0.746524
+1.3778,+1.38028
+1.3783,+1.69174
+1.3788,+2.04139
+1.3794,+2.37908
+1.3799,+2.64682
+1.3804,+3.04829
+1.3809,+3.37029
+1.3816,+3.78446
+1.3821,+3.97089
+1.3826,+4.15948
+1.3831,+4.29036
+1.3837,+4.72718
+1.3842,+5.01984
+1.3847,+5.31136
+1.3853,+5.39822
+1.3858,+5.54394
+1.3863,+5.70895
+1.3868,+6.00445
+1.3874,+6.23893
+1.3879,+6.42629
+1.3884,+6.76009
+1.3889,+6.70273
+1.3896,+6.61557
+1.3901,+6.66288
+1.3906,+6.93668
+1.3911,+7.15534
+1.3917,+7.2428
+1.3922,+7.35538
+1.3927,+7.44324
+1.3932,+7.49834
+1.3938,+7.51552
+1.3943,+7.75546
+1.3948,+8.12916
+1.3954,+8.18516
+1.3959,+8.38271
+1.3964,+8.466
+1.3969,+8.59983
+1.3976,+8.84361
+1.3981,+9.01138
+1.3986,+9.1008
+1.3991,+9.16434
+1.3997,+9.18052
+1.4002,+9.04393
+1.4007,+9.20544
+1.4012,+9.33896
+1.4018,+9.22306
+1.4023,+9.35389
+1.4028,+9.19592
+1.4034,+8.63812
+1.4039,+8.57586
+1.4044,+7.78706
+1.4049,+7.65435
+1.4056,+7.46445
+1.4061,+6.70918
+1.4066,+6.69219
+1.4071,+7.20128
+1.4077,+6.77258
+1.4082,+6.74539
+1.4087,+6.88217
+1.4093,+6.74294
+1.4098,+6.71148
+1.4103,+6.72017
+1.4108,+6.72543
+1.4113,+6.75467
+1.4119,+5.7431
+1.4124,+5.20839
+1.4129,+4.94516
+1.4136,+4.81127
+1.4141,+5.08879
+1.4146,+4.50309
+1.4151,+4.52343
+1.4157,+4.62583
+1.4162,+4.80242
+1.4167,+4.72648
+1.4172,+5.53147
+1.4178,+5.15253
+1.4183,+5.68959
+1.4188,+5.83273
+1.4193,+5.42
+1.4199,+6.64683
+1.4204,+6.90073
+1.4209,+7.64388
+1.4214,+7.48888
+1.4221,+8.12805
+1.4226,+8.52977
+1.4231,+9.19618
+1.4237,+9.9966
+1.4242,+9.8823
+1.4247,+10.2144
+1.4252,+10.6004
+1.4258,+10.5952
+1.4263,+10.7733
+1.4268,+11.1636
+1.4273,+11.5579
+1.4279,+11.5155
+1.4284,+11.5386
+1.4289,+11.1143
+1.4294,+11.3658
+1.4301,+11.8609
+1.4306,+11.3615
+1.4311,+12.6822
+1.4316,+12.0165
+1.4322,+12.7712
+1.4327,+12.7022
+1.4332,+12.7735
+1.4338,+12.6329
+1.4343,+12.5609
+1.4348,+12.6692
+1.4353,+12.4058
+1.4359,+12.3744
+1.4364,+11.6464
+1.4369,+11.5735
+1.4374,+11.165
+1.4381,+11.2577
+1.4386,+11.1604
+1.4391,+11.3318
+1.4396,+11.8621
+1.4402,+12.141
+1.4407,+12.3524
+1.4412,+12.1636
+1.4417,+12.2026
+1.4423,+12.1645
+1.4428,+11.7098
+1.4433,+11.4559
+1.4439,+11.2739
+1.4444,+11.1063
+1.4449,+10.3343
+1.4454,+9.70759
+1.4461,+9.33197
+1.4466,+9.22054
+1.4471,+8.93685
+1.4476,+8.6263
+1.4482,+8.42315
+1.4487,+7.70991
+1.4492,+8.05774
+1.4498,+7.64111
+1.4503,+7.19846
+1.4508,+7.04326
+1.4513,+6.96834
+1.4518,+6.57663
+1.4532,+6.42018
+1.4534,+5.81035
+1.4536,+5.38284
+1.4541,+5.6407
+1.4546,+4.71212
+1.4551,+4.50592
+1.4556,+4.50195
+1.4562,+4.25639
+1.4567,+3.98201
+1.4573,+3.97285
+1.4577,+3.90531
+1.4583,+4.22572
+1.4588,+4.26398
+1.4593,+4.37709
+1.4598,+4.6416
+1.4604,+4.6922
+1.4609,+4.88968
+1.4614,+5.19009
+1.4619,+5.30479
+1.4626,+5.54742
+1.4631,+5.63012
+1.4636,+5.98017
+1.4642,+6.32619
+1.4647,+6.58262
+1.4652,+6.81925
+1.4657,+7.30576
+1.4663,+7.70448
+1.4668,+7.82518
+1.4673,+8.30076
+1.4678,+8.58586
+1.4684,+8.8326
+1.4689,+8.88556
+1.4694,+9.02223
+1.4699,+9.19718
+1.4706,+9.16336
+1.4711,+9.09052
+1.4716,+9.13626
+1.4721,+9.30798
+1.4727,+9.10736
+1.4732,+9.1569
+1.4737,+8.99181
+1.4742,+8.91387
+1.4748,+8.86065
+1.4753,+8.76679
+1.4758,+8.57794
+1.4764,+8.4197
+1.4769,+8.15266
+1.4774,+7.8775
+1.4779,+7.57049
+1.4786,+7.13631
+1.4791,+7.09812
+1.4796,+7.06606
+1.4801,+7.19513
+1.4807,+6.94543
+1.4812,+6.98854
+1.4817,+6.86665
+1.4822,+6.98059
+1.4828,+6.79426
+1.4833,+6.87402
+1.4838,+7.07899
+1.4844,+7.1338
+1.4849,+6.92139
+1.4854,+6.70525
+1.4859,+6.86308
+1.4866,+6.88228
+1.4871,+7.05502
+1.4876,+6.67847
+1.4881,+6.90634
+1.4887,+6.98413
+1.4892,+6.8789
+1.4897,+6.66048
+1.4902,+6.67105
+1.4908,+6.46674
+1.4913,+6.14241
+1.4918,+6.41989
+1.4923,+7.13988
+1.4929,+7.49626
+1.4934,+7.36358
+1.4939,+7.49085
+1.4946,+7.40867
+1.4951,+7.32797
+1.4956,+7.52435
+1.4961,+7.49599
+1.4967,+7.57323
+1.4972,+7.1477
+1.4977,+6.31646
+1.4982,+6.16569
+1.4988,+6.0893
+1.4993,+5.7601
+1.4998,+6.18241
+1.5003,+6.27787
+1.5009,+6.12103
+1.5014,+6.48517
+1.5019,+6.50928
+1.5024,+6.4748
+1.5031,+6.34842
+1.5036,+6.14629
+1.5041,+6.10476
+1.5047,+6.09463
+1.5052,+5.19209
+1.5057,+5.14722
+1.5062,+5.26721
+1.5068,+4.68436
+1.5073,+4.27139
+1.5078,+3.97697
+1.5083,+3.84203
+1.5089,+3.66081
+1.5094,+2.8968
+1.5099,+2.56801
+1.5104,+2.50547
+1.5111,+2.22955
+1.512,+1.67671
+1.5122,+1.68604
+1.5127,+1.7269
+1.5132,+1.71873
+1.5137,+1.56571
+1.5142,+1.83704
+1.5148,+2.37832
+1.5153,+2.51697
+1.5158,+2.56203
+1.5163,+2.60331
+1.5169,+2.84734
+1.5174,+2.93727
+1.5179,+3.34293
+1.5184,+3.76772
+1.5191,+4.29825
+1.5196,+4.32866
+1.5201,+4.78294
+1.5206,+5.24899
+1.5212,+6.03154
+1.5217,+7.0043
+1.5222,+7.56413
+1.5227,+8.24525
+1.5233,+8.83144
+1.5238,+9.61469
+1.5243,+10.2452
+1.5249,+10.9379
+1.5254,+11.6863
+1.5259,+12.3817
+1.5264,+12.9063
+1.5271,+13.2312
+1.5276,+13.9271
+1.5281,+14.4028
+1.5286,+14.8809
+1.5292,+15.0976
+1.5297,+15.4246
+1.5303,+15.4929
+1.5307,+15.4224
+1.5313,+15.4125
+1.5318,+15.3379
+1.5323,+15.0023
+1.5328,+14.6522
+1.5334,+14.4474
+1.5339,+13.8306
+1.5344,+13.1569
+1.5351,+12.0671
+1.5356,+12.0145
+1.5361,+11.4196
+1.5366,+11.2039
+1.5372,+10.5582
+1.5377,+10.3799
+1.5382,+9.86723
+1.5388,+8.4052
+1.5393,+7.38021
+1.5398,+7.11307
+1.5403,+6.56067
+1.5408,+5.40038
+1.5414,+5.02397
+1.5419,+4.4516
+1.5425,+3.79694
+1.5431,+3.15751
+1.5436,+2.1723
+1.5441,+2.34962
+1.5446,+2.52261
+1.5452,+2.01503
+1.5457,+2.56033
+1.5462,+2.63329
+1.5467,+2.08129
+1.5473,+1.59181
+1.5478,+1.73687
+1.5483,+1.64966
+1.5489,+2.06672
+1.5494,+2.11445
+1.5499,+2.02703
+1.5505,+2.02669
+1.5509,+1.79112
+1.5516,+1.86391
+1.5521,+2.42818
+1.5526,+2.67944
+1.5532,+2.91267
+1.5537,+3.08819
+1.5542,+3.47006
+1.5547,+4.01037
+1.5557,+4.55659
+1.5559,+5.47945
+1.5563,+5.8773
+1.5568,+6.56828
+1.5574,+7.42307
+1.5579,+7.7901
+1.5584,+8.64806
+1.5591,+9.61524
+1.5596,+11.0959
+1.5601,+11.2997
+1.5606,+12.6368
+1.5611,+12.4848
+1.5617,+12.8409
+1.5622,+13.3295
+1.5627,+12.6593
+1.5633,+14.0258
+1.5638,+14.7151
+1.5643,+15.271
+1.5648,+15.1333
+1.5654,+16.1836
+1.5659,+15.0342
+1.5664,+15.1023
+1.5669,+14.6322
+1.5676,+15.0975
+1.5681,+15.6749
+1.5686,+14.7595
+1.5691,+14.058
+1.5697,+13.8343
+1.5702,+12.8784
+1.5707,+12.6631
+1.5712,+12.9579
+1.5718,+13.5228
+1.5723,+13.9365
+1.5728,+13.4455
+1.5734,+12.7629
+1.5739,+13.1249
+1.5744,+13.3273
+1.5749,+12.5481
+1.5756,+13.0866
+1.5761,+12.3544
+1.5766,+12.1594
+1.5771,+11.7767
+1.5777,+11.6855
+1.5782,+11.258
+1.5787,+11.7547
+1.5792,+11.1875
+1.5798,+11.0336
+1.5803,+11.7937
+1.5808,+11.6201
+1.5815,+11.893
+1.582,+12.3502
+1.5824,+12.496
+1.5829,+12.9042
+1.5836,+12.9905
+1.5841,+13.1561
+1.5846,+13.4818
+1.5851,+13.2758
+1.5857,+13.4519
+1.5862,+13.9642
+1.5867,+14.0422
+1.5872,+13.8158
+1.5878,+13.655
+1.5883,+13.5562
+1.5888,+13.6649
+1.5893,+12.9643
+1.59,+12.3913
+1.5904,+12.5923
+1.5909,+11.4802
+1.5915,+10.6276
+1.5921,+10.2928
+1.5926,+9.68856
+1.5931,+9.49414
+1.5937,+9.14537
+1.5942,+8.67002
+1.5947,+8.87547
+1.5952,+8.79836
+1.5958,+8.13337
+1.5963,+7.567
+1.5968,+7.63837
+1.5973,+7.31057
+1.598,+6.51337
+1.5984,+6.14477
+1.5989,+5.93174
+1.5996,+5.90451
+1.6001,+6.4276
+1.6006,+6.17633
+1.6011,+6.58401
+1.6017,+7.39434
+1.6022,+7.40097
+1.6027,+7.14133
+1.6032,+7.25369
+1.6038,+7.04904
+1.6043,+7.60909
+1.6048,+7.98287
+1.6053,+7.89782
+1.606,+8.41187
+1.6064,+8.27739
+1.6069,+8.21129
+1.6074,+8.04033
+1.6081,+8.84679
+1.6086,+9.19675
+1.6091,+9.95297
+1.6096,+9.94244
+1.6102,+9.94849
+1.6107,+9.85911
+1.6112,+9.93198
+1.6117,+10.1661
+1.6123,+10.3629
+1.6128,+10.3915
+1.6133,+10.0328
+1.6139,+9.95238
+1.6144,+10.6087
+1.6149,+10.3428
+1.6155,+10.175
+1.6161,+10.3469
+1.6166,+10.3485
+1.6171,+10.265
+1.6176,+10.4654
+1.6182,+9.80143
+1.6187,+10.1561
+1.6193,+9.66721
+1.6197,+8.88567
+1.6203,+8.37357
+1.6208,+8.03176
+1.6213,+7.76516
+1.622,+7.21327
+1.6224,+6.61544
+1.6229,+5.64422
+1.6235,+6.0511
+1.6241,+5.36911
+1.6246,+4.94563
+1.6251,+4.13269
+1.6256,+3.70288
+1.6262,+3.09079
+1.6267,+2.20847
+1.6272,+1.94196
+1.6277,+1.72997
+1.6283,+1.50679
+1.6288,+0.884894
+1.6293,+0.147727
+1.6298,+0.588464
+1.6305,+0.642747
+1.631,+0.942544
+1.6315,+1.66055
+1.6321,+2.00805
+1.6326,+1.6505
+1.6331,+1.78095
+1.6336,+1.64224
+1.6342,+1.61659
+1.6347,+1.88187
+1.6352,+2.54572
+1.6357,+2.78595
+1.6363,+3.07405
+1.6368,+3.20364
+1.6373,+3.58462
+1.6378,+4.69658
+1.6385,+5.2004
+1.6389,+6.25266
+1.6395,+7.19753
+1.6399,+8.22294
+1.6406,+7.94462
+1.6411,+8.59423
+1.6416,+9.2154
+1.6422,+9.32957
+1.6427,+9.91345
+1.6432,+10.1081
+1.6437,+10.3021
+1.6443,+10.3031
+1.6448,+10.4163
+1.6453,+10.4291
+1.6458,+10.4313
+1.6465,+10.1636
+1.647,+9.83566
+1.6475,+9.99248
+1.648,+9.65814
+1.6486,+9.52006
+1.6491,+9.43095
+1.6496,+9.39418
+1.6502,+9.29347
+1.6507,+9.28714
+1.6512,+9.30962
+1.6517,+9.39409
+1.6523,+9.41228
+1.6528,+9.44293
+1.6533,+9.36714
+1.6538,+9.37762
+1.6544,+9.3782
+1.6549,+9.2083
+1.6555,+9.18548
+1.656,+8.99533
+1.6566,+8.96446
+1.6571,+8.79077
+1.658,+8.60592
+1.6582,+8.48072
+1.6587,+8.30816
+1.6592,+7.90357
+1.6597,+7.52978
+1.6603,+7.41074
+1.6608,+7.03222
+1.6613,+6.78998
+1.6618,+6.50333
+1.6625,+6.39529
+1.663,+6.41987
+1.6635,+6.23718
+1.664,+6.11822
+1.6646,+6.18125
+1.6651,+6.10489
+1.6656,+5.9929
+1.6661,+5.9328
+1.6667,+5.9729
+1.6672,+5.43567
+1.6677,+5.30616
+1.6683,+5.13796
+1.6688,+4.90498
+1.6693,+4.29812
+1.6698,+4.22448
+1.6703,+4.27231
+1.671,+4.39943
+1.6715,+4.51055
+1.672,+4.58049
+1.6726,+5.02375
+1.6731,+5.2054
+1.6736,+5.46655
+1.6741,+5.60631
+1.6747,+6.15359
+1.6752,+6.98993
+1.6757,+7.25663
+1.6762,+7.34761
+1.6768,+7.41766
+1.6773,+7.39926
+1.6778,+7.57163
+1.6783,+7.6864
+1.679,+7.55517
+1.6795,+7.6587
+1.68,+7.95103
+1.6806,+7.41983
+1.6811,+7.59942
+1.6816,+7.61956
+1.6821,+7.84381
+1.6827,+8.08606
+1.6832,+8.08079
+1.6837,+8.00086
+1.6842,+7.97883
+1.6848,+7.84382
+1.6853,+7.4196
+1.6858,+7.25306
+1.6863,+6.95311
+1.6871,+6.73337
+1.6875,+6.43012
+1.688,+6.08818
+1.6885,+6.05095
+1.6891,+6.14984
+1.6896,+6.04628
+1.6901,+6.07182
+1.6907,+6.3132
+1.6912,+6.25733
+1.6917,+6.8585
+1.6922,+7.61851
+1.6928,+7.32143
+1.6933,+8.1569
+1.6938,+7.75212
+1.6943,+7.23874
+1.695,+8.31861
+1.6955,+8.6749
+1.696,+9.71806
+1.6964,+10.9178
+1.6973,+11.0785
+1.6976,+11.8044
+1.6981,+13.03
+1.6987,+13.212
+1.6992,+14.5323
+1.6997,+15.696
+1.7002,+15.5854
+1.7008,+16.1155
+1.7013,+15.9139
+1.7018,+15.4668
+1.7023,+15.5994
+1.703,+15.1593
+1.7035,+14.9794
+1.704,+14.7531
+1.7045,+14.5364
+1.7051,+14.5199
+1.7056,+14.1225
+1.7061,+13.7514
+1.7066,+13.2626
+1.7072,+12.9345
+1.7077,+12.4475
+1.7082,+11.8762
+1.7088,+11.8593
+1.7093,+11.6405
+1.7098,+11.5627
+1.7103,+11.38
+1.711,+12.1397
+1.7115,+12.2519
+1.712,+12.5526
+1.7125,+12.8295
+1.7131,+13.1432
+1.7136,+13.3187
+1.7141,+13.4551
+1.7146,+13.6787
+1.7152,+13.7288
+1.7157,+13.7402
+1.7162,+13.2453
+1.7167,+13.1694
+1.7173,+13.1691
+1.7178,+13.0263
+1.7183,+12.8911
+1.719,+12.9058
+1.7195,+12.6204
+1.72,+12.3783
+1.7205,+12.2728
+1.7211,+11.9861
+1.7216,+11.57
+1.7221,+11.5541
+1.7226,+11.7252
+1.7232,+11.3417
+1.7237,+10.9731
+1.7242,+10.5427
+1.7247,+9.96957
+1.7253,+9.5401
+1.7258,+9.23167
+1.7263,+8.95806
+1.7268,+8.64023
+1.7275,+8.20223
+1.728,+7.30815
+1.7285,+6.97613
+1.7291,+6.70244
+1.7296,+6.38556
+1.7301,+6.4256
+1.7306,+6.31064
+1.7312,+5.9349
+1.7317,+5.52351
+1.7322,+5.24665
+1.7327,+5.13353
+1.7333,+4.50948
+1.7338,+4.61647
+1.7343,+4.70231
+1.7348,+4.34529
+1.7355,+4.25438
+1.736,+4.23251
+1.7365,+4.58265
+1.737,+5.21086
+1.7376,+5.84988
+1.7381,+6.14212
+1.7386,+6.90058
+1.7392,+7.03766
+1.7397,+7.93828
+1.7402,+8.57631
+1.7407,+8.95021
+1.7413,+9.18828
+1.7418,+9.71653
+1.7423,+10.2774
+1.7428,+10.7175
+1.7435,+11.0982
+1.744,+11.4494
+1.7445,+11.8692
+1.745,+11.3303
+1.7456,+11.4667
+1.7461,+11.2404
+1.7466,+11.3511
+1.7471,+10.476
+1.7477,+9.51391
+1.7482,+8.81311
+1.7487,+8.04016
+1.7493,+7.54577
+1.7498,+6.86783
+1.7503,+6.14506
+1.7508,+5.79549
+1.7516,+5.60555
+1.752,+5.26683
+1.7525,+5.17729
+1.753,+5.13481
+1.7536,+4.92739
+1.7541,+4.19448
+1.7546,+3.96108
+1.7551,+3.91073
+1.7557,+3.86969
+1.7562,+3.18216
+1.7567,+3.13507
+1.7572,+2.75471
+1.7578,+2.55257
+1.7583,+1.92249
+1.7588,+1.86837
+1.7595,+1.74604
+1.7604,+1.64095
+1.7606,+1.59522
+1.761,+1.552
+1.7616,+1.84086
+1.7621,+1.61821
+1.7627,+1.35537
+1.7631,+1.55877
+1.7637,+1.99437
+1.7642,+1.76845
+1.7647,+2.36013
+1.7653,+2.20274
+1.7658,+2.05026
+1.7663,+2.1027
+1.7668,+2.03634
+1.7673,+1.99402
+1.768,+2.30505
+1.7685,+1.88674
+1.769,+1.5187
+1.7696,+1.17446
+1.7701,+0.83515
+1.7706,+0.665833
+1.7711,+0.434673
+1.7717,+0.0223522
+1.7722,+0.0125098
+1.7727,-0.203516
+1.7732,-0.232943
+1.7738,-0.535275
+1.7743,-0.162737
+1.7748,+0.0629292
+1.7753,+0.135426
+1.776,+1.39175
+1.7765,+1.78824
+1.777,+2.03749
+1.7775,+2.50086
+1.7781,+3.36626
+1.7786,+3.71541
+1.7791,+4.57803
+1.7797,+5.63545
+1.7802,+6.59568
+1.7807,+7.77477
+1.7812,+7.35812
+1.7819,+8.62464
+1.7824,+9.61083
+1.7828,+10.6606
+1.7834,+11.2296
+1.784,+11.4254
+1.7845,+12.7349
+1.785,+12.6792
+1.7855,+12.8762
+1.7861,+13.1185
+1.7866,+13.6811
+1.7871,+13.8844
+1.7876,+14.1255
+1.7882,+14.6188
+1.7888,+14.7201
+1.7892,+15.6636
+1.7898,+15.4437
+1.7903,+15.9011
+1.7908,+16.4893
+1.7913,+16.9581
+1.792,+17.674
+1.7925,+17.6734
+1.793,+18.4748
+1.7935,+18.4575
+1.7941,+18.884
+1.7946,+19.0899
+1.7951,+19.2606
+1.7956,+19.3171
+1.7962,+19.3795
+1.7967,+19.1219
+1.7972,+18.6139
+1.7978,+18.2465
+1.7983,+17.5341
+1.7989,+16.8087
+1.7993,+16.1338
+1.8,+16.2006
+1.8005,+16.1208
+1.801,+15.7873
+1.8015,+15.2951
+1.8021,+15.0183
+1.8026,+15.2822
+1.8031,+15.5554
+1.8036,+15.8516
+1.8042,+15.6185
+1.8047,+15.4179
+1.8052,+15.4662
+1.8057,+15.5795
+1.8063,+15.9224
+1.8068,+16.6028
+1.8075,+16.9855
+1.808,+17.1069
+1.8085,+17.4484
+1.809,+17.672
+1.8095,+18.3939
+1.8101,+18.9528
+1.8106,+18.6797
+1.8111,+18.2842
+1.8116,+18.0482
+1.8122,+17.6033
+1.8127,+17.4479
+1.8132,+17.0904
+1.8137,+16.3532
+1.8143,+15.8312
+1.8148,+15.3048
+1.8153,+15.0897
+1.8158,+14.919
+1.8165,+14.7951
+1.817,+14.7524
+1.8175,+14.8216
+1.818,+14.8796
+1.8186,+15.0334
+1.8192,+15.2485
+1.8197,+15.5769
+1.8202,+16.0078
+1.8207,+16.3249
+1.8212,+16.622
+1.8217,+16.854
+1.8223,+17.0342
+1.8228,+17.0009
+1.8234,+16.8561
+1.8238,+16.7096
+1.8245,+16.7033
+1.825,+16.1527
+1.8255,+15.6265
+1.826,+14.9848
+1.8266,+14.5104
+1.8271,+14.0489
+1.8276,+12.9549
+1.8282,+13.1506
+1.8287,+12.9041
+1.8292,+12.6842
+1.8298,+12.5038
+1.8303,+12.0045
+1.8308,+12.2198
+1.8313,+12.4088
+1.8318,+12.8352
+1.8325,+13.2813
+1.833,+14.3052
+1.8335,+13.2257
+1.834,+13.5465
+1.8346,+13.5391
+1.8351,+13.2774
+1.8356,+13.7596
+1.8361,+13.6247
+1.8367,+13.4773
+1.8372,+12.6858
+1.8377,+12.3363
+1.8383,+11.5511
+1.8388,+12.4135
+1.8393,+11.8205
+1.8398,+12.0215
+1.8405,+11.8898
+1.841,+11.0548
+1.8415,+10.7058
+1.842,+9.95027
+1.8426,+9.86894
+1.8431,+9.73656
+1.8436,+10.6016
+1.8441,+10.4455
+1.8447,+10.8698
+1.8452,+10.7683
+1.8457,+11.6856
+1.8462,+12.6433
+1.8468,+13.1249
+1.8473,+14.2459
+1.8479,+14.8983
+1.8485,+15.3286
+1.849,+15.1309
+1.8495,+15.3334
+1.85,+15.4793
+1.8506,+15.5621
+1.8511,+15.3894
+1.8516,+15.5619
+1.8521,+15.4621
+1.8527,+15.6047
+1.8532,+15.3964
+1.8537,+15.0526
+1.8542,+14.7485
+1.8548,+14.106
+1.8553,+13.6572
+1.8558,+13.309
+1.8565,+12.6025
+1.857,+11.9408
+1.8575,+11.636
+1.858,+11.1552
+1.8586,+10.9075
+1.8591,+10.7649
+1.8596,+10.6292
+1.8601,+10.6992
+1.8607,+10.411
+1.8612,+10.3681
+1.8617,+10.3625
+1.8628,+10.5148
+1.863,+10.5338
+1.8633,+10.4441
+1.8638,+10.6064
+1.8643,+10.5347
+1.865,+10.6153
+1.8655,+10.6272
+1.866,+11.1678
+1.8665,+11.0446
+1.8671,+11.0697
+1.8677,+11.1616
+1.8681,+10.9813
+1.8687,+10.6936
+1.8692,+10.5629
+1.8697,+10.4761
+1.8702,+10.0568
+1.8708,+9.87889
+1.8713,+9.52078
+1.8718,+9.51712
+1.8723,+9.40404
+1.873,+9.21863
+1.8735,+9.00359
+1.874,+8.92512
+1.8745,+8.6911
+1.8751,+8.31262
+1.8756,+8.30833
+1.8761,+7.94742
+1.8766,+7.56744
+1.8772,+7.19734
+1.8777,+6.97385
+1.8782,+6.46382
+1.8788,+6.50116
+1.8794,+6.28315
+1.8798,+5.90371
+1.8803,+5.72953
+1.881,+5.40947
+1.8815,+5.3325
+1.882,+5.17779
+1.8825,+4.92088
+1.8831,+4.55162
+1.8836,+4.14128
+1.8841,+3.67896
+1.8846,+3.26112
+1.8852,+2.7876
+1.8857,+2.29829
+1.8862,+2.14044
+1.8868,+1.57201
+1.8873,+1.34065
+1.8878,+1.17984
+1.8883,+0.889514
+1.889,+0.834157
+1.8895,-0.0020174
+1.89,-0.0647015
+1.8905,-0.14739
+1.8911,-0.620816
+1.8916,-0.949405
+1.8921,-1.0862
+1.8926,-1.48683
+1.8932,-1.87633
+1.8937,-2.17179
+1.8942,-1.90403
+1.8948,-1.42604
+1.8953,-1.16671
+1.8958,-1.28344
+1.8964,-1.11997
+1.897,-1.04363
+1.8975,-0.591381
+1.898,-0.209194
+1.8985,+0.121014
+1.8991,+0.476729
+1.8996,+0.787945
+1.9001,+1.43943
+1.9006,+1.75061
+1.9012,+2.4583
+1.9017,+3.24568
+1.9022,+3.22926
+1.9027,+3.24535
+1.9033,+3.65828
+1.9038,+3.99017
+1.9044,+4.43048
+1.9048,+4.37539
+1.9055,+4.28637
+1.906,+4.26895
+1.9065,+4.15995
+1.907,+4.4691
+1.9076,+4.96476
+1.9081,+5.31847
+1.9087,+5.40845
+1.9092,+5.55091
+1.9097,+5.52469
+1.9102,+5.73633
+1.9107,+5.88518
+1.9114,+6.09781
+1.9118,+6.43598
+1.9123,+5.8747
+1.9128,+5.58368
+1.9135,+5.714
+1.914,+5.7594
+1.9145,+5.18136
+1.915,+4.76704
+1.9156,+4.73042
+1.9161,+4.16752
+1.9166,+3.38778
+1.9172,+3.18309
+1.9177,+3.38486
+1.9182,+3.26061
+1.9187,+2.29618
+1.9193,+1.81085
+1.9199,+2.41241
+1.9203,+2.67655
+1.9208,+1.88043
+1.9215,+2.22206
+1.922,+2.52405
+1.9225,+2.19997
+1.923,+1.44693
+1.9236,+0.980867
+1.9241,+1.59715
+1.9246,+1.39191
+1.9252,+0.954969
+1.9257,+0.643926
+1.9262,+0.904438
+1.9267,+0.530788
+1.9273,+0.239666
+1.9278,+0.162597
+1.9283,+0.95174
+1.9288,+1.47854
+1.9295,+1.29195
+1.93,+1.66814
+1.9305,+1.80931
+1.931,+1.74484
+1.9316,+2.05383
+1.9321,+2.10225
+1.9326,+2.63166
+1.9331,+2.58521
+1.9337,+2.88762
+1.9342,+2.67489
+1.9347,+2.89967
+1.9354,+2.99146
+1.9358,+3.49539
+1.9363,+4.50274
+1.9369,+4.81932
+1.9375,+5.23362
+1.938,+5.11762
+1.9385,+5.1305
+1.939,+4.89994
+1.9396,+5.40564
+1.9401,+5.40951
+1.9406,+5.07057
+1.9411,+4.90408
+1.9417,+4.06359
+1.9422,+3.37753
+1.9427,+3.47137
+1.9432,+3.53008
+1.9438,+4.07873
+1.9443,+4.13709
+1.9448,+3.68589
+1.9455,+4.39482
+1.946,+5.37144
+1.9465,+5.14824
+1.947,+5.59837
+1.9476,+6.02138
+1.948,+6.78013
+1.9483,+6.96468
+1.9486,+6.92883
+1.9492,+7.00689
+1.9497,+8.08831
+1.9502,+7.94459
+1.9507,+7.39977
+1.9512,+7.59309
+1.9519,+8.19064
+1.9523,+8.43303
+1.9528,+7.81385
+1.9533,+7.33952
+1.954,+7.29186
+1.9545,+6.79184
+1.955,+7.12285
+1.9556,+6.72367
+1.9561,+6.31291
+1.9566,+6.43715
+1.9571,+5.31736
+1.9577,+5.17984
+1.9582,+4.69267
+1.9587,+5.21221
+1.9592,+5.19282
+1.9599,+5.99188
+1.9604,+5.55568
+1.9609,+5.98243
+1.9613,+6.03712
+1.962,+5.53447
+1.9625,+5.63717
+1.963,+5.83141
+1.9635,+6.51941
+1.9641,+7.02292
+1.9652,+6.85091
+1.9654,+6.32043
+1.9657,+5.92518
+1.9662,+6.06005
+1.9667,+6.3602
+1.9672,+6.64492
+1.9679,+8.28029
+1.9683,+8.06625
+1.9688,+9.01127
+1.9693,+8.46148
+1.97,+8.62257
+1.9705,+8.95571
+1.971,+9.6538
+1.9715,+10.3875
+1.9721,+11.7689
+1.9726,+12.5344
+1.9731,+12.0267
+1.9736,+13.5078
+1.9742,+12.2936
+1.9747,+12.8829
+1.9752,+12.8875
+1.9758,+13.208
+1.9764,+12.9481
+1.9769,+12.2013
+1.9773,+11.6799
+1.978,+11.3858
+1.9785,+11.2999
+1.979,+10.2468
+1.9795,+10.628
+1.9801,+10.5472
+1.9806,+11.6788
+1.9811,+12.1318
+1.9816,+12.2167
+1.9822,+12.0947
+1.9827,+11.8117
+1.9832,+12.4673
+1.9839,+12.7706
+1.9843,+12.6245
+1.9849,+12.9879
+1.9854,+13.1897
+1.986,+12.9432
+1.9865,+13.1841
+1.987,+13.4133
+1.9875,+13.9296
+1.9881,+14.4781
+1.9886,+14.0221
+1.9891,+13.8523
+1.9896,+14.2218
+1.9902,+15.1962
+1.9917,+14.4992
+1.992,+13.8025
+1.9923,+14.1413
+1.9929,+15.143
+1.9934,+14.3712
+1.994,+13.3024
+1.9945,+13.0573
+1.995,+13.1928
+1.9955,+13.118
+1.9961,+11.6241
+1.9966,+12.0713
+1.9971,+12.5356
+1.9976,+11.7165
+1.9982,+10.7297
+1.9987,+10.6594
+1.9992,+11.2957
+1.9997,+12.1491
+2.0004,+12.5348
+2.0008,+12.3345
+2.0013,+13.049
+2.0019,+13.5776
+2.0025,+13.9432
+2.003,+14.3924
+2.0035,+14.6907
+2.0041,+15.7118
+2.0046,+15.9967
+2.0051,+16.0143
+2.0056,+15.779
+2.0062,+16.5781
+2.0067,+16.711
+2.0072,+16.86
+2.0078,+17.0372
+2.0084,+17.0241
+2.0089,+17.0725
+2.0093,+17.0087
+2.0099,+17.2479
+2.0105,+17.216
+2.011,+17.3868
+2.0115,+17.2379
+2.012,+17.4164
+2.0126,+17.429
+2.0131,+17.5183
+2.0136,+17.6234
+2.0142,+17.8818
+2.0147,+17.8692
+2.0153,+17.8694
+2.0158,+17.7044
+2.0164,+17.7124
+2.0168,+17.7881
+2.0174,+17.0342
+2.0179,+16.9445
+2.0185,+16.4465
+2.019,+16.2672
+2.0195,+15.274
+2.02,+15.2473
+2.0206,+15.3405
+2.0211,+14.5726
+2.0216,+15.0285
+2.0221,+14.9509
+2.0227,+15.4759
+2.0232,+15.3182
+2.0237,+15.5337
+2.0243,+15.4036
+2.0249,+15.8769
+2.0254,+15.5013
+2.0259,+15.043
+2.0265,+15.5175
+2.027,+14.4686
+2.0275,+14.2334
+2.028,+14.0975
+2.0286,+14.067
+2.0291,+13.9938
+2.0296,+13.7655
+2.0301,+13.7188
+2.0309,+13.8103
+2.0314,+13.7809
+2.0317,+13.817
+2.0324,+14.1075
+2.0329,+14.1885
+2.0334,+14.1654
+2.0339,+14.0948
+2.0345,+14.1634
+2.035,+14.3759
+2.0355,+14.6346
+2.036,+14.8575
+2.0366,+15.0489
+2.0371,+15.2503
+2.0376,+15.3969
+2.0381,+15.415
+2.0387,+15.6718
+2.0392,+15.7948
+2.0397,+15.9842
+2.0402,+16.2712
+2.0409,+16.2266
+2.0414,+16.3362
+2.0419,+16.5476
+2.0423,+16.5019
+2.043,+16.4727
+2.0435,+16.5435
+2.044,+16.3
+2.0446,+15.6294
+2.0451,+15.4213
+2.0456,+15.1265
+2.0461,+15.0745
+2.0467,+14.8555
+2.0472,+14.5704
+2.0477,+14.3465
+2.0482,+13.9131
+2.0489,+13.6739
+2.0494,+13.5923
+2.0499,+13.5819
+2.0503,+13.0015
+2.051,+12.6969
+2.0515,+12.3059
+2.052,+11.8283
+2.0525,+11.3434
+2.0531,+11.0301
+2.0536,+10.6974
+2.0541,+10.1564
+2.0547,+9.63021
+2.0552,+9.43101
+2.0558,+9.30617
+2.0562,+8.86863
+2.0569,+8.64171
+2.0574,+8.48221
+2.0579,+8.35184
+2.0584,+8.18763
+2.059,+8.04093
+2.0595,+8.09609
+2.06,+8.03095
+2.0605,+8.34528
+2.0611,+8.38706
+2.0616,+8.39976
+2.0621,+8.41546
+2.0627,+8.46009
+2.0632,+8.50629
+2.0637,+8.63193
+2.0642,+8.81734
+2.0649,+8.92536
+2.0654,+9.8461
+2.0659,+10.3881
+2.0664,+10.6741
+2.0676,+11.5957
+2.0678,+12.5686
+2.0681,+12.6248
+2.0685,+13.1119
+2.0691,+13.0653
+2.0696,+13.0908
+2.0701,+13.1446
+2.0706,+12.434
+2.0712,+11.7164
+2.0717,+11.2464
+2.0722,+10.3866
+2.0727,+9.68708
+2.0733,+9.38803
+2.0739,+9.83464
+2.0743,+9.54293
+2.075,+9.10001
+2.0755,+8.77307
+2.076,+8.40472
+2.0765,+8.94981
+2.0771,+9.46835
+2.0776,+9.7036
+2.0781,+9.69737
+2.0787,+10.171
+2.0794,+8.90819
+2.0797,+9.72955
+2.0802,+10.3071
+2.0807,+10.5003
+2.0814,+10.9105
+2.0819,+10.5813
+2.0823,+10.3362
+2.083,+10.2888
+2.0835,+10.0906
+2.084,+9.79899
+2.0845,+10.2503
+2.0851,+9.86621
+2.0856,+9.77872
+2.0861,+9.86059
+2.0866,+9.70242
+2.0872,+9.50414
+2.0877,+9.36519
+2.0882,+9.28613
+2.0888,+9.16143
+2.0894,+9.09665
+2.0898,+8.82204
+2.0903,+8.5288
+2.0908,+8.49432
+2.0915,+8.56838
+2.092,+8.58191
+2.0925,+8.549
+2.0931,+8.73273
+2.0936,+8.15375
+2.0941,+8.53283
+2.0946,+8.68167
+2.0952,+8.78082
+2.0957,+8.22545
+2.0962,+8.39833
+2.0967,+8.70783
+2.0974,+8.93683
+2.0979,+9.01457
+2.0984,+8.06448
+2.099,+8.22065
+2.0995,+7.52459
+2.1,+7.0357
+2.1005,+6.6656
+2.101,+6.7273
+2.1016,+5.87947
+2.1021,+5.28417
+2.1026,+4.45479
+2.1032,+3.6037
+2.1037,+3.80663
+2.1042,+3.46622
+2.1047,+2.98649
+2.1054,+3.36368
+2.1058,+3.36994
+2.1063,+3.38084
+2.1069,+3.30607
+2.1075,+3.16792
+2.108,+3.35039
+2.1085,+3.70043
+2.1091,+4.60109
+2.1096,+4.88643
+2.1101,+4.98505
+2.1106,+5.09723
+2.1111,+6.00519
+2.1117,+5.88915
+2.1122,+6.51442
+2.1127,+6.83041
+2.1134,+7.00224
+2.1139,+7.33185
+2.1143,+6.65678
+2.1149,+7.62514
+2.1155,+8.02919
+2.116,+7.62388
+2.1165,+7.39955
+2.117,+7.97924
+2.1176,+8.07339
+2.1181,+8.45757
+2.1186,+9.35654
+2.1192,+8.93804
+2.1197,+9.26356
+2.1202,+8.64099
+2.1207,+9.03266
+2.1214,+10.0756
+2.1219,+10.3274
+2.1223,+10.4525
+2.1229,+10.2548
+2.1235,+10.3858
+2.124,+9.42896
+2.1245,+10.0671
+2.125,+9.77388
+2.1256,+10.9544
+2.1261,+11.2435
+2.1266,+10.3532
+2.1271,+9.76656
+2.1277,+10.3592
+2.1282,+10.7542
+2.1287,+10.5572
+2.1292,+10.9227
+2.1299,+11.4271
+2.1303,+12.4201
+2.1309,+11.7573
+2.1315,+11.2556
+2.132,+12.1904
+2.1325,+12.5083
+2.133,+12.0117
+2.1336,+12.0967
+2.1341,+11.6191
+2.1346,+11.3024
+2.1351,+10.5216
+2.1357,+9.86796
+2.1362,+9.61482
+2.1367,+10.4478
+2.1372,+10.5865
+2.1379,+11.1722
+2.1384,+11.8406
+2.1389,+11.6752
+2.1393,+12.6078
+2.14,+12.9464
+2.1405,+13.6982
+2.141,+14.4043
+2.1416,+14.2296
+2.1421,+14.1618
+2.1426,+13.3727
+2.1431,+13.2801
+2.1437,+12.4297
+2.1442,+12.4119
+2.1447,+11.6357
+2.1452,+11.5374
+2.1459,+11.9157
+2.1464,+11.2933
+2.1469,+11.8677
+2.1474,+11.2234
+2.148,+10.7795
+2.1485,+9.958
+2.149,+10.6363
+2.1496,+10.4632
+2.1501,+11.1626
+2.1506,+11.2413
+2.1511,+10.1371
+2.1517,+9.78318
+2.1522,+9.12238
+2.1527,+8.63122
+2.1532,+8.83428
+2.1539,+8.4404
+2.1544,+7.71254
+2.1549,+7.26877
+2.1554,+6.51648
+2.156,+6.21639
+2.1565,+6.06427
+2.157,+6.07045
+2.1575,+6.00456
+2.1581,+6.35557
+2.1586,+5.95145
+2.1592,+6.77208
+2.1597,+6.99234
+2.1602,+6.9311
+2.1607,+7.33029
+2.1612,+7.46793
+2.1619,+7.58427
+2.1624,+7.55422
+2.1629,+7.37092
+2.1634,+7.83024
+2.164,+8.54263
+2.1645,+8.00716
+2.165,+7.90213
+2.1655,+8.31986
+2.1661,+7.41646
+2.1666,+7.325
+2.1671,+8.01926
+2.1676,+8.09362
+2.1682,+8.12746
+2.1687,+8.11906
+2.17,+8.19865
+2.1702,+8.92255
+2.1704,+8.81044
+2.1709,+9.04495
+2.1714,+9.33813
+2.172,+9.72483
+2.1725,+9.08975
+2.173,+8.70406
+2.1735,+8.70278
+2.1741,+8.56848
+2.1746,+8.24224
+2.1751,+8.26646
+2.1756,+8.37654
+2.1762,+8.07776
+2.1767,+8.29657
+2.1772,+7.95596
+2.1777,+8.23392
+2.1784,+8.90155
+2.1789,+8.56194
+2.1795,+8.19572
+2.18,+7.87287
+2.1805,+6.89464
+2.181,+6.87458
+2.1815,+6.84123
+2.1821,+7.61128
+2.1826,+8.24382
+2.1831,+8.39654
+2.1836,+8.55646
+2.1842,+9.30328
+2.1847,+9.96703
+2.1852,+10.6316
+2.1857,+12.0138
+2.1864,+12.2902
+2.1869,+12.8392
+2.1874,+12.5227
+2.1879,+12.3814
+2.1885,+12.7089
+2.189,+12.9603
+2.1895,+13.1757
+2.1901,+13.1861
+2.1906,+13.3978
+2.1911,+12.8555
+2.1916,+12.9563
+2.1922,+13.2069
+2.1927,+13.3821
+2.1932,+13.5701
+2.1937,+13.5524
+2.1944,+13.4739
+2.1949,+13.4294
+2.1954,+13.4891
+2.1959,+13.2437
+2.1965,+13.1958
+2.197,+13.3572
+2.1975,+13.0828
+2.198,+12.802
+2.1987,+12.6501
+2.1991,+12.3619
+2.1997,+12.2327
+2.2002,+12.212
+2.2007,+11.9759
+2.2012,+12.0287
+2.2017,+12.0309
+2.2024,+11.7798
+2.2029,+11.6287
+2.2034,+11.6954
+2.2039,+11.5101
+2.2045,+11.4232
+2.205,+11.3329
+2.2055,+10.9439
+2.206,+11.3698
+2.2066,+11.1499
+2.2071,+10.791
+2.2076,+10.5521
+2.2082,+10.4487
+2.2087,+10.1031
+2.2092,+10.5199
+2.2097,+10.4456
+2.2104,+10.0496
+2.2109,+9.89694
+2.2114,+9.62929
+2.2119,+8.89176
+2.2125,+8.80913
+2.213,+8.56996
+2.2135,+8.50425
+2.214,+8.40259
+2.2146,+7.4344
+2.2151,+7.01599
+2.2156,+6.98477
+2.2161,+6.9034
+2.2167,+6.10047
+2.2172,+6.98332
+2.2177,+6.83319
+2.2182,+6.77392
+2.2189,+6.37964
+2.2194,+5.59477
+2.2199,+5.03977
+2.2205,+5.54888
+2.221,+4.75564
+2.2215,+4.56569
+2.222,+4.46297
+2.2226,+3.42337
+2.2231,+2.72026
+2.2236,+2.61041
+2.2241,+2.53646
+2.2247,+3.58355
+2.2252,+4.17652
+2.2257,+3.03636
+2.2262,+3.04942
+2.2269,+3.15241
+2.2274,+2.60294
+2.2279,+2.44281
+2.2285,+2.95688
+2.229,+2.32543
+2.2295,+2.77165
+2.23,+2.25652
+2.2306,+2.57274
+2.2311,+2.98775
+2.2316,+3.55979
+2.2321,+3.09304
+2.2327,+3.79686
+2.2332,+3.76699
+2.2337,+3.17024
+2.2342,+3.63662
+2.2349,+2.95152
+2.2354,+2.7175
+2.2359,+2.56883
+2.2364,+2.39229
+2.237,+2.31754
+2.2375,+2.52289
+2.238,+1.70671
+2.2385,+1.7547
+2.2391,+2.17842
+2.2396,+1.64173
+2.2401,+1.13725
+2.2407,+1.28582
+2.2412,+0.940374
+2.2417,+1.09268
+2.2423,+0.871391
+2.2429,+0.620795
+2.2434,+1.1844
+2.2439,+1.67129
+2.2444,+1.59127
+2.245,+1.82368
+2.2455,+1.77191
+2.246,+1.34019
+2.2465,+1.11202
+2.2471,+1.02253
+2.2476,+1.13906
+2.2481,+0.713447
+2.2487,+0.0512917
+2.2492,-0.796782
+2.2497,-1.47886
+2.2502,-1.44195
+2.2509,-0.964344
+2.2514,-0.862567
+2.2519,-1.03907
+2.2524,-1.73237
+2.253,-1.72273
+2.2535,-0.957403
+2.254,-1.07209
+2.2545,-0.493599
+2.2551,+0.0453465
+2.2556,-0.457277
+2.2561,-0.397832
+2.2566,-0.845461
+2.2572,-1.04151
+2.2577,-0.647836
+2.2583,-0.806184
+2.2589,-1.56364
+2.2594,-0.979942
+2.2599,-1.3549
+2.2604,-1.15427
+2.261,-0.354447
+2.2615,-0.161623
+2.262,+0.452229
+2.2625,+0.396626
+2.2631,+0.643351
+2.2636,+0.716005
+2.2641,+1.34397
+2.2646,+0.808358
+2.2654,+1.42031
+2.2657,+1.55675
+2.2662,+1.14133
+2.2667,+0.683461
+2.2674,+0.185067
+2.2679,+0.163754
+2.2684,+0.40085
+2.269,+0.485254
+2.2695,+0.641652
+2.27,+1.48601
+2.2707,+1.5695
+2.2712,+1.66273
+2.2724,+2.26602
+2.2727,+2.83118
+2.2729,+3.02057
+2.2732,+4.005
+2.2737,+3.96418
+2.2742,+3.61617
+2.2747,+3.51251
+2.2754,+2.84712
+2.2759,+2.89267
+2.2764,+2.88261
+2.2769,+2.69894
+2.2775,+2.744
+2.278,+2.5584
+2.2785,+1.75708
+2.2791,+1.863
+2.2796,+2.4623
+2.2801,+2.48911
+2.2806,+2.45956
+2.2812,+2.1049
+2.2817,+1.51366
+2.2822,+1.89804
+2.2827,+1.8549
+2.2834,+2.54866
+2.2839,+2.52711
+2.2844,+1.93032
+2.2849,+1.84523
+2.2857,+1.91122
+2.286,+2.76109
+2.2865,+2.98942
+2.2872,+2.98311
+2.2877,+2.17904
+2.2881,+1.61691
+2.2888,+1.41984
+2.2893,+1.65856
+2.2898,+2.10235
+2.2903,+2.03432
+2.2908,+2.2075
+2.2914,+1.51372
+2.2919,+1.76752
+2.2924,+1.92656
+2.2929,+2.59136
+2.2935,+2.61567
+2.294,+2.36093
+2.2945,+2.62418
+2.295,+2.68805
+2.2958,+2.75119
+2.2961,+2.46149
+2.2966,+2.83344
+2.2973,+2.08935
+2.2978,+2.37464
+2.2983,+2.24427
+2.2988,+2.15485
+2.2994,+1.97341
+2.2999,+1.52947
+2.3004,+1.23
+2.3009,+0.528386
+2.3015,+0.697826
+2.302,+0.912455
+2.3025,+1.60363
+2.303,+1.66907
+2.3036,+1.08178
+2.3041,+1.71645
+2.3046,+2.51995
+2.3051,+2.40457
+2.3059,+2.16132
+2.3063,+2.19731
+2.3068,+2.05502
+2.3073,+1.40777
+2.3079,+1.60394
+2.3084,+1.55424
+2.3089,+2.32836
+2.3095,+2.56104
+2.31,+2.31589
+2.3105,+2.29797
+2.311,+2.1992
+2.3117,+2.82415
+2.3122,+2.74822
+2.3127,+3.29489
+2.3132,+3.03669
+2.3138,+3.26174
+2.3143,+2.35227
+2.3148,+2.11236
+2.3153,+2.31176
+2.316,+2.69766
+2.3164,+3.37176
+2.3169,+2.68829
+2.3175,+2.88412
+2.318,+2.75008
+2.3185,+2.28411
+2.319,+2.06322
+2.3197,+2.60835
+2.3202,+2.6668
+2.3207,+2.42951
+2.3212,+2.14858
+2.3218,+1.95932
+2.3223,+2.48144
+2.3228,+2.33538
+2.3233,+2.543
+2.3239,+2.82528
+2.3244,+2.25589
+2.3249,+2.2216
+2.3254,+2.04227
+2.3262,+1.30891
+2.3265,+1.67285
+2.327,+1.88007
+2.3277,+1.93115
+2.3282,+1.83706
+2.3287,+1.52344
+2.3293,+1.51178
+2.3298,+1.99646
+2.3303,+1.51596
+2.3308,+1.02847
+2.3313,+1.1147
+2.3319,+1.26772
+2.3324,+1.06422
+2.3329,+1.00856
+2.3334,+0.600279
+2.334,+0.196418
+2.3345,-0.38954
+2.335,-0.630468
+2.3355,-0.173586
+2.3363,-0.40745
+2.3366,-0.433468
+2.3371,-0.673299
+2.3377,-0.598327
+2.3382,-0.429086
+2.3387,-0.208738
+2.3392,+0.263863
+2.3399,+0.955569
+2.3404,+1.12617
+2.3409,+1.06913
+2.3414,+1.69666
+2.342,+2.22069
+2.3425,+1.6968
+2.343,+1.4369
+2.3435,+1.2413
+2.3441,+1.50101
+2.3446,+1.51382
+2.3451,+1.27897
+2.3456,+1.32112
+2.3464,+1.34157
+2.3467,+1.40112
+2.3472,+0.775383
+2.3479,+0.877275
+2.3484,+1.09535
+2.3489,+0.631251
+2.3494,+0.637227
+2.35,+0.804371
+2.3505,+0.879086
+2.351,+1.0114
+2.3515,+1.20682
+2.3521,+0.574201
+2.3526,+1.30775
+2.3531,+1.34188
+2.3536,+1.3127
+2.3542,+1.32473
+2.3547,+1.19765
+2.3552,+0.96124
+2.3557,+0.609358
+2.3565,+0.400652
+2.3569,+0.229263
+2.3574,+0.643298
+2.358,+0.68916
+2.3585,+1.07623
+2.359,+0.64347
+2.3595,+1.08061
+2.3601,+1.16541
+2.3606,+1.33309
+2.3611,+1.86228
+2.3616,+1.8683
+2.3622,+2.00706
+2.3627,+2.17411
+2.3632,+2.12574
+2.3637,+2.18035
+2.3644,+2.62497
+2.3649,+2.67688
+2.3654,+3.26949
+2.3659,+3.22889
+2.3665,+3.28885
+2.367,+2.9366
+2.3675,+2.72615
+2.368,+3.14062
+2.3687,+3.57529
+2.3691,+3.69949
+2.3698,+3.25317
+2.3702,+3.79297
+2.3707,+3.33
+2.3713,+3.8749
+2.3717,+3.55052
+2.3724,+3.90238
+2.3729,+4.1003
+2.3734,+3.79532
+2.3739,+3.89862
+2.3749,+3.75249
+2.3751,+4.09816
+2.3755,+3.52188
+2.376,+3.22198
+2.3768,+2.65045
+2.3771,+2.72311
+2.3776,+3.41968
+2.3783,+3.77905
+2.3787,+4.17246
+2.3792,+3.57617
+2.3798,+4.05962
+2.3804,+4.18136
+2.3809,+4.14261
+2.3814,+4.70204
+2.3819,+5.41748
+2.3825,+5.39539
+2.383,+4.85639
+2.3835,+4.65263
+2.384,+4.25631
+2.3846,+4.3433
+2.3851,+3.81647
+2.3856,+4.26049
+2.3863,+4.31112
+2.3867,+3.91391
+2.3873,+3.84282
+2.3878,+3.93525
+2.3884,+4.34217
+2.3889,+4.17247
+2.3894,+4.17846
+2.3899,+4.04045
+2.3905,+4.72406
+2.391,+4.16392
+2.3915,+3.99997
+2.392,+3.6328
+2.3926,+3.14063
+2.3931,+2.56503
+2.3936,+2.11693
+2.3941,+2.26266
+2.3948,+2.16711
+2.3952,+2.35988
+2.3958,+1.91475
+2.3964,+2.5523
+2.3969,+2.86086
+2.3974,+3.47216
+2.3979,+3.37378
+2.3985,+4.16289
+2.399,+4.1939
+2.3995,+4.53504
+2.4,+4.8649
+2.4006,+5.47065
+2.4011,+6.03108
+2.4016,+5.51062
+2.4021,+5.64282
+2.4028,+5.28767
+2.4032,+5.84681
+2.4038,+5.62669
+2.4044,+5.73778
+2.4049,+5.39637
+2.4054,+5.04114
+2.4059,+4.37102
+2.4065,+4.17569
+2.407,+4.71086
+2.4075,+4.47748
+2.408,+4.96477
+2.4086,+4.52965
+2.4091,+4.60402
+2.4096,+4.97795
+2.4101,+4.86118
+2.4108,+5.61736
+2.4112,+5.64744
+2.4118,+5.29567
+2.4122,+4.85133
+2.4129,+4.93131
+2.4134,+4.79161
+2.4139,+4.75543
+2.4144,+5.31163
+2.415,+4.94496
+2.4155,+4.77038
+2.416,+4.14451
+2.4166,+4.13259
+2.4171,+4.04627
+2.4177,+4.0555
+2.4181,+4.08803
+2.4188,+4.32682
+2.4192,+4.26931
+2.4198,+4.37776
+2.4203,+3.82327
+2.4209,+4.00932
+2.4214,+3.39124
+2.4219,+3.27959
+2.4224,+2.8448
+2.423,+2.86771
+2.4235,+2.94737
+2.424,+2.96485
+2.4245,+3.01779
+2.4251,+1.89974
+2.4256,+1.88265
+2.4261,+1.3219
+2.4268,+1.99391
+2.4272,+2.28135
+2.4278,+2.8032
+2.4283,+2.25299
+2.4289,+2.0988
+2.4294,+2.00871
+2.4299,+1.50901
+2.4304,+1.66197
+2.431,+2.34377
+2.4315,+2.38544
+2.432,+2.52164
+2.4325,+2.31296
+2.4331,+2.87856
+2.4336,+3.41797
+2.4341,+4.07802
+2.4348,+3.68851
+2.4353,+4.25701
+2.4358,+4.13238
+2.4363,+3.59637
+2.4369,+4.94966
+2.4374,+4.72087
+2.438,+5.02909
+2.4384,+4.64682
+2.439,+4.70622
+2.4395,+4.16934
+2.44,+3.95661
+2.4405,+3.43983
+2.4411,+4.10215
+2.4416,+3.9886
+2.4421,+3.27423
+2.4426,+2.97228
+2.4433,+2.25108
+2.4438,+1.53738
+2.4442,+1.49302
+2.4449,+1.65466
+2.4454,+1.74215
+2.4459,+2.24842
+2.4464,+2.09886
+2.447,+2.53651
+2.4475,+2.44344
+2.4481,+2.83759
+2.4485,+3.92791
+2.4491,+3.88348
+2.4496,+3.27751
+2.4501,+3.61343
+2.4506,+3.62324
+2.4513,+3.63205
+2.4518,+3.11586
+2.4523,+2.79277
+2.4528,+2.84793
+2.4534,+2.85497
+2.4539,+2.29495
+2.4544,+2.32955
+2.455,+2.29035
+2.4555,+1.73121
+2.456,+2.20175
+2.4565,+2.23145
+2.4571,+2.3641
+2.4579,+2.68158
+2.4581,+3.23837
+2.4588,+3.22935
+2.4593,+3.18491
+2.4598,+3.01338
+2.4603,+3.60118
+2.4608,+3.71726
+2.4614,+3.20089
+2.4619,+3.42538
+2.4624,+3.81739
+2.4629,+3.8417
+2.4635,+2.61402
+2.464,+2.10259
+2.4645,+2.74218
+2.465,+2.73054
+2.4656,+2.66047
+2.4661,+1.88002
+2.4666,+1.94765
+2.4673,+0.945815
+2.4678,+0.320716
+2.4683,+0.23574
+2.4688,+0.761274
+2.4694,+1.3021
+2.4699,+0.53532
+2.4704,+1.21723
+2.4709,+0.61941
+2.4715,+1.22797
+2.472,+1.59774
+2.4725,+2.23214
+2.473,+2.71428
+2.4736,+2.84852
+2.4741,+2.91192
+2.4746,+2.72066
+2.4751,+2.77911
+2.4758,+2.1443
+2.4763,+2.09174
+2.4772,+1.68369
+2.4775,+1.6509
+2.4779,+0.954336
+2.4784,+1.14353
+2.4789,+0.265223
+2.4795,-0.310614
+2.48,-0.769251
+2.4805,-1.31153
+2.481,-0.640394
+2.4816,-0.0560766
+2.4821,+0.539088
+2.4826,-0.024046
+2.4831,+0.660514
+2.4838,+0.877637
+2.4843,+1.54507
+2.4848,+1.51077
+2.4854,+1.72253
+2.4859,+2.57628
+2.4864,+2.39632
+2.4869,+1.78884
+2.4875,+1.66447
+2.488,+2.15116
+2.4885,+2.12769
+2.489,+2.04456
+2.4896,+1.42479
+2.4901,+1.88792
+2.4906,+2.21492
+2.4911,+1.87257
+2.4918,+1.90982
+2.4923,+2.05617
+2.4928,+2.06528
+2.4933,+2.0662
+2.4939,+1.94261
+2.4944,+1.6514
+2.4949,+2.10166
+2.4955,+2.22702
+2.496,+2.28435
+2.4965,+1.69028
+2.497,+1.04565
+2.4976,+1.49513
+2.4981,+0.947429
+2.4986,+0.704753
+2.4993,+0.489241
+2.4998,+0.20231
+2.5003,+0.162065
