+0,-1.45906
+0.0005,-1.80055
+0.0009,-2.05593
+0.0012,-2.10107
+0.0016,-2.40636
+0.002,-2.76452
+0.0025,-2.70428
+0.0028,-2.96801
+0.0032,-2.43682
+0.0036,-2.18635
+0.004,-1.56116
+0.0045,-1.57581
+0.0048,-1.39941
+0.0052,-2.00593
+0.0056,-2.00685
+0.006,-1.60307
+0.0065,-1.16755
+0.0068,-1.03883
+0.0072,-0.940122
+0.0076,-1.20094
+0.0081,-1.50813
+0.0085,-1.06106
+0.0088,-0.922646
+0.0092,-0.0843053
+0.0096,+0.0719441
+0.01,-0.363303
+0.0105,-0.160078
+0.0108,+0.0947767
+0.0112,-0.0952693
+0.0116,+0.284246
+0.012,+0.14671
+0.0125,-0.0379861
+0.0128,-0.391772
+0.0132,-0.658782
+0.0136,-0.0107232
+0.014,+0.574423
+0.0145,+0.435487
+0.0148,+0.942722
+0.0152,+1.08413
+0.0156,+1.39652
+0.016,+1.98114
+0.0165,+1.77816
+0.0169,+2.17883
+0.0172,+2.96183
+0.0176,+2.82962
+0.018,+2.81706
+0.0185,+2.63988
+0.0188,+1.99705
+0.0192,+2.40474
+0.0196,+2.55223
+0.02,+2.33324
+0.0205,+2.56748
+0.0208,+2.81688
+0.0212,+2.54615
+0.0216,+2.65395
+0.022,+2.56856
+0.0225,+0.830009
+0.0228,+1.10807
+0.0232,+0.86376
+0.0236,+0.910741
+0.024,+1.79775
+0.0245,+2.35711
+0.0248,+0.326876
+0.0252,+0.391473
+0.0256,+0.997486
+0.026,+1.60169
+0.0265,+3.75872
+0.0268,+4.57687
+0.0272,+5.02629
+0.0276,+4.96921
+0.028,+4.44306
+0.0285,+4.7363
+0.0288,+7.26621
+0.0292,+5.28833
+0.0297,+5.3224
+0.03,+5.53888
+0.0305,+5.81339
+0.0308,+3.35521
+0.0312,+3.39184
+0.0316,+4.15064
+0.032,+4.11918
+0.0325,+4.60488
+0.0328,+4.99315
+0.0332,+7.41802
+0.0336,+6.9213
+0.034,+6.68624
+0.0345,+6.77324
+0.0348,+9.59149
+0.0352,+10.2975
+0.0356,+10.0155
+0.036,+10.057
+0.0365,+9.75157
+0.0368,+9.48168
+0.0372,+9.17374
+0.0376,+9.43224
+0.038,+9.63951
+0.0385,+9.89006
+0.0388,+9.38983
+0.0392,+9.16502
+0.0396,+8.71303
+0.04,+9.40755
+0.0405,+8.91313
+0.0408,+8.50048
+0.0412,+8.98561
+0.0416,+9.25357
+0.042,+8.94396
+0.0425,+6.39363
+0.0428,+6.26146
+0.0432,+5.66372
+0.0436,+5.53052
+0.044,+4.96967
+0.0445,+5.54191
+0.0448,+5.74586
+0.0452,+5.22791
+0.0456,+5.08163
+0.046,+4.84153
+0.0465,+7.22224
+0.0468,+5.72278
+0.0472,+4.57342
+0.0476,+3.22425
+0.0494,+1.58047
+0.0497,-0.519223
+0.05,-1.86391
+0.0505,-3.45483
+0.0508,-5.8648
+0.0512,-6.97462
+0.0516,-8.80777
+0.052,-9.25408
+0.0524,-9.80758
+0.0529,-9.82123
+0.0532,-9.83585
+0.0536,-9.78231
+0.054,-10.2294
+0.0545,-10.2175
+0.0548,-9.91141
+0.0552,-10.503
+0.0556,-10.8268
+0.056,-11.1028
+0.0565,-11.1449
+0.0568,-11.4098
+0.0572,-11.7273
+0.0582,-12.1221
+0.0584,-12.5238
+0.0586,-12.9652
+0.0589,-13.3653
+0.0592,-13.8469
+0.0596,-14.5052
+0.0601,-14.7273
+0.0604,-15.2211
+0.0608,-15.7047
+0.0612,-16.4727
+0.0616,-16.764
+0.062,-17.0312
+0.0625,-17.3463
+0.0628,-17.8777
+0.0632,-18.2343
+0.0636,-18.5644
+0.064,-19.1243
+0.0643,-19.4344
+0.0648,-19.6089
+0.0652,-19.8736
+0.0656,-20.5168
+0.066,-20.9272
+0.0663,-21.5268
+0.0668,-21.9569
+0.0672,-21.8233
+0.0676,-22.0562
+0.068,-22.1401
+0.0683,-22.5497
+0.0688,-22.9325
+0.0692,-23.114
+0.0696,-22.9659
+0.07,-23.0909
+0.0705,-23.1417
+0.0708,-23.12
+0.0712,-23.2796
+0.0716,-23.1279
+0.072,-23.0254
+0.0725,-22.8825
+0.0728,-21.1344
+0.0732,-21.1752
+0.0736,-21.1797
+0.074,-21.295
+0.0745,-21.3612
+0.0748,-21.2821
+0.0752,-21.0486
+0.0756,-21.2165
+0.076,-21.3316
+0.0763,-21.0477
+0.0768,-22.7036
+0.0772,-22.3894
+0.0776,-22.0764
+0.078,-21.7658
+0.0785,-21.2623
+0.0788,-20.5999
+0.0792,-20.3424
+0.0796,-19.7003
+0.08,-19.3156
+0.0806,-19.1901
+0.0809,-18.8182
+0.0812,-18.3532
+0.0816,-18.3017
+0.082,-17.664
+0.0825,-17.1331
+0.0828,-16.7483
+0.0832,-16.4051
+0.0836,-16.2627
+0.084,-15.4924
+0.0843,-14.7793
+0.0849,-14.1684
+0.0852,-13.4962
+0.0856,-12.9771
+0.086,-12.8639
+0.0865,-12.347
+0.0868,-12.2939
+0.0872,-11.7893
+0.0876,-11.1168
+0.088,-10.9668
+0.0885,-10.5859
+0.0888,-10.0124
+0.0892,-9.883
+0.0896,-9.23296
+0.09,-8.60068
+0.0905,-8.20546
+0.0908,-7.78974
+0.0912,-7.73843
+0.0916,-7.37767
+0.092,-6.69694
+0.0924,-6.33113
+0.0929,-6.14122
+0.0932,-5.54652
+0.0936,-5.55045
+0.094,-5.15654
+0.0945,-4.88554
+0.0948,-4.22672
+0.0952,-3.91652
+0.0956,-3.5836
+0.0962,-3.43349
+0.0965,-3.54696
+0.0968,-3.574
+0.0972,-3.59259
+0.0976,-3.26237
+0.098,-3.29617
+0.0985,-1.91982
+0.0988,-1.85634
+0.0992,-1.35776
+0.0996,-1.17006
+0.1,-1.38643
+0.1003,-0.848664
+0.101,-0.872292
+0.1013,-0.907632
+0.1016,-0.681702
+0.102,-0.77748
+0.1025,-2.31621
+0.1028,-2.37921
+0.1032,-3.35022
+0.1036,-3.4031
+0.104,-3.54378
+0.1045,-3.85702
+0.1048,-3.66171
+0.1052,-3.93478
+0.1056,-2.38687
+0.106,-2.68037
+0.1065,-2.93689
+0.1068,-3.03751
+0.1072,-2.69326
+0.1076,-3.39342
+0.108,-3.72361
+0.1085,-4.24635
+0.1088,-4.63372
+0.1092,-4.97332
+0.1096,-5.64337
+0.11,-6.03128
+0.1105,-6.52915
+0.1108,-7.01364
+0.1112,-7.5238
+0.1116,-8.06686
+0.112,-8.22084
+0.1125,-8.8158
+0.1128,-9.52047
+0.1132,-10.0222
+0.1136,-12.1128
+0.114,-12.3103
+0.1145,-12.6685
+0.1148,-13.3094
+0.1152,-13.6455
+0.1156,-13.815
+0.116,-14.7029
+0.1163,-14.8748
+0.1169,-15.4104
+0.1172,-16.2046
+0.1176,-16.6692
+0.118,-17.4506
+0.1183,-17.7214
+0.1188,-18.4811
+0.1193,-18.9131
+0.1196,-19.3867
+0.12,-17.8187
+0.1203,-18.287
+0.1208,-18.7376
+0.1212,-18.7299
+0.1216,-19.0851
+0.122,-19.3205
+0.1223,-19.8796
+0.1229,-19.691
+0.1232,-19.9175
+0.1236,-19.1121
+0.124,-20.9922
+0.1243,-21.2328
+0.1248,-21.2095
+0.1252,-18.9738
+0.1256,-19.1602
+0.126,-19.336
+0.1263,-19.4067
+0.1268,-19.576
+0.1272,-19.4909
+0.1276,-20.551
+0.1281,-20.4278
+0.1285,-20.3398
+0.1288,-20.491
+0.1292,-22.7522
+0.1296,-22.497
+0.13,-22.1361
+0.1304,-22.1497
+0.1308,-22.3278
+0.1313,-22.5854
+0.1316,-22.3248
+0.132,-22.5648
+0.1324,-22.3641
+0.1329,-21.8487
+0.1332,-21.4157
+0.1336,-21.5275
+0.134,-21.3213
+0.1343,-20.8827
+0.1349,-20.5212
+0.1353,-20.0151
+0.1356,-19.9092
+0.136,-19.5544
+0.1363,-16.6402
+0.1368,-16.5607
+0.1372,-16.2905
+0.1376,-15.9449
+0.138,-15.9186
+0.1385,-15.8953
+0.1388,-15.4163
+0.1392,-15.3185
+0.1396,-14.8788
+0.14,-14.5077
+0.1404,-16.7842
+0.1408,-16.5284
+0.1412,-16.1977
+0.1416,-15.8801
+0.142,-12.7064
+0.1425,-10.6503
+0.1428,-10.4382
+0.1432,-10.1403
+0.1436,-9.79523
+0.144,-9.11433
+0.1443,-9.09519
+0.1449,-8.44844
+0.1452,-8.44745
+0.1456,-8.1624
+0.146,-10.6173
+0.1463,-9.14026
+0.1469,-6.13828
+0.1472,-5.87384
+0.1476,-5.64457
+0.148,-5.68851
+0.1484,-5.05832
+0.1489,-5.01345
+0.1492,-2.71754
+0.1496,-1.09747
+0.15,+0.806297
+0.1503,+0.024502
+0.1508,-1.17299
+0.1512,+1.05968
+0.1516,+2.68509
+0.152,+4.58835
+0.1523,+6.50354
+0.1529,+8.26607
+0.1532,+8.43204
+0.1536,+8.88166
+0.154,+8.96259
+0.1543,+9.05947
+0.1548,+9.7304
+0.1552,+9.21669
+0.1556,+9.56155
+0.156,+9.57435
+0.1563,+9.48466
+0.1569,+9.52237
+0.1572,+8.92876
+0.1576,+8.97673
+0.158,+8.6952
+0.1584,+8.14977
+0.1588,+7.52586
+0.1592,+7.48917
+0.1596,+7.08984
+0.1606,+6.86757
+0.1609,+6.64036
+0.1611,+6.16216
+0.1613,+5.6093
+0.1616,+5.16122
+0.162,+4.6759
+0.1623,+4.33259
+0.1628,+4.05863
+0.1632,+3.88505
+0.1636,+3.47034
+0.164,+2.90455
+0.1643,+2.23899
+0.1648,+2.08673
+0.1652,+2.56895
+0.1656,+1.93156
+0.166,+1.76816
+0.1663,+1.97937
+0.1668,+1.74903
+0.1672,+1.2846
+0.1676,+0.99742
+0.168,+0.979379
+0.1683,+0.967232
+0.1689,+0.787796
+0.1692,+0.116477
+0.1696,+0.420719
+0.17,+0.930472
+0.1704,+1.15752
+0.1709,+1.0925
+0.1712,+1.02067
+0.1716,+0.793024
+0.172,+1.12284
+0.1724,+0.995477
+0.1729,+0.94445
+0.1732,+1.18953
+0.1736,+1.14898
+0.174,+0.59509
+0.1743,-0.151501
+0.1748,-0.423696
+0.1752,-0.110099
+0.1756,-0.135985
+0.176,-0.660052
+0.1764,-0.404656
+0.1769,-0.739677
+0.1772,-0.837434
+0.1776,-0.969664
+0.178,-1.10364
+0.1783,-1.18728
+0.1788,-1.38804
+0.1792,-1.56483
+0.1796,-1.48921
+0.18,-1.4553
+0.1804,-2.19361
+0.1808,-2.38613
+0.1812,-2.36061
+0.1816,-2.3942
+0.1821,-2.32538
+0.1824,-2.31552
+0.1828,-1.55829
+0.1832,-1.33269
+0.1836,-0.777556
+0.184,-0.863521
+0.1843,-0.59705
+0.1849,-0.587993
+0.1852,-0.662656
+0.1856,-0.30954
+0.186,+0.12407
+0.1864,+0.686687
+0.1869,+0.553451
+0.1872,+1.06312
+0.1876,+1.30867
+0.188,+1.51556
+0.1884,+1.90897
+0.1889,+2.64089
+0.1892,+2.97183
+0.1896,+2.65616
+0.19,+2.62931
+0.1903,+2.99637
+0.1908,+2.85549
+0.1912,+2.51549
+0.1916,+2.07067
+0.192,+2.66093
+0.1923,+2.58838
+0.1929,+2.9985
+0.1932,+2.46851
+0.1936,+2.36206
+0.194,+2.2881
+0.1943,+1.92935
+0.1949,+1.85216
+0.1952,+1.58161
+0.1956,+1.54763
+0.196,+1.39569
+0.1964,+1.39727
+0.1969,+1.02192
+0.1972,+1.36631
+0.1976,+1.70815
+0.198,+1.64346
+0.1983,+1.5699
+0.1988,+1.75057
+0.1992,+1.47067
+0.1996,+1.07881
+0.2,+0.63515
+0.2005,+0.355991
+0.2009,+0.0374334
+0.2012,-1.07657
+0.2016,-1.61324
+0.202,-2.06853
+0.2023,-2.05405
+0.2029,-2.30738
+0.2032,-2.50854
+0.2036,-2.80686
+0.204,-3.00451
+0.2044,-3.12144
+0.2049,-3.17905
+0.2052,-3.23778
+0.2056,-3.0543
+0.206,-2.99715
+0.2063,-2.98148
+0.2069,-2.94466
+0.2072,-2.74812
+0.2076,-2.62111
+0.208,-2.24304
+0.2083,-2.14385
+0.2089,-2.36242
+0.2092,-2.31832
+0.2096,-4.0655
+0.21,-3.16927
+0.2105,-3.36104
+0.2109,-3.26402
+0.2112,-3.04242
+0.2116,-2.42818
+0.2121,-2.67336
+0.2124,-2.59759
+0.2129,-2.12324
+0.2132,-1.46543
+0.2136,+0.826201
+0.214,+0.931505
+0.2143,+1.45838
+0.2149,+1.95808
+0.2152,+2.11704
+0.2156,+2.0712
+0.216,+2.56846
+0.2164,+3.10884
+0.2169,+3.59741
+0.2172,+3.82059
+0.2176,+4.00131
+0.2181,+3.84045
+0.2185,+3.96848
+0.2189,+4.36769
+0.2192,+4.86403
+0.2196,+5.49599
+0.22,+5.9402
+0.2204,+6.35424
+0.2209,+6.43764
+0.2212,+6.65399
+0.2216,+6.73414
+0.222,+6.92335
+0.2223,+7.02593
+0.2229,+6.77736
+0.2232,+6.68127
+0.2236,+6.23318
+0.224,+5.98456
+0.2244,+6.03312
+0.2249,+6.10185
+0.2252,+6.05895
+0.2256,+6.43622
+0.226,+6.40044
+0.2264,+6.3397
+0.2269,+6.49713
+0.2272,+6.28901
+0.2276,+6.2592
+0.228,+6.06113
+0.2284,+5.18623
+0.2289,+4.86958
+0.2292,+5.01997
+0.2296,+4.38497
+0.23,+4.40476
+0.2304,+4.09283
+0.2309,+3.38175
+0.2312,+3.63057
+0.2316,+3.29565
+0.232,+2.859
+0.2324,+2.93634
+0.2329,+2.74457
+0.2332,+1.77689
+0.2336,+1.64702
+0.234,+0.895116
+0.2344,+0.755434
+0.2348,+1.42322
+0.2352,+1.04684
+0.2356,+0.900644
+0.236,+1.00624
+0.2363,+0.624842
+0.2369,+0.715249
+0.2372,+1.15636
+0.2376,+1.07633
+0.238,+1.69169
+0.2384,+1.51601
+0.2389,+0.49835
+0.2392,+0.262924
+0.2396,+0.381087
+0.24,+0.671917
+0.2403,+1.06442
+0.2409,+0.960266
+0.2412,+1.00711
+0.2416,+0.950064
+0.242,+0.609074
+0.2425,+1.11443
+0.2429,+1.5035
+0.2432,+1.92735
+0.2436,+2.1964
+0.244,+1.64284
+0.2444,+1.62024
+0.2449,+1.53412
+0.2452,+1.67005
+0.2456,+2.0164
+0.246,+2.3765
+0.2464,+2.45979
+0.2469,+2.63914
+0.2472,+2.74731
+0.2476,+3.06783
+0.248,+3.46412
+0.2484,+3.61131
+0.2489,+4.15774
+0.2492,+4.04448
+0.2496,+4.21984
+0.25,+4.07608
+0.2503,+4.21203
+0.2515,+4.28734
+0.2517,+3.99496
+0.252,+3.70331
+0.2522,+3.99713
+0.2525,+4.63157
+0.253,+4.45153
+0.2532,+4.59641
+0.2536,+4.2898
+0.254,+4.27231
+0.2543,+3.85013
+0.2549,+4.07173
+0.2552,+4.07831
+0.2556,+4.45399
+0.256,+4.21102
+0.2564,+3.59027
+0.2569,+3.72044
+0.2572,+3.47892
+0.2576,+3.37079
+0.258,+3.52345
+0.2584,+3.41962
+0.2589,+3.09461
+0.2592,+3.03825
+0.2596,+2.5369
+0.26,+2.3339
+0.2604,+1.82946
+0.2609,+0.872762
+0.2612,+0.242861
+0.2616,-0.375666
+0.262,-0.958383
+0.263,-1.34961
+0.2632,-1.40429
+0.2634,-1.76141
+0.2637,-2.25091
+0.264,-2.46512
+0.2644,-2.97306
+0.2649,-2.88691
+0.2652,-3.03779
+0.2656,-3.09879
+0.266,-3.57827
+0.2664,-3.88598
+0.2669,-4.71503
+0.2672,-5.20637
+0.2676,-5.48301
+0.268,-5.93517
+0.2684,-6.1299
+0.2689,-6.4889
+0.2692,-6.53077
+0.2696,-6.60501
+0.27,-6.40742
+0.2704,-6.34598
+0.2709,-6.51301
+0.2712,-6.3101
+0.2716,-6.37241
+0.272,-6.14637
+0.2724,-5.49128
+0.2729,-5.56099
+0.2732,-7.25812
+0.2736,-7.36818
+0.274,-7.73634
+0.2744,-7.86839
+0.2749,-7.34152
+0.2752,-7.41714
+0.2756,-6.9969
+0.276,-6.60269
+0.2764,-6.34233
+0.2769,-6.10804
+0.2772,-3.92166
+0.2776,-3.22133
+0.278,-2.45193
+0.2783,-2.04197
+0.2789,-1.97116
+0.2792,-1.61962
+0.2796,-1.73168
+0.28,-1.89854
+0.2804,-1.9986
+0.2809,-1.87312
+0.2812,-1.91984
+0.2816,-2.04324
+0.282,-4.07487
+0.2824,-3.85622
+0.2829,-3.94258
+0.2832,-3.6226
+0.2836,-3.47789
+0.284,-3.3081
+0.2844,-3.44364
+0.2849,-2.90166
+0.2852,-2.62952
+0.2856,-2.63632
+0.286,-2.46326
+0.2864,-4.40562
+0.2869,-6.06055
+0.2872,-6.22721
+0.2876,-7.85027
+0.288,-7.99834
+0.2884,-9.63967
+0.2889,-10.0367
+0.2892,-12.0621
+0.2896,-13.9007
+0.29,-12.2004
+0.2904,-12.1798
+0.2909,-12.1717
+0.2912,-12.3705
+0.2916,-10.5906
+0.292,-10.4431
+0.2924,-10.6088
+0.2929,-10.7683
+0.2932,-11.0515
+0.2936,-9.30199
+0.294,-11.6753
+0.2944,-10.1179
+0.2949,-10.4803
+0.2952,-12.6363
+0.2956,-13.2683
+0.296,-14.107
+0.2964,-12.76
+0.2969,-13.2211
+0.2972,-12.0719
+0.2976,-14.6287
+0.298,-12.9397
+0.2984,-13.4749
+0.2989,-12.0472
+0.2992,-12.4701
+0.2996,-12.9378
+0.3,-13.3665
+0.3004,-13.6937
+0.3009,-13.9629
+0.3012,-13.8398
+0.3016,-11.6232
+0.302,-11.4979
+0.3024,-11.7744
+0.3029,-11.8272
+0.3032,-10.0051
+0.3036,-10.0316
+0.304,-10.0015
+0.3044,-9.70237
+0.3049,-9.83438
+0.3052,-9.84057
+0.3056,-9.86317
+0.306,-9.81897
+0.3064,-9.30096
+0.3069,-9.12421
+0.3072,-8.43916
+0.3076,-7.54694
+0.308,-6.64953
+0.3084,-6.12156
+0.3089,-5.07956
+0.3092,-4.27479
+0.3096,-3.96786
+0.31,-3.50467
+0.3104,-2.87956
+0.3107,-1.76984
+0.3112,-1.22392
+0.3116,-0.615427
+0.312,-0.166727
+0.3124,+0.668407
+0.3127,+1.36703
+0.3132,+2.29022
+0.3137,+3.31377
+0.314,+4.23607
+0.3144,+4.9847
+0.3147,+5.75615
+0.3152,+6.19232
+0.3156,+7.05227
+0.316,+7.88534
+0.3164,+8.09728
+0.3167,+8.57033
+0.3172,+8.95206
+0.3176,+9.37473
+0.318,+9.28527
+0.3184,+9.41357
+0.3189,+9.22576
+0.3192,+9.39274
+0.3196,+9.21924
+0.32,+8.86086
+0.3204,+8.87754
+0.3209,+8.95455
+0.3212,+8.47339
+0.3216,+7.99722
+0.322,+7.97877
+0.3224,+8.08573
+0.3229,+7.90783
+0.3232,+8.21341
+0.3236,+7.96975
+0.324,+8.16656
+0.3244,+7.5459
+0.3249,+6.99565
+0.3252,+6.86751
+0.3256,+6.65992
+0.326,+6.45389
+0.3264,+5.32408
+0.3269,+4.24943
+0.3272,+3.27364
+0.3276,+2.3574
+0.328,+1.03325
+0.3284,+0.280986
+0.3289,-0.66358
+0.3292,-2.14276
+0.3296,-3.57946
+0.33,-4.95963
+0.3304,-5.82297
+0.3309,-6.30003
+0.3312,-7.24903
+0.3316,-8.13948
+0.332,-8.61819
+0.3324,-8.99267
+0.3327,-9.75432
+0.3332,-9.73961
+0.3336,-10.0191
+0.334,-10.0945
+0.3344,-10.4206
+0.3349,-10.9646
+0.3352,-11.3941
+0.3356,-11.3366
+0.336,-13.3295
+0.3364,-13.6927
+0.3369,-13.7737
+0.3372,-13.922
+0.3376,-13.7451
+0.338,-13.8709
+0.3384,-13.8835
+0.3389,-13.619
+0.3392,-13.3931
+0.3396,-13.6489
+0.34,-11.7788
+0.3404,-11.4077
+0.3409,-11.2602
+0.3412,-11.2912
+0.3416,-11.0299
+0.342,-10.5394
+0.3424,-9.75395
+0.3429,-9.43572
+0.3432,-8.97632
+0.3436,-8.08719
+0.344,-7.71206
+0.3444,-7.15291
+0.3449,-6.55578
+0.3452,-5.95444
+0.3456,-7.46805
+0.346,-6.96213
+0.3464,-6.47585
+0.3469,-6.16577
+0.3472,-5.69753
+0.3476,-5.3526
+0.348,-4.82355
+0.3484,-4.69934
+0.3489,-4.38078
+0.3492,-3.8624
+0.3496,-1.6232
+0.35,-1.20612
+0.3504,-0.991328
+0.3507,-0.347199
+0.3512,-0.284836
+0.3516,+0.0651243
+0.352,+0.480661
+0.3524,+0.751143
+0.3529,+0.81983
+0.3532,+0.667244
+0.3536,+0.813628
+0.354,+0.557483
+0.3544,+0.335669
+0.3549,-0.0519573
+0.3552,-0.106353
+0.3556,-0.376496
+0.356,-0.690418
+0.3564,-0.908374
+0.3569,-0.41256
+0.3572,-0.896981
+0.3576,-1.61968
+0.358,-2.07876
+0.3584,-2.44256
+0.3587,-2.79391
+0.3592,-2.93248
+0.3596,-3.15034
+0.36,-3.90116
+0.3604,-4.37753
+0.3607,-5.40459
+0.3612,-5.47495
+0.3616,-5.78772
+0.362,-6.04096
+0.3624,-6.27334
+0.3629,-6.51676
+0.3632,-6.64488
+0.3636,-6.88001
+0.3641,-6.17414
+0.3644,-6.09746
+0.3654,-6.21648
+0.3656,-6.09343
+0.3658,-5.63142
+0.3661,-5.31981
+0.3664,-4.82946
+0.3667,-4.50425
+0.3672,-5.11037
+0.3676,-4.98311
+0.368,-5.21877
+0.3684,-4.97871
+0.3687,-5.10217
+0.3692,-5.4473
+0.3696,-5.87487
+0.37,-6.21084
+0.3704,-6.53279
+0.3707,-6.58375
+0.3712,-6.36552
+0.3716,-6.48475
+0.372,-6.8146
+0.3724,-6.94506
+0.3727,-6.66957
+0.3732,-6.0785
+0.3736,-5.87719
+0.374,-5.77695
+0.3744,-5.65225
+0.3749,-5.81385
+0.3752,-5.48783
+0.3756,-5.46958
+0.376,-5.41325
+0.3764,-5.70071
+0.3767,-5.21284
+0.3772,-5.39271
+0.3776,-5.04452
+0.378,-4.79413
+0.3784,-5.12717
+0.3787,-4.83418
+0.3792,-5.16743
+0.3796,-5.09628
+0.38,-4.72761
+0.3804,-4.38847
+0.3809,-4.84801
+0.3812,-4.98173
+0.3816,-4.62204
+0.382,-4.72241
+0.3824,-4.48978
+0.3827,-4.64055
+0.3832,-4.3541
+0.3836,-4.46037
+0.384,-3.84904
+0.3844,-3.65148
+0.3849,-3.1401
+0.3852,-2.70399
+0.3856,-3.1252
+0.386,-3.09655
+0.3864,-2.9202
+0.3867,-2.24053
+0.3872,-1.80587
+0.3876,-1.32035
+0.388,-1.89192
+0.3884,-1.44498
+0.3887,-0.960403
+0.3892,-0.565209
+0.3896,-0.0714671
+0.39,+0.405212
+0.3904,+1.12446
+0.3907,+1.62214
+0.3912,+2.04887
+0.3916,+2.46447
+0.392,+3.42463
+0.3924,+3.60065
+0.3927,+3.92502
+0.3932,+4.04431
+0.3936,+4.7113
+0.394,+4.99067
+0.3945,+5.0848
+0.3949,+5.25388
+0.3952,+5.66299
+0.3957,+5.76292
+0.3962,+5.83099
+0.3966,+6.1776
+0.3969,+5.97748
+0.3974,+6.3174
+0.3977,+6.19727
+0.398,+6.79598
+0.3984,+6.99415
+0.3987,+7.05386
+0.3992,+7.21705
+0.3996,+7.62237
+0.4,+7.70689
+0.4004,+7.4878
+0.4007,+7.5398
+0.4012,-10.4752
+0.4016,-10.2666
+0.402,-9.82784
+0.4024,-9.43887
+0.4027,-9.05086
+0.4032,-8.44625
+0.4036,-7.64877
+0.404,-6.88607
+0.4044,-6.32773
+0.4049,-5.95301
+0.4052,-4.97189
+0.4056,-4.35447
+0.406,-3.45349
+0.4064,-2.51713
+0.4067,-1.68712
+0.4072,-1.00854
+0.4076,-0.185929
+0.408,+0.786206
+0.4084,+1.73539
+0.4087,+2.6939
+0.4092,+3.41152
+0.4096,+4.64758
+0.41,+5.59282
+0.4104,+6.48657
+0.4107,+7.52213
+0.4112,+8.50127
+0.4116,+9.46935
+0.412,+10.425
+0.4124,+11.2938
+0.4127,+12.2825
+0.4132,+13.2414
+0.4136,+13.8981
+0.414,+14.3648
+0.4144,+14.8849
+0.4147,+15.319
+0.4152,+15.9745
+0.4156,+16.2865
+0.416,+16.4124
+0.4164,+16.4915
+0.4167,+16.4668
+0.4172,+16.1867
+0.4176,+16.1304
+0.418,+16.1214
+0.4184,+15.9714
+0.4187,+15.9998
+0.4192,+15.459
+0.4196,+14.8209
+0.42,+14.3542
+0.4204,+13.8632
+0.4207,+13.3077
+0.4213,+12.7536
+0.4216,+11.863
+0.422,+11.1653
+0.4224,+10.3024
+0.4227,+9.40303
+0.4232,+8.44771
+0.4236,+7.84253
+0.424,+7.08516
+0.4244,+6.33166
+0.4249,+5.55205
+0.4252,+4.95642
+0.4256,+4.42931
+0.426,+3.57398
+0.4264,+2.97472
+0.4268,+2.16234
+0.4272,+1.61052
+0.4276,+0.957601
+0.428,+0.238747
+0.4284,-0.271193
+0.4287,-0.619986
+0.4292,-1.13375
+0.4296,-1.261
+0.43,-1.36568
+0.4304,-1.62555
+0.4307,-1.5509
+0.4312,-1.37165
+0.4316,-1.39627
+0.432,-1.10851
+0.4324,-1.26072
+0.4327,-1.53013
+0.4332,-1.25469
+0.4336,-1.45786
+0.434,-1.52817
+0.4344,-1.4717
+0.4347,-1.57204
+0.4354,-1.87952
+0.4356,-2.01987
+0.436,-2.54695
+0.4364,-2.71414
+0.4367,-2.76527
+0.4372,-3.18219
+0.4376,-3.45645
+0.438,-3.41732
+0.4384,-3.61926
+0.4387,-3.91901
+0.4392,-4.0038
+0.4396,-4.13848
+0.44,-3.89846
+0.4404,-3.76434
+0.4407,-3.73111
+0.4412,-3.7856
+0.4416,-3.69732
+0.442,-3.92736
+0.4424,-4.05521
+0.4427,-3.79058
+0.4432,-3.76719
+0.4436,-3.57071
+0.444,-3.67004
+0.4444,-3.55723
+0.4447,-3.59912
+0.4452,-3.52149
+0.4456,-3.4996
+0.446,-3.37152
+0.4464,-2.89247
+0.4467,-2.83905
+0.4472,-2.57628
+0.4476,-2.20954
+0.448,-1.99465
+0.4484,-1.68556
+0.4487,-1.09765
+0.4492,-0.621786
+0.4496,-0.195659
+0.45,+0.201803
+0.4504,+0.690666
+0.4507,+1.33095
+0.4512,+1.93025
+0.4516,+2.18518
+0.452,+2.64287
+0.4524,+3.15828
+0.4527,+3.53871
+0.4532,+3.72093
+0.4536,+4.21657
+0.454,+4.79702
+0.4544,+4.71049
+0.4547,+4.81276
+0.4552,+5.09857
+0.4556,+5.18897
+0.456,+5.26672
+0.4564,+5.21844
+0.4567,+5.20217
+0.4572,+5.45921
+0.4576,+5.18247
+0.458,+4.69338
+0.4584,+4.9272
+0.4587,+4.9685
+0.4592,+4.79751
+0.4596,+4.91534
+0.46,+4.97312
+0.4604,+4.72781
+0.4607,+4.65122
+0.4612,+4.30609
+0.4616,+4.38473
+0.462,+4.88326
+0.4624,+4.76324
+0.4628,+4.44727
+0.4632,+4.43507
+0.4636,+4.36794
+0.464,+4.32897
+0.4644,+4.52618
+0.4647,+4.77258
+0.4652,+5.30155
+0.4657,+5.57544
+0.466,+5.58387
+0.4664,+5.62303
+0.4667,+6.06925
+0.4678,+6.36701
+0.468,+6.54223
+0.4682,+6.66887
+0.4685,+7.01381
+0.4687,+7.19129
+0.4692,+7.13921
+0.4696,+6.93636
+0.47,+6.62232
+0.4704,+6.76296
+0.4707,+6.71089
+0.4712,+6.67163
+0.4716,+6.67869
+0.472,+6.63725
+0.4724,+6.09804
+0.4727,+5.69812
+0.4732,+5.44484
+0.4736,+5.29078
+0.474,+5.22217
+0.4744,+4.76271
+0.4747,+4.21465
+0.4752,+3.7021
+0.4756,+3.13223
+0.476,+2.56857
+0.4764,+2.22183
+0.4767,+1.49075
+0.4773,+0.876336
+0.4776,+0.222297
+0.478,-0.466751
+0.4784,-0.939607
+0.4787,-1.3403
+0.4792,-1.65714
+0.4796,-1.99551
+0.48,-2.27873
+0.4804,-2.62991
+0.4807,-2.47816
+0.4812,-2.87026
+0.4816,-2.92575
+0.482,-2.90359
+0.4824,-1.97829
+0.4827,-2.14437
+0.4832,-1.43796
+0.4836,-1.42464
+0.484,-1.49808
+0.4844,-1.62404
+0.4847,-2.01245
+0.4852,-1.61223
+0.4856,-1.42578
+0.486,-1.35791
+0.4864,-2.46548
+0.4867,-2.2393
+0.4872,-2.99285
+0.4876,-2.81387
+0.488,-2.37994
+0.4884,-1.72732
+0.4887,-0.921225
+0.4892,-0.636051
+0.4896,-0.287819
+0.49,+0.215032
+0.4904,+1.11031
+0.4907,+1.89107
+0.4913,+2.3734
+0.4916,+2.9991
+0.492,+3.47445
+0.4924,+4.06349
+0.4928,+4.54121
+0.4932,+5.1007
+0.4936,+5.64117
+0.494,+6.35449
+0.4944,+7.05142
+0.4947,+7.40044
+0.4953,+7.80018
+0.4956,+8.40111
+0.496,+8.74487
+0.4964,+9.18797
+0.4967,+9.26473
+0.4972,+9.47867
+0.4976,+9.7021
+0.498,+9.54908
+0.4984,+9.14217
+0.4987,+8.90914
+0.4992,+8.89898
+0.4996,+8.35173
+0.5,+8.25007
+0.5004,+7.74657
+0.5008,+7.65697
+0.5013,+7.22284
+0.5016,+6.76412
+0.502,+6.45162
+0.5024,+6.11667
+0.5027,+5.93241
+0.5033,+5.33896
+0.5036,+5.14191
+0.504,+4.87157
+0.5044,+4.65486
+0.5048,+4.22187
+0.5052,+3.91294
+0.5056,+3.56269
+0.506,+3.33288
+0.5064,+3.12658
+0.5067,+2.87658
+0.5072,+2.74998
+0.5076,+2.34739
+0.508,+1.85797
+0.5084,+1.48697
+0.5088,+1.13524
+0.5093,+1.11669
+0.5096,+0.820431
+0.51,+0.653876
+0.5104,+0.414017
+0.5107,-0.0957678
+0.5113,-0.152732
+0.5116,-0.317636
+0.512,-0.39584
+0.5124,-0.501196
+0.5128,-0.572209
+0.5133,-0.821995
+0.5136,-0.795996
+0.514,-1.02974
+0.5144,-1.24678
+0.5148,-1.13856
+0.5152,-0.878501
+0.5156,-0.849274
+0.516,-0.580938
+0.5164,-0.395854
+0.5168,+0.100243
+0.5173,+0.627352
+0.5176,+1.14283
+0.518,+1.88606
+0.5184,+2.7339
+0.5187,+3.25982
+0.5193,+3.86431
+0.5196,+4.78928
+0.52,+5.36126
+0.5204,+6.18771
+0.5208,+6.78138
+0.5212,+7.61042
+0.5216,+8.57834
+0.522,+9.30271
+0.5224,+10.0446
+0.5228,+10.9784
+0.5232,+11.6181
+0.5237,+12.3493
+0.524,+13.2909
+0.5244,+14.124
+0.5247,+14.9147
+0.5252,+15.5494
+0.5256,+16.2786
+0.526,+17.0524
+0.5265,+18.0278
+0.5268,+19.7217
+0.5273,+20.2111
+0.5276,+20.8078
+0.528,+21.4764
+0.5284,+22.0849
+0.5288,+22.6584
+0.5293,+23.0707
+0.5296,+23.2992
+0.53,+23.4051
+0.5304,+23.5223
+0.5308,+22.6683
+0.5313,+23.0018
+0.5316,+22.9668
+0.532,+22.5544
+0.5324,+22.0814
+0.5328,+21.5175
+0.5332,+20.7467
+0.5336,+19.9647
+0.534,+19.3058
+0.5344,+18.258
+0.5348,+17.2852
+0.5353,+16.2914
+0.5356,+15.1452
+0.536,+14.195
+0.5364,+13.0512
+0.5367,+12.1539
+0.5372,+11.4521
+0.5376,+10.6578
+0.538,+9.76977
+0.5384,+9.08051
+0.5388,+8.4098
+0.5393,+7.601
+0.5396,+7.01946
+0.54,+6.65976
+0.5404,+6.56406
+0.5408,+6.4321
+0.5413,+6.37487
+0.5416,+6.18031
+0.542,+6.20879
+0.5424,+6.12698
+0.5428,+6.35853
+0.5433,+6.27728
+0.5436,+6.50785
+0.544,+6.66374
+0.5444,+6.82991
+0.5448,+6.88272
+0.5452,+7.07505
+0.5456,+7.65798
+0.546,+7.876
+0.5465,+8.31275
+0.5468,+8.45135
+0.5472,+9.03421
+0.5476,+9.34993
+0.548,+9.69976
+0.5484,+9.84758
+0.5488,+10.1163
+0.5492,+10.4393
+0.5496,+10.3589
+0.55,+10.369
+0.5504,+10.0353
+0.5507,+9.67988
+0.5512,+9.39193
+0.5516,+9.15157
+0.552,+8.24819
+0.5524,+7.49269
+0.5528,+6.81031
+0.5533,+5.6221
+0.5536,+4.52503
+0.554,+3.45326
+0.5544,+2.76754
+0.5548,+2.23946
+0.5553,+1.2387
+0.5556,+0.0782728
+0.556,-0.50265
+0.5564,-1.17052
+0.5568,-2.153
+0.5573,-2.48618
+0.5576,-2.73397
+0.558,-3.07894
+0.5584,-3.57322
+0.5588,-3.78897
+0.5591,-3.74953
+0.5596,-3.58041
+0.56,-3.44171
+0.5604,-3.42545
+0.5608,-3.16624
+0.5611,-3.1991
+0.5616,-3.24294
+0.562,-2.76801
+0.5624,-2.16596
+0.5628,-2.02545
+0.5633,-1.71058
+0.5636,-1.19378
+0.564,-0.851019
+0.5644,-0.33584
+0.5648,+0.139764
+0.5651,+0.756486
+0.5656,+1.08289
+0.566,+1.32503
+0.5664,+1.32707
+0.5668,+1.65794
+0.5672,+1.66402
+0.5676,+1.62254
+0.568,+1.25715
+0.5684,+1.18459
+0.5688,+1.0819
+0.5693,+0.881639
+0.5702,+0.993896
+0.5704,+0.55485
+0.5707,+0.18291
+0.5713,+0.570354
+0.5716,-0.038757
+0.572,-0.602733
+0.5724,-0.631757
+0.5728,-0.998248
+0.5733,-1.57166
+0.5736,-1.92287
+0.574,-2.4236
+0.5744,-2.52137
+0.5748,-2.7007
+0.5753,-3.63452
+0.5756,-3.30742
+0.576,-3.1744
+0.5764,-3.26355
+0.5769,-3.46868
+0.5773,-3.17099
+0.5776,-3.24356
+0.578,-3.30529
+0.5784,-3.16076
+0.5788,-2.84236
+0.5793,-2.98508
+0.5796,-3.01596
+0.58,-2.92981
+0.5804,-2.83386
+0.5808,-2.53174
+0.5812,-2.28827
+0.5816,-2.04171
+0.582,-1.55116
+0.5824,-1.45302
+0.5828,-1.36045
+0.5833,-0.748648
+0.5836,-0.110916
+0.584,+0.205185
+0.5844,+1.01254
+0.5847,+1.51138
+0.5853,+2.10963
+0.5856,+2.47525
+0.586,+2.88606
+0.5864,+3.50544
+0.5868,+3.91407
+0.5873,+4.5501
+0.5876,+4.94626
+0.588,+5.52543
+0.5884,+5.59502
+0.5888,+6.02704
+0.5893,+5.88031
+0.5896,+6.31779
+0.59,+6.52818
+0.5904,+6.49934
+0.5908,+6.65268
+0.5913,+6.52039
+0.5916,+6.31223
+0.592,+6.35057
+0.5924,+6.33191
+0.5928,+6.30673
+0.5933,+6.54336
+0.5936,+6.63209
+0.594,+6.79587
+0.5944,+7.24063
+0.5948,+7.71113
+0.5951,+7.6237
+0.5958,+8.0016
+0.596,+8.21979
+0.5964,+8.3158
+0.5968,+8.752
+0.5973,+9.24777
+0.5976,+9.301
+0.598,+9.5935
+0.5984,+9.58264
+0.5988,+9.54652
+0.5993,+9.72761
+0.5996,+9.47714
+0.6,+9.25868
+0.6004,+9.32111
+0.6008,+9.07237
+0.6011,+8.62688
+0.6016,+8.65713
+0.602,+8.59697
+0.6024,+8.60736
+0.6028,+8.68862
+0.6033,+8.79769
+0.6036,+9.25187
+0.604,+9.6232
+0.6044,+10.1694
+0.6048,+10.6056
+0.6053,+11.2024
+0.6056,+11.7611
+0.606,+12.2115
+0.6064,+12.7307
+0.6068,+13.2285
+0.6072,+13.8963
+0.6076,+14.2883
+0.608,+14.8917
+0.6084,+15.1379
+0.6088,+15.589
+0.6093,+16.1934
+0.6096,+16.7189
+0.61,+17.0422
+0.6104,+17.3497
+0.6108,+17.5085
+0.6113,+17.7067
+0.6116,+17.8637
+0.612,+17.8298
+0.6124,+17.935
+0.6128,+17.7031
+0.6133,+17.2232
+0.6136,+16.6373
+0.614,+16.0402
+0.6144,+15.2422
+0.6148,+14.5466
+0.6151,+13.7057
+0.6156,+12.8179
+0.616,+11.6203
+0.6164,+10.5336
+0.6168,+9.40744
+0.6171,+8.44299
+0.6178,+7.74609
+0.618,+7.09834
+0.6184,+6.53209
+0.6188,+5.74191
+0.6193,+5.227
+0.6196,+4.57737
+0.62,+4.5692
+0.6204,+4.18728
+0.6208,+3.78666
+0.6211,+3.47074
+0.6216,+3.17439
+0.622,+2.68838
+0.6224,+2.38456
+0.6228,+2.26938
+0.6231,+2.04871
+0.6236,+1.92968
+0.624,+1.59749
+0.6244,+1.15191
+0.6248,+1.31151
+0.6253,+1.12362
+0.6256,+0.924931
+0.6261,+1.05329
+0.6264,+1.1806
+0.6268,+1.07325
+0.6273,+1.17404
+0.6276,+1.36919
+0.628,+1.42694
+0.6284,+2.26614
+0.6288,+2.44961
+0.6293,+2.8705
+0.6296,+3.44923
+0.63,+4.03249
+0.6304,+4.6867
+0.6308,+5.44001
+0.6311,+6.01999
+0.6316,+6.59241
+0.632,+7.13185
+0.6324,+7.26619
+0.6328,+7.83859
+0.6331,+8.01129
+0.6336,+8.01648
+0.634,+7.94632
+0.6344,+7.96473
+0.6348,+7.94948
+0.6351,+7.83212
+0.6358,+7.91771
+0.636,+7.67625
+0.6364,+7.68056
+0.6368,+7.5267
+0.6371,+7.83911
+0.6376,+7.9772
+0.638,+8.10523
+0.6384,+7.98162
+0.6388,+7.90104
+0.6393,+8.00544
+0.6396,+7.90082
+0.64,+8.13552
+0.6404,+8.09591
+0.6408,+8.04113
+0.6411,+8.03635
+0.6416,+8.00665
+0.642,+8.04652
+0.6424,+8.06925
+0.6428,+8.51615
+0.6431,+8.61478
+0.6436,+8.87522
+0.644,+9.09906
+0.6444,+9.32594
+0.6448,+9.61709
+0.6451,+9.8209
+0.6456,+10.0448
+0.646,+10.2739
+0.6464,+10.5917
+0.6468,+10.3538
+0.6471,+10.2216
+0.6476,+10.1705
+0.6481,+10.1931
+0.6484,+10.3546
+0.6488,+10.4633
+0.6491,+10.5138
+0.6496,+10.8148
+0.65,+10.8704
+0.6504,+11.0735
+0.6507,+11.4711
+0.6511,+11.8426
+0.6516,+12.0447
+0.652,+12.3235
+0.6524,+12.321
+0.6528,+12.6519
+0.6531,+12.8094
+0.6536,+12.8018
+0.654,+12.9523
+0.6544,+12.8894
+0.6548,+13.0827
+0.6551,+13.1915
+0.6556,+13.2828
+0.656,+13.293
+0.6564,+13.4735
+0.6568,+13.3737
+0.6571,+13.2526
+0.6576,+12.9715
+0.658,+12.5614
+0.6584,+12.2036
+0.6588,+11.6596
+0.6591,+11.3037
+0.6596,+10.7879
+0.66,+10.4421
+0.6604,+10.1273
+0.6608,+9.74403
+0.6611,+9.65521
+0.6616,+9.45463
+0.662,+9.63477
+0.6624,+9.71673
+0.6628,+9.68095
+0.6631,+9.5222
+0.6636,+9.26604
+0.664,+9.20001
+0.6644,+9.08749
+0.6648,+8.98204
+0.6651,+8.66495
+0.6656,+8.60072
+0.666,+8.29543
+0.6664,+8.11559
+0.6668,+8.12526
+0.6671,+8.04224
+0.6676,+8.28486
+0.668,+8.18769
+0.6685,+8.10263
+0.6689,+7.71169
+0.6691,+7.3543
+0.6696,+6.80284
+0.67,+6.33878
+0.6704,+5.46507
+0.6708,+4.67958
+0.6711,+4.06813
+0.6716,+3.30423
+0.6726,+2.66842
+0.6729,+2.02404
+0.6732,+1.89579
+0.6736,+1.66372
+0.674,+1.64839
+0.6744,+1.62941
+0.6748,+2.16241
+0.6751,+2.51963
+0.6756,+3.16436
+0.676,+3.70385
+0.6764,+4.43231
+0.6768,+4.96831
+0.6773,+5.61605
+0.6776,+6.43141
+0.678,+7.20414
+0.6784,+7.949
+0.6788,+8.698
+0.6791,+9.2387
+0.6796,+9.3874
+0.68,+9.93508
+0.6804,+10.1256
+0.6808,+10.4642
+0.6811,+10.285
+0.6816,+9.90359
+0.682,+9.61381
+0.6824,+8.96469
+0.6828,+8.1856
+0.6831,+7.49764
+0.6836,+6.8604
+0.684,+5.91385
+0.6844,+5.11548
+0.6848,+4.29361
+0.6851,+3.8036
+0.6856,+3.29064
+0.686,+2.75248
+0.6864,+2.41244
+0.6868,+2.11918
+0.6871,+2.13891
+0.6876,+2.2057
+0.688,+2.23576
+0.6884,+2.37147
+0.6888,+2.76092
+0.6891,+3.17044
+0.6896,+3.78213
+0.69,+4.56645
+0.6904,+5.36741
+0.6908,+6.37253
+0.6911,+7.37882
+0.6916,+8.18841
+0.692,+9.48287
+0.6924,+10.7698
+0.6928,+12.041
+0.6931,+13.0904
+0.6936,+14.1438
+0.694,+15.0793
+0.6944,+16.0992
+0.6948,+16.7156
+0.6951,+17.1611
+0.6956,+17.8231
+0.696,+17.8432
+0.6964,+17.5309
+0.6968,+16.8242
+0.6971,+16.0926
+0.6976,+15.2532
+0.698,+14.1232
+0.6984,+12.9938
+0.6989,+11.6968
+0.6992,+10.0541
+0.6996,+8.41482
+0.7,+7.02083
+0.7004,+5.582
+0.7008,+4.48903
+0.7011,+3.53621
+0.7016,+2.46125
+0.702,+1.942
+0.7024,+1.27296
+0.7028,+0.913614
+0.7031,+1.00558
+0.7036,+1.23178
+0.704,+1.41294
+0.7044,+1.77104
+0.7048,+1.97643
+0.7051,+2.12965
+0.7056,+2.46779
+0.706,+2.69881
+0.7064,+3.02048
+0.7068,+3.35944
+0.7071,+3.45452
+0.7076,+3.34774
+0.708,+3.29549
+0.7084,+3.30256
+0.7088,+3.30164
+0.7091,+3.53821
+0.7096,+3.44055
+0.71,+3.22891
+0.7104,+3.02655
+0.7108,+2.69586
+0.7111,+2.48176
+0.7116,+2.21808
+0.712,+1.76323
+0.7124,+1.54063
+0.7128,+1.11839
+0.7131,+0.525332
+0.7136,+0.0590418
+0.714,-0.364406
+0.7144,-0.803509
+0.7148,-1.44571
+0.7151,-2.09704
+0.7156,-2.45856
+0.716,-2.40134
+0.7164,-2.48972
+0.7168,-2.05731
+0.7171,-1.82803
+0.7176,-1.22418
+0.718,-0.552666
+0.7184,+0.195293
+0.7189,+1.25584
+0.7192,+2.49452
+0.7196,+3.55864
+0.72,+4.57704
+0.7204,+5.22914
+0.7208,+5.88362
+0.7211,+7.00005
+0.7216,+8.12081
+0.722,+8.97917
+0.7224,+9.79426
+0.7228,+10.5288
+0.7231,+10.8481
+0.7236,+11.2023
+0.724,+11.1039
+0.7244,+10.9495
+0.7248,+10.1676
+0.7251,+9.04141
+0.7256,+7.57423
+0.726,+6.01747
+0.7264,+4.13563
+0.7268,+2.23048
+0.7271,+0.389284
+0.7276,-1.25534
+0.728,-2.9685
+0.7285,-4.36915
+0.7288,-5.04956
+0.7291,-5.606
+0.7296,-5.96636
+0.73,-6.18588
+0.7304,-5.80851
+0.7308,-4.98924
+0.7311,-3.92943
+0.7316,-2.98196
+0.732,-1.73701
+0.7324,-0.192435
+0.7328,+1.27118
+0.7331,+2.79229
+0.7337,+4.23723
+0.734,+5.72038
+0.7344,+6.91043
+0.7348,+7.63532
+0.7351,+8.40233
+0.7356,+9.01112
+0.736,+9.55397
+0.7364,+9.52717
+0.7368,+9.17387
+0.7371,+8.40273
+0.7376,+7.62719
+0.738,+6.45893
+0.7384,+5.1937
+0.7388,+3.99047
+0.7391,+2.8281
+0.7396,+1.5076
+0.74,+0.47564
+0.7404,-0.352621
+0.7408,-0.993606
+0.7411,-1.42683
+0.7416,-1.62631
+0.742,-1.70293
+0.7424,-1.38217
+0.7428,-0.842824
+0.7431,-0.197614
+0.7436,+0.868497
+0.744,+1.76514
+0.7444,+3.01147
+0.7448,+4.21464
+0.7451,+5.43354
+0.7456,+6.56939
+0.746,+8.02807
+0.7464,+9.17348
+0.7468,+9.99814
+0.7471,+10.7165
+0.7476,+11.6497
+0.748,+12.4977
+0.7484,+13.1822
+0.7488,+13.7667
+0.7493,+14.1974
+0.7496,+14.5962
+0.75,+14.5392
+0.7504,+14.423
+0.7508,+14.4016
+0.7511,+14.023
+0.7516,+13.074
+0.752,+12.1263
+0.7524,+11.003
+0.7528,+9.78242
+0.7531,+8.89131
+0.7536,+7.94021
+0.754,+7.28788
+0.7544,+6.55945
+0.7548,+5.99261
+0.7551,+5.5197
+0.7556,+5.1175
+0.756,+4.70103
+0.7564,+4.37888
+0.7568,+4.30587
+0.7571,+4.10443
+0.7576,+4.03376
+0.758,+3.94439
+0.7584,+4.04759
+0.7588,+4.05876
+0.7591,+4.14329
+0.7596,+4.18969
+0.76,+4.60122
+0.7604,+4.80986
+0.7608,+4.88746
+0.7611,+5.04716
+0.7616,+5.16273
+0.762,+5.22952
+0.7624,+5.496
+0.7628,+5.57788
+0.7631,+5.79227
+0.7636,+5.89233
+0.764,+5.51055
+0.7644,+5.14793
+0.7648,+4.95256
+0.7652,+4.55335
+0.7656,+4.07535
+0.766,+3.82501
+0.7664,+3.27582
+0.7668,+2.76319
+0.7671,+2.14746
+0.7676,+1.75797
+0.768,+1.84829
+0.7684,+2.10303
+0.7688,+2.42999
+0.7691,+2.82808
+0.7697,+3.26005
+0.77,+3.64829
+0.7704,+4.12637
+0.7708,+4.72142
+0.7711,+5.44638
+0.7716,+6.00643
+0.772,+6.27772
+0.7724,+6.40837
+0.7728,+6.28404
+0.7731,+6.11166
+0.7736,+5.70912
+0.774,+5.23723
+0.775,+4.58609
+0.7752,+3.80962
+0.7756,+2.74857
+0.776,+1.71539
+0.7764,+0.669108
+0.7768,-0.416945
+0.7771,-1.73126
+0.7776,-2.85048
+0.778,-3.93711
+0.7784,-5.09766
+0.7788,-6.08987
+0.7791,-6.96767
+0.7796,-7.64226
+0.78,-8.09806
+0.7804,-8.39609
+0.7808,-8.45759
+0.7812,-8.30511
+0.7816,-8.03143
+0.782,-7.54979
+0.7824,-6.8766
+0.7828,-6.2812
+0.7831,-5.46988
+0.7836,-4.71095
+0.784,-3.90764
+0.7844,-2.98055
+0.7848,-1.38596
+0.7851,-0.564884
+0.7856,+0.322043
+0.786,+1.19824
+0.7864,+2.14783
+0.7868,+3.22935
+0.7871,+4.1658
+0.7876,+5.18228
+0.788,+5.83977
+0.7884,+6.27985
+0.7888,+5.76308
+0.7891,+6.24639
+0.7896,+6.33232
+0.79,+6.21365
+0.7904,+5.73994
+0.7908,+5.27342
+0.7911,+4.58038
+0.7916,+3.91885
+0.792,+3.43032
+0.7924,+3.07335
+0.7928,+2.75992
+0.7931,+2.26659
+0.7936,+1.7408
+0.794,+1.36705
+0.7944,+1.2661
+0.7948,+0.789587
+0.7952,+0.597792
+0.7956,+0.251184
+0.796,-0.0346642
+0.7964,-0.2889
+0.7969,-0.632179
+0.7972,-0.880755
+0.7976,-0.809619
+0.798,-0.67515
+0.7984,-0.487288
+0.7988,-0.0147859
+0.7992,+0.492705
+0.7996,+1.14699
+0.8,+1.75168
+0.8004,+2.19809
+0.8008,+2.67208
+0.8011,+3.17873
+0.8016,+3.4105
+0.802,+3.50976
+0.8024,+3.22939
+0.8028,+2.97676
+0.8031,+2.41673
+0.8036,+1.9062
+0.804,+1.21953
+0.8044,+0.393265
+0.8048,-0.358759
+0.8051,-1.32762
+0.8056,-2.34773
+0.806,-3.72153
+0.8064,-4.94558
+0.8068,-6.12184
+0.8071,-7.1971
+0.8076,-8.58767
+0.808,-9.79886
+0.8084,-10.4252
+0.8088,-10.9166
+0.8092,-11.423
+0.8096,-11.6078
+0.81,-11.1723
+0.8104,-10.6166
+0.8108,-9.75515
+0.8111,-8.77837
+0.8115,-7.41286
+0.812,-6.20193
+0.8124,-5.18676
+0.8128,-4.12692
+0.8131,-2.85104
+0.8135,-1.8222
+0.814,-0.879802
+0.8144,+0.0832175
+0.8148,+0.723792
+0.8151,+1.4087
+0.8155,+1.96138
+0.816,+2.54053
+0.8164,+2.90621
+0.8168,+3.45454
+0.8171,+3.84018
+0.8175,+4.09609
+0.818,+4.13986
+0.8184,+4.09837
+0.8188,+3.73993
+0.8191,+3.21109
+0.8196,+2.46922
+0.82,+1.51066
+0.8204,+0.572595
+0.8208,-0.753423
+0.8211,-2.16213
+0.8216,-3.13449
+0.822,-4.23229
+0.8224,-5.3498
+0.8228,-5.67767
+0.8231,-6.05848
+0.8236,-6.25754
+0.824,-6.13293
+0.8244,-5.96437
+0.8248,-5.6461
+0.8252,-5.21538
+0.8256,-4.68869
+0.826,-3.94275
+0.8264,-3.2337
+0.8268,-3.07114
+0.8271,-2.86001
+0.8276,-2.63994
+0.828,-2.24589
+0.8284,-2.0472
+0.8288,-1.80999
+0.8291,-1.39281
+0.8295,-1.48769
+0.83,-1.50418
+0.8304,-1.4244
+0.8308,-1.21066
+0.8312,-0.917733
+0.8315,-0.447568
+0.832,-0.0844034
+0.8324,+0.417743
+0.8328,+1.09967
+0.8331,+1.52141
+0.8335,+2.31461
+0.834,+3.03939
+0.8344,+3.80349
+0.8348,+4.58618
+0.8351,+5.37044
+0.8355,+5.69905
+0.836,+6.102
+0.8364,+6.21994
+0.8368,+5.9545
+0.8371,+5.77276
+0.8375,+5.3164
+0.838,+4.77182
+0.8384,+4.05889
+0.8388,+2.85765
+0.8391,+1.8414
+0.8396,+0.856931
+0.84,-0.355182
+0.8404,-1.5335
+0.8408,-2.66215
+0.8411,-3.63071
+0.8416,-4.49261
+0.842,-5.19223
+0.8424,-5.74223
+0.8428,-5.68807
+0.8432,-5.85984
+0.8437,-5.65804
+0.844,-5.09629
+0.8444,-4.58179
+0.8448,-3.59253
+0.8452,-2.82703
+0.8456,-1.97449
+0.846,-1.17075
+0.8464,-0.365041
+0.8468,+0.137893
+0.8472,+0.640907
+0.8476,+0.761165
+0.848,+0.702816
+0.8484,+0.80499
+0.8488,+0.479346
+0.8491,+0.334773
+0.8495,+0.0966359
+0.85,-0.407509
+0.8504,-0.8868
+0.8509,-1.20787
+0.8512,-1.3375
+0.8517,-1.42974
+0.852,-1.31668
+0.8524,-0.428635
+0.8528,-0.0630402
+0.8532,+0.195263
+0.8536,+0.513174
+0.854,+1.14772
+0.8544,+1.69925
+0.8548,+2.4669
+0.8552,+2.89263
+0.8555,+3.52334
+0.856,+3.8947
+0.8564,+3.65316
+0.8568,+4.09413
+0.8571,+4.34413
+0.8575,+4.69079
+0.858,+4.98141
+0.8584,+5.12892
+0.8588,+4.80025
+0.8592,+4.73115
+0.8595,+4.51533
+0.86,+4.45364
+0.8604,+4.26869
+0.8608,+4.08832
+0.8611,+4.04949
+0.8616,+3.82701
+0.862,+3.66347
+0.8624,+3.39916
+0.8628,+3.48325
+0.8631,+3.62272
+0.8636,+3.7008
+0.864,+3.40544
+0.8644,+3.07643
+0.8648,+2.55729
+0.8651,+2.15153
+0.8655,+1.57904
+0.866,+0.711089
+0.8664,+0.058937
+0.8668,-1.00611
+0.8671,-1.98407
+0.8675,-2.88898
+0.868,-3.76527
+0.8684,-4.54546
+0.8688,-5.17288
+0.8692,-5.93351
+0.8696,-6.4501
+0.87,-6.80076
+0.8704,-7.15295
+0.8708,-7.02046
+0.8713,-7.10748
+0.8716,-6.70576
+0.872,-6.30639
+0.8724,-5.46839
+0.8728,-4.50886
+0.8731,-3.57612
+0.8735,-2.60634
+0.874,-1.40078
+0.8744,-0.191737
+0.8748,+0.824528
+0.8751,+1.81546
+0.8755,+2.3359
+0.876,+2.99512
+0.8764,+2.94633
+0.8774,+2.75363
+0.8777,+2.40726
+0.878,+1.9372
+0.8784,+1.19325
+0.8788,+0.326934
+0.8791,-0.663296
+0.8795,-1.95565
+0.88,-3.33577
+0.8804,-4.61568
+0.8808,-5.56181
+0.8813,-6.49851
+0.8816,-7.24781
+0.882,-7.76068
+0.8824,-8.2322
+0.8828,-8.44746
+0.8831,-8.56847
+0.8835,-8.18934
+0.884,-7.51377
+0.8844,-6.8064
+0.8848,-5.92469
+0.8851,-5.04395
+0.8855,-3.88416
+0.886,-3.09946
+0.8864,-1.90867
+0.8868,-1.03806
+0.8871,+0.262116
+0.8875,+1.05643
+0.888,+1.7489
+0.8884,+2.6384
+0.8888,+3.06461
+0.8891,+3.3893
+0.8895,+3.63817
+0.89,+4.1179
+0.8904,+4.18866
+0.8908,+4.29945
+0.8911,+3.98748
+0.8916,+4.1686
+0.892,+4.86782
+0.8924,+4.53174
+0.8928,+4.2403
+0.8931,+4.32986
+0.8935,+4.20271
+0.894,+3.90412
+0.8944,+3.79783
+0.8948,+3.89432
+0.8951,+3.80324
+0.8955,+3.54185
+0.896,+2.85961
+0.8964,+2.83399
+0.8968,+2.82982
+0.8971,+2.58612
+0.8975,+2.27909
+0.898,+2.12671
+0.8984,+1.45978
+0.8988,+0.787593
+0.8991,+0.433768
+0.8995,-0.166173
+0.9,-0.890302
+0.9004,-1.36469
+0.9008,-1.88855
+0.9013,-2.52725
+0.9016,-3.10911
+0.902,-3.71734
+0.9024,-3.78435
+0.9028,-3.98096
+0.9031,-4.26636
+0.9035,-4.2705
+0.904,-3.99135
+0.9044,-3.66377
+0.9048,-3.21336
+0.9051,-2.58076
+0.9055,-1.672
+0.906,-0.667905
+0.9064,+0.141916
+0.9068,+1.06472
+0.9071,+2.12188
+0.9075,+2.96819
+0.908,+3.53627
+0.9084,+3.98832
+0.9088,+4.56688
+0.9092,+4.8908
+0.9095,+5.05829
+0.91,+5.03957
+0.9104,+5.09543
+0.9108,+5.01927
+0.9112,+4.80218
+0.9116,+4.57846
+0.912,+4.20349
+0.9124,+4.00795
+0.9128,+3.64357
+0.9131,+3.31614
+0.9135,+3.0491
+0.914,+2.58567
+0.9144,+2.24568
+0.9148,+1.97381
+0.9151,+1.92122
+0.9155,+1.98206
+0.916,+2.02137
+0.9164,+1.81073
+0.9168,+1.69445
+0.9172,+1.7577
+0.9175,+1.64744
+0.918,+1.54043
+0.9184,+1.40898
+0.9188,+1.06641
+0.9192,+0.381776
+0.9195,-0.0817319
+0.92,-0.392093
+0.9204,-0.684725
+0.9208,-1.01677
+0.9211,-1.29388
+0.9215,-1.77354
+0.922,-1.80555
+0.9224,-1.86477
+0.9228,-1.60735
+0.9231,-1.11425
+0.9235,-0.131792
+0.924,+0.366224
+0.9244,+0.961894
+0.9248,+1.47447
+0.9251,+2.14751
+0.9255,+3.0825
+0.926,+3.61449
+0.9264,+4.26898
+0.9268,+4.70097
+0.9271,+5.22818
+0.9275,+5.02041
+0.928,+5.09036
+0.9284,+5.02144
+0.9288,+5.02209
+0.9291,+4.70026
+0.9295,+4.45046
+0.93,+4.20173
+0.9304,+3.55663
+0.9308,+3.11015
+0.9311,+2.43414
+0.9316,+1.7242
+0.932,+1.40382
+0.9324,+1.0549
+0.9328,+0.496459
+0.9331,-0.0749572
+0.9335,-0.677335
+0.934,-0.958259
+0.9344,-0.975912
+0.9348,-1.2804
+0.9351,-1.41675
+0.9355,-1.4938
+0.936,-1.67291
+0.9364,-1.675
+0.9368,-1.46971
+0.9372,-1.31291
+0.9375,-1.03084
+0.938,-0.894566
+0.9384,-0.684622
+0.9388,-0.379102
+0.9392,-0.128094
+0.9395,+0.231698
+0.94,+0.569774
+0.9404,+0.834369
+0.9408,+1.2347
+0.9412,+1.80505
+0.9415,+2.14807
+0.9422,+2.4723
+0.9424,+2.702
+0.9428,+3.08272
+0.9431,+3.43538
+0.9435,+4.58331
+0.944,+4.95828
+0.9444,+5.27975
+0.9448,+5.80719
+0.9452,+6.16062
+0.9455,+6.7253
+0.946,+7.85272
+0.9464,+8.05261
+0.9468,+8.52868
+0.9472,+8.87637
+0.9475,+8.37025
+0.948,+8.58293
+0.9484,+8.77581
+0.9488,+8.42083
+0.9491,+8.25542
+0.9495,+7.72902
+0.95,+6.81324
+0.9504,+6.65384
+0.9508,+6.02356
+0.9511,+5.58608
+0.9515,+4.94911
+0.952,+4.12722
+0.9524,+3.29434
+0.9528,+2.55336
+0.9532,+1.62637
+0.9535,+0.869177
+0.954,-0.076955
+0.9544,-0.84515
+0.9548,-1.63853
+0.9551,-2.51506
+0.9555,-2.98185
+0.956,-3.20826
+0.9564,-3.58346
+0.9568,-3.78184
+0.9572,-3.80246
+0.9575,-3.68573
+0.958,-3.45805
+0.9584,-3.2727
+0.9588,-3.00195
+0.9592,-2.58018
+0.9595,-2.47947
+0.96,-2.33292
+0.9604,-1.91401
+0.9608,-1.48043
+0.9611,-1.32522
+0.9615,-0.970468
+0.962,-0.548463
+0.9624,-0.217417
+0.9628,+0.283387
+0.9632,+0.646204
+0.9635,+1.0571
+0.964,+1.43103
+0.9644,+1.77391
+0.9648,+2.16717
+0.9652,+2.65329
+0.9655,+2.85272
+0.966,+2.86276
+0.9664,+2.96569
+0.9668,+3.04851
+0.9671,+3.1336
+0.9675,+3.38509
+0.968,+3.4459
+0.9684,+3.63402
+0.9688,+3.7939
+0.9692,+3.83311
+0.9695,+4.11305
+0.97,+4.37241
+0.9704,+4.5278
+0.9708,+4.58944
+0.9712,+4.65085
+0.9715,+4.5514
+0.972,+4.30323
+0.9738,+4.07683
+0.974,+3.54896
+0.9743,+3.0561
+0.9746,+2.05354
+0.9748,+1.37395
+0.9752,+0.570695
+0.9755,-0.326078
+0.976,-1.54552
+0.9764,-2.51584
+0.9768,-3.38141
+0.9771,-4.32825
+0.9775,-4.89092
+0.978,-5.15998
+0.9785,-5.30316
+0.9788,-5.45435
+0.9798,-5.41992
+0.9801,-5.40212
+0.9804,-4.84952
+0.9806,-3.58631
+0.9808,-2.86008
+0.9812,-2.11696
+0.9815,-1.52754
+0.982,-1.19185
+0.9824,-0.801726
+0.9828,-0.370853
+0.9832,+0.261807
+0.9836,+0.990829
+0.984,+1.42564
+0.9844,+1.03265
+0.9848,+1.38342
+0.9852,+1.49512
+0.9855,+1.56217
+0.986,+1.83309
+0.9864,+2.2227
+0.9868,+2.39366
+0.9871,+2.97144
+0.9875,+3.06419
+0.988,+3.10585
+0.9884,+3.06762
+0.9888,+3.04438
+0.9892,+3.19877
+0.9896,+3.42876
+0.9901,+3.62504
+0.9904,+3.99002
+0.9908,+4.51081
+0.9912,+4.63746
+0.9916,+5.30801
+0.9921,+5.77448
+0.9924,+6.50179
+0.9928,+7.15243
+0.9932,+7.84675
+0.9937,+8.53357
+0.9941,+9.0463
+0.9944,+9.34085
+0.9948,+9.44347
+0.9952,+9.25886
+0.9956,+9.14215
+0.9961,+9.30111
+0.9964,+9.06556
+0.9968,+8.91442
+0.9972,+8.54218
+0.9976,+8.12481
+0.9981,+7.95393
+0.9984,+7.50866
+0.9988,+7.1465
+0.9992,+7.09633
+0.9996,+6.76632
+1.0001,+6.45285
+1.0005,+6.37468
+1.0008,+6.12134
+1.0012,+6.14223
+1.0015,+6.23601
+1.002,+6.16487
+1.0024,+6.19901
+1.0028,+6.29439
+1.0032,+5.98553
+1.0036,+6.01576
+1.0041,+6.06292
+1.0044,+5.83402
+1.0048,+5.84097
+1.0052,+5.64512
+1.0056,+5.50975
+1.0061,+5.3878
+1.0064,+5.60118
+1.0068,+5.69473
+1.0072,+5.81598
+1.0076,+5.99017
+1.0081,+5.95403
+1.0085,+6.02286
+1.0088,+6.11384
+1.0092,+6.31397
+1.0096,+6.3631
+1.0101,+6.60487
+1.0104,+6.78413
+1.0108,+6.93527
+1.0112,+7.01475
+1.0115,+7.24185
+1.0121,+7.31833
+1.0124,+7.55362
+1.0128,+7.67334
+1.0132,+7.60002
+1.0136,+7.64615
+1.0141,+7.49636
+1.0144,+7.06222
+1.0148,+6.73808
+1.0152,+6.37024
+1.0156,+5.84784
+1.0161,+5.52752
+1.0164,+5.2139
+1.0168,+4.62882
+1.0172,+4.28848
+1.0176,+3.87544
+1.0181,+3.47408
+1.0184,+3.3524
+1.0188,+2.97946
+1.0192,+2.95364
+1.0196,+2.9478
+1.0201,+2.95823
+1.0205,+2.9563
+1.0208,+2.97143
+1.0212,+2.84976
+1.0215,+2.83928
+1.0221,+2.9428
+1.0224,+3.00805
+1.0228,+3.06713
+1.0232,+3.02534
+1.0236,+3.06474
+1.0241,+2.89447
+1.0244,+2.89755
+1.0248,+3.10087
+1.0253,+3.46184
+1.0256,+3.76304
+1.0261,+4.08787
+1.0264,+4.26417
+1.0268,+4.59378
+1.0272,+4.95045
+1.0276,+5.33737
+1.0281,+5.89166
+1.0284,+6.24673
+1.0288,+6.64952
+1.0292,+7.01418
+1.0296,+7.23801
+1.0301,+7.508
+1.0304,+7.87378
+1.0308,+8.31481
+1.0312,+8.51232
+1.0316,+8.64193
+1.0321,+8.5753
+1.0324,+8.39679
+1.0328,+8.36835
+1.0332,+8.18193
+1.0336,+7.96995
+1.0341,+7.32945
+1.0344,+6.68187
+1.0348,+5.69631
+1.0352,+4.99394
+1.0356,+4.16146
+1.0361,+3.45682
+1.0364,+2.69258
+1.0368,+1.81544
+1.0372,+0.907797
+1.0376,+0.244973
+1.0381,-0.109708
+1.0384,-0.47341
+1.0388,-0.677346
+1.0392,-0.871981
+1.0396,-1.22868
+1.0401,-1.21648
+1.0405,-1.21065
+1.0409,-0.991163
+1.0412,-0.949034
+1.0416,-0.682491
+1.0421,-0.535549
+1.0424,-0.429553
+1.0428,-0.144943
+1.0432,-0.0773405
+1.0436,+0.322939
+1.0441,+0.321587
+1.0444,+0.401653
+1.0448,+0.424592
+1.0452,+0.410676
+1.0456,+0.0561343
+1.0461,-0.194115
+1.0464,-0.141854
+1.0468,-0.224522
+1.0471,-0.250608
+1.0475,-0.494404
+1.048,-0.42227
+1.0484,-0.346734
+1.0488,-0.520942
+1.0492,-0.276027
+1.0495,+0.024495
+1.05,+0.349347
+1.0504,+0.269001
+1.0508,+0.268005
+1.0512,+0.394682
+1.0515,+0.67
+1.052,+0.768614
+1.0524,+0.544765
+1.0528,+0.442946
+1.0532,+0.216662
+1.0535,-0.321597
+1.054,-0.832776
+1.0544,-1.22653
+1.0548,-1.692
+1.0552,-2.32277
+1.0555,-3.10704
+1.056,-3.85115
+1.0564,-4.36958
+1.0568,-4.95272
+1.0572,-5.5367
+1.0575,-5.9216
+1.058,-6.24646
+1.0584,-6.59769
+1.0588,-6.91008
+1.0592,-7.06306
+1.0595,-7.25253
+1.06,-7.26668
+1.0604,-7.17047
+1.0608,-6.82821
+1.0612,-6.43249
+1.0615,-5.96369
+1.0619,-5.55357
+1.0624,-4.94321
+1.0628,-4.16822
+1.0632,-3.42732
+1.0635,-2.44771
+1.0639,-1.78547
+1.0644,-0.793384
+1.0648,-0.193689
+1.0652,+0.669724
+1.0655,+1.51988
+1.0659,+2.32626
+1.0664,+3.17857
+1.0668,+3.99407
+1.0672,+4.62034
+1.0675,+5.38249
+1.068,+6.10953
+1.0684,+6.73418
+1.0688,+7.56801
+1.0692,+8.17335
+1.0695,+8.84364
+1.07,+9.21965
+1.0704,+9.62539
+1.0708,+9.85236
+1.0712,+10.3572
+1.0715,+10.4421
+1.072,+10.7712
+1.0724,+10.855
+1.0728,+10.825
+1.0732,+10.5763
+1.0735,+10.2594
+1.0739,+10.2561
+1.0744,+9.96895
+1.0748,+9.7606
+1.0752,+9.45586
+1.0755,+9.2499
+1.076,+8.77688
+1.0764,+8.17854
+1.0768,+7.69745
+1.0772,+7.45142
+1.0775,+7.04965
+1.078,+6.58146
+1.0784,+6.23246
+1.0788,+5.74547
+1.0792,+5.2603
+1.0795,+4.92907
+1.08,+4.5328
+1.0804,+4.20739
+1.0808,+3.97424
+1.0812,+3.60707
+1.0822,+3.49635
+1.0824,+3.37919
+1.0826,+3.08684
+1.0829,+3.24187
+1.0832,+3.19757
+1.0835,+3.0185
+1.0839,+3.07162
+1.0844,+3.31112
+1.0848,+3.35384
+1.0853,+3.44324
+1.0855,+3.50084
+1.086,+3.44012
+1.0864,+3.62815
+1.0868,+3.63246
+1.0871,+3.66099
+1.0875,+3.96795
+1.088,+4.24513
+1.0884,+4.42506
+1.0888,+4.54836
+1.0892,+4.78277
+1.0895,+4.94528
+1.09,+5.16209
+1.0904,+5.47386
+1.0908,+5.61591
+1.0912,+6.11843
+1.0915,+6.26248
+1.0919,+6.46703
+1.0924,+6.72606
+1.0928,+7.28197
+1.0932,+7.65324
+1.0935,+7.99021
+1.094,+8.22272
+1.0944,+8.50367
+1.0948,+8.8461
+1.0952,+9.04546
+1.0955,+9.22315
+1.096,+9.61677
+1.0964,+9.77543
+1.0968,+9.66861
+1.0972,+9.73933
+1.0975,+9.81139
+1.098,+10.1505
+1.0984,+10.1515
+1.0988,+10.1268
+1.0992,+9.79036
+1.0995,+9.69158
+1.0999,+9.24912
+1.1004,+8.80607
+1.1008,+8.36987
+1.1012,+7.80889
+1.1015,+7.36855
+1.1019,+6.67651
+1.1024,+6.14948
+1.1028,+5.48339
+1.1032,+4.92886
+1.1035,+4.11521
+1.1039,+3.40386
+1.1044,+2.76363
+1.1048,+2.13137
+1.1052,+1.29257
+1.1055,+0.684482
+1.106,-0.198333
+1.1064,-1.06415
+1.1068,-1.99373
+1.1072,-2.7972
+1.1075,-3.4143
+1.108,-4.03074
+1.1084,-4.66031
+1.1088,-5.26771
+1.1092,-5.69787
+1.1095,-6.49028
+1.11,-6.70119
+1.1104,-7.10212
+1.1108,-7.35759
+1.1112,-7.61537
+1.1115,-7.70895
+1.1119,-7.86142
+1.1124,-7.72051
+1.1128,-7.671
+1.1132,-7.63979
+1.1135,-7.34761
+1.114,-7.1821
+1.1144,-6.86869
+1.1148,-6.55372
+1.1152,-6.17817
+1.1157,-6.01381
+1.116,-5.80177
+1.1164,-5.57128
+1.1168,-5.07463
+1.1172,-4.65968
+1.1175,-4.37069
+1.118,-4.08475
+1.1184,-3.85931
+1.1188,-3.04207
+1.1192,-2.64558
+1.1195,-2.14551
+1.1199,-1.60622
+1.1204,-1.35657
+1.1208,-1.14493
+1.1212,-0.705913
+1.1215,-0.292529
+1.1219,-0.00644996
+1.1224,+0.369254
+1.1228,+0.112393
+1.1232,+0.293005
+1.1235,+0.502964
+1.1239,+0.649759
+1.1244,+0.942201
+1.1248,+0.988879
+1.1252,+1.09944
+1.1255,+0.921911
+1.1259,+0.966496
+1.1264,+1.03247
+1.1268,+1.20365
+1.1272,+1.40274
+1.1275,+1.4812
+1.128,+1.53101
+1.1285,+1.35728
+1.1288,+1.54102
+1.1292,+1.36902
+1.1295,+1.61827
+1.1299,+1.82888
+1.1304,+1.81939
+1.1308,+1.87349
+1.1312,+1.68793
+1.1315,+1.45468
+1.1319,+1.30775
+1.1324,+1.35775
+1.1328,+1.18405
+1.1332,+1.2533
+1.1335,+1.19747
+1.1339,+1.01097
+1.1344,+0.89662
+1.1348,+0.706111
+1.1352,+0.647506
+1.1357,+0.668605
+1.1362,+0.610012
+1.1364,+0.658041
+1.1368,+0.598404
+1.1372,+0.453087
+1.1375,+0.424604
+1.1381,+0.361699
+1.1384,+0.552962
+1.1388,+0.79296
+1.1392,+0.915398
+1.1395,+0.995976
+1.1399,+1.18804
+1.1404,+1.23955
+1.1408,+1.39885
+1.1412,+1.75951
+1.1415,+1.79942
+1.1419,+2.05158
+1.1424,+2.05436
+1.1428,+1.99231
+1.1432,+2.08117
+1.1435,+2.28481
+1.1439,+2.57178
+1.1444,+2.82251
+1.1448,+2.85942
+1.1452,+2.73507
+1.1455,+2.88739
+1.1459,+3.0403
+1.1464,+3.05445
+1.1468,+3.19484
+1.1472,+3.3342
+1.1475,+3.32678
+1.148,+3.22024
+1.1484,+3.24993
+1.1488,+3.40607
+1.1492,+3.54222
+1.1495,+3.51931
+1.1499,+3.39423
+1.1504,+3.46073
+1.1508,+3.48147
+1.1512,+3.28744
+1.1515,+3.36828
+1.1519,+3.50313
+1.1524,+3.34879
+1.1528,+3.25822
+1.1532,+3.38235
+1.1535,+3.43255
+1.1539,+3.54141
+1.1544,+3.40187
+1.1548,+3.17901
+1.1552,+3.18675
+1.1555,+3.01377
+1.1559,+2.69767
+1.1564,+2.39736
+1.1568,+2.33684
+1.1572,+1.95147
+1.1575,+1.69662
+1.158,+1.1153
+1.1584,+0.753237
+1.1588,+0.63263
+1.1592,+0.27617
+1.1595,+0.309262
+1.1599,-0.112672
+1.1604,-0.261083
+1.1608,-0.732905
+1.1612,-1.09738
+1.1615,-1.4521
+1.1619,-1.58555
+1.1624,-1.8843
+1.1628,-2.40217
+1.1632,-2.8235
+1.1635,-3.68026
+1.1639,-3.98273
+1.1644,-4.34914
+1.1648,-4.75731
+1.1652,-5.15364
+1.1655,-5.61949
+1.166,-6.17981
+1.1664,-6.44969
+1.1668,-6.76384
+1.1672,-6.97698
+1.1675,-7.1921
+1.1679,-7.70169
+1.1684,-8.20955
+1.1688,-8.47831
+1.1692,-8.74101
+1.1695,-9.06063
+1.1699,-9.39273
+1.1704,-9.76321
+1.1708,-10.0952
+1.1712,-10.5266
+1.1715,-10.9669
+1.1719,-11.2544
+1.1724,-11.3758
+1.1728,-11.7929
+1.1732,-12.0908
+1.1735,-12.3404
+1.1739,-12.6511
+1.1744,-12.7224
+1.1748,-12.9204
+1.1752,-13.0088
+1.1755,-13.1784
+1.1759,-13.301
+1.1765,-13.5005
+1.1768,-13.6951
+1.1772,-13.8215
+1.1775,-13.9919
+1.178,-14.0034
+1.1784,-14.1886
+1.1788,-14.2183
+1.1792,-14.3409
+1.1796,-14.3067
+1.1799,-13.9603
+1.1804,-13.865
+1.1808,-13.5433
+1.1812,-13.4766
+1.1815,-13.3712
+1.1819,-13.0365
+1.1824,-12.9169
+1.1828,-12.7874
+1.1832,-12.4953
+1.1835,-12.1862
+1.1846,-12.0267
+1.1848,-11.9102
+1.1852,-11.6924
+1.1855,-11.4355
+1.1859,-11.0487
+1.1864,-10.7748
+1.1868,-10.4366
+1.1872,-10.1942
+1.1875,-9.91825
+1.188,-9.79327
+1.1884,-9.52381
+1.1888,-9.16247
+1.1892,-8.96307
+1.1895,-8.59148
+1.1899,-8.25412
+1.1904,-7.83469
+1.1908,-7.28678
+1.1912,-6.85682
+1.1915,-6.43674
+1.1919,-5.80863
+1.1924,-5.45027
+1.1928,-4.98909
+1.1932,-4.30593
+1.1935,-3.80846
+1.1939,-3.28452
+1.1944,-2.99324
+1.1948,-2.66902
+1.1952,-2.17362
+1.1955,-1.8242
+1.1959,-1.49003
+1.1964,-1.18908
+1.1968,-0.904987
+1.1972,-0.688215
+1.1975,-0.345179
+1.198,-0.0511064
+1.1984,+0.343107
+1.1988,+0.651524
+1.1992,+0.873528
+1.1995,+1.25628
+1.1999,+1.61936
+1.2004,+1.90205
+1.2009,+2.17337
+1.2012,+2.33454
+1.2015,+2.56678
+1.2019,+2.61435
+1.2024,+2.88577
+1.2028,+3.00672
+1.2032,+3.18221
+1.2035,+3.29906
+1.2039,+5.21667
+1.2044,+5.30129
+1.2048,+5.51413
+1.2052,+5.72423
+1.2055,+5.8579
+1.2059,+6.21766
+1.2064,+6.14039
+1.2069,+6.30934
+1.2072,+6.36755
+1.2075,+6.4583
+1.208,+6.49906
+1.2084,+6.61467
+1.2088,+6.57344
+1.2092,+6.69785
+1.2095,+6.53887
+1.2099,+6.46013
+1.2104,+6.46907
+1.2108,+6.56413
+1.2113,+6.56037
+1.2116,+6.66234
+1.2119,+6.69208
+1.2124,+6.79476
+1.2128,+7.02395
+1.2132,+6.97628
+1.2135,+7.20959
+1.2139,+7.28891
+1.2144,+7.40568
+1.2148,+7.36096
+1.2152,+7.56392
+1.2155,+7.63027
+1.2159,+7.70101
+1.2164,+7.73411
+1.2168,+7.61556
+1.2172,+7.60524
+1.2175,+7.56597
+1.218,+7.67574
+1.2184,+7.75825
+1.2188,+7.72146
+1.2192,+7.70409
+1.2195,+7.61782
+1.2199,+7.63114
+1.2204,+7.66621
+1.2208,+7.70199
+1.2212,+7.91246
+1.2215,+7.95341
+1.2219,+7.87065
+1.2224,+7.85954
+1.2228,+8.00564
+1.2232,+8.22125
+1.2235,+8.36197
+1.2239,+8.4191
+1.2244,+8.54071
+1.2248,+8.69524
+1.2252,+8.62154
+1.2255,+8.4952
+1.2259,+8.64882
+1.2264,+8.78417
+1.2268,+8.90025
+1.2272,+8.66242
+1.2275,+8.6069
+1.228,+8.48117
+1.2284,+8.34034
+1.2288,+8.3446
+1.2292,+8.17884
+1.2295,+8.27543
+1.2299,+8.15241
+1.2304,+8.03983
+1.2308,+7.71923
+1.2312,+7.62464
+1.2315,+7.64384
+1.2319,+7.92808
+1.2324,+7.95959
+1.2328,+7.81188
+1.2332,+7.91465
+1.2335,+7.93436
+1.2339,+7.76646
+1.2344,+7.60658
+1.2348,+7.62801
+1.2352,+7.63429
+1.2355,+7.40726
+1.2359,+7.01826
+1.2364,+6.83297
+1.2368,+6.84217
+1.2372,+6.77044
+1.2375,+6.57032
+1.2379,+6.54236
+1.2384,+6.69034
+1.2388,+6.56534
+1.2392,+6.47946
+1.2395,+6.37247
+1.2399,+6.358
+1.2405,+6.3384
+1.2408,+6.16397
+1.2412,+6.14547
+1.2415,+6.10984
+1.2419,+6.03439
+1.2424,+5.77053
+1.2428,+5.87122
+1.2432,+5.80913
+1.2435,+5.71906
+1.2439,+5.75156
+1.2444,+5.74553
+1.2448,+5.52613
+1.2452,+5.24009
+1.2455,+5.1878
+1.2459,+5.21655
+1.2464,+5.09578
+1.2468,+4.85135
+1.2472,+4.67609
+1.2475,+4.55354
+1.248,+4.28778
+1.2484,+4.23627
+1.2488,+4.12857
+1.2492,+4.08148
+1.2495,+3.87
+1.2499,+3.51562
+1.2504,+3.46231
+1.2508,+3.41441
+1.2512,+3.33182
+1.2515,+3.36228
+1.2519,+3.21846
+1.2524,+2.92068
+1.2528,+2.90599
+1.2532,+2.80944
+1.2535,+2.82095
+1.2539,+2.78893
+1.2544,+2.65239
+1.2548,+2.50922
+1.2552,+2.41221
+1.2555,+2.24972
+1.2559,+2.15507
+1.2564,+2.02638
+1.2568,+1.7375
+1.2572,+1.64633
+1.2575,+1.60862
+1.2579,+1.46199
+1.2584,+1.25781
+1.2588,+1.06491
+1.2592,+0.779504
+1.2595,+0.389825
+1.2599,+0.123044
+1.2604,+0.0758704
+1.2608,+0.049985
+1.2612,-0.294008
+1.2615,-0.670833
+1.2619,-0.784145
+1.2624,-0.835152
+1.2628,-0.886816
+1.2632,-0.947544
+1.2635,-0.923718
+1.2639,-1.04307
+1.2644,-1.06694
+1.2648,-0.998967
+1.2652,-1.02207
+1.2655,-1.15521
+1.2659,-1.39654
+1.2664,-1.44584
+1.2668,-1.56082
+1.2672,-1.57466
+1.2677,-1.69686
+1.2679,-1.66333
+1.2684,-1.87693
+1.2688,-2.21276
+1.2692,-2.33526
+1.2695,-2.36072
+1.2699,-2.362
+1.2704,-2.50918
+1.2708,-2.73425
+1.2712,-2.78164
+1.2715,-2.94607
+1.2719,-3.00888
+1.2724,-3.05133
+1.2728,-3.03941
+1.2732,-3.07708
+1.2735,-3.0726
+1.2739,-3.18173
+1.2744,-3.26155
+1.2748,-3.39118
+1.2752,-3.4347
+1.2755,-3.34689
+1.2759,-3.42709
+1.2764,-3.55044
+1.2768,-3.65188
+1.2772,-3.77556
+1.2775,-4.01534
+1.278,-4.03294
+1.2784,-4.07478
+1.2788,-4.08677
+1.2792,-4.34249
+1.2795,-4.64129
+1.2799,-4.8047
+1.2804,-4.78373
+1.2808,-4.84183
+1.2812,-4.87036
+1.2815,-4.79583
+1.2819,-4.80779
+1.2824,-4.85448
+1.2828,-4.77171
+1.2832,-4.71799
+1.2835,-4.521
+1.2839,-4.4994
+1.2844,-4.52813
+1.2848,-4.54085
+1.2852,-4.44047
+1.2855,-4.46133
+1.2859,-4.3237
+1.287,-4.41137
+1.2873,-4.45719
+1.2877,-4.3655
+1.288,-4.39378
+1.2884,-4.24878
+1.2888,-4.47265
+1.2892,-4.46159
+1.2895,-4.51574
+1.2899,-4.39391
+1.2904,-4.62129
+1.2908,-4.53566
+1.2912,-4.5567
+1.2915,-4.46931
+1.2919,-4.52775
+1.2924,-4.58203
+1.2928,-4.35997
+1.2932,-4.23801
+1.2935,-4.17327
+1.2939,-4.30495
+1.2944,-4.16711
+1.2948,-4.34021
+1.2952,-4.31513
+1.2955,-4.38721
+1.2959,-4.18178
+1.2964,-4.17612
+1.2968,-4.27113
+1.2972,-4.18317
+1.2975,-4.14984
+1.2979,-3.95874
+1.2984,-3.69899
+1.2988,-3.55559
+1.2992,-3.46958
+1.2995,-3.50829
+1.2999,-3.5392
+1.3004,-3.3317
+1.3008,-3.11231
+1.3012,-3.19159
+1.3015,-3.00581
+1.3019,-3.0049
+1.3024,-3.03241
+1.3028,-2.74156
+1.3032,-2.69785
+1.3035,-2.6097
+1.3039,-2.76428
+1.3044,-2.85797
+1.3048,-2.88706
+1.3052,-2.80298
+1.3055,-2.8518
+1.3059,-2.66833
+1.3064,-2.72438
+1.3068,-2.76263
+1.3072,-2.66642
+1.3075,-2.53592
+1.3079,-2.2537
+1.3084,-2.14366
+1.3088,-2.14686
+1.3092,-1.95365
+1.3095,-1.96149
+1.3099,-2.06835
+1.3103,-1.92059
+1.3108,-1.95677
+1.3112,-1.85128
+1.3115,-1.88337
+1.3119,-1.81496
+1.3123,-1.82834
+1.3128,-1.84269
+1.3132,-1.74026
+1.3135,-1.54847
+1.3139,-1.38888
+1.3143,-1.64308
+1.3148,-1.66698
+1.3152,-1.88097
+1.3155,-1.73712
+1.3159,-1.73578
+1.3163,-1.83356
+1.3168,-1.77519
+1.3172,-1.92525
+1.3175,-2.15428
+1.3182,-2.35658
+1.3185,-2.0867
+1.3188,-1.96764
+1.3192,-1.75349
+1.3195,-1.81709
+1.3199,-1.74363
+1.3204,-1.41127
+1.3208,-1.53723
+1.3212,-1.5317
+1.3215,-1.43697
+1.3219,-1.38125
+1.3224,-1.50739
+1.3228,-1.46443
+1.3232,-1.46642
+1.3235,-1.48347
+1.3239,-1.45849
+1.3244,-1.53277
+1.3248,-1.28059
+1.3252,-1.15497
+1.3255,-1.01847
+1.3259,-0.952687
+1.3264,-0.789592
+1.3268,-0.793122
+1.3272,-0.854618
+1.3275,-0.729952
+1.3279,-0.734413
+1.3284,-0.741985
+1.3288,-0.436001
+1.3292,-0.276957
+1.3295,-0.157889
+1.3299,+0.0603438
+1.3304,+0.317584
+1.3308,+0.61812
+1.3312,+0.913207
+1.3315,+1.07002
+1.3319,+1.43237
+1.3324,+1.66195
+1.3328,+1.76974
+1.3332,+1.99558
+1.3335,+2.11913
+1.3339,+2.30893
+1.3343,+2.48518
+1.3348,+2.61612
+1.3352,+2.97358
+1.3355,+3.49874
+1.3359,+3.71221
+1.3363,+4.06606
+1.3368,+4.35175
+1.3372,+4.53547
+1.3375,+4.96932
+1.3379,+5.2456
+1.3384,+5.44301
+1.3388,+5.69408
+1.3392,+5.87605
+1.3395,+5.92437
+1.3399,+5.99664
+1.3404,+6.02292
+1.3408,+6.13858
+1.3412,+6.1982
+1.3415,+6.16021
+1.3419,+6.33807
+1.3424,+6.4275
+1.3428,+6.56606
+1.3432,+6.73276
+1.3435,+6.71532
+1.3439,+6.8656
+1.3444,+7.04526
+1.3448,+7.09118
+1.3452,+7.25126
+1.3455,+7.49024
+1.3459,+7.66843
+1.3464,+7.60175
+1.3468,+7.65036
+1.3472,+7.56905
+1.3476,+7.81292
+1.3479,+8.02985
+1.3484,+8.2012
+1.3488,+8.18872
+1.3492,+8.26535
+1.3495,+8.30175
+1.3499,+8.21597
+1.3504,+8.42926
+1.3508,+8.50747
+1.3512,+8.71943
+1.3515,+8.95345
+1.3519,+9.01728
+1.3523,+9.02422
+1.3528,+9.17671
+1.3532,+9.28571
+1.3535,+9.35191
+1.3539,+9.551
+1.3543,+9.81881
+1.3548,+9.98204
+1.3552,+10.0441
+1.3555,+9.8597
+1.3559,+9.82836
+1.3563,+10.0385
+1.3568,+10.0329
+1.3572,+10.1021
+1.3575,+10.2242
+1.3579,+10.2446
+1.3584,+10.2131
+1.3588,+10.3472
+1.3592,+10.3253
+1.3595,+10.4333
+1.3599,+10.4843
+1.3603,+10.5185
+1.3608,+10.5998
+1.3612,+10.8012
+1.3615,+10.9829
+1.3619,+10.9928
+1.3623,+11.0769
+1.3628,+10.9068
+1.3632,+10.969
+1.3635,+11.0002
+1.3639,+11.196
+1.3643,+11.1248
+1.3648,+11.2914
+1.3652,+10.9848
+1.3655,+10.7797
+1.3659,+10.8775
+1.3663,+10.8821
+1.3668,+10.9579
+1.3672,+11.1247
+1.3675,+11.1645
+1.3679,+11.1512
+1.3683,+11.2191
+1.3688,+11.1192
+1.3692,+11.3586
+1.3695,+11.4763
+1.3699,+11.4143
+1.3703,+11.3013
+1.3708,+11.3958
+1.3712,+11.2734
+1.3715,+11.2097
+1.3719,+10.9663
+1.3724,+10.7754
+1.3728,+10.7582
+1.3732,+10.5667
+1.3736,+10.3962
+1.3739,+10.3922
+1.3743,+10.3099
+1.3748,+10.1354
+1.3752,+10.1523
+1.3755,+10.1451
+1.3759,+10.2172
+1.3763,+10.1949
+1.3768,+10.1424
+1.3772,+10.0713
+1.3775,+9.91364
+1.3779,+9.8194
+1.3783,+9.87814
+1.3788,+9.83531
+1.3793,+9.5432
+1.3796,+9.20604
+1.3799,+9.00667
+1.3803,+9.03462
+1.3808,+8.88646
+1.3812,+8.78537
+1.3816,+8.71452
+1.3819,+8.55053
+1.3823,+8.25396
+1.3828,+7.98399
+1.3832,+7.89458
+1.3835,+7.96853
+1.3839,+7.81255
+1.3843,+7.54008
+1.3848,+7.35488
+1.3852,+7.18769
+1.3855,+7.20509
+1.3859,+6.97744
+1.3863,+6.84158
+1.3868,+6.82737
+1.3872,+6.71526
+1.3875,+6.44816
+1.3879,+6.23374
+1.3883,+6.15113
+1.3894,+6.09851
+1.3896,+6.13377
+1.3899,+5.94066
+1.3903,+5.95926
+1.3908,+5.70027
+1.3912,+5.5885
+1.3915,+5.72567
+1.3919,+5.73099
+1.3923,+5.83364
+1.3928,+5.70986
+1.3932,+5.52927
+1.3936,+5.30637
+1.3939,+5.13978
+1.3943,+5.10768
+1.3948,+5.23526
+1.3952,+5.12359
+1.3955,+4.85129
+1.3959,+4.64081
+1.3963,+4.55855
+1.3968,+4.45153
+1.3972,+4.48604
+1.3975,+4.37993
+1.3981,+4.19354
+1.3984,+4.05291
+1.3991,+3.91878
+1.3994,+3.75458
+1.4002,+3.70907
+1.4004,+3.88239
+1.4006,+3.72891
+1.4008,+3.74347
+1.4012,+3.62288
+1.4015,+3.51371
+1.4019,+3.54493
+1.4023,+3.1953
+1.4028,+3.17085
+1.4032,+3.14757
+1.4035,+2.82576
+1.4039,+2.52155
+1.4043,+2.33963
+1.4048,+3.03964
+1.4052,+2.84838
+1.4055,+2.75365
+1.4059,+2.64755
+1.4063,+2.60557
+1.4068,+2.32417
+1.4072,+2.14581
+1.4075,+2.07293
+1.4079,+1.84999
+1.4084,+1.74493
+1.4088,+1.58808
+1.4092,+1.52929
+1.4096,+1.3426
+1.4099,+1.32613
+1.4103,+1.06597
+1.4108,+1.02913
+1.4112,+0.851513
+1.4116,+0.817179
+1.4119,+0.674183
+1.4123,+0.382616
+1.4128,+0.263904
+1.4132,-0.179475
+1.4136,-0.271602
+1.4139,-0.421614
+1.4143,-0.49026
+1.4148,-0.73593
+1.4152,-0.989319
+1.4155,-1.3621
+1.4159,-1.28802
+1.4163,-1.11562
+1.4168,-1.15646
+1.4172,-0.971799
+1.4175,-1.09429
+1.4179,-1.35067
+1.4183,-1.33342
+1.4188,-1.34138
+1.4192,-1.23778
+1.4197,-1.12338
+1.4199,-1.28796
+1.4203,-1.4884
+1.4208,-1.61635
+1.4212,-1.78908
+1.4216,-2.01404
+1.4219,-2.07882
+1.4223,-2.18328
+1.4228,-2.35808
+1.4232,-2.67533
+1.4236,-2.88277
+1.4239,-3.10371
+1.4243,-3.34487
+1.4248,-3.30045
+1.4252,-3.33576
+1.4255,-3.34137
+1.4259,-3.54283
+1.4263,-3.66604
+1.4268,-3.60136
+1.4272,-3.44115
+1.4275,-3.43824
+1.4279,-3.40716
+1.4283,-3.36111
+1.4288,-3.53191
+1.4292,-3.48145
+1.4295,-3.5975
+1.4299,-3.57524
+1.4303,-3.52592
+1.4308,-3.63365
+1.4312,-3.72194
+1.4316,-3.8205
+1.4319,-4.00049
+1.4323,-4.04096
+1.4328,-4.10627
+1.4332,-4.20452
+1.4335,-4.2081
+1.4339,-4.29576
+1.4343,-4.4306
+1.4348,-4.73466
+1.4353,-4.84813
+1.4356,-4.88105
+1.4359,-4.92633
+1.4363,-4.96543
+1.4368,-4.87601
+1.4372,-5.01156
+1.4376,-5.20609
+1.4379,-5.33877
+1.4383,-5.42037
+1.4388,-5.34981
+1.4392,-5.30795
+1.4396,-5.35866
+1.4399,-5.31393
+1.4403,-5.49283
+1.4408,-5.72927
+1.4412,-5.90323
+1.4416,-5.72485
+1.4419,-5.74301
+1.4423,-5.81374
+1.4428,-5.72391
+1.4432,-5.90757
+1.4436,-6.02266
+1.4439,-6.0639
+1.4443,-6.29851
+1.4448,-6.25209
+1.4452,-6.23532
+1.4456,-6.38554
+1.4459,-6.41837
+1.4463,-6.34146
+1.4468,-6.59198
+1.4472,-6.60657
+1.4476,-6.62984
+1.4479,-6.76292
+1.4483,-6.78832
+1.4488,-6.8837
+1.4492,-6.99723
+1.4496,-7.0869
+1.4501,-7.08669
+1.4503,-7.17549
+1.4508,-7.14133
+1.4512,-7.11372
+1.4516,-7.09478
+1.4519,-7.06838
+1.4523,-6.90644
+1.4528,-7.00265
+1.4532,-7.1714
+1.4536,-7.32494
+1.4539,-7.45766
+1.4543,-7.46239
+1.4548,-7.61667
+1.4552,-7.90323
+1.4556,-8.11885
+1.4559,-8.20404
+1.4563,-8.37799
+1.4568,-8.57812
+1.4572,-8.66994
+1.4575,-8.59018
+1.4579,-8.70666
+1.4583,-8.85156
+1.4588,-9.07584
+1.4592,-9.17635
+1.4596,-9.20634
+1.4599,-9.49617
+1.4603,-9.46005
+1.4608,-9.50108
+1.4612,-9.51988
+1.4616,-9.49981
+1.4619,-9.38138
+1.4623,-9.37952
+1.4628,-9.32734
+1.4632,-9.34737
+1.4636,-9.3843
+1.4639,-9.32097
+1.4643,-9.3899
+1.4648,-9.32271
+1.4652,-9.21217
+1.4656,-9.40309
+1.4659,-9.49546
+1.4663,-9.77132
+1.4668,-9.62058
+1.4672,-9.53268
+1.4676,-9.59612
+1.4679,-9.34721
+1.4683,-9.26686
+1.4688,-9.20126
+1.4692,-9.21176
+1.4695,-9.11155
+1.4699,-9.13124
+1.4703,-8.97235
+1.4708,-8.85323
+1.4712,-8.76559
+1.4716,-8.62515
+1.4719,-8.74421
+1.4723,-8.74943
+1.4728,-8.80962
+1.4732,-8.73266
+1.4736,-8.66113
+1.4739,-8.52172
+1.4743,-8.57416
+1.4748,-8.66282
+1.4752,-8.70359
+1.4756,-8.6652
+1.4759,-8.76837
+1.4763,-8.93937
+1.4768,-8.92468
+1.4772,-8.78961
+1.4775,-8.89061
+1.4779,-8.85221
+1.4783,-8.72757
+1.4788,-8.73991
+1.4792,-8.67742
+1.4795,-8.5919
+1.4799,-8.51553
+1.4804,-8.31243
+1.4808,-8.28959
+1.4812,-8.37386
+1.4816,-8.39039
+1.4819,-8.37662
+1.4823,-8.53844
+1.4828,-8.57897
+1.4832,-8.58197
+1.4836,-8.66478
+1.4839,-8.67701
+1.4843,-8.77702
+1.4848,-8.65137
+1.4852,-8.84163
+1.4856,-8.73084
+1.4859,-9.0354
+1.4863,-9.07862
+1.4868,-9.22031
+1.4872,-9.28248
+1.4876,-9.37584
+1.4879,-9.6188
+1.4883,-9.7072
+1.4888,-9.91089
+1.4892,-9.86687
+1.4896,-10.2094
+1.4899,-10.2722
+1.4903,-10.6473
+1.4909,-10.6111
+1.4918,-10.7011
+1.4921,-10.9773
+1.4923,-10.7937
+1.4928,-10.8464
+1.4932,-10.9819
+1.4936,-11.088
+1.4939,-11.116
+1.4943,-11.088
+1.4948,-10.8859
+1.4952,-11.0096
+1.4955,-11.0844
+1.4959,-11.0372
+1.4963,-11.1809
+1.4968,-11.2543
+1.4972,-11.2617
+1.4975,-11.4528
+1.4979,-11.3699
+1.4983,-11.4405
+1.4988,-11.4921
+1.4992,-11.4287
+1.4996,-11.4254
+1.4999,-11.3856
+1.5003,-11.3831
+1.5008,-11.4289
+1.5012,-11.5058
+1.5016,-11.3073
+1.5019,-11.2711
+1.5023,-11.3193
+1.5028,-11.1781
+1.5032,-11.0465
+1.5036,-11.0347
+1.5039,-10.959
+1.5043,-10.984
+1.5048,-10.935
+1.5052,-10.7198
+1.5055,-10.6944
+1.5059,-10.53
+1.5063,-10.3347
+1.5068,-10.2631
+1.5072,-10.2589
+1.5076,-10.2447
+1.5079,-10.069
+1.5083,-9.83788
+1.5088,-9.65329
+1.5092,-9.63857
+1.5096,-9.4779
+1.5099,-9.47189
+1.5103,-9.33698
+1.5108,-9.381
+1.5112,-9.28625
+1.5116,-9.05358
+1.5119,-8.9531
+1.5123,-8.91304
+1.5128,-8.99334
+1.5132,-8.92344
+1.5136,-8.86211
+1.5139,-8.87018
+1.5143,-8.90318
+1.5148,-8.79417
+1.5152,-8.84009
+1.5155,-8.77472
+1.5159,-8.88397
+1.5163,-9.02536
+1.5168,-8.84543
+1.5172,-8.66991
+1.5176,-8.63315
+1.5179,-8.70036
+1.5183,-8.60447
+1.5188,-8.47526
+1.5192,-8.34739
+1.5196,-8.26085
+1.5199,-8.18126
+1.5203,-7.88007
+1.5208,-8.03506
+1.5213,-8.15611
+1.5216,-8.11446
+1.5219,-8.02106
+1.5223,-8.09914
+1.5228,-7.98245
+1.5232,-8.01001
+1.5236,-8.03156
+1.5239,-7.98669
+1.5243,-8.09189
+1.5248,-7.96299
+1.5252,-7.99059
+1.5256,-8.08493
+1.5259,-8.08655
+1.5263,-8.12347
+1.5268,-8.26869
+1.5272,-8.21096
+1.5276,-8.44494
+1.5279,-8.42151
+1.5283,-8.4112
+1.5288,-8.36741
+1.5292,-8.25073
+1.5296,-8.26455
+1.5299,-8.09946
+1.5303,-8.03188
+1.5308,-7.7895
+1.5312,-7.95027
+1.5316,-7.82389
+1.5319,-7.86186
+1.5323,-7.81609
+1.5328,-7.75548
+1.5332,-7.77521
+1.5336,-7.93601
+1.5339,-7.96497
+1.5343,-7.97924
+1.5348,-8.16882
+1.5352,-7.963
+1.5356,-8.03292
+1.5359,-8.03248
+1.5363,-7.98003
+1.5368,-7.93688
+1.5372,-8.06088
+1.5376,-7.86799
+1.5379,-7.85244
+1.5383,-7.69094
+1.5388,-7.6772
+1.5392,-7.66425
+1.5396,-7.61764
+1.5399,-7.709
+1.5403,-7.88139
+1.5408,-8.04743
+1.5412,-7.80299
+1.5416,-7.80233
+1.5419,-7.77526
+1.5423,-7.79403
+1.5428,-7.64946
+1.5432,-7.63818
+1.5436,-7.64485
+1.5439,-7.60156
+1.5443,-7.63814
+1.5448,-7.46189
+1.5452,-7.51012
+1.5456,-7.61666
+1.5459,-7.60499
+1.5463,-7.64013
+1.5468,-7.62995
+1.5472,-7.68668
+1.5476,-7.49377
+1.5479,-7.50931
+1.5483,-7.48948
+1.5488,-7.46189
+1.5492,-7.48647
+1.5496,-7.26544
+1.5499,-7.27107
+1.5503,-7.36053
+1.5508,-7.31796
+1.5512,-7.34903
+1.5516,-7.68423
+1.5519,-7.73907
+1.5523,-7.74799
+1.5528,-7.69755
+1.5532,-7.85603
+1.5536,-7.92761
+1.5539,-8.0348
+1.5543,-7.85217
+1.5548,-7.97566
+1.5552,-7.91163
+1.5556,-7.74402
+1.5559,-7.66398
+1.5563,-7.55154
+1.5568,-7.66601
+1.5572,-7.58858
+1.5576,-7.59082
+1.5579,-7.50088
+1.5583,-7.56637
+1.5587,-7.64318
+1.5592,-7.77669
+1.5596,-7.51928
+1.5599,-7.48131
+1.5603,-7.29607
+1.5607,-7.26483
+1.5612,-7.12316
+1.5616,-7.21375
+1.5619,-7.20433
+1.5623,-7.24304
+1.5627,-7.22333
+1.5632,-7.0802
+1.5636,-7.22211
+1.5639,-7.25274
+1.5643,-7.51126
+1.5647,-7.45711
+1.5652,-7.24621
+1.5656,-7.0883
+1.5659,-7.1736
+1.5663,-7.21893
+1.5667,-7.11694
+1.5672,-7.0764
+1.5676,-6.90281
+1.5679,-6.81001
+1.5683,-6.64927
+1.5688,-6.87098
+1.5692,-7.26659
+1.5697,-7.23781
+1.57,-7.08642
+1.5703,-6.87842
+1.5708,-6.7196
+1.5712,-6.79967
+1.5716,-6.9672
+1.5719,-7.0911
+1.5723,-7.04235
+1.5728,-6.93753
+1.5732,-6.74251
+1.5736,-6.8872
+1.5739,-6.88519
+1.5743,-6.97333
+1.5748,-7.17686
+1.5752,-7.0415
+1.5756,-6.89336
+1.5759,-6.85421
+1.5763,-7.0257
+1.5768,-6.92855
+1.5772,-7.0455
+1.5776,-6.8627
+1.5779,-6.94389
+1.5783,-6.94313
+1.5787,-7.00663
+1.5792,-7.08564
+1.5796,-7.16494
+1.5799,-7.01797
+1.5803,-6.90263
+1.5807,-6.8433
+1.5812,-6.70726
+1.5816,-6.5996
+1.5821,-6.57768
+1.5823,-6.73627
+1.5828,-6.69142
+1.5832,-6.8833
+1.5836,-7.05197
+1.5839,-7.06508
+1.5843,-7.09693
+1.5848,-7.2217
+1.5852,-7.28632
+1.5856,-7.48189
+1.5859,-7.31223
+1.5863,-7.22664
+1.5868,-7.17891
+1.5872,-6.95748
+1.5876,-6.70168
+1.5879,-6.81225
+1.5883,-6.77768
+1.5887,-6.64717
+1.5892,-6.46995
+1.5896,-6.25285
+1.5899,-6.26171
+1.5903,-6.0463
+1.5907,-5.79055
+1.5912,-5.76373
+1.5916,-5.94593
+1.5919,-5.77004
+1.5923,-5.519
+1.5928,-5.51405
+1.5932,-5.57191
+1.5942,-5.56914
+1.5945,-5.64919
+1.5948,-5.6804
+1.5952,-5.75443
+1.5956,-5.62623
+1.5961,-5.30373
+1.5964,-5.21404
+1.5968,-5.25556
+1.5972,-5.22063
+1.5976,-5.10614
+1.5979,-5.07808
+1.5983,-4.80402
+1.5988,-4.84478
+1.5992,-4.7111
+1.6,-4.69232
+1.6003,-4.80576
+1.6005,-4.73548
+1.6008,-4.67275
+1.6012,-4.43049
+1.6016,-4.35767
+1.6019,-4.46195
+1.6023,-4.70194
+1.6028,-4.67689
+1.6032,-4.69256
+1.6036,-4.72198
+1.6039,-4.54457
+1.6043,-4.61133
+1.6047,-4.62785
+1.6052,-4.83583
+1.6056,+5.20793
+1.6059,+5.20727
+1.6063,+5.15238
+1.6067,+4.92716
+1.6072,+4.9912
+1.6076,+5.00391
+1.6079,+5.16825
+1.6083,+5.11239
+1.6087,+5.34965
+1.6092,+5.37198
+1.6096,+5.33337
+1.6099,+5.35202
+1.6103,+5.21006
+1.6108,+5.13187
+1.6112,+5.04182
+1.6116,+4.9547
+1.6119,+4.89451
+1.6124,+4.97093
+1.6128,+4.78385
+1.6132,+4.52754
+1.6136,+4.79672
+1.6139,+4.72052
+1.6143,+4.97122
+1.6147,+5.27978
+1.6152,+5.40958
+1.6156,+5.40658
+1.6159,+5.46855
+1.6163,+5.44344
+1.6167,+5.56765
+1.6172,+5.87294
+1.6176,+5.73413
+1.6179,+5.90393
+1.6183,+5.82857
+1.6187,+5.80369
+1.6192,+5.77971
+1.6196,+5.82321
+1.6199,+5.83557
+1.6203,+5.78739
+1.6207,+5.71632
+1.6212,+5.86786
+1.6216,+5.79646
+1.6219,+5.59775
+1.6223,+5.63666
+1.6228,+5.6158
+1.6232,+5.60749
+1.6236,+5.59127
+1.6239,+5.66035
+1.6243,+5.86071
+1.6247,+6.09856
+1.6252,+5.84902
+1.6256,+5.97256
+1.6259,+6.13599
+1.6263,+6.13863
+1.6267,+6.21852
+1.6272,+6.15246
+1.6276,+6.26573
+1.6279,+6.31403
+1.6283,+6.16103
+1.6287,+6.02611
+1.6292,+6.11306
+1.6296,+6.11855
+1.6299,+6.06985
+1.6303,+6.06596
+1.6307,+6.12433
+1.6312,+6.31182
+1.6316,+6.29289
+1.6319,+6.34656
+1.6325,+6.42737
+1.6328,+6.36108
+1.6332,+6.41856
+1.6336,+6.46017
+1.6339,+6.55058
+1.6343,+6.57327
+1.6347,+6.49802
+1.6352,+6.58338
+1.6356,+6.69859
+1.6359,+6.75066
+1.6365,+6.98952
+1.6368,+6.8772
+1.6372,+6.73068
+1.6376,+6.74062
+1.6379,+6.57523
+1.6383,+6.55988
+1.6387,+6.76068
+1.6392,+6.62577
+1.6396,+6.70245
+1.6399,+6.50548
+1.6403,+6.18606
+1.6407,+6.39758
+1.6412,+6.6604
+1.6416,+6.64316
+1.6419,+6.72968
+1.6423,+6.70697
+1.6428,+6.64712
+1.6432,+6.83757
+1.6436,+6.72202
+1.6439,+6.68443
+1.6443,+6.82035
+1.6447,+6.68885
+1.6452,+6.60832
+1.6456,+6.42363
+1.6459,+6.47944
+1.6463,+6.49388
+1.6467,+6.28541
+1.6472,+6.07459
+1.6476,+6.06421
+1.6479,+6.22328
+1.6483,+6.26345
+1.6487,+6.27049
+1.6492,+6.30772
+1.6496,+6.51943
+1.65,+6.28726
+1.6503,+6.29669
+1.6507,+6.43911
+1.6512,+6.50157
+1.6516,+6.46131
+1.6519,+6.51095
+1.6523,+6.36218
+1.6527,+6.36056
+1.6532,+6.36941
+1.6536,+6.32636
+1.6539,+6.38436
+1.6544,+6.40928
+1.6547,+6.30723
+1.6552,+6.24975
+1.6556,+6.21986
+1.6559,+5.83615
+1.6563,+5.83432
+1.6567,+5.98439
+1.6572,+5.864
+1.6576,+5.73891
+1.6579,+5.86903
+1.6583,+5.86458
+1.6587,+6.00375
+1.6592,+6.0497
+1.6596,+6.12843
+1.6599,+6.33156
+1.6603,+6.17736
+1.6607,+6.09133
+1.6612,+5.92005
+1.6616,+6.09515
+1.6619,+6.15388
+1.6623,+6.21536
+1.6628,+5.97427
+1.6632,+5.96841
+1.6636,+6.04214
+1.6639,+6.09968
+1.6643,+6.43288
+1.6647,+6.50479
+1.6652,+6.62486
+1.6656,+6.3834
+1.6659,+6.3924
+1.6663,+6.3886
+1.6667,+6.48932
+1.6672,+6.51061
+1.6676,+6.29655
+1.6679,+6.18079
+1.6683,+5.86045
+1.6687,+5.6713
+1.6692,+5.64988
+1.6696,+5.7698
+1.6699,+5.64698
+1.6703,+5.50706
+1.6707,+5.41636
+1.6712,+5.39717
+1.6716,+5.41205
+1.6719,+5.44112
+1.6723,+5.69654
+1.6727,+5.66115
+1.6732,+5.69512
+1.6736,+5.57214
+1.6739,+5.5461
+1.6743,+5.48255
+1.6747,+5.59945
+1.6752,+5.50004
+1.6756,+5.47901
+1.6759,+5.59335
+1.6763,+5.6035
+1.6767,+5.54499
+1.6772,+5.36242
+1.6776,+5.37991
+1.6779,+5.16891
+1.6783,+5.07274
+1.6787,+4.98007
+1.6792,+4.96238
+1.6796,+4.97882
+1.6799,+4.79453
+1.6803,+4.50995
+1.6807,+4.60088
+1.6812,+4.65999
+1.6816,+4.611
+1.6819,+4.79591
+1.6823,+4.83073
+1.6827,+4.78072
+1.6832,+4.68936
+1.6836,+4.48649
+1.6839,+4.43062
+1.6843,+4.44964
+1.6847,+4.33952
+1.6852,+4.37103
+1.6856,+4.50769
+1.6859,+4.44206
+1.6863,+4.64561
+1.6867,+4.69015
+1.6872,+4.92325
+1.6876,+5.10953
+1.6879,+5.30951
+1.6883,+5.37695
+1.6887,+5.25237
+1.6892,+5.20641
+1.6896,+4.934
+1.6899,+4.8636
+1.6903,+4.63216
+1.6907,+4.53601
+1.6912,+4.4461
+1.6916,+4.30604
+1.6919,+4.0501
+1.6923,+3.98955
+1.6927,+3.96369
+1.6932,+3.78006
+1.6936,+3.80091
+1.6939,+3.80889
+1.6943,+3.8168
+1.6947,+3.83782
+1.6952,+3.59033
+1.6956,+3.62053
+1.6966,+3.68154
+1.6969,+3.62054
+1.6972,+3.70178
+1.6976,+3.96151
+1.6979,+4.01809
+1.6983,+3.87336
+1.6987,+3.78008
+1.6992,+3.68926
+1.6996,+3.74681
+1.6999,+3.82759
+1.7003,+3.86755
+1.7007,+3.94262
+1.7012,+3.95051
+1.7016,+3.74456
+1.7019,+3.66366
+1.7023,+3.69442
+1.7027,+3.79984
+1.7032,+3.79109
+1.7036,+3.87828
+1.7039,+3.73472
+1.7043,+3.69936
+1.7047,+3.71652
+1.7052,+3.72224
+1.7056,+3.73482
+1.7059,+3.67972
+1.7063,+3.67865
+1.7067,+3.52656
+1.7072,+3.53223
+1.7076,+3.52603
+1.7079,+3.4433
+1.7083,+3.3397
+1.7087,+3.32181
+1.7092,+3.36285
+1.7096,+3.32719
+1.7099,+3.35178
+1.7103,+3.39297
+1.7107,+3.43234
+1.7112,+3.41571
+1.7116,+3.32864
+1.7119,+3.42245
+1.7123,+3.39529
+1.7127,+3.26578
+1.7132,+3.13001
+1.7136,+3.35002
+1.7139,+3.33338
+1.7143,+3.37824
+1.7147,+3.26055
+1.7152,+3.09643
+1.7156,+3.09287
+1.7159,+2.9698
+1.7163,+3.12693
+1.7167,+3.16521
+1.7172,+3.32923
+1.7176,+3.17222
+1.718,+3.28594
+1.7183,+3.28157
+1.7187,+3.3
+1.7192,+3.43036
+1.7196,+3.40885
+1.7199,+3.56032
+1.7203,+3.3871
+1.7207,+3.33326
+1.7212,+3.28105
+1.7216,+3.22067
+1.7219,+3.14598
+1.7223,+3.01812
+1.7227,+3.09231
+1.7232,+3.16833
+1.7236,+3.18863
+1.724,+3.1562
+1.7243,+3.26883
+1.7247,+3.38779
+1.7252,+3.33937
+1.7256,+3.24636
+1.7259,+3.21097
+1.7263,+3.22436
+1.7267,+3.24712
+1.7272,+3.07112
+1.7276,+3.02984
+1.7279,+2.97008
+1.7283,+2.94103
+1.7287,+2.82229
+1.7292,+2.87602
+1.7296,+2.98925
+1.7299,+3.15691
+1.7303,+3.20929
+1.7307,+3.23843
+1.7312,+3.30065
+1.7316,+3.37061
+1.732,+3.34097
+1.7323,+3.3179
+1.7327,+3.19523
+1.7332,+3.09169
+1.7336,+3.05626
+1.7339,+2.87377
+1.7343,+2.86277
+1.7347,+2.7634
+1.7352,+2.9013
+1.7356,+2.87248
+1.7359,+2.98118
+1.7363,+2.96121
+1.7369,+3.0606
+1.7372,+3.1188
+1.7376,+3.1086
+1.738,+3.19871
+1.7383,+3.2389
+1.7387,+3.2767
+1.7392,+3.09869
+1.7396,+3.03287
+1.7399,+2.991
+1.7403,+2.97016
+1.7407,+3.18692
+1.7412,+3.11905
+1.7416,+2.98307
+1.7419,+2.78333
+1.7423,+2.70346
+1.7427,+2.69408
+1.7432,+2.80148
+1.7436,+2.7701
+1.7439,+2.6276
+1.7443,+2.6129
+1.7447,+2.52608
+1.7452,+2.53197
+1.7456,+2.60456
+1.746,+2.70344
+1.7463,+2.70254
+1.7467,+2.83618
+1.7472,+2.77144
+1.7476,+2.84612
+1.748,+2.87717
+1.7483,+2.75231
+1.7487,+2.5935
+1.7492,+2.62395
+1.7496,+2.81472
+1.7499,+2.84611
+1.7503,+2.85308
+1.7507,+2.55005
+1.7512,+2.56967
+1.7516,+2.54959
+1.752,+2.67167
+1.7523,+2.89877
+1.7527,+2.8721
+1.7532,+2.77471
+1.7536,+2.57517
+1.754,+2.39299
+1.7543,+2.35913
+1.7547,+2.5076
+1.7552,+2.61672
+1.7556,+2.53959
+1.756,+2.4388
+1.7563,+2.28444
+1.7567,+2.25231
+1.7572,+2.13794
+1.7576,+1.97859
+1.758,+1.99309
+1.7583,+1.96953
+1.7587,+1.8232
+1.7592,+1.49584
+1.7596,+1.47877
+1.7599,+1.37978
+1.7603,+1.3672
+1.7607,+1.40804
+1.7612,+1.41301
+1.7616,+1.51644
+1.7619,+1.62153
+1.7623,+1.74272
+1.7627,+1.78859
+1.7632,+1.82809
+1.7636,+1.85088
+1.764,+1.88317
+1.7645,+1.78811
+1.7647,+1.76869
+1.7652,+1.81957
+1.7656,+1.68379
+1.7659,+1.62275
+1.7663,+1.37069
+1.7667,+1.3434
+1.7672,+1.23879
+1.7676,+1.15792
+1.768,+1.13571
+1.7683,+1.28686
+1.7687,+1.29217
+1.7692,+1.28411
+1.7696,+1.33347
+1.77,+1.17808
+1.7703,+1.09319
+1.7707,+1.03186
+1.7712,+1.13691
+1.7716,+1.07038
+1.772,+1.01124
+1.7723,+0.797389
+1.7727,+0.705366
+1.7732,+0.613638
+1.7736,+0.571299
+1.7739,+0.655714
+1.7743,+0.791904
+1.7747,+0.829519
+1.7752,+0.829763
+1.7756,+0.838684
+1.776,+0.726934
+1.7763,+0.873023
+1.7767,+0.91282
+1.7772,+0.769981
+1.7776,+0.86946
+1.778,+0.944389
+1.7783,+0.826954
+1.7787,+0.802031
+1.7792,+0.821874
+1.7796,+0.927764
+1.78,+1.10343
+1.7803,+0.854015
+1.7807,+0.8236
+1.7812,+0.939971
+1.7816,+0.943511
+1.782,+0.833967
+1.7823,+0.855899
+1.7827,+0.852529
+1.7832,+0.679823
+1.7836,+0.395665
+1.784,+0.383943
+1.7843,+0.511391
+1.7847,+0.526246
+1.7852,+0.648479
+1.7856,+0.601968
+1.786,+0.772059
+1.7863,+0.828077
+1.7867,+0.812502
+1.7872,+0.959282
+1.7876,+1.1687
+1.788,+0.931572
+1.7883,+0.871246
+1.7887,+0.720142
+1.7892,+0.754106
+1.7896,+0.650857
+1.7899,+0.453705
+1.7903,+0.463105
+1.7907,+0.477022
+1.7912,+0.378774
+1.7916,+0.275093
+1.792,+0.259411
+1.7923,+0.208031
+1.7927,+0.414329
+1.7932,+0.297164
+1.7936,+0.34738
+1.794,+0.327137
+1.7943,+0.35816
+1.795,+0.354236
+1.7952,+0.362754
+1.7956,+0.527134
+1.796,+0.566666
+1.7963,+0.707758
+1.7967,+0.710035
+1.7972,+0.690068
+1.7976,+0.746133
+1.798,+0.852054
+1.799,+0.695762
+1.7992,+0.587912
+1.7995,+0.680855
+1.7996,+0.721156
+1.7999,+0.815691
+1.8003,+0.767088
+1.8007,+0.616974
+1.8012,+0.575285
+1.8016,+0.607374
+1.8019,+0.498275
+1.8023,+0.698294
+1.8027,+0.857314
+1.8032,+0.945902
+1.8036,+0.758484
+1.804,+0.714725
+1.8043,+0.758823
+1.8047,+0.913202
+1.8052,+0.952346
+1.8056,+0.835002
+1.806,+0.989933
+1.8063,+0.975111
+1.8067,+0.844532
+1.8072,+0.659119
+1.8076,+0.758235
+1.8079,+0.996261
+1.8083,+1.08207
+1.8087,+0.949144
+1.8091,+0.929074
+1.8096,+1.06251
+1.8099,+1.13451
+1.8103,+1.18399
+1.8107,+1.4091
+1.8111,+1.54891
+1.8116,+1.56598
+1.812,+1.35413
+1.8123,+1.25199
+1.8127,+1.3768
+1.8131,+1.46824
+1.8136,+1.45156
+1.814,+1.35821
+1.8143,+1.29945
+1.8148,+1.21029
+1.8152,+1.21123
+1.8156,+1.36137
+1.8159,+1.53799
+1.8164,+1.62978
+1.8167,+1.53213
+1.8171,+1.63911
+1.8176,+1.8813
+1.8179,+1.87914
+1.8183,+2.02786
+1.8187,+2.05878
+1.8192,+2.11146
+1.8196,+1.9768
+1.82,+1.9961
+1.8203,+2.02188
+1.8207,+2.21173
+1.8212,+2.26731
+1.8216,+2.25362
+1.822,+2.29735
+1.8223,+2.13713
+1.8227,+2.18197
+1.8232,+2.09108
+1.8236,+2.1392
+1.824,+2.13272
+1.8243,+2.28405
+1.8247,+2.14937
+1.8252,+2.08133
+1.8256,+1.9512
+1.826,+1.8963
+1.8263,+1.79862
+1.8267,+1.74431
+1.8272,+1.88948
+1.8276,+1.80322
+1.828,+1.8179
+1.8283,+1.62466
+1.8287,+1.64485
+1.8292,+1.50148
+1.8296,+1.55085
+1.83,+1.51157
+1.8303,+1.49095
+1.8307,+1.51846
+1.8311,+1.4386
+1.8316,+1.46639
+1.832,+1.24854
+1.8323,+1.20988
+1.8327,+1.06328
+1.8331,+1.22198
+1.8336,+1.04358
+1.834,+1.06637
+1.8343,+1.12363
+1.8347,+1.04711
+1.8352,+1.00646
+1.8356,+0.907166
+1.836,+1.13844
+1.8363,+1.3113
+1.8367,+1.5833
+1.8371,+1.57919
+1.8376,+1.66168
+1.838,+1.79748
+1.8383,+1.81376
+1.8387,+1.85845
+1.8391,+1.92016
+1.8396,+1.9357
+1.84,+1.85602
+1.8403,+1.73719
+1.8407,+1.51537
+1.8412,+1.41876
+1.8416,+1.47229
+1.842,+1.34071
+1.8423,+1.40047
+1.8427,+1.3947
+1.8431,+1.29069
+1.8436,+1.5074
+1.844,+1.53462
+1.8443,+1.47198
+1.8447,+1.58606
+1.8452,+1.70893
+1.8456,+1.64107
+1.846,+1.64672
+1.8463,+1.67892
+1.8467,+1.68322
+1.8472,+1.75974
+1.8476,+1.73255
+1.848,+1.72871
+1.8483,+1.639
+1.8487,+1.65074
+1.8491,+1.46215
+1.8496,+1.54736
+1.85,+1.7012
+1.8503,+1.67931
+1.8507,+1.68089
+1.8511,+1.73514
+1.8516,+1.70118
+1.852,+1.67171
+1.8523,+1.91973
+1.8527,+1.89617
+1.8531,+2.04257
+1.8536,+2.04139
+1.854,+1.92608
+1.8543,+2.04832
+1.8547,+2.08294
+1.8551,+2.18951
+1.8557,+2.34322
+1.856,+2.5655
+1.8563,+2.54359
+1.8567,+2.53017
+1.8572,+2.56534
+1.8576,+2.73656
+1.858,+2.80173
+1.8583,+2.67852
+1.8587,+2.9301
+1.8591,+3.0334
+1.8596,+2.92716
+1.86,+2.94101
+1.8603,+3.17562
+1.8607,+3.35178
+1.8612,+3.5652
+1.8616,+3.57996
+1.862,+3.66753
+1.8623,+3.78553
+1.8627,+3.80575
+1.8631,+3.75973
+1.8636,+3.88674
+1.864,+3.97057
+1.8643,+3.83814
+1.8647,+3.92532
+1.8651,+3.9933
+1.8656,+3.96834
+1.866,+3.91246
+1.8663,+4.06301
+1.8667,+3.95449
+1.8671,+4.17259
+1.8676,+4.07653
+1.868,+4.0563
+1.8683,+4.18387
+1.8687,+4.20622
+1.8691,+4.13623
+1.8696,+4.10954
+1.87,+4.22892
+1.8703,+4.25635
+1.8707,+4.25274
+1.8711,+4.01763
+1.8716,+4.15082
+1.872,+4.21412
+1.8724,+4.2618
+1.8727,+4.3136
+1.8731,+4.22397
+1.8736,+4.30865
+1.874,+4.40701
+1.8743,+4.37397
+1.8747,+4.44132
+1.8751,+4.36848
+1.8756,+4.44672
+1.876,+4.41685
+1.8764,+4.39054
+1.8767,+4.32357
+1.8771,+4.41263
+1.8776,+4.41436
+1.878,+4.28691
+1.8783,+4.36686
+1.8787,+4.40839
+1.8792,+4.49285
+1.8796,+4.41407
+1.88,+4.38739
+1.8803,+4.41011
+1.8807,+4.39971
+1.8811,+4.37097
+1.8816,+4.39159
+1.882,+4.50562
+1.8823,+4.32595
+1.8827,+4.50023
+1.8831,+4.46324
+1.8836,+4.55338
+1.884,+4.6279
+1.8843,+4.62402
+1.8847,+4.57582
+1.8851,+4.75487
+1.8856,+4.87773
+1.8861,+4.9145
+1.8863,+4.88109
+1.8867,+4.72521
+1.8871,+4.69956
+1.8876,+4.6728
+1.888,+4.57025
+1.8883,+4.42031
+1.8887,+4.48316
+1.8891,+4.4883
+1.8896,+4.4667
+1.89,+4.36847
+1.8903,+4.55381
+1.8907,+4.76566
+1.8911,+4.96994
+1.8916,+5.07441
+1.892,+5.13664
+1.8924,+5.25745
+1.8927,+5.37596
+1.8931,+5.28787
+1.8936,+5.26313
+1.894,+5.40248
+1.8943,+5.38392
+1.8947,+5.19188
+1.8951,+5.07867
+1.8956,+4.95504
+1.896,+5.01688
+1.8964,+5.05879
+1.8967,+5.07029
+1.8971,+5.0324
+1.8976,+5.00929
+1.898,+4.91959
+1.8983,+5.04706
+1.8987,+5.29669
+1.8991,+5.3268
+1.8996,+5.31762
+1.9,+5.35767
+1.9003,+5.36744
+1.9014,+5.4718
+1.9017,+5.59269
+1.902,+5.61011
+1.9023,+5.78701
+1.9027,+5.95064
+1.9031,+5.98482
+1.9036,+6.23245
+1.904,+6.41728
+1.9043,+6.55633
+1.9047,+6.7293
+1.9051,+6.78781
+1.9056,+6.78011
+1.906,+6.91012
+1.9063,+6.84298
+1.9067,+6.63033
+1.9071,+6.31035
+1.9076,+6.22698
+1.908,+6.06282
+1.9083,+5.97658
+1.9087,+5.84364
+1.9091,+5.74494
+1.9096,+5.89171
+1.9099,+5.77317
+1.9103,+5.77718
+1.9107,+5.81129
+1.9111,+6.1311
+1.9116,+6.27454
+1.912,+6.53695
+1.9123,+6.57956
+1.9127,+6.62682
+1.9131,+6.66777
+1.9136,+6.65751
+1.9139,+6.87832
+1.9143,+7.16017
+1.9147,+7.39693
+1.9151,+7.50298
+1.9156,+7.62275
+1.9159,+7.5293
+1.9163,+7.50642
+1.9167,+7.65054
+1.9172,+7.85383
+1.9176,+8.05337
+1.9179,+8.11618
+1.9183,+7.98051
+1.9187,+7.791
+1.9191,+7.56971
+1.9196,+7.45282
+1.92,+7.64958
+1.9203,+7.66295
+1.9207,+7.5143
+1.9211,+7.49226
+1.9216,+7.31779
+1.9219,+7.28865
+1.9223,+7.498
+1.9227,+7.73723
+1.9231,+8.03404
+1.9236,+8.26114
+1.924,+8.22185
+1.9243,+8.19746
+1.9247,+8.40313
+1.9251,+8.39137
+1.9256,+8.50339
+1.9259,+8.60903
+1.9263,+8.65976
+1.9267,+8.76953
+1.9271,+8.70851
+1.9276,+8.60027
+1.928,+8.64617
+1.9283,+8.85188
+1.9287,+9.00374
+1.9291,+8.90584
+1.9296,+8.99519
+1.93,+8.90215
+1.9303,+8.94841
+1.9307,+8.73236
+1.9311,+8.92605
+1.9316,+8.89073
+1.9319,+9.19167
+1.9323,+9.25354
+1.9327,+9.19421
+1.9331,+9.43758
+1.9336,+9.408
+1.9339,+9.43058
+1.9343,+9.26882
+1.9347,+9.27576
+1.9351,+9.14836
+1.9356,+9.21719
+1.936,+9.04599
+1.9365,+8.99231
+1.9367,+8.9387
+1.9371,+8.96028
+1.9376,+8.85635
+1.938,+9.01377
+1.9383,+9.07186
+1.9387,+9.12441
+1.9391,+9.16189
+1.9396,+9.22465
+1.94,+9.29074
+1.9403,+9.40172
+1.9407,+9.65798
+1.9411,+9.67854
+1.9416,+9.99891
+1.942,+10.0235
+1.9423,+10.0283
+1.9427,+10.2218
+1.9431,+10.275
+1.9436,+10.2037
+1.944,+10.2485
+1.9443,+10.202
+1.9447,+10.0914
+1.9451,+9.96815
+1.9456,+9.89289
+1.946,+9.85008
+1.9463,+9.95912
+1.9467,+9.87163
+1.9471,+9.80895
+1.9476,+9.94989
+1.948,+9.85278
+1.9483,+10.0122
+1.9487,+10.0779
+1.9491,+10.3125
+1.9496,+10.2327
+1.95,+10.4551
+1.9503,+10.3612
+1.9507,+10.5815
+1.9511,+10.7181
+1.9516,+10.7877
+1.952,+10.7888
+1.9523,+10.6601
+1.9527,+10.8354
+1.9531,+10.8888
+1.9536,+11.0006
+1.954,+10.9833
+1.9543,+11.0585
+1.9547,+11.1893
+1.9551,+11.1395
+1.9556,+11.2428
+1.956,+11.4123
+1.9563,+11.6161
+1.9567,+11.3636
+1.9572,+11.3256
+1.9576,+11.4878
+1.958,+11.4392
+1.9583,+11.6265
+1.9587,+11.4717
+1.9591,+11.5944
+1.9596,+11.588
+1.96,+11.6455
+1.9604,+11.6554
+1.9607,+11.7877
+1.9611,+11.8495
+1.9616,+11.9427
+1.962,+11.9123
+1.9623,+11.7745
+1.9627,+11.9208
+1.9631,+11.8819
+1.9636,+11.9238
+1.964,+11.8831
+1.9643,+12.0173
+1.9647,+12.2095
+1.9651,+12.2862
+1.9656,+12.1009
+1.966,+12.214
+1.9663,+12.3328
+1.9681,+12.1718
+1.9683,+12.2363
+1.9686,+12.2715
+1.9688,+12.157
+1.9691,+12.0799
+1.9696,+12.068
+1.97,+11.8777
+1.9703,+11.9034
+1.9707,+11.7835
+1.9711,+11.6425
+1.9716,+11.7328
+1.972,+11.7659
+1.9724,+11.6423
+1.9727,+11.8019
+1.9731,+11.632
+1.9736,+11.6093
+1.974,+11.6838
+1.9743,+11.6825
+1.9747,+11.8441
+1.9751,+12.0381
+1.9756,+12.0825
+1.976,+12.0551
+1.9764,+12.1297
+1.9767,+12.2149
+1.9771,+12.4734
+1.9776,+12.462
+1.978,+12.6432
+1.9783,+12.6775
+1.9787,+12.5436
+1.9791,+12.6289
+1.9796,+12.5323
+1.98,+12.4919
+1.9803,+12.5556
+1.9807,+12.4002
+1.9811,+12.2407
+1.9816,+12.0875
+1.982,+11.9627
+1.9823,+11.9903
+1.9827,+11.929
+1.9831,+11.7662
+1.9836,+11.9367
+1.984,+11.8297
+1.9844,+11.5399
+1.9847,+11.6084
+1.9851,+11.4351
+1.9856,+11.4769
+1.986,+11.5838
+1.9863,+11.4861
+1.9867,+11.772
+1.9871,+11.835
+1.9876,+11.6951
+1.988,+11.9165
+1.9884,+12.2259
+1.9887,+12.3111
+1.9891,+12.6538
+1.9896,+12.68
+1.99,+12.473
+1.9903,+12.6282
+1.9907,+12.6028
+1.9911,+12.6159
+1.9916,+12.5279
+1.992,+12.4885
+1.9923,+12.3844
+1.9927,+12.2293
+1.9931,+12.1161
+1.9936,+12.1904
+1.994,+12.1638
+1.9943,+12.0906
+1.9947,+11.9471
+1.9951,+11.8274
+1.9956,+11.9407
+1.996,+11.8923
+1.9964,+11.8724
+1.9967,+11.729
+1.9971,+11.6159
+1.9976,+11.5233
+1.998,+11.592
+1.9983,+11.3695
+1.9988,+10.1745
+1.9991,+9.05734
+1.9996,+7.85703
+2,+6.65748
