+0,-4.52604
+0.00038,-5.71305
+0.00074,-6.39079
+0.00125,-6.95887
+0.00162,-7.7164
+0.00199,-8.91424
+0.00237,-8.89603
+0.00275,-8.16046
+0.00324,-7.49301
+0.00362,-7.7841
+0.00481,-7.90754
+0.00502,-7.31802
+0.00525,-7.26318
+0.00561,-7.22035
+0.00611,-7.17178
+0.00638,-6.62322
+0.00674,-6.84672
+0.00724,-7.55827
+0.00761,-7.49466
+0.00799,-7.425
+0.00836,-7.22575
+0.00873,-7.48351
+0.00924,-7.95561
+0.00961,-8.429
+0.00999,-8.21278
+0.01036,-8.15936
+0.01074,-7.8178
+0.01124,-7.18656
+0.01161,-7.27234
+0.01199,-7.06877
+0.01236,-6.86204
+0.01274,-6.47928
+0.01324,-6.00465
+0.01361,-5.40078
+0.01398,-5.35681
+0.01437,-5.39905
+0.01474,-5.20547
+0.01524,-5.10236
+0.01561,-4.8707
+0.01599,-4.75946
+0.01637,-5.11837
+0.01674,-5.1631
+0.01725,-4.99787
+0.01762,-5.00751
+0.01799,-4.93929
+0.01837,-4.38992
+0.01876,-4.49053
+0.01924,-4.08727
+0.01961,-4.00256
+0.01999,-4.04019
+0.02036,-4.15074
+0.02074,-3.92988
+0.02124,-3.82836
+0.02161,-3.7485
+0.02199,-3.59853
+0.02237,-3.66494
+0.02274,-3.51643
+0.02323,-3.70568
+0.02362,-3.58487
+0.02399,-3.46494
+0.02436,-2.63707
+0.02473,-2.60764
+0.02524,-2.45591
+0.02562,-2.48439
+0.02599,-2.37879
+0.02636,-2.5451
+0.02675,-2.19627
+0.02725,-2.14173
+0.02761,-1.45613
+0.02799,-1.17626
+0.02837,-1.18075
+0.02873,-0.962657
+0.02923,-0.720124
+0.02962,-0.58055
+0.02999,-1.02914
+0.03036,-1.20933
+0.03075,-1.82613
+0.03124,-1.68982
+0.03161,-2.06064
+0.03198,-1.93414
+0.03236,-1.82193
+0.03274,-1.65622
+0.03324,-1.53457
+0.03361,-0.661523
+0.03399,+0.49391
+0.03437,+1.07183
+0.03474,+1.95195
+0.03524,+2.08588
+0.03561,+1.74411
+0.03598,+1.46028
+0.03636,+1.67163
+0.03674,+1.6751
+0.03725,+1.60602
+0.03762,+1.19511
+0.03799,+0.976188
+0.03837,+0.678729
+0.03874,+0.147203
+0.03923,-0.553615
+0.03962,+0.0525376
+0.03999,+0.38408
+0.04036,+0.376537
+0.04074,+0.93896
+0.04124,+1.09966
+0.04162,+1.1694
+0.04199,+0.935984
+0.04237,+1.43361
+0.04275,+1.92753
+0.04324,+2.82484
+0.04361,+2.87242
+0.04399,+3.05581
+0.04437,+3.15268
+0.04473,+2.83921
+0.04524,+2.88683
+0.04562,+2.8895
+0.04599,+2.54716
+0.04636,+2.48088
+0.04675,+1.95714
+0.04724,+1.97384
+0.04762,+2.02237
+0.04799,+2.00505
+0.04837,+1.94947
+0.04874,+1.87765
+0.04925,+2.21868
+0.04962,+2.51072
+0.04999,+2.96115
+0.05036,+3.21645
+0.05075,+4.06397
+0.05124,+4.0415
+0.05162,+3.78505
+0.05199,+3.60715
+0.05237,+3.54703
+0.05274,+3.35558
+0.05324,+2.89454
+0.05361,+2.28334
+0.05399,+2.07223
+0.05436,+1.77934
+0.05476,+1.3576
+0.05524,+1.01265
+0.05562,+0.756169
+0.05599,+0.819401
+0.05637,+0.172836
+0.05674,+0.04476
+0.05724,+0.0431945
+0.05761,-0.0113781
+0.058,-0.205045
+0.0585,-0.503418
+0.05878,-1.05603
+0.05924,-0.948412
+0.05961,-1.36096
+0.05999,-1.96157
+0.06037,-5.41712
+0.06074,-5.49703
+0.06126,-6.36538
+0.06162,-6.44313
+0.06199,-6.40769
+0.06237,-7.00291
+0.06275,-7.35939
+0.06324,-11.6966
+0.06361,-15.0683
+0.06399,-14.8368
+0.06437,-15.2048
+0.06474,-15.415
+0.06525,-15.123
+0.06562,-15.3925
+0.06599,-15.5407
+0.06637,-15.0617
+0.06676,-15.0993
+0.06725,-15.3392
+0.06761,-11.7158
+0.06799,-12.4493
+0.06837,-8.62243
+0.06874,-9.77502
+0.06924,-9.90161
+0.06962,-10.0294
+0.06999,-10.2227
+0.07037,-10.7322
+0.07075,-10.6669
+0.07124,-6.70038
+0.07162,-7.61927
+0.07199,-11.2322
+0.07236,-12.2076
+0.07273,-15.4163
+0.07324,-15.581
+0.07362,-16.4026
+0.07399,-16.9363
+0.07437,-20.8803
+0.07475,-24.8301
+0.07511,-24.946
+0.07562,-24.4611
+0.07599,-21.4448
+0.07636,-20.7933
+0.07675,-17.2323
+0.07725,-17.2398
+0.07762,-17.012
+0.07799,-20.7247
+0.07836,-17.1498
+0.07875,-13.1084
+0.07924,-13.7467
+0.07962,-14.3531
+0.07999,-13.531
+0.08037,-13.2546
+0.08074,-13.4031
+0.08124,-13.3457
+0.08162,-16.8565
+0.08199,-12.8094
+0.08237,-12.3436
+0.08275,-12.8879
+0.08324,-12.0123
+0.08361,-11.247
+0.084,-11.3211
+0.08437,-11.3983
+0.08474,-10.8034
+0.08525,-10.961
+0.08562,-6.85893
+0.08599,-7.34966
+0.08637,-7.82939
+0.08676,-11.2928
+0.08727,-11.3392
+0.08762,-11.2991
+0.08799,-10.5616
+0.08837,-10.5653
+0.08887,-10.3021
+0.08924,-10.0236
+0.08961,-9.88109
+0.09,-9.00536
+0.09037,-8.71977
+0.09075,-4.39324
+0.09112,-4.32681
+0.09162,-4.30338
+0.092,-4.75809
+0.09237,-4.47721
+0.09274,-4.83607
+0.09312,-5.08118
+0.09362,-4.77726
+0.09399,-4.22495
+0.0945,-3.53282
+0.09476,-3.87561
+0.09525,-4.023
+0.09562,-3.42887
+0.09599,-3.1218
+0.09637,-3.31439
+0.09674,-2.5729
+0.09712,-1.82677
+0.09763,-1.64835
+0.098,-1.80307
+0.09837,-1.51882
+0.09876,-0.795553
+0.09912,-0.131997
+0.09962,-0.0341902
+0.09999,+0.22166
+0.10038,+0.351481
+0.10074,+0.762072
+0.10112,+1.01364
+0.10162,+0.850996
+0.102,+1.12361
+0.10237,+1.39787
+0.10275,+1.65774
+0.10312,+2.05366
+0.10362,+2.18012
+0.104,+2.5062
+0.10437,+3.25984
+0.10475,+3.10943
+0.10512,+3.43647
+0.10562,+3.94916
+0.106,+4.56178
+0.10721,+4.1407
+0.10749,+4.36473
+0.10767,+4.52092
+0.108,+4.69968
+0.10838,+4.96566
+0.10875,+5.34908
+0.10912,+5.80993
+0.10962,+6.34231
+0.11,+6.59574
+0.11038,+6.31551
+0.11076,+7.06552
+0.11112,+7.23389
+0.11162,+7.39294
+0.112,+7.49544
+0.11237,+8.05261
+0.11274,+8.07309
+0.11325,+8.07293
+0.11363,+7.54927
+0.114,+7.20174
+0.11437,+7.27904
+0.11475,+7.44352
+0.11512,+7.5317
+0.11562,+7.62504
+0.116,+7.34282
+0.11637,+7.32184
+0.11675,+7.82508
+0.11712,+7.96706
+0.11763,+7.74907
+0.118,+8.17842
+0.11838,+8.0262
+0.11875,+7.70092
+0.11925,+7.656
+0.11963,+7.48193
+0.12,+7.78548
+0.12037,+6.60449
+0.12074,+5.30026
+0.12125,+5.40599
+0.12163,+6.00846
+0.122,+5.25996
+0.12237,+4.96927
+0.12275,+4.88383
+0.12312,+4.54942
+0.12362,+3.69937
+0.12399,+3.43866
+0.12438,+3.87394
+0.12475,+4.20127
+0.12512,+3.60916
+0.12562,+2.69443
+0.126,+2.77101
+0.12637,+2.40069
+0.12676,+2.13728
+0.12713,+1.35224
+0.12763,+1.42904
+0.128,+0.504293
+0.12838,-0.107446
+0.12875,-0.644003
+0.12925,-1.45517
+0.12975,-1.87952
+0.13,-2.46764
+0.13037,-2.79043
+0.13175,-3.51011
+0.13193,-3.68811
+0.13217,-4.06285
+0.13245,-3.90287
+0.13276,-4.24784
+0.13313,-8.64493
+0.13363,-8.84019
+0.134,-9.02405
+0.13438,-9.39037
+0.13476,-13.2671
+0.13512,-13.4907
+0.13562,-14.3258
+0.136,-18.7783
+0.13638,-19.2553
+0.13675,-19.6715
+0.13725,-16.1603
+0.13763,-20.0908
+0.138,-20.5367
+0.13863,-21.2593
+0.13891,-18.0164
+0.13938,-18.3631
+0.13988,-21.5886
+0.14014,-17.6422
+0.1405,-17.8382
+0.14077,-21.6125
+0.14125,-21.5434
+0.14163,-17.9689
+0.142,-22.1438
+0.14237,-21.5524
+0.14276,-21.4002
+0.14313,-21.406
+0.14363,-18.2091
+0.144,-18.1243
+0.14438,-18.1558
+0.14475,-14.9987
+0.14525,-15.2252
+0.14562,-15.159
+0.146,-10.8492
+0.14638,-10.7448
+0.14675,-11.3765
+0.14712,-15.1273
+0.14763,-15.2456
+0.148,-15.205
+0.14838,-15.3621
+0.14875,-14.5511
+0.14912,-14.092
+0.14963,-13.632
+0.15001,-13.4237
+0.15037,-14.1258
+0.15075,-13.2666
+0.15113,-8.94869
+0.15163,-7.98009
+0.152,-7.68766
+0.15237,-6.99416
+0.15275,-7.48427
+0.15325,-7.01281
+0.15362,-6.95493
+0.154,-6.58535
+0.15438,-6.11282
+0.15475,-5.7801
+0.15513,-6.12214
+0.15563,-5.88268
+0.156,-5.63403
+0.15637,-5.17689
+0.15676,-3.96102
+0.15713,-4.08327
+0.15763,-3.58306
+0.158,-3.27605
+0.15838,-2.12598
+0.15875,-1.73821
+0.15912,-0.724095
+0.15963,-0.287111
+0.16,+0.313469
+0.16038,+0.24166
+0.16075,+0.463206
+0.16125,+1.12833
+0.16163,+1.2578
+0.16201,+0.928984
+0.16237,+1.30537
+0.16276,+1.1946
+0.16313,+1.53348
+0.16364,+2.02009
+0.164,+1.95338
+0.16438,+2.0587
+0.16476,+2.49035
+0.16513,+2.72602
+0.16563,+2.96102
+0.166,+3.40651
+0.16638,+3.62029
+0.16676,+4.32095
+0.16712,+4.49363
+0.16763,+4.64004
+0.168,+4.9702
+0.16838,+5.85124
+0.16875,+6.04778
+0.16926,+5.94644
+0.16963,+6.23318
+0.17,+6.82219
+0.17038,+6.89591
+0.17077,+6.9856
+0.17113,+7.10865
+0.17163,+7.12922
+0.17201,+7.28822
+0.17238,+7.29466
+0.17276,+7.2024
+0.17312,+7.51592
+0.17362,+7.30889
+0.174,+7.27788
+0.17438,+7.13468
+0.17476,+6.97192
+0.17513,+6.90802
+0.17563,+6.95588
+0.176,+6.22391
+0.17638,+5.97521
+0.17676,+5.83973
+0.17714,+5.68069
+0.17763,+5.71041
+0.178,+5.43419
+0.17838,+5.30695
+0.17877,+5.20234
+0.17913,+4.73748
+0.17963,+4.27834
+0.18001,+4.6058
+0.18038,+4.24295
+0.18076,+3.9821
+0.18113,+3.23173
+0.18163,+2.76284
+0.18201,+2.1829
+0.18238,+1.945
+0.18276,+1.7984
+0.18312,+1.48623
+0.18363,+1.12414
+0.184,+0.659829
+0.18437,+0.186909
+0.18476,-0.377483
+0.18525,-0.44496
+0.18563,-0.724354
+0.186,-0.502759
+0.18638,-1.15318
+0.18675,-1.94552
+0.18712,-2.83208
+0.18763,-3.24006
+0.18801,-3.55852
+0.18838,-3.75741
+0.18875,-4.10787
+0.18913,-3.83444
+0.18965,-5.08191
+0.19,-6.70231
+0.19037,-7.0537
+0.19089,-7.44328
+0.19114,-7.24783
+0.19163,-7.42237
+0.192,-7.86684
+0.19238,-8.26827
+0.19275,-9.19464
+0.19313,-9.91073
+0.19363,-9.47642
+0.19401,-8.91756
+0.19438,-9.19609
+0.19476,-9.86155
+0.19513,-10.5679
+0.19563,-11.0321
+0.196,-11.8087
+0.19638,-11.9724
+0.19676,-11.5494
+0.19713,-11.9094
+0.19763,-11.7915
+0.198,-11.6823
+0.19838,-11.7573
+0.19877,-10.9385
+0.19913,-10.5166
+0.19963,-10.3192
+0.20001,-13.1734
+0.20038,-13.6005
+0.20076,-13.3991
+0.20126,-16.5332
+0.20163,-16.5274
+0.202,-16.1007
+0.20238,-15.8949
+0.20277,-16.1381
+0.20313,-16.0587
+0.20363,-15.8584
+0.20401,-13.1633
+0.20439,-12.6044
+0.20476,-12.256
+0.20513,-11.9494
+0.20563,-11.5421
+0.20601,-11.2374
+0.20638,-10.79
+0.20676,-10.0747
+0.20713,-9.61188
+0.20763,-8.51636
+0.208,-7.78891
+0.20838,-6.65938
+0.20961,-5.32917
+0.2098,-4.28182
+0.21002,-3.07938
+0.21039,-2.05446
+0.21202,-0.83637
+0.21223,+0.360373
+0.2125,+1.9521
+0.21277,+2.87099
+0.21313,+3.92557
+0.21364,+4.67559
+0.21402,+5.97422
+0.21439,+6.94629
+0.21477,+7.69916
+0.21514,+8.58045
+0.21564,+9.69017
+0.21601,+10.6753
+0.21639,+11.3292
+0.21676,+12.0248
+0.21714,+12.7992
+0.21764,+13.7567
+0.21801,+13.9291
+0.21839,+14.6502
+0.21877,+15.0761
+0.21914,+15.3749
+0.21964,+15.7974
+0.22002,+15.6738
+0.22039,+16.0388
+0.22076,+16.223
+0.22113,+16.3668
+0.22164,+16.6143
+0.22202,+16.5526
+0.22239,+16.7789
+0.22276,+16.9827
+0.22314,+16.9506
+0.22364,+16.482
+0.22402,+16.3795
+0.22439,+15.6676
+0.22477,+15.2121
+0.22514,+14.7827
+0.22564,+14.0836
+0.22601,+13.5347
+0.2264,+12.6964
+0.22677,+12.0848
+0.22714,+11.6859
+0.22764,+11.0488
+0.22802,+10.7044
+0.22839,+10.5289
+0.22877,+9.93385
+0.22914,+9.47712
+0.22964,+8.93127
+0.23001,+8.59602
+0.23039,+7.79327
+0.23078,+6.98467
+0.23114,+6.14629
+0.23164,+5.37687
+0.23201,+4.56396
+0.23239,+3.56959
+0.23277,+2.88052
+0.23315,+2.04193
+0.23364,+1.30664
+0.23402,+0.273739
+0.23439,-0.313127
+0.23477,-1.09437
+0.23514,-1.55135
+0.23565,-2.09964
+0.23601,-2.88317
+0.23639,-3.00614
+0.23676,-3.1979
+0.23713,-3.70711
+0.23765,-4.03534
+0.23802,-3.97745
+0.23839,-4.20152
+0.23877,-4.32309
+0.23913,-4.61759
+0.23964,-4.59073
+0.24002,-4.70858
+0.24039,-5.0559
+0.24076,-5.48922
+0.24114,-5.61954
+0.24164,-5.90863
+0.24201,-6.4161
+0.2424,-6.6391
+0.24277,-6.84687
+0.24314,-7.29844
+0.24365,-7.57328
+0.24402,-7.98206
+0.24439,-8.28489
+0.24476,-8.44275
+0.24515,-8.69606
+0.24564,-8.99741
+0.24602,-9.21476
+0.24639,-9.39608
+0.24678,-9.68736
+0.24714,-9.79807
+0.24764,-9.86404
+0.24802,-9.76359
+0.2484,-9.8383
+0.24877,-10.0238
+0.24914,-10.1288
+0.24965,-10.3679
+0.25002,-10.47
+0.2504,-10.6087
+0.25077,-10.8023
+0.25114,-11.0088
+0.25164,-11.4056
+0.25202,-11.2915
+0.25239,-11.5435
+0.25289,-11.6982
+0.25316,-12.0318
+0.25365,-12.4291
+0.25402,-12.6479
+0.25439,-13.2046
+0.25477,-13.4831
+0.25515,-13.694
+0.25564,-13.9478
+0.25601,-13.9467
+0.2564,-14.1086
+0.25677,-14.2231
+0.25714,-14.1606
+0.25764,-13.8928
+0.25802,-13.9319
+0.25839,-13.4922
+0.25877,-13.2623
+0.25915,-13.2236
+0.25964,-12.8885
+0.26002,-13.225
+0.26039,-12.8815
+0.26076,-12.7959
+0.26115,-12.5
+0.26164,-12.2445
+0.26202,-11.7941
+0.26239,-11.5806
+0.26277,-11.0199
+0.26315,-10.3767
+0.26364,-10.0486
+0.26402,-9.31693
+0.2644,-8.80081
+0.26478,-8.2547
+0.26514,-7.64851
+0.26564,-6.85574
+0.26603,-6.30629
+0.2664,-5.51623
+0.26677,-4.77559
+0.26714,-4.00145
+0.26765,-3.25763
+0.26802,-2.68531
+0.26839,-2.05378
+0.26877,-1.32404
+0.26914,-0.804084
+0.26965,-0.285344
+0.27002,+0.3876
+0.27039,+0.426159
+0.27077,+1.11588
+0.27115,+1.46677
+0.27164,+1.83258
+0.27202,+2.18112
+0.27239,+2.53744
+0.27277,+2.65765
+0.27314,+2.95367
+0.27364,+2.76892
+0.27402,+2.648
+0.27439,+3.0519
+0.27477,+2.7117
+0.27514,+3.04774
+0.27564,+0.736311
+0.27601,+0.785342
+0.27639,+0.697207
+0.27677,+0.60415
+0.27714,+0.251902
+0.27765,+0.4233
+0.27802,-0.0543105
+0.27839,-0.242489
+0.27877,-0.507284
+0.27914,-1.10453
+0.27965,+0.581194
+0.28002,+0.108856
+0.28039,-0.386262
+0.28078,-0.573524
+0.28115,-0.779435
+0.28165,-1.22966
+0.28202,-1.3233
+0.28239,-1.81971
+0.2829,-2.28427
+0.28316,-2.76181
+0.28364,-3.18108
+0.28402,-3.71353
+0.28439,-4.07723
+0.28477,-4.74484
+0.28528,-5.28014
+0.28565,-6.05552
+0.28602,-6.26308
+0.28639,-7.00048
+0.28677,-7.171
+0.28714,-7.72285
+0.28764,-7.87823
+0.28802,-8.15542
+0.2884,-8.43764
+0.28878,-8.70265
+0.28914,-9.18368
+0.28965,-9.10628
+0.29002,-9.4672
+0.29039,-9.22319
+0.29077,-9.63132
+0.29114,-9.59178
+0.29164,-9.47956
+0.29204,-9.45189
+0.29239,-12.0214
+0.29277,-11.7757
+0.29315,-11.5927
+0.29365,-11.5906
+0.29401,-11.5988
+0.2944,-11.1037
+0.29477,-10.8923
+0.29514,-11.0637
+0.29565,-11.0175
+0.29603,-10.786
+0.2964,-8.45362
+0.29678,-8.36726
+0.29714,-8.02786
+0.29765,-7.59338
+0.29802,-7.29347
+0.2984,-7.51551
+0.29878,-7.60365
+0.29915,-7.09639
+0.29952,-6.84209
+0.30003,-6.8928
+0.3004,-6.25206
+0.30077,-6.10169
+0.30115,-5.99269
+0.30152,-6.01713
+0.30202,-5.8615
+0.30239,-5.55208
+0.30278,-5.42723
+0.30314,-5.24453
+0.30365,-5.14019
+0.30402,-5.00197
+0.30453,-4.91909
+0.30479,-5.00204
+0.30516,-4.88463
+0.30552,-4.78969
+0.30602,-4.69498
+0.3064,-5.00372
+0.30679,-4.79857
+0.30715,-5.1324
+0.30765,-5.09931
+0.30803,-4.99021
+0.3084,-4.70541
+0.30878,-4.54469
+0.30915,-4.66585
+0.30965,-4.90626
+0.31003,-4.9013
+0.3104,-4.74131
+0.31078,-4.78466
+0.31201,-4.61963
+0.31221,-4.51403
+0.31243,-4.32067
+0.31278,-4.90665
+0.31327,-4.41183
+0.31365,-4.1499
+0.31402,-3.66756
+0.3144,-3.62993
+0.31478,-3.50775
+0.31516,-3.25623
+0.31564,-3.15642
+0.31603,-3.16848
+0.3164,-3.16943
+0.31677,-2.88115
+0.31715,-3.05717
+0.31765,-3.0018
+0.31802,-3.12212
+0.3184,-2.76297
+0.31877,-2.4267
+0.31914,-2.52729
+0.31965,-2.08498
+0.32002,-1.68428
+0.3204,-1.54503
+0.32078,-1.33933
+0.32115,-1.38476
+0.32165,-1.28089
+0.32203,-1.16137
+0.3224,-1.30615
+0.32278,-1.27566
+0.32315,-0.93422
+0.32364,-1.03846
+0.32402,-1.00753
+0.3244,-1.11821
+0.32477,-1.2704
+0.32516,-1.37325
+0.32552,-1.62836
+0.32602,-1.9286
+0.3264,-2.29047
+0.32679,-2.93899
+0.32715,-3.14891
+0.32765,-3.5401
+0.32802,-4.55713
+0.3284,-5.01146
+0.32878,-5.71687
+0.32916,-6.24318
+0.32966,-7.0279
+0.33003,-7.20585
+0.3304,-7.6632
+0.33078,-8.05943
+0.33116,-8.63302
+0.33152,-9.01695
+0.33203,-9.06127
+0.3324,-9.57815
+0.33277,-9.30177
+0.33314,-9.25001
+0.33353,-8.90901
+0.33403,-8.72876
+0.3344,-8.60015
+0.33477,-8.44407
+0.33516,-8.24435
+0.33552,-7.93026
+0.33602,-7.90802
+0.3364,-7.66636
+0.33678,-7.39212
+0.33716,-7.02468
+0.33752,-6.78014
+0.33802,-6.56202
+0.3384,-6.31348
+0.33878,-5.68848
+0.33915,-5.14919
+0.33952,-4.73917
+0.34002,-4.00855
+0.3404,-3.18241
+0.34078,-2.53771
+0.34115,-2.09922
+0.34152,-1.36481
+0.34203,-1.33283
+0.3424,-0.557331
+0.34277,-0.140016
+0.34315,+0.143414
+0.34365,+0.897148
+0.34402,+1.30192
+0.3444,+1.69756
+0.34477,+1.77801
+0.34515,+1.84846
+0.34552,+2.06482
+0.34602,+2.86048
+0.34639,+3.38878
+0.34678,+3.64822
+0.34715,+3.89007
+0.34765,+3.01833
+0.34803,+2.97336
+0.3484,+2.67729
+0.34878,+2.32556
+0.34915,+2.22172
+0.34953,+2.08089
+0.35003,+1.43574
+0.3504,+0.546877
+0.35078,-0.494599
+0.35115,-1.12896
+0.35153,-1.09964
+0.35203,-1.47474
+0.3524,-1.67032
+0.35278,-1.83834
+0.35316,-2.08372
+0.35352,-2.51814
+0.35415,-2.3541
+0.35441,-2.30692
+0.35478,-1.87159
+0.35516,-1.61597
+0.35552,-1.3261
+0.35602,-0.915949
+0.3564,-0.312637
+0.35678,-0.295694
+0.35715,+0.254276
+0.35765,+0.770487
+0.35803,+1.14637
+0.3584,+1.78356
+0.35878,+2.57909
+0.35915,+3.26792
+0.35952,+3.74715
+0.36003,+4.24843
+0.3604,+4.77916
+0.36077,+5.86496
+0.36116,+6.64954
+0.36153,+7.24101
+0.36203,+8.26379
+0.3624,+8.8639
+0.36281,+9.3316
+0.36317,+9.74043
+0.36353,+10.5042
+0.36404,+10.9786
+0.36441,+11.3659
+0.36478,+12.2561
+0.36515,+12.5614
+0.36553,+12.8989
+0.36603,+12.6709
+0.3664,+13.0034
+0.36678,+13.1962
+0.36715,+13.1865
+0.36766,+13.0223
+0.36803,+13.1164
+0.36841,+13.0458
+0.36878,+12.6477
+0.36915,+12.4758
+0.36953,+12.7048
+0.37003,+12.6585
+0.3704,+12.2205
+0.37078,+11.8969
+0.37116,+11.979
+0.37153,+11.934
+0.37203,+11.6665
+0.3724,+11.3471
+0.37278,+10.9282
+0.37315,+10.5258
+0.37353,+10.0119
+0.37403,+10.0207
+0.37441,+10.0693
+0.37478,+9.50473
+0.37515,+9.16655
+0.37552,+8.91314
+0.37603,+8.73898
+0.37641,+8.981
+0.37678,+9.01689
+0.37716,+8.83139
+0.37765,+8.65686
+0.37803,+8.20615
+0.3784,+7.89273
+0.37879,+7.71738
+0.37916,+7.52628
+0.37952,+7.32598
+0.38003,+7.15444
+0.38041,+6.47104
+0.38078,+5.90526
+0.38115,+6.21464
+0.38153,+5.71305
+0.38203,+5.17858
+0.38241,+5.03783
+0.38279,+5.2301
+0.38315,+5.3825
+0.38352,+5.53784
+0.38416,+5.64055
+0.38453,+6.17686
+0.38479,+6.49596
+0.38515,+6.42331
+0.38553,+6.72502
+0.38603,+7.55727
+0.3864,+7.39442
+0.38678,+7.62848
+0.38716,+7.53868
+0.38766,+7.44592
+0.38803,+7.23169
+0.3884,+6.96025
+0.38878,+6.84983
+0.38916,+6.74018
+0.38953,+7.03868
+0.39003,+6.87338
+0.39041,+7.17981
+0.39078,+7.26274
+0.39116,+7.29988
+0.39152,+7.44227
+0.39203,+7.58339
+0.39241,+7.40831
+0.39279,+7.71828
+0.39316,+7.86985
+0.39353,+7.87757
+0.39402,+7.5965
+0.39443,+7.47697
+0.39478,+7.54518
+0.39516,+7.68472
+0.39553,+7.98787
+0.39603,+8.1278
+0.3964,+8.61712
+0.39678,+8.25243
+0.39716,+8.40663
+0.39765,+8.96014
+0.39803,+9.62337
+0.39841,+10.3243
+0.39878,+10.6351
+0.39916,+10.9737
+0.39953,+11.3718
+0.40003,+11.6771
+0.40041,+11.8669
+0.40078,+12.468
+0.40115,+12.5588
+0.40152,+12.3865
+0.40203,+12.2843
+0.40241,+11.9056
+0.40278,+13.1142
+0.40315,+13.2243
+0.40352,+12.6198
+0.40403,+12.3046
+0.40441,+11.9875
+0.40478,+11.4969
+0.40515,+11.0549
+0.40554,+10.5428
+0.40603,+10.0906
+0.40641,+9.67548
+0.40678,+8.87348
+0.40715,+7.93617
+0.40766,+7.40692
+0.40803,+6.97312
+0.4084,+5.93391
+0.40879,+5.13154
+0.40917,+4.52512
+0.40954,+3.64947
+0.41003,+2.76316
+0.41041,+2.17785
+0.41078,+1.75799
+0.41116,+1.16188
+0.41153,+0.512441
+0.41203,-0.455498
+0.4124,-0.812536
+0.41278,-1.00346
+0.41315,-1.62499
+0.41353,-2.02863
+0.41441,-2.45549
+0.41459,-3.06537
+0.41492,-3.56702
+0.41516,-3.80522
+0.41553,-4.06662
+0.41604,-4.04973
+0.41641,-4.25975
+0.41679,-4.59312
+0.41717,-4.83311
+0.41766,-5.27405
+0.41803,-5.56317
+0.41841,-5.8568
+0.41879,-6.23071
+0.41915,-6.44292
+0.41953,-6.82679
+0.42003,-7.12053
+0.4204,-7.36184
+0.42079,-7.67865
+0.42116,-7.96631
+0.42153,-7.8036
+0.42204,-7.84298
+0.42241,-7.73064
+0.42279,-7.19256
+0.42316,-7.3441
+0.42354,-7.06078
+0.42404,-6.5751
+0.4244,-6.32386
+0.42479,-5.5457
+0.42516,-4.90337
+0.42553,-4.32658
+0.42603,-3.54834
+0.42641,-2.71207
+0.42679,-1.98283
+0.42717,-0.797216
+0.42765,+0.416462
+0.42803,+1.44809
+0.42841,+2.78083
+0.42878,+3.79999
+0.42915,+5.00025
+0.42953,+6.23537
+0.43003,+7.29136
+0.43041,+8.30567
+0.43079,+9.07408
+0.43116,+9.66393
+0.43153,+10.2721
+0.43204,+10.7293
+0.43241,+10.9461
+0.43279,+11.2795
+0.43316,+11.375
+0.43353,+11.3198
+0.43404,+11.2386
+0.43441,+11.0155
+0.43478,+10.9231
+0.43517,+10.5582
+0.43554,+9.93512
+0.43604,+9.59143
+0.43641,+9.45366
+0.43678,+8.63429
+0.43716,+7.94791
+0.43766,+7.10291
+0.43803,+6.34842
+0.43841,+5.48715
+0.43879,+4.49242
+0.43917,+4.04244
+0.43953,+3.28648
+0.44003,+2.21827
+0.44041,+1.15901
+0.44079,+0.844466
+0.44116,+0.168105
+0.44153,-0.266375
+0.44204,-0.672786
+0.44241,-1.04551
+0.44279,-1.30492
+0.44316,-1.57965
+0.44354,-1.66231
+0.44404,-1.56899
+0.44441,-1.12653
+0.44478,-1.13537
+0.44541,-0.467862
+0.44567,-0.227888
+0.44604,+0.463428
+0.44641,+1.09367
+0.44679,+2.02196
+0.44716,+2.92412
+0.44766,+3.8902
+0.44804,+4.87365
+0.44841,+5.75063
+0.44878,+6.72871
+0.44916,+7.46754
+0.44953,+8.5481
+0.45004,+9.02601
+0.45042,+9.56034
+0.45079,+9.98306
+0.45116,+10.225
+0.45153,+10.6784
+0.45203,+10.9144
+0.45241,+10.7152
+0.45279,+10.5167
+0.45316,+10.5365
+0.45353,+10.3257
+0.45404,+10.0918
+0.45441,+10.05
+0.45479,+9.72472
+0.45516,+9.19555
+0.45554,+8.69026
+0.45604,+7.94067
+0.45641,+7.63634
+0.45679,+7.35743
+0.45716,+6.77665
+0.45766,+6.33544
+0.45804,+6.03395
+0.45841,+5.49171
+0.45879,+5.05446
+0.45916,+4.97403
+0.45955,+4.79887
+0.46003,+5.0854
+0.46041,+5.03483
+0.46079,+5.04586
+0.46116,+5.03261
+0.46153,+5.06605
+0.46203,+5.04482
+0.46241,+5.30625
+0.46279,+5.27021
+0.46316,+5.2092
+0.46354,+4.86162
+0.46404,+4.43803
+0.46441,+4.30173
+0.46479,+3.94333
+0.46529,+3.52952
+0.46555,+3.23805
+0.46604,+2.88126
+0.46641,+2.42101
+0.46679,+2.14454
+0.46716,+2.0865
+0.46753,+1.93277
+0.46803,+1.68654
+0.46842,+1.32995
+0.46879,+1.07414
+0.46917,+0.683786
+0.46953,+0.544218
+0.47004,+0.442411
+0.47042,+0.478749
+0.4708,+0.199318
+0.47117,-0.00687193
+0.47154,+0.0825178
+0.47204,+0.293253
+0.47242,+0.482726
+0.47279,+0.885826
+0.47316,+1.45838
+0.47354,+1.95212
+0.47404,+2.15766
+0.47441,+1.96308
+0.47479,+2.60709
+0.47516,+2.73893
+0.47554,+2.98827
+0.47604,+3.25363
+0.47641,+3.25741
+0.47679,+2.98713
+0.47717,+3.07942
+0.47754,+2.51367
+0.47804,+2.1971
+0.47842,+2.11563
+0.47879,+1.59439
+0.47917,+0.852708
+0.47953,+0.090136
+0.48004,-0.769471
+0.48041,-1.73963
+0.48079,-2.56637
+0.48117,-3.60814
+0.48155,-4.38234
+0.48204,-5.11398
+0.48241,-6.05218
+0.4828,-7.01576
+0.48317,-7.61
+0.48354,-8.33819
+0.48405,-9.14468
+0.48442,-9.59082
+0.48479,-10.0749
+0.48516,-10.6206
+0.48554,-11.0381
+0.48604,-11.6985
+0.48641,-11.8632
+0.4868,-11.7133
+0.48717,-11.6347
+0.48753,-11.3771
+0.48805,-10.8681
+0.48841,-10.4934
+0.48879,-9.98097
+0.48917,-9.28293
+0.48953,-8.62324
+0.49004,-7.5282
+0.49041,-6.7446
+0.49079,-6.5688
+0.49117,-6.05943
+0.49154,-5.16281
+0.49204,-4.80315
+0.49242,-3.9761
+0.49279,-3.40391
+0.49317,-3.1092
+0.49354,-2.37227
+0.49405,-1.90375
+0.49441,-1.3746
+0.49479,-0.69829
+0.49517,+0.0407617
+0.49567,+0.218261
+0.49604,+0.761138
+0.49642,+1.0734
+0.49681,+1.32794
+0.49717,+1.68784
+0.49754,+1.50424
+0.49804,+1.67773
+0.49842,+2.13219
+0.49879,+2.30314
+0.49916,+2.19705
+0.49955,+2.18847
+0.49992,+2.32631
+0.50042,+2.10346
+0.50079,+2.16507
+0.50117,+2.2171
+0.50155,+2.36244
+0.50192,+2.30178
+0.50241,+2.03746
+0.50279,+2.28828
+0.50317,+2.64901
+0.50355,+2.84404
+0.50404,+3.01504
+0.50441,+3.37067
+0.50479,+3.70125
+0.50517,+4.34947
+0.50554,+4.90722
+0.50605,+5.69778
+0.50642,+6.33324
+0.5068,+6.84926
+0.50716,+7.13384
+0.50754,+7.82543
+0.50804,+8.42596
+0.50842,+9.40968
+0.50879,+10.1415
+0.50916,+10.7557
+0.50954,+11.426
+0.51004,+12.1138
+0.51041,+12.9119
+0.5108,+13.367
+0.51117,+14.4961
+0.51155,+15.2291
+0.51204,+15.9777
+0.51242,+16.6044
+0.51279,+17.1122
+0.51317,+17.4578
+0.51354,+17.9576
+0.51404,+18.3625
+0.51442,+18.3617
+0.51479,+18.9184
+0.51517,+18.6734
+0.51556,+18.4956
+0.51681,+18.2657
+0.51703,+17.8048
+0.51732,+17.2453
+0.51755,+16.7479
+0.51804,+15.9994
+0.51841,+14.6675
+0.51879,+13.7543
+0.51916,+12.4715
+0.51954,+11.2873
+0.52004,+10.1816
+0.52041,+8.76521
+0.52078,+7.17259
+0.52117,+6.02813
+0.52154,+4.65216
+0.52203,+3.54759
+0.52242,+2.68385
+0.52279,+1.71279
+0.52316,+1.30196
+0.52353,+0.562873
+0.52403,-0.205695
+0.52441,-0.535619
+0.52478,-0.762579
+0.52516,-0.778565
+0.52555,-0.714773
+0.52604,-1.10041
+0.52641,-1.17764
+0.5268,-0.756935
+0.52719,-0.692488
+0.52754,-0.219061
+0.52804,+0.393358
+0.52841,+0.855278
+0.52878,+1.44128
+0.52916,+1.86871
+0.52953,+2.54436
+0.53004,+3.49435
+0.53042,+4.27572
+0.53079,+4.65309
+0.53117,+4.90495
+0.53153,+4.90309
+0.53204,+4.96268
+0.53241,+5.15439
+0.53278,+5.03272
+0.53317,+4.3316
+0.53354,+4.20736
+0.53403,+3.71621
+0.53442,+3.19252
+0.53479,+2.43985
+0.53516,+1.9249
+0.53553,+1.76932
+0.53604,+1.38211
+0.53642,+0.880269
+0.53679,+0.626267
+0.53716,+0.867907
+0.53753,+0.352849
+0.53804,+0.259085
+0.53842,+0.34326
+0.53879,+0.438085
+0.53917,+0.39891
+0.53954,+0.337595
+0.54004,+0.581186
+0.54041,+1.04519
+0.54078,+1.24058
+0.54116,+1.57319
+0.54154,+1.77848
+0.54204,+2.34701
+0.54242,+3.0885
+0.54279,+3.84789
+0.54316,+4.69392
+0.54355,+5.55412
+0.54404,+6.17761
+0.54441,+6.53087
+0.54479,+7.08546
+0.54517,+7.44
+0.54554,+7.92653
+0.54604,+7.9653
+0.54641,+7.72123
+0.5468,+7.42964
+0.54716,+7.36214
+0.54753,+6.90706
+0.54804,+6.66038
+0.54842,+6.30787
+0.54879,+5.93521
+0.54916,+5.62823
+0.54954,+5.34077
+0.55005,+5.17488
+0.55042,+4.89768
+0.55079,+4.79827
+0.55116,+4.36649
+0.55154,+4.23877
+0.55204,+4.01779
+0.55241,+4.13622
+0.55279,+3.99592
+0.55317,+3.8036
+0.55355,+4.17745
+0.55404,+4.32977
+0.55441,+4.42377
+0.5548,+4.86724
+0.55517,+5.25725
+0.55555,+5.8898
+0.55604,+6.48214
+0.55642,+6.59875
+0.55679,+7.15988
+0.55716,+7.64283
+0.55754,+7.57236
+0.55804,+8.1
+0.55841,+8.06889
+0.55879,+7.50664
+0.55917,+7.16016
+0.55955,+6.68402
+0.56004,+6.05857
+0.56041,+5.77906
+0.56079,+5.15501
+0.56117,+4.28027
+0.56155,+3.33573
+0.56204,+2.16575
+0.56241,+1.37911
+0.56281,+1.12879
+0.56317,+0.748129
+0.56353,+0.13125
+0.56404,-0.348655
+0.56442,-0.661155
+0.56479,-0.827616
+0.56516,-0.661638
+0.56556,-0.414084
+0.56604,-0.420875
+0.56642,-0.0304906
+0.56679,+0.397571
+0.56718,+0.507772
+0.56754,+0.814942
+0.56804,+1.25849
+0.56841,+1.54484
+0.5688,+1.83309
+0.56917,+2.14148
+0.56954,+2.49739
+0.57005,+2.71465
+0.57042,+3.03471
+0.5708,+2.98377
+0.57116,+3.28126
+0.57155,+3.39301
+0.57205,+3.46899
+0.57242,+3.36158
+0.57279,+2.91341
+0.57318,+2.46019
+0.57355,+2.21175
+0.57391,+1.82665
+0.57442,+1.44403
+0.5748,+0.913128
+0.57517,+0.303916
+0.57555,-0.256755
+0.57591,-0.905588
+0.57642,-1.77856
+0.5768,-2.11167
+0.57716,-2.48378
+0.57754,-3.0792
+0.57805,-3.44824
+0.57842,-3.88933
+0.5788,-4.36379
+0.57917,-5.09557
+0.57955,-5.03054
+0.58004,-5.36046
+0.58042,-5.40711
+0.58079,-5.51652
+0.58116,-5.57383
+0.58156,-5.55756
+0.58204,-5.31196
+0.58241,-5.43681
+0.58279,-4.86641
+0.58317,-3.69234
+0.58355,-3.5209
+0.58405,-3.15221
+0.58441,-2.20603
+0.5848,-1.41751
+0.58517,-0.2464
+0.58555,+0.679891
+0.58604,+1.47773
+0.58642,+2.74764
+0.5868,+3.49934
+0.58717,+3.90954
+0.58754,+4.47259
+0.58791,+5.31139
+0.58842,+5.23795
+0.5888,+5.79806
+0.58916,+5.3009
+0.58954,+4.97204
+0.58992,+4.50978
+0.59042,+3.66584
+0.59079,+2.80373
+0.59117,+1.87596
+0.59155,+0.911981
+0.59192,+0.00482376
+0.59242,-0.580964
+0.59279,-2.04165
+0.59317,-2.54766
+0.59355,-3.32078
+0.59391,-4.11138
+0.59441,-4.34519
+0.5948,-4.50908
+0.59517,-4.49264
+0.59554,-4.54175
+0.59591,-4.60503
+0.59642,-4.5804
+0.59679,-4.20863
+0.59755,-4.29174
+0.59781,-3.62597
+0.59805,-3.05695
+0.59842,-2.953
+0.59883,-2.90058
+0.59919,-2.86312
+0.59955,-2.56751
+0.59991,-2.53501
+0.60041,-2.39439
+0.60079,-2.35281
+0.60117,-2.02328
+0.60154,-2.40001
+0.60191,-2.4891
+0.60242,-2.25495
+0.6028,-2.26695
+0.60317,-2.86028
+0.60355,-2.68492
+0.60392,-2.32963
+0.60442,-1.98556
+0.60479,-1.55779
+0.60517,-1.10155
+0.60555,-0.0129686
+0.60591,+1.10635
+0.60642,+2.23127
+0.6068,+3.53533
+0.60717,+4.83415
+0.60754,+5.93115
+0.60805,+7.23843
+0.60842,+8.32911
+0.6088,+9.66391
+0.60917,+10.9324
+0.60954,+11.6285
+0.60991,+12.1176
+0.61042,+12.4375
+0.6108,+12.7049
+0.61117,+12.7579
+0.61155,+12.4334
+0.61192,+11.9508
+0.61242,+11.5615
+0.6128,+10.5855
+0.61317,+9.46464
+0.61355,+8.27081
+0.61394,+7.27652
+0.61443,+6.13958
+0.61479,+5.08042
+0.61517,+3.96286
+0.61555,+3.31418
+0.61592,+2.55525
+0.61642,+2.00719
+0.6168,+1.69499
+0.61718,+1.55912
+0.61767,+1.37005
+0.61805,+1.10881
+0.61921,+1.1996
+0.61944,+1.08261
+0.61966,+1.19339
+0.61992,+1.1241
+0.62042,+1.4072
+0.62079,+1.25594
+0.62118,+0.975924
+0.62155,+0.766212
+0.62192,+0.432643
+0.62242,-0.0114956
+0.6228,-0.689551
+0.62318,-1.35194
+0.62355,-1.95528
+0.62392,-2.83359
+0.62442,-4.00254
+0.6248,-5.01227
+0.62518,-5.98978
+0.62555,-6.97406
+0.62591,-7.75484
+0.62642,-8.01733
+0.6268,-8.43573
+0.62717,-8.79872
+0.6278,-9.003
+0.62806,-8.63549
+0.62842,-8.38224
+0.6288,-7.90135
+0.62917,-6.82202
+0.62955,-5.8899
+0.62992,-5.0327
+0.63042,-4.47009
+0.63081,-3.63722
+0.63117,-2.67244
+0.63155,-1.82493
+0.63192,-1.15853
+0.63242,-0.638824
+0.63279,-0.234692
+0.63317,-0.274239
+0.63355,-0.172602
+0.63392,+0.101018
+0.63442,+0.0311778
+0.6348,+0.289088
+0.63517,+0.494246
+0.63555,+0.823589
+0.63592,+0.985296
+0.63643,+1.45364
+0.6368,+1.99047
+0.63717,+2.7441
+0.63755,+3.28325
+0.63804,+3.99214
+0.63843,+5.11798
+0.6388,+5.66097
+0.63917,+6.16528
+0.63954,+6.77493
+0.63992,+7.17517
+0.64042,+7.13688
+0.6408,+7.16793
+0.64118,+6.99176
+0.64154,+6.56514
+0.64192,+6.15571
+0.64242,+5.00892
+0.6428,+3.84937
+0.64317,+2.76788
+0.64355,+1.17145
+0.64392,-0.365739
+0.64442,-1.78455
+0.64479,-3.31029
+0.64517,-4.75173
+0.64555,-5.88172
+0.64592,-7.08125
+0.64643,-7.54032
+0.6468,-7.83017
+0.64717,-8.07974
+0.64767,-8.00909
+0.64805,-7.32661
+0.64843,-6.22333
+0.6488,-5.02663
+0.64917,-3.78485
+0.64955,-2.39475
+0.64992,-1.16136
+0.65042,-0.0361496
+0.6508,+0.827959
+0.65117,+2.04277
+0.65155,+2.88829
+0.65192,+3.11414
+0.65243,+3.38235
+0.65279,+3.24434
+0.65318,+3.18612
+0.65355,+2.96748
+0.65392,+2.581
+0.65442,+1.98112
+0.6548,+1.66059
+0.65517,+1.09191
+0.65555,+0.894257
+0.65592,+0.955044
+0.65643,+0.935103
+0.6568,+1.2654
+0.65718,+1.66478
+0.65757,+2.15551
+0.65805,+3.13455
+0.65843,+4.09347
+0.6588,+5.49648
+0.65917,+6.84272
+0.65955,+7.94163
+0.66005,+9.06068
+0.66042,+9.98414
+0.66081,+10.6848
+0.66118,+11.3065
+0.66155,+11.8457
+0.66192,+12.2638
+0.66243,+12.2086
+0.66281,+11.2361
+0.66317,+10.2725
+0.66355,+9.33469
+0.66392,+8.00753
+0.66442,+6.3279
+0.6648,+4.85625
+0.66518,+3.208
+0.66555,+1.54584
+0.66593,-0.520899
+0.66643,-1.70827
+0.6668,-2.42124
+0.66718,-3.16744
+0.66755,-3.62908
+0.66793,-3.85721
+0.66843,-3.27484
+0.66881,-2.83871
+0.66918,-2.48451
+0.66955,-2.06974
+0.66992,-1.2649
+0.67042,-0.646808
+0.67081,-0.0263979
+0.67118,+0.562374
+0.67155,+1.06851
+0.67193,+1.83832
+0.67243,+1.82538
+0.6728,+2.167
+0.67318,+2.28376
+0.67355,+2.45827
+0.67392,+2.4279
+0.67443,+2.2292
+0.6748,+1.92784
+0.67517,+1.62431
+0.67557,+1.29489
+0.67593,+0.670659
+0.67643,+0.819015
+0.6768,+0.320321
+0.67718,+0.154101
+0.67755,+0.162856
+0.67805,-0.00954549
+0.67843,+0.545894
+0.67881,+0.881766
+0.67918,+1.13583
+0.67955,+1.49877
+0.67993,+1.85746
+0.68043,+1.95299
+0.6808,+2.43973
+0.68117,+2.92293
+0.68156,+3.37664
+0.68192,+4.21299
+0.68242,+4.41611
+0.68281,+4.96241
+0.68318,+5.51644
+0.68356,+5.64026
+0.68392,+5.98693
+0.68443,+6.09515
+0.6848,+6.19501
+0.68518,+6.40315
+0.68556,+6.44517
+0.68592,+6.04641
+0.68643,+5.57732
+0.68681,+4.80016
+0.68718,+4.28847
+0.68755,+3.84396
+0.68792,+3.33354
+0.68856,+2.94736
+0.68882,+2.33985
+0.68918,+1.66211
+0.68955,+0.823365
+0.68993,+0.45745
+0.69043,+0.0602716
+0.69081,+0.0588683
+0.69118,-0.240669
+0.69156,-0.133825
+0.69193,-0.125967
+0.69243,-0.0590437
+0.6928,+0.307654
+0.69317,+0.504896
+0.69356,+1.11873
+0.69392,+1.6296
+0.69443,+2.16487
+0.69481,+2.83956
+0.69518,+3.46725
+0.69556,+3.89051
+0.69593,+4.34388
+0.69643,+4.57694
+0.6968,+4.71565
+0.69719,+4.94459
+0.69756,+5.03901
+0.69793,+4.85697
+0.69843,+4.55998
+0.69881,+3.91282
+0.69918,+3.76348
+0.69955,+3.34861
+0.69993,+3.04803
+0.70042,+2.94408
+0.70081,+3.17327
+0.70129,+3.44112
+0.70158,+3.52494
+0.70192,+3.98948
+0.70243,+4.78954
+0.70281,+5.64392
+0.70318,+6.08473
+0.70355,+6.81996
+0.70393,+7.42958
+0.70443,+7.86511
+0.7048,+7.87513
+0.70518,+7.78103
+0.70556,+7.78813
+0.70593,+6.8875
+0.70643,+6.04049
+0.70681,+4.93035
+0.70717,+3.38482
+0.70756,+2.20415
+0.70793,+0.625782
+0.70843,-0.817665
+0.7088,-2.42073
+0.70917,-3.9775
+0.70956,-5.72421
+0.70993,-6.77601
+0.71043,-7.79494
+0.7108,-8.60176
+0.71118,-8.49799
+0.71156,-8.81855
+0.71193,-8.538
+0.71243,-8.32316
+0.71281,-7.57543
+0.71318,-6.50422
+0.71356,-5.33847
+0.71392,-4.42705
+0.71443,-3.70686
+0.7148,-2.87121
+0.71518,-2.1546
+0.71555,-1.47641
+0.71593,-1.66213
+0.71644,-1.77699
+0.71681,-2.35702
+0.71718,-3.30685
+0.71755,-4.48528
+0.71792,-5.48775
+0.71844,-6.59259
+0.71894,-8.00684
+0.71918,-9.36063
+0.71956,-10.7222
+0.71993,-11.3015
+0.72043,-11.6948
+0.72161,-11.7266
+0.72185,-11.5033
+0.72205,-10.9253
+0.72244,-10.2646
+0.72281,-8.84177
+0.72318,-7.10984
+0.72357,-5.42194
+0.72394,-3.74332
+0.72444,-1.89184
+0.72481,-0.607885
+0.72519,+0.858206
+0.72557,+2.23607
+0.72594,+3.48806
+0.72644,+4.74054
+0.72681,+5.44933
+0.72719,+5.89791
+0.72757,+5.89168
+0.72794,+5.88526
+0.72844,+5.79693
+0.72881,+5.97782
+0.72919,+5.71838
+0.72957,+5.13259
+0.72994,+4.96168
+0.73043,+4.34993
+0.73082,+3.94363
+0.73118,+3.52122
+0.73157,+3.39711
+0.73194,+3.11176
+0.73244,+2.8619
+0.73281,+2.41879
+0.73319,+2.04422
+0.73356,+2.02117
+0.73393,+1.53559
+0.73444,+1.30273
+0.73482,+0.958979
+0.73518,+0.802937
+0.73557,+0.584454
+0.73593,+0.412334
+0.73644,+0.217661
+0.73681,+0.390862
+0.7372,+0.320776
+0.73757,+0.140198
+0.73793,-0.0277249
+0.73844,+0.100106
+0.73882,+0.124326
+0.73932,+0.175349
+0.73958,-0.0971125
+0.73993,-0.136713
+0.74044,+0.141844
+0.74082,+0.0183688
+0.74119,+0.0172672
+0.74156,-0.0536363
+0.74195,+0.019384
+0.74244,+0.0226884
+0.74282,-0.26951
+0.74319,-0.679175
+0.74357,-0.888805
+0.74394,-1.26765
+0.74444,-2.17394
+0.74481,-3.16765
+0.74518,-3.79697
+0.74557,-4.52915
+0.74594,-5.51911
+0.74644,-6.62727
+0.74681,-7.59206
+0.74719,-8.60228
+0.74757,-9.37886
+0.74794,-9.97863
+0.74844,-10.4284
+0.74881,-10.1784
+0.74919,-10.1899
+0.74957,-9.58436
+0.74994,-8.71241
+0.75044,-7.62631
+0.75082,-6.26936
+0.75119,-4.53289
+0.75157,-3.07744
+0.75194,-1.59176
+0.75244,+0.0713186
+0.75281,+1.42698
+0.75319,+2.9035
+0.75357,+3.83092
+0.75394,+5.08818
+0.75445,+6.03483
+0.75482,+6.84816
+0.75519,+7.187
+0.75556,+7.62405
+0.75593,+7.92882
+0.75644,+7.78738
+0.75682,+7.36823
+0.75719,+6.91976
+0.75757,+6.86656
+0.75794,+6.0231
+0.75844,+5.3911
+0.75882,+4.39498
+0.75919,+3.77965
+0.75956,+3.50492
+0.75995,+2.9034
+0.76044,+2.66463
+0.76081,+2.84952
+0.7612,+3.01809
+0.76157,+3.13688
+0.76194,+3.33934
+0.76244,+4.09114
+0.76282,+5.18272
+0.76319,+6.11615
+0.76356,+6.85996
+0.76394,+7.85576
+0.76444,+8.9507
+0.76482,+9.7696
+0.7652,+10.4892
+0.76557,+11.0878
+0.76594,+11.6525
+0.76644,+11.7997
+0.76682,+11.5849
+0.76719,+11.4522
+0.76757,+11.2194
+0.76794,+10.5651
+0.76844,+9.63717
+0.76882,+8.55919
+0.76919,+7.26782
+0.7697,+5.97202
+0.76996,+4.73183
+0.77044,+3.07268
+0.77082,+1.62641
+0.77119,+0.0196263
+0.77157,-1.71223
+0.77196,-2.88466
+0.77244,-4.4029
+0.77281,-5.50624
+0.7732,-6.50499
+0.77357,-7.59983
+0.77395,-8.10413
+0.77444,-8.12629
+0.77482,-8.00534
+0.77519,-7.49086
+0.77556,-6.82815
+0.77595,-6.27135
+0.77644,-5.09813
+0.77682,-3.93605
+0.7772,-2.64491
+0.77757,-1.10116
+0.77795,-0.0386732
+0.77844,+1.00891
+0.77883,+2.00482
+0.7792,+2.90625
+0.77957,+3.40252
+0.77994,+4.46265
+0.78045,+4.76504
+0.78082,+4.72179
+0.78119,+4.31977
+0.78157,+3.78317
+0.78194,+3.59937
+0.78244,+2.96025
+0.78282,+2.13754
+0.7832,+1.02254
+0.78357,-0.00465617
+0.78395,-1.67496
+0.78444,-3.02562
+0.78482,-3.94917
+0.7852,-4.66926
+0.78557,-5.27885
+0.78594,-6.37889
+0.78645,-7.04277
+0.78682,-7.76918
+0.78719,-8.22279
+0.78756,-8.38988
+0.78794,-8.51757
+0.78844,-8.5796
+0.78885,-8.61022
+0.78921,-8.37418
+0.7897,-8.44223
+0.78996,-8.17925
+0.79045,-7.77236
+0.79082,-7.37466
+0.7912,-7.12811
+0.79157,-6.74123
+0.79196,-6.07671
+0.79244,-5.10565
+0.79282,-4.59206
+0.79319,-4.12718
+0.79357,-3.47683
+0.79395,-2.74269
+0.79444,-2.35002
+0.79482,-1.76857
+0.7952,-1.21712
+0.79557,-0.923901
+0.79595,-0.528325
+0.79645,-0.54404
+0.79682,-0.41634
+0.7972,-0.262117
+0.79757,-0.118946
+0.79796,-0.176324
+0.79846,-0.246576
+0.79882,-0.15045
+0.79919,-0.0467591
+0.79957,+0.0157006
+0.79995,+0.0180332
+0.80044,+0.12524
+0.80082,+0.303004
+0.8012,+0.224876
+0.80157,+0.220538
+0.80195,+0.109978
+0.80245,+0.259756
+0.80283,+0.36824
+0.8032,+0.20606
+0.80364,+0.0808897
+0.80396,-0.257314
+0.80432,-0.436486
+0.80496,-0.616611
+0.80521,-0.705908
+0.80557,-1.27217
+0.80595,-1.48909
+0.80645,-1.96844
+0.80682,-2.68902
+0.80719,-2.98639
+0.80757,-3.41873
+0.80795,-3.72041
+0.80844,-4.13549
+0.80882,-4.50599
+0.8092,-5.01606
+0.80957,-5.08889
+0.80994,-5.3712
+0.81044,-5.42466
+0.81082,-5.34616
+0.81119,-5.54186
+0.81157,-5.43339
+0.81195,-5.59763
+0.81245,-5.41794
+0.81282,-5.62284
+0.81319,-5.44422
+0.81357,-5.31014
+0.81394,-5.43924
+0.81444,-5.43332
+0.81482,-5.41238
+0.81519,-5.21053
+0.81557,-5.097
+0.81595,-4.82529
+0.81644,-4.93149
+0.81682,-4.94184
+0.8172,-5.04965
+0.81757,-5.28939
+0.81795,-5.23384
+0.81845,-5.50955
+0.81883,-6.22832
+0.8192,-6.55992
+0.81957,-7.06708
+0.82008,-7.64145
+0.82044,-7.95336
+0.82082,-8.17405
+0.82119,-8.44228
+0.82157,-8.36767
+0.82195,-8.28113
+0.82245,-8.01186
+0.82283,-7.40006
+0.82401,-6.9282
+0.82425,-6.0589
+0.8245,-5.21965
+0.82481,-4.40853
+0.82519,-3.50156
+0.82557,-2.54944
+0.82594,-1.81953
+0.82645,-1.45197
+0.82682,-1.05576
+0.82719,-0.296716
+0.82757,-0.00633843
+0.82793,-0.0216564
+0.82844,+0.0600699
+0.82882,-0.117095
+0.82919,-0.336145
+0.82957,-0.748176
+0.82996,-1.23675
+0.83044,-1.32748
+0.83083,-1.63998
+0.83119,-2.43509
+0.83157,-3.28222
+0.83194,-3.96548
+0.83245,-4.82037
+0.83282,-5.74652
+0.83319,-6.54145
+0.83357,-7.06095
+0.83394,-7.60978
+0.83445,-8.18565
+0.83482,-8.79878
+0.83519,-9.22819
+0.83557,-9.25141
+0.83595,-9.22043
+0.83644,-8.96632
+0.83682,-8.49466
+0.83719,-7.98038
+0.83757,-7.51245
+0.83795,-6.89464
+0.83832,-6.42812
+0.83882,-5.73485
+0.83919,-4.8845
+0.83957,-4.20157
+0.83995,-3.44939
+0.84032,-2.78505
+0.84082,-2.2921
+0.84119,-1.93112
+0.84157,-1.71572
+0.84195,-1.40188
+0.84231,-1.15641
+0.84282,-0.984251
+0.8432,-1.19142
+0.84357,-1.10552
+0.84395,-1.50006
+0.84431,-2.2414
+0.84482,-2.69142
+0.84519,-3.44907
+0.84557,-4.00401
+0.84594,-4.82521
+0.84631,-5.14595
+0.84682,-5.78923
+0.84719,-6.33048
+0.84756,-7.06206
+0.84796,-7.73713
+0.84844,-7.7862
+0.84882,-7.7987
+0.84919,-7.71498
+0.84957,-7.5985
+0.84995,-7.33015
+0.85045,-7.42462
+0.85082,-7.18223
+0.85119,-6.73921
+0.85157,-6.12827
+0.85194,-5.07576
+0.85244,-4.48175
+0.85281,-3.87727
+0.8532,-3.1294
+0.85357,-2.55308
+0.85395,-1.97834
+0.85445,-1.20782
+0.85483,-0.724713
+0.85519,-0.440611
+0.85557,-0.41743
+0.85596,-0.33579
+0.85645,-0.20912
+0.85682,-0.256809
+0.85719,-0.0310305
+0.85757,+0.110746
+0.85795,+0.211479
+0.85832,+0.0873228
+0.85882,+0.244524
+0.8592,+0.441463
+0.85957,+0.595859
+0.85995,+0.578805
+0.86032,+0.703035
+0.86095,+0.848683
+0.86121,+0.718025
+0.86157,+0.413084
+0.86195,+0.392324
+0.86231,+0.279057
+0.86283,+0.157281
+0.86319,+0.330085
+0.86357,+0.515247
+0.86394,+0.624058
+0.86432,+0.629593
+0.86483,+0.724037
+0.8652,+0.851892
+0.86558,+1.13593
+0.86595,+1.55883
+0.86632,+1.95309
+0.86682,+2.2674
+0.8672,+2.48661
+0.86758,+2.56125
+0.86794,+2.84726
+0.86831,+2.98625
+0.86882,+2.95863
+0.8692,+3.19727
+0.86957,+3.41134
+0.86995,+2.89179
+0.87032,+2.51812
+0.87082,+2.54244
+0.87119,+2.3728
+0.87157,+2.28317
+0.87195,+1.88256
+0.87232,+1.7958
+0.87282,+1.74044
+0.8732,+1.47365
+0.87357,+1.43169
+0.87395,+1.24224
+0.87432,+1.42213
+0.87482,+1.28291
+0.8752,+1.26128
+0.87557,+1.17004
+0.87594,+1.12867
+0.87632,+1.30131
+0.87682,+0.915952
+0.8772,+0.909771
+0.87758,+0.579108
+0.87794,+0.586103
+0.87845,+0.195422
+0.87882,-0.014259
+0.87919,-0.477341
+0.87957,-0.927346
+0.87995,-1.45937
+0.88033,-2.06578
+0.88082,-2.24834
+0.88119,-2.90839
+0.88157,-3.38467
+0.88195,-3.70532
+0.88232,-3.82768
+0.88282,-4.34937
+0.8832,-4.41305
+0.88358,-4.63046
+0.88395,-4.7446
+0.88432,-4.61635
+0.88483,-4.57466
+0.8852,-4.23217
+0.88557,-4.09793
+0.88595,-3.27502
+0.88631,-2.74306
+0.88683,-2.27496
+0.8872,-1.63028
+0.88758,-0.806123
+0.88795,+0.0923594
+0.88832,+0.837515
+0.88882,+1.55703
+0.88919,+2.39614
+0.88957,+3.09011
+0.88995,+3.51948
+0.89032,+3.95205
+0.89096,+4.71791
+0.89122,+5.21395
+0.89158,+5.90524
+0.89195,+6.50786
+0.89232,+6.77063
+0.89283,+7.23132
+0.8932,+7.55013
+0.89357,+7.91868
+0.89395,+7.71719
+0.89432,+7.42219
+0.89483,+7.42512
+0.8952,+7.10252
+0.89557,+6.27739
+0.89595,+5.71547
+0.89632,+5.14594
+0.89683,+4.43695
+0.89719,+3.52925
+0.89757,+3.00476
+0.89795,+2.59854
+0.89832,+2.38297
+0.89882,+1.8585
+0.8992,+1.29061
+0.89957,+1.4754
+0.89995,+1.5862
+0.90032,+1.79701
+0.90084,+2.14383
+0.9012,+2.76134
+0.90157,+3.18619
+0.90195,+3.74446
+0.90233,+4.42852
+0.90283,+4.73933
+0.9032,+5.64905
+0.90357,+6.10433
+0.90394,+6.56941
+0.90432,+6.90402
+0.90482,+7.14451
+0.9052,+7.11761
+0.90557,+7.36508
+0.90597,+7.43784
+0.90633,+7.45887
+0.90682,+7.41439
+0.90721,+7.20087
+0.90758,+6.66298
+0.90795,+6.13176
+0.90845,+5.72198
+0.90882,+5.35216
+0.9092,+4.72011
+0.90958,+4.09829
+0.90995,+3.23977
+0.91032,+2.47251
+0.91083,+1.71715
+0.9112,+0.862853
+0.91158,+0.391355
+0.91195,-0.598217
+0.91232,-1.36705
+0.91283,-2.0286
+0.9132,-2.2701
+0.91357,-2.93527
+0.91395,-3.20122
+0.91433,-3.47501
+0.91483,-3.6115
+0.9152,-3.76039
+0.91557,-3.63277
+0.91595,-3.46954
+0.91632,-3.18129
+0.91682,-2.92459
+0.91721,-2.48663
+0.91758,-1.7807
+0.91796,-1.4935
+0.91832,-1.01124
+0.91883,-0.403664
+0.9192,+0.114392
+0.91958,+0.85248
+0.91995,+1.61009
+0.92032,+2.1601
+0.92083,+2.68491
+0.92121,+2.71984
+0.92171,+2.73716
+0.92197,+3.04506
+0.92233,+2.91122
+0.92283,+2.8457
+0.9232,+2.73499
+0.92358,+2.09587
+0.92396,+1.53328
+0.92432,+1.12011
+0.92483,+0.555186
+0.9252,+0.117527
+0.92641,-0.616632
+0.92667,-1.26896
+0.92726,-1.7114
+0.92744,-2.4362
+0.92783,-2.95925
+0.92809,-3.75383
+0.92836,-4.20885
+0.92883,-4.72905
+0.9292,-5.00586
+0.92958,-5.42794
+0.92997,-5.46538
+0.93033,-5.67839
+0.93088,-6.03844
+0.93124,-5.60814
+0.93159,-5.3955
+0.93196,-5.28374
+0.93233,-4.94687
+0.93283,-4.93847
+0.93321,-4.99497
+0.93359,-4.73084
+0.93396,-4.63747
+0.93433,-4.17097
+0.93483,-3.86777
+0.9352,-4.07436
+0.93558,-4.09463
+0.93596,-3.88122
+0.93633,-3.82677
+0.93683,-4.1462
+0.93722,-4.17269
+0.93758,-4.58161
+0.93795,-4.74365
+0.93833,-5.39312
+0.93883,-5.65144
+0.9392,-5.89579
+0.93959,-6.1845
+0.93996,-6.46607
+0.94033,-6.77765
+0.94083,-6.76011
+0.94121,-6.92763
+0.94159,-6.8356
+0.94196,-7.01154
+0.94233,-6.96075
+0.94284,-6.88827
+0.94321,-6.74446
+0.94358,-6.72276
+0.94396,-6.57359
+0.94433,-6.28332
+0.94483,-5.76889
+0.9452,-5.31929
+0.94559,-4.92057
+0.94596,-4.57399
+0.94633,-3.9835
+0.94683,-3.61178
+0.94722,-3.4164
+0.94758,-3.0294
+0.94796,-2.69722
+0.94833,-2.64551
+0.94883,-2.69327
+0.94921,-2.53243
+0.94958,-2.49472
+0.94995,-2.12881
+0.95033,-2.05722
+0.95084,-1.93757
+0.95121,-1.90506
+0.95158,-1.99636
+0.95208,-1.58018
+0.95246,-1.41096
+0.95283,-1.49471
+0.95321,-1.61614
+0.95359,-1.55797
+0.95396,-1.74339
+0.95433,-1.90429
+0.95484,-1.90789
+0.95521,-2.02334
+0.95558,-1.94935
+0.95596,-2.46023
+0.95633,-2.61034
+0.95683,-2.6548
+0.95721,-3.05802
+0.95759,-3.4029
+0.95797,-3.77907
+0.95833,-4.30048
+0.95884,-4.86343
+0.95921,-5.20589
+0.95959,-5.73429
+0.95996,-6.10037
+0.96033,-6.80297
+0.96084,-7.15913
+0.96121,-7.55791
+0.96158,-8.05884
+0.96196,-8.41406
+0.96233,-8.69019
+0.96287,-8.82247
+0.96324,-9.20879
+0.96362,-9.57075
+0.964,-9.96518
+0.96436,-10.075
+0.9649,-10.6287
+0.96525,-10.5556
+0.96562,-10.6098
+0.966,-10.7335
+0.96636,-10.647
+0.96689,-10.7322
+0.96726,-10.3466
+0.96761,-9.94146
+0.96798,-9.53999
+0.96836,-9.51529
+0.96887,-9.06999
+0.96925,-8.73816
+0.96962,-8.24548
+0.97,-7.67096
+0.97036,-7.08222
+0.97087,-6.54332
+0.97124,-6.09575
+0.97164,-5.47126
+0.97214,-4.94531
+0.97237,-4.21633
+0.97288,-3.54511
+0.97324,-2.9943
+0.97363,-2.56588
+0.974,-2.00211
+0.97437,-1.7021
+0.97487,-1.50198
+0.97523,-1.205
+0.97561,-1.37614
+0.97598,-1.17993
+0.97635,-0.940353
+0.97687,-0.915779
+0.97726,-0.92144
+0.97762,-1.10344
+0.978,-1.24023
+0.97837,-1.01283
+0.97888,-0.947405
+0.97925,-1.06756
+0.97961,-0.903312
+0.98,-0.999481
+0.98038,-1.08028
+0.98089,-1.25038
+0.98125,-1.65849
+0.98163,-1.5172
+0.98201,-1.74272
+0.98237,-2.34998
+0.98289,-2.65341
+0.98325,-2.89765
+0.98362,-3.23562
+0.984,-3.5519
+0.98435,-3.8131
+0.98486,-3.79987
+0.98523,-3.69414
+0.98561,-3.76501
+0.986,-3.67147
+0.98637,-3.67506
+0.98689,-3.57666
+0.98726,-3.3981
+0.98761,-3.05654
+0.98799,-2.64496
+0.98837,-2.39415
+0.98888,-2.22603
+0.98924,-1.97884
+0.98963,-1.69395
+0.99001,-1.5164
+0.99037,-1.13612
+0.99088,-0.933329
+0.99124,-0.860902
+0.99162,-0.79818
+0.992,-0.843401
+0.99239,-0.513124
+0.99288,-0.287198
+0.99325,+0.011022
+0.99363,+0.00195875
+0.99401,-0.0083
+0.99438,+0.287845
+0.99488,+0.207439
+0.99524,+0.188654
+0.9956,+0.024613
+0.99598,+0.0889971
+0.99635,-0.221913
+0.99686,-0.510614
+0.99726,-0.772348
+0.99762,-0.953089
+0.998,-1.14874
+0.99837,-1.73331
+0.99888,-1.7564
+0.99924,-2.04757
+0.99962,-2.08863
+1,-2.45865
+1.00037,-2.70314
+1.00088,-2.72316
+1.00125,-3.09215
+1.00162,-3.27883
+1.002,-3.36537
+1.0025,-3.48979
+1.00288,-3.62792
+1.00325,-3.47295
+1.00363,-3.2226
+1.004,-2.69377
+1.00438,-2.36203
+1.00489,-2.13444
+1.00525,-1.99186
+1.00564,-1.75717
+1.00614,-1.20794
+1.00638,-0.68631
+1.00688,-0.0681092
+1.00723,+0.443496
+1.00761,+0.269596
+1.00799,+0.401258
+1.00838,+0.679804
+1.00873,+1.06902
+1.00926,+1.34373
+1.00962,+1.66421
+1.01,+1.67864
+1.01038,+1.87746
+1.01087,+2.01491
+1.01124,+2.01726
+1.01162,+2.44943
+1.012,+2.36362
+1.01238,+2.22429
+1.01288,+1.90533
+1.01325,+1.85236
+1.01361,+1.7767
+1.01399,+1.65455
+1.01439,+1.26119
+1.01489,+1.02106
+1.01524,+0.517534
+1.01563,-0.0255417
+1.01601,-0.406942
+1.01638,-0.850049
+1.01676,-0.997635
+1.01729,-1.25801
+1.01762,-1.76318
+1.01798,-2.34245
+1.01836,-2.66484
+1.01887,-3.41154
+1.01923,-3.46157
+1.01961,-3.64757
+1.02,-3.84485
+1.02038,-3.75648
+1.02084,-3.84532
+1.02121,-3.8573
+1.02159,-3.8436
+1.02197,-3.34696
+1.02234,-3.08537
+1.02284,-2.69442
+1.02321,-2.32932
+1.0236,-1.77319
+1.02397,-0.995174
+1.02435,-0.0298052
+1.02473,+0.439565
+1.02523,+1.16663
+1.02559,+2.07603
+1.02597,+2.64144
+1.02635,+3.17529
+1.02684,+3.89381
+1.02724,+4.51616
+1.02759,+4.79915
+1.02881,+4.96701
+1.02902,+4.85415
+1.02925,+5.0691
+1.02958,+5.28291
+1.02995,+5.4333
+1.03034,+5.47324
+1.03084,+5.64511
+1.0312,+5.55361
+1.03158,+5.37899
+1.03196,+5.42182
+1.03233,+5.25744
+1.03284,+4.99965
+1.03321,+5.08159
+1.03358,+5.04716
+1.03395,+4.67638
+1.03433,+4.28609
+1.03484,+3.77489
+1.03521,+3.55478
+1.03558,+3.14002
+1.03596,+2.8572
+1.03634,+2.57856
+1.03683,+2.42682
+1.03721,+1.83505
+1.03758,+1.256
+1.03796,+0.87883
+1.03834,+0.836697
+1.03884,+0.718478
+1.03921,+0.664309
+1.03959,+0.739658
+1.03995,+0.371763
+1.04033,+0.313341
+1.04072,+0.557147
+1.04121,+0.975995
+1.04159,+1.07923
+1.04196,+1.32244
+1.04234,+1.11757
+1.04283,+1.37515
+1.0432,+1.44675
+1.04359,+1.48837
+1.04396,+2.09937
+1.04433,+2.25791
+1.04484,+1.94056
+1.04521,+1.67982
+1.04558,+1.58994
+1.04596,+1.67818
+1.04634,+1.77597
+1.04684,+2.01802
+1.04721,+1.95843
+1.04758,+1.76198
+1.04796,+1.40385
+1.04833,+1.23945
+1.04871,+1.17209
+1.04921,+1.04362
+1.04959,+0.860883
+1.04996,+0.403836
+1.05034,+0.344839
+1.0507,-0.328337
+1.05121,-0.859282
+1.05159,-0.844992
+1.05195,-1.08481
+1.05235,-1.49944
+1.05283,-1.65286
+1.05321,-1.70647
+1.05358,-1.62865
+1.05396,-1.54569
+1.05433,-1.60891
+1.05484,-1.59601
+1.05521,-1.42809
+1.05559,-1.39594
+1.05596,-1.41383
+1.05633,-1.02729
+1.05671,-0.978725
+1.05723,-1.01619
+1.05759,-0.644632
+1.05796,-0.443282
+1.05833,-0.24105
+1.05871,+0.190515
+1.05921,+0.649412
+1.05958,+0.797937
+1.05996,+1.19759
+1.06033,+1.40183
+1.06071,+2.03668
+1.06121,+2.51625
+1.06158,+2.67709
+1.06196,+3.16333
+1.06234,+3.50183
+1.06284,+3.78711
+1.06322,+3.86313
+1.06359,+4.10438
+1.06396,+4.40513
+1.06433,+4.63944
+1.06472,+4.36192
+1.06522,+4.26436
+1.06559,+4.01817
+1.06596,+3.86879
+1.06635,+3.56838
+1.06684,+3.49981
+1.06721,+3.26836
+1.06758,+2.9965
+1.06796,+2.31031
+1.06834,+1.75412
+1.06883,+1.45653
+1.06921,+1.09095
+1.06958,+0.804007
+1.06996,-0.0211125
+1.07035,-0.721084
+1.07072,-1.73868
+1.07121,-2.18713
+1.07158,-2.66116
+1.07196,-2.98287
+1.07234,-3.21579
+1.07272,-3.91949
+1.07334,-4.29492
+1.07371,-4.68735
+1.07398,-4.83073
+1.07434,-4.7852
+1.07484,-4.57682
+1.07521,-4.69548
+1.07558,-4.83627
+1.07596,-4.7402
+1.07635,-4.70644
+1.07671,-4.29166
+1.07723,-4.23806
+1.07759,-3.87334
+1.07797,-3.59518
+1.07834,-3.43793
+1.07884,-2.94397
+1.07921,-2.63991
+1.07959,-2.03529
+1.07996,-1.61781
+1.08034,-1.25519
+1.08071,-0.901798
+1.08121,-0.358552
+1.08159,+0.0681594
+1.08196,+0.546589
+1.08234,+1.13283
+1.08284,+1.37461
+1.08321,+1.77782
+1.08359,+1.84809
+1.08396,+2.09034
+1.08434,+2.22197
+1.08484,+2.40518
+1.08523,+2.41509
+1.0856,+2.36514
+1.08597,+2.42534
+1.08635,+2.12821
+1.08684,+1.91773
+1.08722,+1.68172
+1.08758,+1.46085
+1.08796,+0.958437
+1.08834,+0.740448
+1.08871,+0.254445
+1.08921,-0.130999
+1.08959,-0.500248
+1.08997,-1.25767
+1.09034,-1.48209
+1.09071,-1.71769
+1.09122,-2.13907
+1.09159,-2.49773
+1.09196,-2.52549
+1.09234,-2.92971
+1.0927,-2.79205
+1.09321,-3.03543
+1.09359,-3.07681
+1.09396,-2.80203
+1.09434,-2.82202
+1.09486,-3.02324
+1.09521,-2.86837
+1.09558,-2.93976
+1.09597,-2.96314
+1.09634,-2.76341
+1.09671,-2.94069
+1.09723,-2.59006
+1.09759,-2.48365
+1.09796,-2.3759
+1.09834,-2.04776
+1.09872,-1.79119
+1.09921,-1.53718
+1.0996,-1.01306
+1.09996,-0.379116
+1.10033,+0.34732
+1.10071,+0.736247
+1.10121,+1.30639
+1.10158,+1.79115
+1.10196,+2.33758
+1.10234,+2.67567
+1.10271,+3.13108
+1.10321,+3.42848
+1.10359,+3.70017
+1.10409,+3.64539
+1.10435,+3.53432
+1.10471,+3.78204
+1.10522,+3.74862
+1.10559,+3.66813
+1.10596,+3.41154
+1.10634,+3.55719
+1.10671,+3.57702
+1.10722,+3.53141
+1.10763,+3.39561
+1.10799,+3.36706
+1.10834,+3.30659
+1.10871,+2.97854
+1.10922,+2.79125
+1.10959,+2.34992
+1.10996,+2.1674
+1.11034,+1.57669
+1.11074,+1.28952
+1.11122,+0.864579
+1.11159,+0.533551
+1.11196,+0.29015
+1.11234,-0.189512
+1.11271,-0.330763
+1.11321,-0.710366
+1.11359,-0.659656
+1.11397,-1.03509
+1.11435,-1.09686
+1.11471,-1.26341
+1.11521,-1.10383
+1.1156,-0.785842
+1.11597,-0.536399
+1.11634,+0.00900198
+1.11671,+0.611066
+1.11723,+1.02655
+1.11759,+1.65264
+1.11796,+2.38485
+1.11834,+3.14527
+1.11872,+3.9767
+1.11921,+4.60585
+1.11959,+5.07481
+1.11996,+5.67122
+1.12034,+6.03534
+1.12074,+6.30812
+1.12125,+6.79498
+1.1216,+6.94108
+1.12197,+7.13802
+1.12234,+6.98556
+1.12271,+6.76431
+1.12321,+6.66802
+1.12359,+6.46918
+1.12397,+5.93846
+1.12435,+5.53501
+1.12471,+4.97416
+1.12522,+4.22066
+1.12559,+3.53656
+1.12597,+3.04691
+1.12634,+2.3723
+1.12671,+1.62349
+1.12723,+0.958049
+1.1276,+0.0122955
+1.12796,-0.591008
+1.12835,-1.08496
+1.12872,-1.59808
+1.12922,-2.14804
+1.12959,-2.35851
+1.12997,-2.75305
+1.13034,-3.17113
+1.13121,-3.48798
+1.13145,-3.81558
+1.13166,-3.87618
+1.13197,-4.15574
+1.13234,-4.61174
+1.13271,-4.82276
+1.13321,-4.90163
+1.13359,-5.43113
+1.13396,-5.63332
+1.13446,-5.41627
+1.13484,-5.61488
+1.13522,-5.96358
+1.13559,-5.80906
+1.13597,-5.75516
+1.13634,-5.57918
+1.13671,-5.43953
+1.13723,-5.46843
+1.13759,-5.07672
+1.13797,-4.73792
+1.13834,-4.68943
+1.13871,-4.22272
+1.13922,-3.62108
+1.13959,-3.48071
+1.13997,-3.21986
+1.14035,-3.04474
+1.14085,-2.81766
+1.14134,-2.11325
+1.14184,-1.96205
+1.14211,-1.91566
+1.14259,-1.59208
+1.14285,-1.47829
+1.14335,-1.49646
+1.14361,-1.50064
+1.14396,-1.48436
+1.14434,-1.40436
+1.14472,-1.26022
+1.14522,-1.35195
+1.14559,-1.39785
+1.14596,-1.64587
+1.14635,-1.86135
+1.14672,-1.93511
+1.14722,-1.94654
+1.1476,-2.16959
+1.14797,-2.1649
+1.14834,-2.20578
+1.14871,-2.62117
+1.14922,-2.98183
+1.14959,-3.1716
+1.14996,-3.01907
+1.15035,-3.17165
+1.15072,-3.40537
+1.15122,-3.46698
+1.1516,-3.17792
+1.15197,-3.50768
+1.15234,-3.74973
+1.15272,-3.4629
+1.15321,-3.44159
+1.15359,-3.46827
+1.15397,-3.63305
+1.15447,-3.71042
+1.15484,-3.5596
+1.15522,-3.79629
+1.15559,-4.08099
+1.15597,-3.856
+1.15634,-3.96179
+1.15672,-4.2675
+1.15723,-4.40864
+1.15759,-4.33181
+1.15796,-4.28198
+1.15835,-4.0758
+1.15872,-3.99323
+1.15922,-3.57748
+1.15959,-3.12919
+1.15996,-2.69097
+1.16034,-2.08749
+1.16072,-1.41294
+1.16121,-0.741498
+1.16159,-0.197376
+1.16197,+0.259294
+1.16235,+0.64813
+1.16272,+1.35354
+1.16322,+1.83647
+1.16359,+2.54363
+1.16397,+3.06264
+1.16435,+3.62968
+1.16485,+3.74917
+1.16522,+4.05325
+1.16559,+4.31771
+1.16596,+4.93736
+1.16635,+5.39889
+1.16672,+5.43623
+1.16722,+5.8606
+1.16759,+5.68489
+1.16797,+5.43275
+1.16835,+5.36593
+1.16872,+5.59782
+1.16922,+5.62639
+1.16959,+5.60533
+1.16997,+5.2982
+1.17035,+5.18941
+1.17072,+5.18752
+1.17122,+4.80767
+1.17159,+4.60239
+1.17197,+4.7428
+1.17235,+4.67995
+1.17271,+4.31689
+1.17322,+4.3068
+1.17359,+4.08727
+1.17397,+3.81854
+1.17434,+3.43673
+1.17472,+3.07956
+1.17522,+2.93175
+1.17559,+2.6477
+1.17597,+2.3428
+1.17635,+2.19907
+1.17672,+2.18296
+1.17722,+1.6537
+1.17759,+1.93914
+1.17797,+1.84474
+1.17835,+2.03407
+1.17872,+2.27611
+1.17922,+2.21069
+1.1796,+2.09538
+1.17997,+1.981
+1.18035,+1.65255
+1.18072,+1.39406
+1.18122,+1.48354
+1.18159,+0.718087
+1.18197,+0.635421
+1.18236,+0.246965
+1.18272,-0.0173296
+1.18323,-0.273026
+1.1836,-0.214578
+1.18397,-0.385085
+1.18435,-0.402749
+1.18484,-0.497928
+1.18522,-0.686051
+1.1856,-0.228178
+1.18597,-0.301808
+1.18635,-0.401184
+1.18672,-0.482631
+1.18723,-0.421582
+1.1876,-0.460586
+1.18798,-0.638608
+1.18834,-0.818775
+1.18872,-0.91703
+1.18922,-0.900149
+1.18959,-1.32387
+1.18997,-1.20616
+1.19035,-1.37944
+1.19072,-1.52359
+1.19122,-1.60813
+1.19159,-1.73672
+1.19197,-1.66729
+1.19235,-1.50169
+1.19273,-1.23152
+1.19322,-1.17058
+1.19359,-1.13502
+1.19397,-1.29129
+1.19436,-1.4305
+1.19472,-1.56424
+1.19534,-1.43445
+1.19561,-1.35968
+1.19597,-1.37748
+1.19634,-1.67607
+1.19672,-1.92585
+1.19723,-2.05173
+1.1976,-2.2924
+1.19797,-2.65981
+1.19834,-2.73755
+1.19872,-3.04338
+1.19923,-3.64965
+1.19959,-4.28766
+1.19997,-4.74308
+1.20036,-4.94395
+1.20072,-5.31795
+1.20122,-6.00024
+1.2016,-6.3144
+1.20198,-6.64498
+1.20236,-6.93704
+1.20272,-7.24887
+1.20323,-7.33973
+1.20359,-7.3857
+1.20398,-7.59714
+1.20435,-7.72996
+1.20471,-8.24825
+1.20523,+8.6248
+1.2056,+9.00643
+1.20597,+9.01173
+1.20635,+9.22177
+1.20673,+9.47707
+1.20723,+9.71721
+1.2076,+9.77485
+1.20797,+9.90611
+1.20836,+10.2486
+1.20873,+9.95426
+1.20922,+10.1578
+1.2096,+9.97772
+1.20997,+10.1057
+1.21035,+10.0083
+1.21072,+9.90673
+1.21123,+9.92714
+1.2116,+10.1265
+1.21197,+10.2437
+1.21235,+10.1929
+1.21272,+10.5067
+1.21324,+10.341
+1.2136,+10.2166
+1.21398,+10.2226
+1.21435,+9.93291
+1.21472,+9.85025
+1.21648,+9.69899
+1.21672,+9.35152
+1.21695,+8.74295
+1.21724,+8.24866
+1.21773,+7.63736
+1.21799,+7.47532
+1.21835,+7.22326
+1.21873,+6.72113
+1.21923,+6.57342
+1.2196,+6.09296
+1.21997,+5.68413
+1.22035,+5.5675
+1.22072,+5.60184
+1.22123,+5.41829
+1.2216,+5.12697
+1.22197,+4.57565
+1.22235,+4.41029
+1.22273,+4.36134
+1.22324,+4.13867
+1.22361,+3.93972
+1.22397,+3.52602
+1.22435,+3.00215
+1.22473,+2.61015
+1.22522,+2.47782
+1.2256,+2.60033
+1.22597,+2.57555
+1.22636,+2.16355
+1.22672,+1.84542
+1.22723,+1.40704
+1.22785,+0.948388
+1.22811,+1.01986
+1.22838,+0.963868
+1.22873,+0.773976
+1.22923,+0.521605
+1.2296,+0.0312574
+1.22998,-0.328985
+1.23035,-0.42171
+1.23073,-0.619938
+1.23122,-0.969129
+1.2316,-0.882878
+1.23197,-1.01881
+1.23235,-1.20999
+1.23273,-1.49893
+1.23361,-1.66151
+1.23386,-1.6911
+1.23414,-1.91439
+1.23435,-2.05467
+1.23471,-2.19641
+1.23521,-2.00749
+1.23559,-2.32315
+1.23596,-2.59931
+1.23634,-2.72482
+1.23672,-2.60835
+1.23723,-2.67499
+1.23759,-3.09499
+1.23796,-3.06088
+1.23835,-3.04565
+1.23872,-3.22302
+1.23922,-3.24152
+1.23959,-3.20859
+1.23997,-3.19638
+1.24034,-3.39323
+1.24072,-3.53829
+1.24121,-3.70814
+1.2416,-3.54043
+1.24197,-3.41841
+1.24234,-3.6216
+1.24272,-3.92379
+1.24322,-4.03284
+1.2436,-4.17318
+1.24397,-4.27838
+1.24434,-4.26167
+1.24472,-4.35035
+1.24522,-4.16095
+1.24559,-4.30945
+1.24597,-4.54801
+1.24634,-4.64513
+1.24685,-4.37821
+1.24723,-4.29341
+1.24759,-4.09617
+1.24797,-4.08663
+1.24834,-4.00255
+1.24872,-4.24374
+1.24922,-4.42682
+1.24959,-4.38118
+1.24996,-4.50901
+1.25035,-4.5425
+1.25072,-4.53546
+1.25122,-4.88863
+1.25159,-5.29231
+1.25197,-5.40133
+1.25235,-5.57638
+1.25271,-5.34312
+1.25321,-5.39513
+1.2536,-5.51191
+1.25397,-5.20656
+1.25434,-5.07616
+1.25472,-5.08389
+1.25522,-4.75124
+1.2556,-4.55203
+1.25597,-4.49132
+1.25634,-4.34929
+1.25672,-4.50566
+1.25723,-4.25458
+1.25759,-4.17109
+1.25797,-4.60687
+1.25834,-4.95513
+1.25872,-5.24611
+1.25922,-5.33644
+1.25959,-5.35494
+1.25996,-5.47382
+1.26035,-5.55237
+1.26072,-5.58596
+1.26122,-5.96265
+1.26159,-6.1314
+1.26196,-5.89002
+1.26236,-5.64542
+1.26273,-5.37793
+1.26322,-5.51816
+1.26359,-5.1471
+1.26397,-4.99736
+1.26435,-4.92591
+1.26472,-4.79376
+1.26521,-4.47363
+1.2656,-4.18659
+1.26597,-4.22582
+1.26635,-4.30293
+1.26672,-4.2933
+1.26723,-4.43754
+1.2676,-4.61829
+1.26797,-4.65155
+1.26835,-4.67686
+1.26873,-4.66207
+1.26922,-4.88584
+1.26959,-5.00915
+1.26997,-4.96403
+1.27034,-4.79008
+1.27072,-4.8082
+1.27122,-4.57756
+1.27159,-4.86566
+1.27197,-4.81915
+1.27235,-4.94738
+1.27272,-5.28931
+1.27322,-5.16865
+1.2736,-4.94185
+1.27397,-4.80327
+1.27435,-4.81261
+1.27473,-4.66429
+1.27522,-4.61744
+1.2756,-4.37542
+1.27597,-4.29145
+1.27635,-4.1765
+1.27673,-3.64974
+1.27722,-3.71889
+1.27759,-3.82739
+1.27797,-3.86183
+1.27835,-3.80627
+1.27872,-3.81798
+1.27922,-3.83073
+1.2796,-3.91125
+1.27997,-3.84998
+1.28035,-3.78187
+1.28072,-3.80705
+1.28122,-3.36974
+1.2816,-3.3012
+1.28197,-3.31784
+1.28234,-3.14341
+1.28273,-3.05592
+1.28322,-2.8356
+1.2836,-2.62946
+1.28397,-2.55167
+1.28434,-2.22703
+1.28473,-2.28249
+1.28522,-2.52911
+1.28559,-2.52464
+1.2861,-2.16736
+1.28636,-1.78079
+1.28672,-1.94554
+1.28722,-1.79982
+1.28772,-1.46546
+1.28799,-1.26688
+1.28835,-1.18395
+1.28872,-0.889583
+1.28922,-0.753815
+1.2896,-0.546486
+1.28999,-0.542909
+1.29035,-0.783231
+1.29072,-0.279917
+1.29123,-0.120493
+1.2916,-0.126018
+1.29197,+0.123071
+1.29235,+0.303734
+1.29274,+0.385846
+1.29322,+0.685828
+1.2936,+0.897915
+1.29397,+1.08519
+1.29434,+1.30181
+1.29472,+1.45284
+1.29522,+1.71101
+1.2956,+2.15135
+1.29597,+2.29689
+1.29634,+2.4649
+1.29674,+2.92774
+1.29723,+3.10093
+1.2976,+3.47051
+1.29797,+3.66047
+1.29835,+3.92486
+1.29873,+4.05346
+1.29909,+4.03434
+1.2996,+3.95847
+1.29998,+4.13814
+1.30035,+4.21491
+1.30072,+4.13584
+1.30109,+4.16789
+1.3016,+4.35809
+1.30198,+4.50343
+1.30235,+4.67629
+1.30274,+4.82814
+1.3031,+5.14999
+1.3036,+5.48231
+1.30397,+5.59652
+1.30435,+5.90032
+1.30473,+6.07135
+1.30523,+6.56805
+1.3056,+6.6504
+1.30598,+6.63085
+1.30635,+6.67503
+1.30673,+6.37553
+1.30709,+6.20294
+1.30773,+5.8224
+1.30797,+5.76486
+1.30835,+5.72481
+1.30873,+5.67162
+1.30909,+5.26229
+1.3096,+5.13178
+1.30997,+5.02368
+1.31035,+4.86149
+1.31073,+4.96533
+1.3111,+4.8765
+1.3116,+4.96296
+1.31198,+4.87085
+1.31235,+4.43629
+1.31273,+4.18747
+1.31309,+4.04593
+1.3136,+3.83801
+1.31398,+3.87737
+1.31435,+3.72855
+1.31472,+3.60912
+1.3151,+3.53285
+1.31562,+3.29338
+1.31597,+3.16137
+1.31635,+3.03273
+1.31672,+2.98812
+1.31709,+2.90741
+1.31761,+2.66487
+1.31798,+2.34768
+1.31835,+2.17672
+1.31872,+2.23828
+1.31923,+2.07606
+1.3196,+2.18683
+1.31997,+2.10581
+1.32034,+2.12956
+1.32074,+1.87392
+1.32123,+1.59949
+1.3216,+1.56515
+1.32197,+1.56927
+1.32235,+1.32048
+1.32273,+1.37193
+1.32322,+1.50047
+1.3236,+1.3376
+1.32398,+1.13591
+1.32435,+1.18858
+1.32473,+1.66952
+1.32509,+1.89723
+1.32561,+1.88665
+1.32597,+1.85121
+1.32636,+2.00799
+1.32672,+2.01068
+1.32724,+1.88021
+1.3276,+1.81835
+1.32798,+2.10944
+1.32835,+2.17901
+1.32873,+1.98454
+1.32923,+2.06737
+1.3296,+2.27515
+1.32997,+2.43419
+1.33035,+2.68951
+1.33075,+2.58681
+1.33123,+2.75284
+1.3316,+3.06469
+1.33198,+2.9655
+1.33235,+3.02485
+1.33274,+2.87881
+1.33323,+2.78753
+1.3336,+2.63561
+1.33398,+2.62969
+1.33435,+2.52386
+1.33474,+2.39402
+1.33601,+2.19882
+1.33619,+1.79475
+1.33649,+1.72422
+1.33674,+1.37788
+1.33724,+1.4191
+1.3376,+1.43702
+1.33798,+1.64353
+1.33847,+1.52761
+1.33874,+1.40152
+1.3391,+1.41319
+1.3396,+1.50789
+1.33997,+1.59445
+1.34036,+1.59923
+1.34073,+1.73428
+1.3411,+1.52898
+1.3416,+1.5731
+1.34198,+1.26966
+1.34235,+1.14255
+1.34273,+1.16218
+1.3431,+1.11747
+1.34361,+0.996371
+1.34398,+1.04184
+1.34435,+0.929272
+1.34473,+0.902454
+1.3451,+1.02631
+1.34561,+0.890711
+1.34598,+0.694407
+1.34635,+0.613705
+1.34673,+0.662223
+1.3471,+0.803979
+1.3476,+0.651811
+1.34798,+0.617475
+1.34836,+0.44089
+1.34873,+0.410448
+1.34923,+0.584035
+1.34961,+0.472861
+1.34998,+0.641584
+1.35036,+1.01057
+1.35074,+0.958126
+1.35122,+0.89554
+1.35161,+1.26407
+1.35198,+1.26885
+1.35235,+1.52054
+1.35274,+1.47544
+1.35323,+1.47998
+1.35361,+1.87592
+1.35398,+1.97485
+1.35435,+1.87734
+1.35473,+1.86903
+1.3551,+1.98248
+1.3556,+1.902
+1.35598,+2.02183
+1.35636,+2.03266
+1.35674,+2.17935
+1.3571,+1.90752
+1.35761,+1.7536
+1.35799,+1.76715
+1.35837,+1.65016
+1.35873,+1.82485
+1.35923,+1.56174
+1.3596,+1.46293
+1.35999,+1.07369
+1.36035,+0.70695
+1.36073,+0.482127
+1.36123,+0.368091
+1.36161,+0.220863
+1.36198,-0.0176517
+1.36236,-0.149541
+1.36274,-0.429574
+1.36323,-0.677232
+1.36361,-1.00453
+1.36398,-0.972688
+1.36436,-1.08901
+1.36474,-1.29989
+1.3651,-1.72384
+1.3656,-2.14723
+1.36598,-2.51167
+1.36636,-2.85222
+1.36676,-3.0249
+1.36711,-3.10578
+1.3676,-3.27311
+1.36798,-3.44089
+1.36836,-3.53631
+1.36886,-3.68086
+1.36923,-3.49791
+1.36961,-3.54487
+1.36998,-3.43307
+1.37036,-3.36114
+1.37074,-3.30896
+1.3711,-2.99887
+1.37161,-2.71654
+1.37198,-2.66701
+1.37235,-2.58944
+1.37274,-2.47761
+1.37323,-2.35441
+1.37361,-2.00515
+1.37398,-1.90209
+1.37436,-1.54943
+1.37474,-1.46207
+1.3751,-1.40491
+1.3756,-1.55165
+1.37599,-1.2651
+1.37635,-1.0409
+1.37674,-0.616454
+1.3771,-0.263196
+1.3776,+0.0847685
+1.37798,+0.151016
+1.37836,+0.309107
+1.37875,+0.369248
+1.37924,+0.218642
+1.37961,+0.282488
+1.37998,+0.0878576
+1.38035,-0.00484053
+1.38074,-0.378453
+1.38124,-0.71348
+1.38161,-1.29664
+1.38198,-1.35705
+1.38236,-1.81662
+1.38274,-2.15446
+1.3831,-2.4123
+1.3836,-2.5934
+1.38398,-2.99606
+1.38436,-3.02021
+1.38474,-3.18775
+1.38511,-3.48809
+1.38561,-3.6519
+1.38598,-3.98473
+1.38635,-4.20521
+1.38675,-4.54333
+1.38711,-4.878
+1.38761,-5.04721
+1.38798,-5.25955
+1.38836,-5.81959
+1.38886,-6.02679
+1.38924,-6.06141
+1.38961,-6.13349
+1.38998,-5.89642
+1.39036,-6.27832
+1.39074,-6.20508
+1.3911,-6.11524
+1.3916,-6.20857
+1.39199,-5.78636
+1.39237,-5.53213
+1.39274,-5.67865
+1.39311,-5.63529
+1.39361,-5.75989
+1.39399,-6.06525
+1.39436,-5.76932
+1.39473,-5.86943
+1.39511,-5.8743
+1.39561,-5.74689
+1.39598,-6.40433
+1.39636,-6.45794
+1.39674,-6.36773
+1.39711,-6.50341
+1.39761,-6.545
+1.39798,-6.53115
+1.39836,-6.60638
+1.39874,-6.43142
+1.39911,-6.58177
+1.3996,-6.84797
+1.39999,-6.68908
+1.40036,-6.78079
+1.40074,-6.86538
+1.4011,-6.99268
+1.40161,-6.84149
+1.40198,-6.9156
+1.40236,-6.93557
+1.40274,-7.21526
+1.40311,-7.175
+1.40361,-7.10148
+1.40398,-6.81747
+1.40435,-6.80873
+1.40474,-6.74925
+1.40511,-6.44853
+1.40561,-6.40547
+1.40598,-6.49408
+1.40636,-6.96188
+1.40674,-6.92054
+1.40713,-6.90101
+1.40761,-6.80405
+1.40799,-7.03317
+1.40836,-7.24305
+1.40874,-7.25535
+1.40911,-7.69423
+1.40962,-7.81364
+1.40999,-7.80964
+1.41036,-8.07393
+1.41073,-8.37717
+1.4111,-8.54009
+1.41161,-8.90085
+1.41198,-8.78568
+1.41236,-8.72464
+1.41274,-8.91457
+1.41311,-8.52322
+1.41361,-8.5588
+1.41398,-8.45125
+1.41437,-8.32088
+1.41474,-7.85908
+1.41511,-7.65387
+1.41561,-7.48605
+1.41598,-7.57115
+1.41636,-7.52121
+1.41674,-7.27211
+1.41711,-7.44631
+1.41762,-7.41763
+1.41799,-7.2498
+1.41836,-7.48377
+1.41873,-7.51423
+1.41924,-7.46942
+1.41961,-7.44901
+1.41998,-7.27356
+1.42036,-7.11713
+1.42073,-7.01685
+1.42111,-6.76279
+1.42163,-6.99701
+1.42198,-7.08279
+1.42237,-6.53188
+1.42274,-6.4606
+1.42311,-6.66412
+1.42361,-6.46384
+1.42398,-6.36431
+1.42436,-6.34762
+1.42474,-6.2908
+1.4251,-6.56604
+1.42561,-6.13038
+1.42599,-6.17122
+1.42636,-6.35861
+1.42675,-6.50157
+1.42711,-6.17676
+1.42761,-6.31557
+1.42799,-6.41704
+1.42836,-6.39882
+1.42873,-6.34552
+1.42911,-6.15289
+1.42974,-6.17015
+1.43002,-6.0578
+1.43036,-6.09808
+1.43075,-5.90131
+1.43111,-5.70642
+1.43161,-5.61029
+1.43198,-5.47937
+1.43236,-5.48027
+1.43274,-5.45923
+1.43313,-5.59723
+1.43361,-5.5925
+1.43399,-5.56436
+1.43437,-5.4731
+1.43474,-5.53497
+1.43511,-5.69215
+1.43561,-5.36718
+1.43598,-5.32479
+1.43636,-5.2065
+1.43674,-5.08644
+1.43711,-4.95989
+1.43841,-5.06571
+1.43863,-4.95451
+1.43885,-4.87077
+1.43911,-5.01292
+1.43961,-4.89644
+1.43999,-5.20825
+1.44036,-5.43641
+1.44074,-5.39765
+1.44111,-5.50099
+1.44161,-5.41951
+1.44199,-5.43317
+1.44237,-5.50778
+1.44275,-5.53123
+1.44312,-5.3034
+1.44361,-5.53128
+1.444,-5.69875
+1.44437,-5.69143
+1.44475,-5.47349
+1.44511,-5.53185
+1.44561,-5.61948
+1.44599,-5.32146
+1.44637,-5.29134
+1.44674,-5.36271
+1.44711,-5.31317
+1.44762,-4.90951
+1.44799,-4.22214
+1.44836,-4.08506
+1.44875,-4.30876
+1.44912,-4.13767
+1.44962,-3.96558
+1.44999,-3.89962
+1.45036,-3.96745
+1.45075,-3.91783
+1.45111,-3.8071
+1.45161,-3.9342
+1.452,-4.23011
+1.45237,-3.89017
+1.45275,-3.69251
+1.45311,-3.71166
+1.45362,-3.55202
+1.45399,-3.85622
+1.45437,-3.51915
+1.45475,-3.35972
+1.45511,-3.58042
+1.45562,-3.66146
+1.45599,-3.55121
+1.45637,-3.66004
+1.45675,-3.72317
+1.45711,-3.71392
+1.45761,-3.73825
+1.45799,-3.35102
+1.45837,-3.72203
+1.45875,-3.47889
+1.45911,-3.13676
+1.45961,-3.18309
+1.45999,-3.25832
+1.46037,-3.34304
+1.46075,-3.47191
+1.46111,-3.24762
+1.46161,-3.61213
+1.46199,-3.90054
+1.46237,-3.69781
+1.46276,-3.91105
+1.46312,-4.07492
+1.46362,-3.84759
+1.46399,-3.85136
+1.46436,-3.9127
+1.46475,-3.82124
+1.46512,-3.8938
+1.46561,-3.62445
+1.466,-3.33482
+1.46637,-3.22002
+1.46675,-2.78774
+1.46712,-2.40931
+1.46762,-2.17127
+1.46799,-1.98448
+1.46837,-1.53833
+1.46874,-1.17678
+1.46911,-1.22437
+1.46961,-0.841637
+1.46999,-0.782595
+1.47037,-0.391412
+1.47074,-0.383285
+1.47112,-0.247981
+1.47162,-0.28695
+1.47199,-0.224682
+1.47236,-0.346704
+1.47275,-0.19782
+1.47312,+0.190477
+1.47362,+0.120273
+1.47399,+0.0458102
+1.47436,-0.221754
+1.47475,-0.175169
+1.47512,-0.184809
+1.47561,-0.0761198
+1.476,+0.0525902
+1.47637,+0.100067
+1.47675,+0.0608434
+1.47712,-0.0692815
+1.47762,-0.0711202
+1.478,+0.0766669
+1.47837,+0.360236
+1.47875,+0.475917
+1.47911,+0.516394
+1.47962,+0.514957
+1.48,+0.428249
+1.48037,+0.854422
+1.48075,+0.88419
+1.48112,+0.953652
+1.48162,+1.21285
+1.48199,+1.52362
+1.48236,+1.48577
+1.48275,+1.47501
+1.48312,+1.36599
+1.48362,+1.54942
+1.48399,+1.89787
+1.48437,+1.80827
+1.48474,+1.79144
+1.48511,+2.10784
+1.48562,+2.44825
+1.48599,+2.55066
+1.48637,+2.86666
+1.48675,+3.14872
+1.48711,+3.57096
+1.48762,+3.64275
+1.48799,+3.86677
+1.48837,+4.00221
+1.48875,+4.2472
+1.48912,+4.18975
+1.48962,+3.97792
+1.48999,+3.96514
+1.4905,+4.05126
+1.49076,+3.85443
+1.49112,+3.69935
+1.49162,+3.95826
+1.49199,+3.75513
+1.49237,+3.74999
+1.49275,+3.78806
+1.49312,+3.84263
+1.49362,+3.82039
+1.494,+3.77878
+1.49437,+3.84341
+1.49476,+3.76339
+1.49512,+3.6899
+1.49563,+3.40447
+1.496,+3.54448
+1.49637,+3.72131
+1.49675,+3.98946
+1.49711,+3.93421
+1.49762,+3.79491
+1.49799,+3.87545
+1.49837,+3.89427
+1.49875,+3.87878
+1.49913,+4.19519
+1.49962,+4.30536
+1.49999,+4.14902
+1.50037,+3.98547
+1.50075,+3.76325
+1.50112,+3.77826
+1.50162,+3.9497
+1.502,+3.96951
+1.50237,+3.90695
+1.50275,+4.17296
+1.50313,+4.07588
+1.50362,+4.05463
+1.504,+4.28467
+1.50437,+4.3015
+1.50474,+4.30391
+1.50513,+4.51233
+1.50561,+4.54717
+1.50599,+4.6683
+1.50637,+4.61948
+1.50674,+4.77861
+1.50712,+4.83332
+1.50762,+5.02363
+1.50799,+5.37739
+1.50837,+5.58049
+1.50875,+5.56071
+1.50912,+5.3471
+1.50962,+5.58453
+1.51,+5.60608
+1.51038,+5.55519
+1.51075,+5.57121
+1.51112,+5.27027
+1.51163,+5.23968
+1.512,+5.05478
+1.51237,+4.92327
+1.51275,+5.0234
+1.51312,+5.10349
+1.51362,+4.96509
+1.514,+4.78614
+1.51437,+5.03883
+1.51475,+5.17792
+1.51512,+5.38845
+1.51562,+5.35214
+1.516,+5.21611
+1.51637,+5.19041
+1.51674,+5.18024
+1.51712,+5.18588
+1.51763,+5.19529
+1.518,+5.29036
+1.51837,+5.13471
+1.51876,+4.94434
+1.51912,+5.02435
+1.51962,+5.02963
+1.51999,+4.92905
+1.52039,+5.10977
+1.52088,+5.36852
+1.52125,+5.46629
+1.52162,+5.54693
+1.522,+5.68578
+1.52238,+5.60414
+1.52275,+5.52269
+1.52312,+5.7366
+1.52363,+5.89685
+1.524,+6.09246
+1.52437,+6.01859
+1.52475,+5.90191
+1.52512,+5.97203
+1.52562,+5.82607
+1.526,+5.72535
+1.52637,+5.89586
+1.52674,+5.87789
+1.52712,+5.741
+1.52762,+5.48245
+1.52799,+5.24074
+1.52838,+5.04623
+1.52875,+5.0243
+1.52912,+4.93088
+1.52962,+5.03073
+1.53,+4.85891
+1.53037,+4.60707
+1.53075,+4.35815
+1.53112,+4.28579
+1.53163,+4.2863
+1.532,+4.5474
+1.53237,+4.66848
+1.53275,+4.37805
+1.53313,+4.13017
+1.53362,+3.9049
+1.534,+4.01472
+1.53437,+3.88431
+1.53475,+4.12168
+1.53512,+4.0143
+1.53563,+4.04241
+1.536,+3.89942
+1.53638,+3.70708
+1.53675,+3.82461
+1.53713,+3.85169
+1.53763,+4.08363
+1.538,+4.16276
+1.53838,+4.20597
+1.53875,+3.90023
+1.53914,+3.64706
+1.53962,+3.60435
+1.54081,+3.49586
+1.54103,+3.63327
+1.54133,+3.58154
+1.54163,+3.62984
+1.542,+3.57717
+1.54237,+3.31632
+1.54275,+3.40626
+1.54313,+3.42165
+1.54363,+3.42922
+1.54401,+3.53144
+1.54438,+3.43566
+1.54476,+3.49402
+1.54512,+3.09634
+1.54562,+3.04218
+1.54601,+2.94403
+1.54638,+2.99169
+1.54675,+2.80764
+1.54712,+2.81896
+1.54763,+2.88914
+1.548,+2.84683
+1.54838,+2.80851
+1.54876,+2.72714
+1.54913,+2.85049
+1.54962,+2.62588
+1.55,+2.47267
+1.55037,+2.59856
+1.55077,+2.74185
+1.55113,+2.8522
+1.55162,+2.91121
+1.55201,+2.66426
+1.55238,+2.67063
+1.55275,+2.42505
+1.55312,+2.54155
+1.55363,+2.76175
+1.554,+2.80571
+1.55437,+2.74245
+1.55475,+2.5141
+1.55513,+2.45006
+1.55563,+2.33992
+1.556,+2.21763
+1.55637,+1.99126
+1.55675,+1.95511
+1.55713,+1.78076
+1.55763,+1.7239
+1.558,+1.47625
+1.55838,+0.850115
+1.55876,+0.618384
+1.55913,+0.647047
+1.55962,+0.468458
+1.56001,+0.59401
+1.56038,+0.46798
+1.56076,+0.416363
+1.56112,+0.355755
+1.56163,+0.278436
+1.562,+0.260254
+1.56238,+1.62022
+1.56276,+1.87423
+1.56314,+1.58048
+1.56363,+1.55958
+1.564,+1.25261
+1.56438,+1.39012
+1.56475,+1.40193
+1.56513,+1.43921
+1.56563,+1.32578
+1.56601,+1.10009
+1.56638,+0.00259805
+1.56676,-0.287518
+1.56713,-0.38813
+1.56763,-0.319025
+1.56801,-0.257646
+1.56838,-0.26492
+1.56876,-0.409133
+1.56913,-0.639991
+1.56963,-0.494019
+1.57001,-0.427579
+1.57038,-0.444152
+1.57076,-0.523035
+1.57126,-0.635774
+1.57163,-0.831635
+1.572,-0.752887
+1.57238,-0.942387
+1.57276,-0.959334
+1.57314,-0.881951
+1.57363,-1.09806
+1.574,-0.883333
+1.57438,-0.924703
+1.57476,-0.757375
+1.57513,-0.711283
+1.57563,-0.649529
+1.57601,-0.639567
+1.57638,-0.431847
+1.57676,-0.370098
+1.57713,-0.477219
+1.57763,-0.701263
+1.578,-0.744465
+1.57837,-0.846084
+1.57876,-0.757264
+1.57914,-0.693444
+1.57963,-0.861371
+1.58001,-1.07708
+1.58038,-1.315
+1.58075,-1.30098
+1.58116,-1.25144
+1.58163,-1.04991
+1.58201,-1.20343
+1.58238,-1.05891
+1.58275,-1.29737
+1.58314,-1.38133
+1.58363,-1.24021
+1.584,-1.28714
+1.58438,-1.19061
+1.58476,-1.34766
+1.58514,-1.25431
+1.58563,-1.25561
+1.586,-1.17252
+1.58638,-1.37568
+1.58676,-1.5465
+1.58713,-1.55958
+1.58763,-1.40092
+1.58801,-1.22459
+1.58838,-1.33122
+1.58875,-1.40431
+1.58913,-1.49345
+1.5895,-1.54411
+1.59,-1.53812
+1.59038,-1.51597
+1.59076,-1.31561
+1.59113,-1.13461
+1.5915,-1.32644
+1.59201,-1.39221
+1.59238,-1.44145
+1.59276,-1.28159
+1.59313,-1.33856
+1.59351,-1.24731
+1.59401,-1.65435
+1.59438,-1.80608
+1.59478,-1.61737
+1.59514,-1.58915
+1.59551,-1.43921
+1.596,-1.51007
+1.59638,-1.3311
+1.59676,-1.14287
+1.59714,-0.864213
+1.59763,-0.683783
+1.598,-0.290217
+1.59837,+6.26849e-005
+1.59876,-0.0907702
+1.59914,-0.466892
+1.5995,-0.595995
+1.60001,-0.477327
+1.60038,-0.372462
+1.60076,-0.559152
+1.60113,-0.637439
+1.60163,-0.886848
+1.60201,-0.957397
+1.60238,-1.08534
+1.60276,-1.00234
+1.60314,-0.744038
+1.60363,-0.432207
+1.604,-0.481578
+1.60439,-0.576358
+1.60476,-0.411054
+1.60514,-0.382565
+1.6055,-0.165205
+1.606,-0.149182
+1.60638,+0.0811779
+1.60676,+0.0937032
+1.60713,+0.281159
+1.60763,+0.112539
+1.60801,+0.510856
+1.60839,+0.684826
+1.60876,+0.694616
+1.60913,+0.909174
+1.6095,+0.673837
+1.61001,+0.799199
+1.61038,+0.489247
+1.61076,+0.707995
+1.61114,+0.919613
+1.61164,+0.807183
+1.61201,+0.548878
+1.61238,+0.528763
+1.61276,+0.385298
+1.61315,+0.269667
+1.61364,+0.632643
+1.61401,+0.598004
+1.61438,+0.796764
+1.61476,+0.463676
+1.61514,+0.148698
+1.61551,+0.443466
+1.61601,+0.296072
+1.61638,+0.246043
+1.61677,+0.198252
+1.61714,+0.212708
+1.61763,+0.19423
+1.61801,+0.321645
+1.61839,+0.613779
+1.61876,+0.835173
+1.61914,+0.920242
+1.61951,+0.783143
+1.62001,+1.26048
+1.62038,+1.37974
+1.62075,+1.75276
+1.62114,+1.68613
+1.62163,+1.61079
+1.62201,+1.49851
+1.6224,+1.33338
+1.62277,+1.40407
+1.62314,+1.64147
+1.62363,+1.84632
+1.62401,+1.83044
+1.62438,+1.96133
+1.62476,+1.92458
+1.62514,+1.87154
+1.6255,+1.73133
+1.626,+1.96521
+1.62639,+2.11661
+1.62676,+2.02023
+1.62713,+2.13638
+1.62764,+1.72936
+1.62801,+1.42708
+1.62838,+1.32536
+1.62876,+1.25988
+1.62914,+1.42218
+1.6295,+1.48883
+1.63001,+1.48568
+1.63039,+1.35475
+1.63077,+1.3317
+1.63114,+1.14357
+1.63151,+1.58378
+1.63201,+1.682
+1.63239,+1.57548
+1.63276,+1.61976
+1.63314,+1.76723
+1.6335,+1.79417
+1.63401,+1.52124
+1.63439,+1.49071
+1.63476,+1.46452
+1.63514,+1.29916
+1.63551,+1.12328
+1.63601,+1.10339
+1.63638,+1.12977
+1.63676,+1.01403
+1.63714,+0.817428
+1.63763,+1.01241
+1.63802,+1.32792
+1.63839,+1.3541
+1.63876,+1.42188
+1.63914,+1.3939
+1.6395,+1.32295
+1.64002,+1.32762
+1.64039,+1.22691
+1.64077,+1.24162
+1.64114,+1.20843
+1.6415,+0.82972
+1.64201,+0.758062
+1.64321,+0.658077
+1.6434,+0.929129
+1.64366,+1.11802
+1.64401,+1.03602
+1.64438,+0.964447
+1.64475,+0.923549
+1.64514,+0.860756
+1.6455,+0.96186
+1.64601,+1.18032
+1.64638,+0.968709
+1.64676,+0.943605
+1.64713,+0.883074
+1.64763,+0.758954
+1.648,+0.638044
+1.64838,+0.847996
+1.64876,+0.852514
+1.64914,+0.84156
+1.6495,+0.737108
+1.65,+0.652036
+1.65038,+0.775936
+1.65076,+1.03637
+1.65113,+0.768252
+1.6515,+0.843905
+1.65201,+1.17679
+1.65238,+1.04572
+1.65276,+1.02606
+1.65313,+0.993316
+1.6535,+0.937033
+1.65401,+0.861047
+1.65438,+0.708592
+1.65476,+0.724325
+1.65513,+1.01807
+1.65551,+0.947848
+1.656,+0.976932
+1.65638,+0.921812
+1.65676,+1.02821
+1.65713,+0.96703
+1.65763,+1.20663
+1.658,+1.31665
+1.65838,+1.44666
+1.65876,+1.21499
+1.65913,+0.878984
+1.6595,+0.982963
+1.66,+0.976607
+1.66038,+0.799375
+1.66076,+0.823688
+1.66114,+0.906077
+1.6615,+0.629188
+1.662,+0.780542
+1.66238,+0.948489
+1.66288,+0.937503
+1.66314,+0.809006
+1.6635,+0.788888
+1.66401,+0.80984
+1.66438,+0.729907
+1.66476,+0.942556
+1.66513,+0.868014
+1.6655,+0.959219
+1.66601,+0.735656
+1.66638,+0.464848
+1.66676,+0.428929
+1.66713,+0.477072
+1.66763,+0.32882
+1.668,+0.260927
+1.66838,+0.614401
+1.66876,+0.109793
+1.66913,+0.261102
+1.66951,+0.351636
+1.67,+0.345548
+1.67038,+0.502898
+1.67076,+0.387789
+1.67113,+0.659594
+1.6715,+0.906617
+1.672,+0.787737
+1.67238,+0.67237
+1.67276,+0.823674
+1.67314,+0.632508
+1.67363,+0.594791
+1.67401,+0.705207
+1.67439,+0.539029
+1.67476,+0.664571
+1.67513,+0.534469
+1.67551,+0.451142
+1.67601,+0.462861
+1.67639,+0.284414
+1.67675,+0.357877
+1.67714,+0.316242
+1.6775,+0.455278
+1.678,+0.399987
+1.67839,+0.67108
+1.67876,+0.478499
+1.67913,+0.588841
+1.6795,+0.619447
+1.68,+0.557137
+1.68039,+0.690256
+1.68076,+0.883599
+1.68113,+0.950966
+1.6815,+0.844185
+1.68201,+0.967429
+1.68238,+0.66367
+1.68277,+0.871988
+1.68314,+0.930062
+1.6835,+0.916127
+1.68401,+1.06003
+1.68439,+1.29065
+1.68476,+1.22153
+1.68513,+1.1355
+1.6855,+1.12859
+1.686,+1.06144
+1.68638,+0.935921
+1.68676,+1.15212
+1.68713,+0.847071
+1.68764,+0.492314
+1.68801,+0.364487
+1.68839,+0.145663
+1.68876,+0.131101
+1.68913,+0.230745
+1.6895,+0.0862364
+1.69001,+0.14078
+1.69038,+0.420118
+1.69076,+0.253062
+1.69114,+0.598778
+1.69151,+0.828749
+1.69201,+0.795606
+1.69238,+0.808469
+1.69276,+1.06609
+1.69326,+1.2676
+1.69363,+1.42301
+1.69401,+1.43415
+1.69439,+1.5983
+1.69476,+1.5863
+1.69514,+1.53738
+1.69551,+1.53416
+1.69601,+1.52073
+1.69638,+1.29681
+1.69676,+0.705627
+1.69714,+0.558246
+1.69763,+0.676548
+1.69801,+0.676937
+1.69838,+0.409094
+1.69877,+0.322488
+1.69914,+0.0494163
+1.69952,-0.00720228
+1.70001,+0.104795
+1.70039,+0.524207
+1.70076,+0.793173
+1.70113,+0.755082
+1.70151,+0.504902
+1.70201,+0.317967
+1.70239,+0.129429
+1.70276,+0.343192
+1.70313,+0.438659
+1.70351,+0.535568
+1.70401,+0.623691
+1.70438,+0.328885
+1.70476,+0.200284
+1.70514,+0.187355
+1.70551,+0.296358
+1.70601,+0.294233
+1.70638,+0.424414
+1.70677,+0.428823
+1.70714,+0.239565
+1.70751,+0.180872
+1.70802,-0.110766
+1.70839,-0.0351348
+1.70876,+0.0374012
+1.70913,+0.396507
+1.7095,+0.161834
+1.71001,+0.329327
+1.71038,+0.37886
+1.71076,+0.126818
+1.71114,+0.236426
+1.71151,+0.129954
+1.71201,+0.111906
+1.71238,+0.0492649
+1.71277,-0.122096
+1.71326,-0.577477
+1.71352,-0.537478
+1.71401,-0.673576
+1.71438,-0.738353
+1.71477,-0.768205
+1.71514,-0.960014
+1.71551,-1.02875
+1.71601,-0.995337
+1.71639,-0.928687
+1.71676,-0.868052
+1.71714,-0.689795
+1.71763,-0.803739
+1.71801,-0.888984
+1.71839,-0.903777
+1.71877,-0.941892
+1.71914,-0.555123
+1.71951,-0.59329
+1.72001,-0.365845
+1.72038,-0.271948
+1.72077,-0.33935
+1.72114,-0.620319
+1.72151,-0.286374
+1.72201,-0.387128
+1.72238,-0.544457
+1.72277,-0.639613
+1.72314,-0.956661
+1.72351,-0.823439
+1.72402,-1.18267
+1.72439,-1.60836
+1.72476,-1.49684
+1.72513,-1.48092
+1.72553,-1.7421
+1.72601,-1.59321
+1.72639,-1.59261
+1.72676,-1.52795
+1.72714,-1.71194
+1.72751,-1.66527
+1.72801,-1.65974
+1.72838,-1.56077
+1.72876,-1.89594
+1.72914,-1.95885
+1.72951,-2.10564
+1.73002,-2.42378
+1.73039,-2.51581
+1.73076,-2.52657
+1.73114,-2.33327
+1.73152,-2.42818
+1.73201,-2.49477
+1.73239,-2.56921
+1.73276,-2.24501
+1.73315,-2.15236
+1.73352,-2.155
+1.73401,-2.05166
+1.73439,-1.82236
+1.73477,-1.64981
+1.73514,-1.76757
+1.73551,-1.92014
+1.73601,-1.95027
+1.73638,-1.99919
+1.73677,-2.30434
+1.73714,-2.57123
+1.73751,-2.59929
+1.73801,-2.60516
+1.73838,-2.69096
+1.73877,-2.76145
+1.73913,-2.90731
+1.73952,-2.79054
+1.74002,-2.62262
+1.7404,-2.4018
+1.74077,-2.36923
+1.74114,-1.94701
+1.74151,-1.85985
+1.74201,-2.15679
+1.74238,-2.20597
+1.74276,-2.34297
+1.74314,-2.31414
+1.74365,-2.19863
+1.74401,-2.24693
+1.74438,-2.69573
+1.74561,-2.3835
+1.74579,-2.6405
+1.74601,-2.79963
+1.74638,-2.67432
+1.74676,-2.72976
+1.74713,-2.61541
+1.74749,-2.45274
+1.74801,-2.81657
+1.74838,-2.78285
+1.74875,-2.46272
+1.74913,-2.88204
+1.74951,-2.91431
+1.75,-2.6252
+1.75039,-2.4973
+1.75076,-2.47635
+1.75113,-2.61767
+1.7515,-2.44862
+1.75201,-2.44934
+1.75238,-2.62531
+1.75276,-2.64316
+1.75313,-2.54831
+1.7535,-2.58532
+1.754,-2.77635
+1.75437,-2.79123
+1.75476,-2.8925
+1.75514,-2.83069
+1.7555,-3.00913
+1.756,-2.92992
+1.75638,-2.85495
+1.75676,-2.69007
+1.75713,-2.69707
+1.7575,-2.71195
+1.75801,-2.61951
+1.75838,-1.35215
+1.75876,-1.29978
+1.75912,-1.35122
+1.7595,-1.44086
+1.76001,-1.31932
+1.76038,-0.941477
+1.76076,-1.16262
+1.76113,-1.1229
+1.7615,-0.869121
+1.76201,-0.958807
+1.76238,-2.13551
+1.76276,-2.05776
+1.76313,-2.05928
+1.7635,-2.11253
+1.76401,-2.35605
+1.76438,-2.74368
+1.76476,-2.8015
+1.76512,-2.75875
+1.76551,-3.08214
+1.766,-2.91352
+1.76638,-3.13039
+1.76675,-3.33397
+1.76713,-3.18702
+1.7675,-3.1236
+1.768,-3.03796
+1.76838,-3.08567
+1.76876,-2.84607
+1.76913,-2.79297
+1.7695,-2.51123
+1.77001,-2.9019
+1.77038,-2.62432
+1.77076,-2.54595
+1.77114,-2.75363
+1.77151,-2.82587
+1.77201,-2.81559
+1.77238,-3.01593
+1.77276,-3.03603
+1.77313,-3.35163
+1.77351,-3.34071
+1.77401,-3.1398
+1.77438,-3.40831
+1.77476,-3.29965
+1.77513,-3.266
+1.7755,-3.23463
+1.77601,-3.07042
+1.77638,-2.87248
+1.77676,-3.07884
+1.77713,-2.56472
+1.7775,-2.80942
+1.778,-2.96906
+1.77838,-2.84182
+1.77876,-2.87502
+1.77914,-2.74521
+1.7795,-2.60714
+1.78001,-2.49821
+1.78038,-2.40757
+1.78076,-2.38285
+1.78113,-2.64228
+1.7815,-2.46893
+1.782,-2.48194
+1.78238,-2.77109
+1.78276,-2.64651
+1.78313,-2.88165
+1.7835,-2.76489
+1.78401,-2.9117
+1.78438,-2.7894
+1.78476,-2.61566
+1.78513,-2.64449
+1.78551,-2.43666
+1.78601,-2.43048
+1.78638,-2.22934
+1.78676,-2.463
+1.78714,-2.36221
+1.78751,-2.62375
+1.788,-2.61813
+1.78838,-2.75564
+1.78875,-2.79685
+1.78913,-2.81453
+1.78963,-2.91715
+1.79001,-2.78278
+1.79038,-2.71599
+1.79076,-2.53655
+1.79113,-2.54831
+1.79152,-2.38536
+1.79201,-2.29904
+1.79238,-2.22817
+1.79277,-2.12574
+1.79314,-1.9732
+1.79352,-2.36371
+1.79388,-2.17633
+1.79439,-2.20923
+1.79476,-2.23148
+1.79513,-2.0491
+1.79551,-2.03409
+1.796,-1.97558
+1.79638,-2.25192
+1.79675,-2.41508
+1.79714,-2.34677
+1.79751,-2.09511
+1.79801,-2.1285
+1.79838,-1.96126
+1.79876,-1.8238
+1.79913,-1.74681
+1.79951,-1.57216
+1.80001,-1.7696
+1.80038,-1.54982
+1.80076,-1.4632
+1.80113,-1.50498
+1.80151,-1.54821
+1.80202,-1.86265
+1.80238,-1.77098
+1.80276,-1.94854
+1.80313,-2.18684
+1.80352,-2.30778
+1.80401,-2.13554
+1.80438,-1.98905
+1.80475,-1.92395
+1.80514,-2.07534
+1.80564,-2.06812
+1.80601,-1.98204
+1.80639,-2.11166
+1.80676,-1.89569
+1.80713,-1.78942
+1.8075,-1.82599
+1.80801,-2.12873
+1.80839,-2.18997
+1.80876,-2.11839
+1.80913,-2.3124
+1.80951,-2.20743
+1.81001,-2.10279
+1.81039,-1.90616
+1.81076,-2.01207
+1.81113,-2.02192
+1.81151,-2.06063
+1.81201,-2.17658
+1.81238,-2.20525
+1.81276,-2.26763
+1.81314,-2.10993
+1.81352,-1.93271
+1.81401,-1.85922
+1.81438,-1.99951
+1.81489,-1.94018
+1.81515,-2.14094
+1.81551,-2.0482
+1.81601,-1.96165
+1.81638,-2.12059
+1.81679,-2.06594
+1.81714,-1.79092
+1.81751,-1.92365
+1.81801,-1.65171
+1.81839,-1.82428
+1.81876,-2.06124
+1.81913,-1.9203
+1.81952,-1.87371
+1.82001,-1.94701
+1.82038,-1.80722
+1.82076,-1.93121
+1.82113,-2.13243
+1.82151,-1.82816
+1.82201,-1.90777
+1.82238,-1.86526
+1.82277,-1.48267
+1.82314,-1.37154
+1.82352,-1.25798
+1.82401,-1.33094
+1.82438,-0.963687
+1.82477,-0.893919
+1.82513,-0.792045
+1.82551,-1.08886
+1.82601,-1.24708
+1.82639,-0.96783
+1.82676,-1.2369
+1.82716,-0.90169
+1.82751,-1.0163
+1.82788,-0.806141
+1.82839,-1.21051
+1.82876,-1.13472
+1.82914,-0.84986
+1.8295,-0.909924
+1.83001,-0.73384
+1.83039,-0.966588
+1.83076,-0.722328
+1.83113,-0.997912
+1.83151,-1.21861
+1.83201,-1.30538
+1.83238,-0.963133
+1.83277,-0.922862
+1.83314,-1.13237
+1.83352,-0.858298
+1.83401,-1.01008
+1.83439,-0.870968
+1.83477,-0.862734
+1.83514,-0.758642
+1.83551,-0.658235
+1.83602,-0.717973
+1.83639,-0.996647
+1.83676,-1.3414
+1.83713,-1.37248
+1.83752,-1.55719
+1.83788,-1.36516
+1.83839,-1.37227
+1.83876,-1.30411
+1.83914,-1.28694
+1.83952,-1.20969
+1.83988,-1.25455
+1.84038,-1.32578
+1.84077,-1.28575
+1.84114,-1.19832
+1.84151,-1.21092
+1.84188,-1.25818
+1.84239,-1.23174
+1.84278,-1.51703
+1.84314,-1.52527
+1.84352,-1.0835
+1.84388,-0.917616
+1.84439,-0.711126
+1.84476,-0.664018
+1.84514,-0.648704
+1.84551,-0.395181
+1.84589,-0.459179
+1.84638,-0.422098
+1.84677,-0.202632
+1.84713,-0.441176
+1.84801,-0.901451
+1.84819,-0.675378
+1.8484,-0.729378
+1.84877,-0.57359
+1.84914,-0.515748
+1.84951,-0.738042
+1.84988,-0.601359
+1.85038,-0.736804
+1.85077,-0.837765
+1.85114,-0.707751
+1.85151,-0.745884
+1.85188,-0.928245
+1.85238,-0.793514
+1.85276,-0.830759
+1.85313,-0.993266
+1.85352,-0.918292
+1.85389,-1.07574
+1.85438,-0.867021
+1.85476,-0.775655
+1.85514,-0.439161
+1.85551,-0.0313263
+1.85601,+0.0118758
+1.85638,+0.118736
+1.85676,+0.23778
+1.85714,+0.476156
+1.85751,+0.470891
+1.85788,+0.594148
+1.85839,+0.590802
+1.85876,+0.502478
+1.85913,+0.149221
+1.85951,-0.169225
+1.85988,-0.314826
+1.86039,-0.824844
+1.86076,-0.893367
+1.86114,-0.73895
+1.86151,-0.672703
+1.86201,-0.898117
+1.86238,-0.841578
+1.86276,-0.573208
+1.86313,-0.39756
+1.86352,-0.291085
+1.86388,-0.212561
+1.86439,+0.0857622
+1.86477,+0.386943
+1.86526,+0.174969
+1.86552,+0.0425289
+1.86601,+0.224964
+1.86638,+0.208748
+1.86677,+0.0188539
+1.86713,+0.0209727
+1.86751,+0.024748
+1.86788,-0.0140988
+1.86839,+0.0572519
+1.86876,-0.144111
+1.86913,-0.30845
+1.86952,+0.161093
+1.86988,+0.040517
+1.87038,-0.120064
+1.87076,-0.0580589
+1.87113,-0.0291138
+1.87151,+0.0148958
+1.87189,+0.0630792
+1.87239,+0.0528974
+1.87276,-0.054667
+1.87313,-0.036742
+1.87352,-0.318478
+1.87389,-0.311529
+1.87438,-0.0859583
+1.87477,+0.00223893
+1.87513,+0.123878
+1.87551,+0.104602
+1.87588,+0.124756
+1.87639,+0.422429
+1.87676,+0.697522
+1.87713,+1.0768
+1.87751,+1.15405
+1.87801,+1.38281
+1.87839,+1.35183
+1.87876,+1.20705
+1.87913,+1.10709
+1.87952,+1.19322
+1.87988,+1.34389
+1.88038,+1.10012
+1.88076,+0.97358
+1.88113,+0.879328
+1.88152,+0.653182
+1.88188,+0.691207
+1.88239,+0.604412
+1.88277,+0.787677
+1.88314,+0.634072
+1.88351,+0.628554
+1.88388,+0.644377
+1.88439,+0.583186
+1.88476,+0.631114
+1.88513,+0.719729
+1.88551,+0.875523
+1.88601,+0.641406
+1.88639,+0.764932
+1.88676,+0.857565
+1.88713,+1.10744
+1.88752,+0.976855
+1.88788,+0.990293
+1.88838,+1.21386
+1.88877,+1.15489
+1.88914,+1.01832
+1.88951,+0.815662
+1.88989,+0.858399
+1.89039,+0.918188
+1.89077,+0.870646
+1.89113,+0.589092
+1.89152,+0.53703
+1.89188,+0.214306
+1.89238,+0.00593649
+1.89277,+0.0911105
+1.89313,+0.176843
+1.89351,+0.374287
+1.89388,+0.553749
+1.89438,+0.623258
+1.89477,+0.272144
+1.89514,+0.278375
+1.89564,+0.372881
+1.89601,+0.617477
+1.89639,+0.781625
+1.89677,+0.816943
+1.89714,+0.907086
+1.89752,+1.09651
+1.89789,+1.20299
+1.89839,+0.960737
+1.89879,+1.13351
+1.89918,+1.44289
+1.89952,+1.47487
+1.89989,+1.48502
+1.90039,+1.57422
+1.90076,+1.79433
+1.90113,+1.75712
+1.90152,+1.73686
+1.90189,+1.48505
+1.90239,+1.58479
+1.90277,+1.70893
+1.90314,+1.62223
+1.90351,+1.57309
+1.90389,+1.53967
+1.9044,+1.36732
+1.90477,+1.16257
+1.90513,+1.07367
+1.90553,+0.994978
+1.90589,+1.27904
+1.90639,+1.32849
+1.90677,+1.38886
+1.90714,+1.64372
+1.90754,+1.7698
+1.90802,+1.92298
+1.90839,+2.2044
+1.90876,+2.42777
+1.90914,+2.45274
+1.90951,+2.3298
+1.90989,+2.28588
+1.91039,+2.45735
+1.91077,+2.28891
+1.91114,+1.95249
+1.91151,+1.96913
+1.91189,+1.98004
+1.91238,+1.8603
+1.91277,+1.61899
+1.91314,+1.60292
+1.91351,+1.57804
+1.91389,+1.39759
+1.91439,+1.3037
+1.91477,+1.3788
+1.91514,+1.49715
+1.91551,+1.42265
+1.91589,+1.2908
+1.91639,+1.14126
+1.91676,+1.27302
+1.91714,+1.22033
+1.91752,+1.50758
+1.91789,+1.65574
+1.91839,+1.83863
+1.91876,+2.1836
+1.91914,+2.31809
+1.91952,+2.50979
+1.91988,+2.68396
+1.92038,+2.76048
+1.92077,+2.73538
+1.92114,+2.97311
+1.92152,+2.93297
+1.92189,+3.18527
+1.9224,+3.01568
+1.92277,+2.85436
+1.92315,+2.59819
+1.92353,+2.43128
+1.92389,+2.08065
+1.92439,+2.30756
+1.92476,+2.38159
+1.92513,+2.37323
+1.92552,+2.32689
+1.92602,+2.15902
+1.92639,+2.33784
+1.92677,+2.16111
+1.92714,+2.12905
+1.92752,+2.24469
+1.92788,+2.54948
+1.92839,+2.35326
+1.92877,+2.37921
+1.92914,+2.13602
+1.92954,+2.29845
+1.92989,+2.42675
+1.93039,+2.24179
+1.93077,+2.62159
+1.93114,+2.72195
+1.93152,+2.64785
+1.93189,+2.73448
+1.93239,+2.73053
+1.93277,+2.57811
+1.93314,+2.82063
+1.93352,+2.52155
+1.93389,+2.43198
+1.93439,+2.43136
+1.9348,+2.17649
+1.93517,+2.24836
+1.93553,+2.71642
+1.93589,+2.68328
+1.93652,+2.73158
+1.93678,+2.94535
+1.93715,+2.65012
+1.93752,+2.88031
+1.93789,+2.67163
+1.93839,+2.75467
+1.93877,+2.9145
+1.93914,+2.70078
+1.93951,+2.56979
+1.93988,+2.56361
+1.94039,+2.61981
+1.94077,+2.48906
+1.94114,+2.58324
+1.94151,+2.55164
+1.94189,+2.98433
+1.94239,+3.0019
+1.94278,+2.65674
+1.94315,+2.96165
+1.94352,+2.52023
+1.94389,+2.65445
+1.9444,+2.70168
+1.94478,+2.74585
+1.94516,+2.81299
+1.94553,+2.77879
+1.94589,+2.60171
+1.9464,+2.37661
+1.94677,+2.63916
+1.94714,+2.6391
+1.94752,+2.96077
+1.94789,+2.9126
+1.9484,+3.01122
+1.94877,+3.17717
+1.94916,+3.21909
+1.94953,+3.04884
+1.95041,+3.10379
+1.95064,+3.12787
+1.9509,+3.27553
+1.95115,+3.40785
+1.95153,+3.37027
+1.95189,+3.24233
+1.95239,+2.96283
+1.95276,+2.97052
+1.95314,+3.08899
+1.95352,+3.47643
+1.95389,+3.46682
+1.9544,+3.57144
+1.95477,+3.27984
+1.95514,+3.26285
+1.95552,+3.22185
+1.95588,+3.37473
+1.95639,+3.30987
+1.95677,+3.10614
+1.95714,+3.19051
+1.95751,+2.91853
+1.95789,+2.73791
+1.95839,+2.47598
+1.95876,+2.58046
+1.95914,+2.585
+1.95952,+2.71197
+1.95989,+2.58074
+1.96039,+2.84703
+1.96077,+3.10996
+1.96114,+2.96846
+1.96152,+2.9519
+1.96188,+3.20678
+1.96239,+3.63864
+1.96277,+3.69922
+1.96314,+3.56838
+1.96352,+3.59665
+1.96388,+3.51421
+1.9644,+3.43777
+1.96477,+3.17483
+1.96514,+2.92274
+1.96553,+3.18181
+1.96589,+2.84545
+1.96639,+2.59863
+1.96689,+2.43492
+1.96715,+2.47363
+1.96752,+2.16237
+1.96789,+2.24111
+1.96839,+2.19603
+1.96877,+2.33426
+1.96915,+2.56466
+1.96951,+2.41204
+1.96989,+2.4109
+1.97039,+2.53109
+1.97077,+2.70794
+1.97114,+2.44694
+1.97152,+2.81562
+1.97188,+2.99481
+1.97239,+3.12017
+1.97277,+2.9513
+1.97314,+2.85712
+1.97352,+2.74055
+1.97388,+3.05321
+1.97439,+3.04326
+1.97477,+2.89697
+1.97514,+3.17985
+1.97552,+3.04813
+1.97589,+2.91187
+1.97639,+2.89963
+1.97677,+2.9149
+1.97714,+3.0302
+1.97752,+3.09834
+1.97789,+2.85616
+1.97839,+2.95723
+1.97877,+3.0114
+1.97914,+2.8096
+1.97952,+2.80987
+1.97988,+2.83972
+1.9804,+2.66988
+1.98077,+2.84481
+1.98114,+2.79315
+1.98152,+2.75947
+1.98188,+2.97391
+1.98239,+2.81137
+1.98277,+2.69752
+1.98314,+2.67136
+1.98352,+2.50308
+1.9839,+2.38925
+1.98439,+2.6639
+1.98477,+2.59354
+1.98515,+2.73153
+1.98552,+2.83747
+1.98589,+2.57967
+1.9864,+2.33753
+1.98678,+2.39763
+1.98714,+2.32132
+1.98752,+2.47634
+1.9879,+2.58439
+1.9884,+2.41714
+1.98877,+2.39568
+1.98914,+2.06573
+1.98952,+2.37964
+1.98989,+2.44243
+1.99039,+2.5032
+1.99077,+2.61768
+1.99114,+2.82345
+1.99152,+2.62622
+1.99189,+2.42642
+1.9924,+2.62081
+1.99277,+2.34466
+1.99315,+2.56011
+1.99352,+2.17889
+1.99389,+2.29796
+1.9944,+2.52743
+1.99477,+2.59514
+1.99514,+2.61068
+1.99552,+2.75248
+1.99589,+2.95723
+1.99639,+2.82533
+1.99677,+3.02718
+1.99714,+2.82145
+1.99753,+2.83252
+1.9979,+2.903
+1.99839,+2.86792
+1.99877,+2.47868
+1.99915,+2.20936
+1.99952,+1.90866
+1.99989,+1.58767
