+0,+1.05009
+0.0005,+1.38215
+0.00088,+1.72148
+0.00125,+2.23874
+0.00162,+2.68276
+0.002,+3.18623
+0.00236,+3.56103
+0.00288,+4.03207
+0.00325,+4.46624
+0.00363,+4.94765
+0.004,+5.1801
+0.0045,+5.74996
+0.00487,+6.2162
+0.00525,+6.7644
+0.00562,+7.31824
+0.006,+7.87827
+0.00638,+8.02136
+0.00687,+8.40746
+0.00725,+8.71799
+0.00763,+9.02822
+0.008,+9.71051
+0.00836,+9.98349
+0.00887,+10.4496
+0.00925,+10.7331
+0.00963,+10.878
+0.01001,+11.2278
+0.0105,+11.7671
+0.01087,+12.1949
+0.01124,+12.8826
+0.01163,+13.4656
+0.012,+13.9268
+0.01237,+14.2764
+0.01288,+14.6372
+0.01325,+14.9731
+0.01362,+15.4832
+0.01399,+15.4976
+0.0145,+16.1903
+0.01488,+16.5161
+0.01525,+16.7925
+0.01562,+17.2853
+0.016,+17.4915
+0.01637,+18.0412
+0.01687,+18.4274
+0.01724,+18.778
+0.01763,+19.1213
+0.018,+19.7636
+0.01837,+19.7147
+0.01887,+19.9508
+0.01925,+20.3049
+0.01962,+20.5234
+0.02,+20.661
+0.0205,+20.972
+0.02088,+21.2359
+0.02125,+21.3874
+0.02163,+21.633
+0.02201,+21.8913
+0.02238,+22.1718
+0.02288,+22.485
+0.02325,+22.0241
+0.02362,+21.7097
+0.024,+22.1198
+0.02437,+22.1942
+0.02489,+21.8075
+0.02525,+21.626
+0.02563,+21.3881
+0.026,+21.6067
+0.02637,+21.655
+0.02688,+22.0086
+0.02725,+22.7765
+0.02762,+23.3688
+0.028,+23.5361
+0.02838,+23.8171
+0.02888,+24.4393
+0.02926,+24.9331
+0.02963,+25.4463
+0.03,+25.4655
+0.03037,+25.6329
+0.03101,+25.543
+0.03127,+25.4148
+0.03163,+25.4403
+0.032,+25.6109
+0.03237,+25.6017
+0.03288,+25.2899
+0.03326,+25.216
+0.03362,+25.3895
+0.034,+25.4381
+0.03437,+25.555
+0.0349,+25.5221
+0.03538,+25.6271
+0.03565,+25.7054
+0.036,+25.4354
+0.0365,+25.2524
+0.03688,+25.4971
+0.03728,+25.502
+0.03763,+25.3294
+0.03801,+25.2684
+0.03837,+25.1235
+0.03887,+25.0151
+0.03926,+24.8917
+0.03963,+24.6398
+0.04,+24.9103
+0.04037,+24.8527
+0.04088,+24.8092
+0.04125,+24.4555
+0.04163,+24.3237
+0.042,+24.0999
+0.04237,+23.6639
+0.04288,+23.6824
+0.04325,+23.6
+0.04362,+23.5466
+0.044,+23.2413
+0.04438,+22.7458
+0.04488,+22.7666
+0.04526,+22.9713
+0.04563,+22.9679
+0.04601,+22.9092
+0.04638,+23.2871
+0.04713,+23.0988
+0.04736,+22.5824
+0.04775,+22.4662
+0.04801,+22.2022
+0.04837,+22.4478
+0.04887,+22.2215
+0.04999,+22.1922
+0.05024,+21.955
+0.05052,+21.924
+0.05088,+21.8257
+0.05125,+21.8697
+0.05162,+22.4908
+0.052,+22.4388
+0.05237,+22.3147
+0.05288,+22.2425
+0.05325,+22.3735
+0.05363,+22.3083
+0.054,+22.1779
+0.05437,+22.5305
+0.05501,+22.5117
+0.05526,+22.4214
+0.05562,+22.3009
+0.056,+22.0124
+0.05637,+21.7294
+0.05687,+22.0483
+0.05725,+21.8697
+0.05763,+22.1081
+0.058,+22.7256
+0.05837,+22.6752
+0.05887,+22.8845
+0.05925,+22.8749
+0.05963,+23.0608
+0.06,+23.6309
+0.06037,+24.5228
+0.06088,+24.2958
+0.06138,+24.679
+0.06162,+24.7376
+0.06201,+24.03
+0.06237,+23.7821
+0.06287,+23.9438
+0.06324,+24.2548
+0.06363,+24.2554
+0.064,+24.273
+0.06437,+24.2263
+0.06487,+24.3243
+0.06526,+24.3399
+0.06563,+24.4133
+0.066,+25.0573
+0.06638,+25.5092
+0.06688,+25.1653
+0.06725,+25.1033
+0.06763,+25.1751
+0.068,+25.4113
+0.06837,+25.6583
+0.06887,+26.0866
+0.06925,+26.2375
+0.06962,+26.6638
+0.07,+26.8722
+0.07037,+27.0878
+0.07088,+27.5488
+0.07125,+27.7843
+0.07163,+28.0006
+0.07201,+28.3624
+0.07237,+28.5777
+0.07288,+28.8092
+0.07325,+29.1942
+0.07362,+28.2785
+0.074,+28.4465
+0.07437,+28.4888
+0.07487,+28.572
+0.07524,+29.1155
+0.07563,+28.5464
+0.076,+27.661
+0.07637,+27.6836
+0.07688,+27.8943
+0.07725,+28.1647
+0.07762,+29.3764
+0.07801,+29.2629
+0.07837,+28.968
+0.07888,+29.3367
+0.07925,+28.9429
+0.07963,+29.3849
+0.08001,+30.7734
+0.08037,+31.015
+0.08088,+30.7241
+0.08126,+30.6828
+0.08175,+29.8445
+0.08201,+29.4176
+0.08238,+29.0788
+0.08288,+28.7397
+0.08325,+29.408
+0.08362,+30.0837
+0.084,+29.3667
+0.08437,+28.9518
+0.08488,+28.8136
+0.08525,+28.4951
+0.08562,+29.0846
+0.08613,+29.0294
+0.08646,+29.0126
+0.08688,+28.6063
+0.08725,+27.4176
+0.08762,+26.4711
+0.088,+25.8241
+0.08838,+25.2384
+0.08888,+25.122
+0.08925,+24.4895
+0.08963,+23.7462
+0.09,+23.7531
+0.09037,+23.6748
+0.09089,+23.6742
+0.09125,+23.5959
+0.09163,+23.4678
+0.09201,+24.0624
+0.09237,+23.8689
+0.09287,+23.4368
+0.09325,+23.4192
+0.09363,+23.6886
+0.094,+23.9238
+0.09437,+24.3091
+0.09491,+24.029
+0.09541,+24.2089
+0.09564,+23.9753
+0.09601,+23.5763
+0.09638,+23.4991
+0.09688,+23.1297
+0.09725,+22.684
+0.09763,+22.8508
+0.09801,+22.6861
+0.09838,+21.7794
+0.09888,+22.032
+0.09925,+21.7851
+0.09963,+21.4643
+0.10001,+21.3541
+0.10038,+21.4564
+0.10087,+21.6573
+0.10126,+21.8476
+0.10163,+21.1828
+0.10201,+21.0524
+0.10238,+21.3111
+0.10289,+20.7194
+0.10326,+20.4274
+0.10363,+20.4891
+0.104,+19.8895
+0.10438,+19.1028
+0.10488,+18.4128
+0.10525,+17.5791
+0.10564,+17.2555
+0.10601,+17.0584
+0.10638,+16.2498
+0.10688,+16.3544
+0.10725,+15.9038
+0.10763,+15.5508
+0.10801,+15.4766
+0.10838,+15.4223
+0.1089,+14.86
+0.10926,+15.1348
+0.10963,+14.5895
+0.11,+14.21
+0.11038,+13.8318
+0.11088,+13.1485
+0.11125,+12.5035
+0.11163,+12.6721
+0.11213,+12.0831
+0.11251,+11.8569
+0.11288,+11.7879
+0.11325,+11.039
+0.11364,+10.9845
+0.11401,+10.3063
+0.11438,+10.0912
+0.11489,+9.27279
+0.11526,+9.33222
+0.11563,+8.33521
+0.11601,+8.07893
+0.11637,+7.84235
+0.11689,+7.9174
+0.11726,+7.69686
+0.11763,+7.21749
+0.118,+6.86314
+0.11838,+6.7531
+0.11888,+6.6005
+0.11926,+6.32859
+0.11963,+6.31799
+0.12001,+5.96403
+0.12038,+5.43054
+0.12088,+5.12057
+0.12125,+5.12785
+0.12164,+5.02194
+0.12202,+4.84641
+0.12238,+4.65811
+0.12288,+4.8459
+0.12326,+4.63375
+0.12363,+4.28682
+0.12401,+4.18434
+0.12437,+4.19183
+0.12488,+4.08897
+0.12526,+3.96673
+0.12563,+3.57009
+0.12601,+3.39629
+0.12638,+3.3565
+0.12688,+3.15348
+0.12725,+3.09165
+0.12764,+3.11851
+0.12801,+3.11943
+0.12838,+3.0896
+0.12888,+2.96976
+0.12926,+2.8385
+0.12963,+3.01056
+0.13001,+2.82526
+0.13037,+2.51745
+0.13089,+2.56938
+0.13126,+2.55345
+0.13163,+2.57562
+0.13213,+2.55491
+0.1324,+2.47115
+0.13288,+2.4058
+0.13326,+2.24919
+0.13363,+2.32447
+0.13402,+2.38458
+0.13438,+2.83635
+0.13489,+2.82491
+0.13526,+2.88469
+0.13563,+2.8435
+0.13601,+2.88022
+0.13638,+3.00804
+0.13688,+3.18056
+0.13725,+3.26133
+0.13764,+3.21037
+0.13801,+3.2561
+0.13838,+3.20022
+0.13888,+3.22461
+0.13926,+3.10934
+0.13963,+3.15868
+0.14001,+3.05597
+0.14038,+2.97781
+0.14089,+2.87043
+0.14126,+2.74868
+0.14163,+2.54769
+0.14201,+2.43833
+0.14239,+2.4168
+0.14289,+2.35927
+0.14326,+2.30469
+0.14363,+2.29599
+0.14402,+2.30681
+0.14438,+2.2908
+0.14488,+2.11336
+0.14526,+2.24568
+0.14563,+2.24587
+0.14601,+2.43085
+0.14638,+2.27788
+0.14688,+2.19261
+0.14727,+2.17417
+0.14763,+1.9685
+0.148,+1.91242
+0.14838,+1.67489
+0.14888,+1.60679
+0.14926,+1.7224
+0.14963,+1.64942
+0.15001,+1.37059
+0.15039,+1.29566
+0.15089,+1.25926
+0.15126,+1.30909
+0.15239,+1.31051
+0.15258,+1.12409
+0.15288,+1.10706
+0.15325,+0.97295
+0.15363,+0.722048
+0.154,+0.689031
+0.15437,+0.84843
+0.15488,+0.700718
+0.15525,+0.624173
+0.15562,+0.397926
+0.15601,+0.407251
+0.15639,+0.39688
+0.15687,+0.480149
+0.15725,+0.860222
+0.15763,+0.720929
+0.158,+0.792189
+0.15839,+0.548846
+0.15889,+0.588763
+0.15926,+0.605074
+0.15963,+0.674847
+0.16,+0.534891
+0.16037,+0.526783
+0.16088,+0.473432
+0.16125,+0.0364029
+0.16163,+0.110303
+0.162,-0.129578
+0.16251,-0.292031
+0.16288,-0.290516
+0.16325,-0.482898
+0.16362,-0.597471
+0.16401,-0.670307
+0.16439,-0.776259
+0.16475,-0.909299
+0.16538,-0.936976
+0.16565,-1.26217
+0.16601,-1.37105
+0.16638,-1.50916
+0.16688,-1.91347
+0.16725,-2.23909
+0.16763,-2.68185
+0.16801,-2.98048
+0.16838,-3.21737
+0.16888,-3.66487
+0.16925,-4.08385
+0.16963,-4.46364
+0.17,-5.04154
+0.17038,-5.42046
+0.17088,-6.00901
+0.17125,-6.38991
+0.17163,-7.07272
+0.17201,-7.70622
+0.17238,-8.3981
+0.17288,-9.05837
+0.17325,-9.80674
+0.17363,-10.4186
+0.17401,-11.0964
+0.17438,-11.8263
+0.17489,-12.2852
+0.17526,-13.2404
+0.17563,-13.6292
+0.176,-14.4573
+0.17638,-15.3074
+0.17688,-15.9711
+0.17725,-16.6658
+0.17763,-17.5179
+0.17801,-18.1519
+0.17838,-19.0982
+0.17889,-19.9467
+0.17925,-20.7047
+0.17963,-21.5351
+0.18001,-22.1974
+0.18039,-22.9477
+0.18088,-23.7926
+0.18125,-24.5011
+0.18163,-25.1425
+0.182,-25.8457
+0.18238,-26.3592
+0.18289,-27.0787
+0.18326,-27.8008
+0.18363,-28.5211
+0.18401,-29.3121
+0.18438,-30.0832
+0.18488,-30.8447
+0.18525,-31.5668
+0.18563,-32.3599
+0.18601,-33.0992
+0.1865,-33.7604
+0.18689,-34.5717
+0.18726,-35.066
+0.18763,-35.6918
+0.18801,-36.2302
+0.18838,-36.7182
+0.18888,-37.378
+0.18925,-37.9543
+0.18963,-38.3461
+0.19,-38.8767
+0.19039,-39.4102
+0.19089,-39.5604
+0.19126,-40.0861
+0.19163,-40.5848
+0.192,-40.9683
+0.19239,-41.4623
+0.19289,-41.7514
+0.19326,-42.1042
+0.19364,-42.4442
+0.19401,-42.676
+0.19438,-43.113
+0.19488,-43.5163
+0.19526,-43.6964
+0.19563,-43.921
+0.196,-44.1172
+0.19638,-44.1038
+0.19688,-44.1156
+0.19725,-44.1713
+0.19764,-44.2282
+0.198,-44.2915
+0.19839,-44.1007
+0.19888,-44.1469
+0.19926,-44.0156
+0.19963,-43.7638
+0.20001,-43.5814
+0.20038,-43.4691
+0.20089,-48.7791
+0.20126,-48.4956
+0.20163,-48.1797
+0.202,-47.709
+0.20239,-47.4308
+0.20289,-46.8975
+0.20326,-46.4973
+0.20363,-45.9963
+0.20401,-45.49
+0.20439,-44.8904
+0.20488,-44.4609
+0.20526,-43.8718
+0.20563,-43.3457
+0.20601,-42.8638
+0.20639,-42.2426
+0.20689,-41.8641
+0.20725,-41.2739
+0.20763,-40.8217
+0.20801,-40.1591
+0.20838,-39.4414
+0.20888,-38.7418
+0.20926,-38.0182
+0.20963,-37.4099
+0.21001,-36.6703
+0.21039,-36.0091
+0.21089,-35.2871
+0.21127,-34.6387
+0.21163,-33.9994
+0.21201,-33.4311
+0.2124,-32.8364
+0.21288,-32.1444
+0.21326,-31.6484
+0.21363,-31.0029
+0.21401,-30.49
+0.21439,-29.7549
+0.21488,-29.0317
+0.21526,-28.4587
+0.21563,-27.7556
+0.21601,-27.0328
+0.21639,-26.4873
+0.21688,-26.0128
+0.21726,-25.3092
+0.21763,-24.6979
+0.21801,-23.9747
+0.21839,-23.5623
+0.21888,-22.9876
+0.21926,-22.347
+0.21964,-21.7353
+0.22002,-21.1775
+0.22039,-20.6151
+0.22089,-19.9482
+0.22126,-19.5821
+0.22163,-19.0566
+0.222,-18.6152
+0.22239,-18.0116
+0.22289,-17.5603
+0.22326,-17.1479
+0.22364,-16.7286
+0.22401,-16.2084
+0.22438,-15.8445
+0.22489,-15.4202
+0.22526,-14.7501
+0.22564,-14.2555
+0.22601,-13.7854
+0.22639,-13.1399
+0.22688,-12.6217
+0.22726,-11.9651
+0.22763,-11.4397
+0.22801,-11.0535
+0.22839,-10.3816
+0.22889,-9.99724
+0.22926,-9.60985
+0.22963,-9.08502
+0.23001,-8.70561
+0.23039,-8.38324
+0.23076,-7.83942
+0.23126,-7.34947
+0.23163,-6.98238
+0.23201,-6.47447
+0.23238,-6.03453
+0.23275,-5.41327
+0.23326,-4.92078
+0.23376,-4.52511
+0.23403,-3.81377
+0.23439,-3.35956
+0.23489,-2.89946
+0.23526,-2.51093
+0.23563,-1.95022
+0.23601,-1.40502
+0.23639,-1.0531
+0.23676,-0.5975
+0.23726,-0.194294
+0.23764,+0.251751
+0.23801,+0.595285
+0.23839,+1.1584
+0.23876,+1.50037
+0.23926,+2.03216
+0.23964,+2.49782
+0.24001,+2.77082
+0.24039,+3.31389
+0.24089,+3.72327
+0.24126,+4.18964
+0.24164,+4.68843
+0.24201,+5.08905
+0.24239,+5.49881
+0.24289,+5.91779
+0.24326,+6.28005
+0.24363,+6.80444
+0.24402,+7.26591
+0.24439,+7.6461
+0.24489,+8.11251
+0.24526,+8.44579
+0.24563,+8.72512
+0.24601,+9.12225
+0.24639,+9.41598
+0.24676,+9.80488
+0.24726,+10.2662
+0.24763,+10.4797
+0.24801,+10.8826
+0.24839,+11.2264
+0.24876,+11.4721
+0.24926,+11.8029
+0.24964,+12.0969
+0.25001,+12.3877
+0.25039,+12.6274
+0.25089,+12.9964
+0.25126,+13.1535
+0.25163,+13.3323
+0.25201,+13.4374
+0.25239,+13.4345
+0.25288,+13.5135
+0.25327,+13.6157
+0.25364,+13.7285
+0.2548,+13.7448
+0.25497,+13.8207
+0.25526,+13.7849
+0.25564,+13.7976
+0.25601,+13.891
+0.25637,+13.8432
+0.25689,+13.9536
+0.25726,+14.1256
+0.25763,+14.0622
+0.258,+13.6222
+0.25838,+13.6582
+0.25876,+13.6117
+0.25926,+13.4678
+0.25963,+13.3439
+0.26001,+13.1766
+0.26038,+13.0389
+0.26075,+12.934
+0.26126,+12.7497
+0.26163,+12.6513
+0.26201,+13.0218
+0.26238,+12.8206
+0.26275,+12.7794
+0.26326,+12.7905
+0.26363,+12.6781
+0.26401,+12.6222
+0.26438,+12.7691
+0.26488,+12.9212
+0.26526,+12.9776
+0.26563,+13.0906
+0.266,+13.0806
+0.26638,+13.2917
+0.26676,+13.3355
+0.26725,+13.5404
+0.26763,+13.6863
+0.26801,+13.9625
+0.26839,+14.1136
+0.26875,+14.1548
+0.26926,+14.2087
+0.26963,+14.3518
+0.27,+14.1658
+0.27039,+14.3446
+0.27076,+14.6547
+0.27126,+14.7767
+0.27163,+15.189
+0.27201,+15.4111
+0.27239,+15.6438
+0.27288,+15.9318
+0.27325,+16.301
+0.27363,+16.5733
+0.27401,+17.2719
+0.27438,+17.4358
+0.27489,+17.5293
+0.27526,+17.7265
+0.27563,+17.878
+0.27601,+18.0249
+0.27638,+18.2871
+0.27676,+18.617
+0.27726,+18.7933
+0.27763,+19.0235
+0.27801,+19.1898
+0.27839,+19.4342
+0.27876,+19.7256
+0.27926,+20.0124
+0.27963,+20.0731
+0.28001,+19.7992
+0.28038,+19.7206
+0.28075,+19.6206
+0.28126,+19.4394
+0.28164,+19.2865
+0.28201,+19.2657
+0.28239,+19.302
+0.28275,+19.1756
+0.28325,+18.8891
+0.28364,+18.9172
+0.28413,+19.3894
+0.28438,+19.5484
+0.28476,+19.3666
+0.28526,+19.3738
+0.28563,+19.5016
+0.28601,+19.047
+0.28638,+18.7437
+0.28676,+18.5116
+0.28725,+18.5296
+0.28764,+18.3161
+0.28801,+18.1393
+0.28839,+17.7676
+0.28875,+17.7139
+0.28926,+17.6204
+0.28963,+17.3762
+0.29001,+17.683
+0.29038,+17.7256
+0.29076,+17.9589
+0.29126,+17.7349
+0.29164,+17.6006
+0.29201,+17.2649
+0.29238,+17.2217
+0.29275,+17.174
+0.29326,+17.0923
+0.29364,+17.1924
+0.29401,+17.0103
+0.29438,+16.7979
+0.29488,+16.5554
+0.29526,+16.4975
+0.29564,+16.4443
+0.29601,+16.4814
+0.29638,+16.4342
+0.29676,+16.3182
+0.29726,+16.0964
+0.29763,+15.9882
+0.29801,+15.731
+0.29839,+15.6992
+0.29876,+15.5536
+0.29926,+15.4601
+0.29963,+15.586
+0.30001,+15.503
+0.30039,+15.4698
+0.30075,+15.2554
+0.30125,+15.248
+0.30164,+15.0715
+0.30201,+15.0916
+0.30239,+14.9623
+0.30276,+14.8142
+0.30326,+14.8877
+0.30363,+14.6821
+0.30401,+14.5265
+0.30439,+14.3276
+0.30489,+14.4533
+0.30526,+14.3788
+0.30563,+14.1727
+0.30601,+14.1491
+0.30639,+13.9559
+0.30677,+13.8566
+0.30726,+13.5904
+0.30764,+13.3977
+0.30801,+12.9165
+0.30838,+12.7278
+0.30875,+12.4582
+0.30926,+12.381
+0.30964,+12.2082
+0.31001,+11.9601
+0.31039,+11.9157
+0.31076,+11.4414
+0.31126,+11.223
+0.31163,+11.0546
+0.31201,+10.9725
+0.31238,+10.5894
+0.31288,+10.3603
+0.31326,+9.85372
+0.31366,+9.42347
+0.31402,+9.20969
+0.31453,+9.13764
+0.3148,+9.10961
+0.31526,+9.03542
+0.31564,+8.80209
+0.31601,+8.80088
+0.31639,+8.63995
+0.31676,+8.5897
+0.31727,+8.8469
+0.31764,+8.73575
+0.31801,+8.52658
+0.31839,+8.26334
+0.31879,+8.45941
+0.31927,+8.12621
+0.31963,+7.96581
+0.32001,+8.01427
+0.32038,+8.00623
+0.32076,+7.84434
+0.32126,+7.49201
+0.32164,+7.64009
+0.32202,+7.7666
+0.32239,+7.66234
+0.32276,+7.16597
+0.32326,+6.92442
+0.32364,+6.84459
+0.32401,+6.70315
+0.3244,+6.81401
+0.32489,+6.70908
+0.32526,+6.77498
+0.32564,+6.78886
+0.32602,+6.56688
+0.32639,+6.40574
+0.32676,+6.19393
+0.32726,+6.32226
+0.32765,+6.07943
+0.32801,+5.90445
+0.32838,+5.38363
+0.32876,+5.13128
+0.32927,+4.72476
+0.32964,+4.45113
+0.33001,+4.1811
+0.33039,+3.89234
+0.33076,+4.00299
+0.33127,+3.68201
+0.33164,+3.55556
+0.33201,+3.20396
+0.33239,+3.21599
+0.33276,+2.86533
+0.33326,+2.68734
+0.33364,+2.34921
+0.33402,+2.09038
+0.33439,+1.83603
+0.33476,+1.41443
+0.33526,+1.1865
+0.33565,+0.833885
+0.33602,+0.419179
+0.33639,-0.00462406
+0.33676,-0.379387
+0.33727,-0.770972
+0.33764,-1.17603
+0.33801,-1.52255
+0.33839,-1.95726
+0.33877,-2.25497
+0.33926,-2.63531
+0.33964,-2.99468
+0.34001,-3.30997
+0.34039,-3.69586
+0.34076,-3.88185
+0.34126,-4.22567
+0.34164,-4.51965
+0.34202,-4.98859
+0.34239,-5.34238
+0.34276,-5.88195
+0.34326,-6.26014
+0.34364,-6.73072
+0.34401,-7.05787
+0.34438,-7.43415
+0.34489,-7.77582
+0.34527,-8.15783
+0.34564,-8.56953
+0.34601,-8.79689
+0.34639,-9.16425
+0.34677,-9.50211
+0.34726,-9.8085
+0.34763,-10.034
+0.34801,-10.2057
+0.34839,-10.4737
+0.34877,-10.8969
+0.34926,-11.1075
+0.34964,-11.2748
+0.35001,-11.4701
+0.35039,-11.6209
+0.35076,-11.6925
+0.35127,-11.8777
+0.35164,-12.1266
+0.35203,-12.3599
+0.3524,-12.4812
+0.35276,-12.5799
+0.35327,-12.8235
+0.35364,-13.2005
+0.35402,-13.4778
+0.35439,-13.6212
+0.35477,-13.8582
+0.35527,-14.1334
+0.35564,-14.3219
+0.35601,-14.6554
+0.3572,-14.904
+0.35746,-15.1117
+0.35776,-15.2699
+0.35802,-15.4439
+0.35839,-15.7664
+0.35877,-16.167
+0.35926,-16.4783
+0.35964,-16.7989
+0.36002,-17.2006
+0.36039,-17.6947
+0.36076,-18.0403
+0.36127,-18.5548
+0.36164,-19.1712
+0.36202,-19.6646
+0.36239,-20.239
+0.36276,-20.8625
+0.36327,-21.4639
+0.36364,-21.8881
+0.36401,-22.4577
+0.36439,-22.994
+0.3648,-23.6011
+0.36527,-24.1865
+0.36564,-24.845
+0.36601,-25.5029
+0.3664,-26.026
+0.36677,-26.4971
+0.36727,-27.0536
+0.36764,-27.7458
+0.36802,-28.4202
+0.36839,-28.9643
+0.36876,-29.5698
+0.36926,-30.1131
+0.36964,-30.5338
+0.37002,-31.0249
+0.37039,-31.5179
+0.37077,-32.0146
+0.37127,-32.477
+0.37164,-32.8987
+0.37201,-33.2593
+0.3724,-33.5724
+0.37277,-33.8049
+0.37327,-33.9828
+0.37364,-34.2261
+0.37401,-34.5132
+0.3744,-34.5488
+0.37477,-34.7095
+0.37527,-34.8606
+0.37564,-35.0887
+0.37602,-35.0742
+0.3764,-35.1766
+0.37676,-35.3158
+0.37726,-35.3538
+0.37765,-35.3504
+0.37802,-35.2247
+0.37839,-35.327
+0.37877,-35.2269
+0.37927,-35.1465
+0.37964,-35.0742
+0.38002,-34.8901
+0.38039,-34.7461
+0.38076,-34.6237
+0.38126,-34.6545
+0.38164,-34.677
+0.38202,-34.5565
+0.38239,-34.5719
+0.38278,-34.538
+0.38327,-34.4875
+0.38364,-34.2998
+0.38401,-34.2363
+0.3844,-34.0928
+0.3849,-33.9949
+0.38539,-33.7963
+0.38577,-33.5638
+0.38603,-33.5684
+0.38639,-33.2551
+0.38677,-33.1347
+0.38727,-32.9504
+0.38764,-32.6936
+0.38802,-32.54
+0.38839,-32.268
+0.38877,-32.0484
+0.38927,-31.7545
+0.38964,-31.5504
+0.39001,-31.204
+0.3904,-30.9699
+0.39077,-30.5705
+0.39126,-30.0556
+0.39165,-29.738
+0.39202,-29.3686
+0.39239,-29.0495
+0.39277,-28.5226
+0.39327,-28.0331
+0.39364,-27.4418
+0.39402,-26.8168
+0.39439,-26.1748
+0.39476,-25.6305
+0.39526,-25.1553
+0.39564,-24.556
+0.39601,-24.0135
+0.3964,-23.4153
+0.39677,-22.8332
+0.39727,-22.2605
+0.39764,-21.6298
+0.39802,-20.9442
+0.39839,-20.3109
+0.39877,-19.5877
+0.39926,-18.9199
+0.39965,-18.3304
+0.40002,-17.6288
+0.40039,-16.8221
+0.40077,-16.091
+0.40127,-15.2518
+0.40164,-13.903
+0.40202,-13.2826
+0.40239,-12.6165
+0.4028,-11.9716
+0.40332,-11.1833
+0.40368,-10.5442
+0.40405,-9.81961
+0.40443,-9.13228
+0.40481,-8.48967
+0.40533,-7.90786
+0.40569,-7.37792
+0.40606,-6.79984
+0.40644,-6.16823
+0.40681,-5.55523
+0.40732,-4.99027
+0.40768,-4.30876
+0.40803,-3.70148
+0.40843,-3.22686
+0.40884,-2.77696
+0.40931,-2.63434
+0.40968,-1.9258
+0.41005,-1.41837
+0.41044,-1.05059
+0.4108,-0.601479
+0.41132,-0.168434
+0.41169,+0.374502
+0.41206,+0.640519
+0.41243,+1.02178
+0.41281,+1.2717
+0.41331,+1.95386
+0.41369,+2.13589
+0.41406,+2.48253
+0.41444,+2.58492
+0.41481,+2.97738
+0.4153,+3.07246
+0.41565,+3.1574
+0.41605,+3.47458
+0.41641,+3.6119
+0.41679,+4.07894
+0.41732,+4.10203
+0.41768,+4.25671
+0.41806,+4.32124
+0.41844,+4.79336
+0.4188,+4.54139
+0.4193,+4.59631
+0.41969,+4.85447
+0.42004,+4.92521
+0.42043,+5.07942
+0.42081,+5.07096
+0.42133,+5.19795
+0.42169,+5.26248
+0.42206,+5.28982
+0.42244,+5.22591
+0.42281,+5.63467
+0.42332,+5.54456
+0.42368,+5.40248
+0.42406,+5.43126
+0.42443,+5.29908
+0.42479,+5.22068
+0.42529,+5.13992
+0.42566,+4.82839
+0.42605,+4.86416
+0.42643,+4.80788
+0.42681,+4.58779
+0.42732,+4.58493
+0.42768,+4.56821
+0.42806,+4.26635
+0.42843,+4.32886
+0.42881,+4.24509
+0.42932,+4.05112
+0.42968,+4.04935
+0.43006,+3.82279
+0.43043,+3.50695
+0.4308,+3.30176
+0.43132,+3.25209
+0.43168,+2.94397
+0.43205,+2.73664
+0.43245,+2.31063
+0.43282,+1.90271
+0.43332,+1.38453
+0.43368,+1.04618
+0.43405,+0.718388
+0.43445,+0.33585
+0.43481,-0.0719598
+0.43532,-0.360822
+0.43568,-0.744813
+0.43606,-1.07981
+0.43642,-1.44912
+0.43679,-1.75679
+0.43729,-1.9077
+0.43767,-2.17129
+0.43806,-2.58584
+0.43842,-3.01166
+0.43882,-3.15782
+0.43932,-3.59562
+0.43968,-3.80006
+0.44005,-3.98676
+0.44044,-4.24136
+0.44081,-4.4731
+0.44132,-4.55525
+0.44168,-4.62078
+0.44205,-4.69113
+0.44244,-4.53531
+0.44282,-4.64755
+0.44331,-4.61531
+0.44368,-4.65847
+0.44405,-4.50103
+0.44443,-4.14939
+0.44482,-3.97541
+0.44531,-3.71793
+0.44569,-3.49389
+0.44606,-3.16459
+0.44645,-3.01464
+0.44682,-2.73476
+0.44732,-2.39162
+0.44769,-1.96992
+0.44806,-1.82436
+0.44842,-1.718
+0.44879,-1.46846
+0.44929,-1.23234
+0.44967,-0.942939
+0.45006,-0.772129
+0.45044,-0.402842
+0.45081,-0.186143
+0.45133,+0.0891396
+0.45167,+0.226633
+0.45205,+0.477903
+0.45244,+0.616827
+0.45282,+0.895035
+0.45331,+0.85384
+0.45369,+0.887871
+0.45405,+1.07448
+0.45444,+1.11727
+0.45484,+1.14657
+0.45532,+1.13906
+0.4557,+1.15035
+0.45607,+1.25489
+0.45644,+1.27562
+0.45681,+1.21633
+0.45732,+1.34011
+0.4577,+1.20743
+0.45807,+0.965308
+0.45844,+0.960619
+0.45959,+0.633542
+0.45978,+0.573531
+0.46007,+0.538763
+0.46042,+0.42401
+0.4608,+0.133234
+0.46131,-0.0304792
+0.46165,-0.135146
+0.46202,-0.264392
+0.4624,-0.295035
+0.46277,-0.529897
+0.46327,-0.511467
+0.46365,-0.687114
+0.46402,-0.930761
+0.46439,-1.03494
+0.46481,-1.02296
+0.46527,-1.05187
+0.46564,-1.2311
+0.46603,-1.2713
+0.46655,-1.38473
+0.46677,-1.44324
+0.46727,-1.50119
+0.46765,-1.64251
+0.46802,-1.5643
+0.4684,-1.65136
+0.46877,-1.77671
+0.46928,-1.98649
+0.46965,-1.83803
+0.47002,-1.87337
+0.4704,-1.76042
+0.47077,-1.8839
+0.47127,-1.80119
+0.47165,-1.77302
+0.47202,-2.07092
+0.4724,-2.26267
+0.47277,-2.17515
+0.47328,-2.25172
+0.47365,-2.66219
+0.47402,-2.77147
+0.47439,-2.93477
+0.47514,-2.86884
+0.47543,-2.89754
+0.47571,-2.96029
+0.47602,-2.8309
+0.47642,-2.82683
+0.47678,-2.77912
+0.47727,-2.65593
+0.47765,-2.40022
+0.47802,-2.42663
+0.4784,-2.48602
+0.47879,-2.54733
+0.47927,-2.65172
+0.47964,-2.57716
+0.48003,-2.71075
+0.4804,-2.68135
+0.48083,-2.81975
+0.48114,-2.8908
+0.48165,-3.27997
+0.48202,-3.31764
+0.4824,-3.41035
+0.48278,-3.56157
+0.48328,-3.80692
+0.48365,-4.04115
+0.48402,-4.06887
+0.4844,-4.41016
+0.48481,-4.68792
+0.48528,-5.09087
+0.48565,-5.11207
+0.48602,-5.41388
+0.48639,-5.58871
+0.48678,-5.81876
+0.48727,-5.9515
+0.48765,-6.20741
+0.48803,-6.43677
+0.48841,-6.54221
+0.48878,-6.72314
+0.48928,-6.58025
+0.48965,-6.72319
+0.49003,-6.78248
+0.4904,-6.83717
+0.49077,-6.84136
+0.49128,-6.80058
+0.49165,-6.84901
+0.49202,-6.97208
+0.4924,-6.82458
+0.49279,-6.63398
+0.49328,-6.82653
+0.49365,-6.79722
+0.49402,-6.6489
+0.49439,-6.64713
+0.49482,-6.56851
+0.49527,-6.58572
+0.49565,-6.48681
+0.49602,-6.5712
+0.4964,-6.58152
+0.4969,-6.52789
+0.49727,-6.3667
+0.49765,-6.2588
+0.49803,-6.39232
+0.4984,-6.30996
+0.49878,-6.32196
+0.49914,-6.11393
+0.49965,-6.17282
+0.50002,-5.89032
+0.5004,-5.87963
+0.50077,-6.102
+0.50114,-6.13985
+0.50166,-6.10566
+0.50203,-6.26294
+0.5024,-6.42101
+0.50279,-6.52594
+0.50327,-6.78745
+0.50365,-6.87495
+0.50402,-7.13327
+0.5044,-7.42441
+0.50481,-7.37822
+0.50515,-7.68624
+0.50566,-7.9913
+0.50606,-7.94976
+0.5064,-8.02412
+0.50681,-8.15641
+0.50728,-8.39751
+0.50765,-8.53235
+0.50803,-8.68193
+0.5084,-8.71552
+0.50878,-8.9437
+0.50928,-8.89863
+0.50965,-8.94786
+0.51002,-9.09805
+0.5104,-9.19828
+0.51079,-9.22267
+0.51115,-9.23239
+0.51167,-9.30075
+0.51203,-9.22976
+0.5124,-9.31013
+0.51278,-9.24087
+0.51328,-9.29506
+0.51365,-9.32461
+0.51403,-9.18908
+0.5144,-9.21038
+0.51481,-9.33514
+0.51528,-9.24499
+0.51566,-9.23959
+0.51602,-9.30062
+0.51641,-9.29956
+0.51679,-9.30632
+0.51715,-9.20266
+0.51765,-9.17691
+0.51802,-9.30967
+0.51842,-9.38765
+0.51878,-9.35269
+0.51915,-9.3182
+0.51965,-9.02535
+0.52002,-8.93264
+0.5204,-8.66335
+0.52078,-8.56682
+0.52115,-8.4684
+0.52166,-8.38643
+0.52203,-8.13005
+0.5224,-7.87088
+0.52279,-7.52654
+0.52327,-7.39113
+0.52366,-7.33239
+0.52402,-7.01895
+0.5244,-7.03319
+0.52481,-6.95893
+0.52528,-6.78732
+0.52565,-6.60069
+0.52602,-6.39091
+0.52641,-6.21251
+0.52678,-6.17467
+0.52728,-5.95974
+0.52765,-5.78525
+0.52803,-5.59163
+0.5284,-5.28351
+0.52878,-4.95227
+0.52929,-4.70964
+0.52965,-4.40707
+0.53003,-4.2303
+0.5304,-4.04201
+0.53078,-3.78796
+0.53114,-3.51896
+0.53165,-3.52752
+0.53203,-3.34848
+0.5324,-3.17892
+0.53278,-3.06669
+0.53328,-2.88486
+0.53365,-2.72455
+0.53402,-2.54468
+0.5344,-2.30743
+0.53481,-2.0298
+0.53514,-1.9826
+0.53566,-1.5927
+0.53603,-1.56876
+0.5364,-1.30271
+0.53677,-1.01718
+0.53715,-0.920568
+0.53778,-0.789224
+0.53805,-0.636992
+0.53841,-0.659549
+0.53879,-0.57
+0.53915,-0.284381
+0.53965,-0.262037
+0.54003,+0.045398
+0.5404,-0.0469584
+0.54078,+0.0588574
+0.54114,+0.241044
+0.54165,+0.323248
+0.54203,+0.371678
+0.54241,+0.558344
+0.54279,+0.692126
+0.54315,+0.48367
+0.54366,+0.671272
+0.54403,+0.626529
+0.5444,+0.729971
+0.54481,+0.736041
+0.54516,+0.833795
+0.54566,+1.01347
+0.54603,+1.17744
+0.5464,+1.40162
+0.54678,+1.51555
+0.54715,+1.76066
+0.54765,+1.7225
+0.54803,+1.847
+0.54841,+2.01217
+0.54878,+2.05135
+0.54915,+2.04934
+0.54966,+2.22882
+0.55003,+2.27272
+0.5504,+2.26611
+0.55079,+2.17747
+0.55115,+2.40644
+0.55166,+2.56764
+0.55203,+2.74463
+0.55241,+2.84256
+0.55278,+2.76049
+0.55315,+2.89531
+0.55366,+2.68191
+0.55403,+2.74415
+0.5544,+2.80034
+0.55481,+2.91046
+0.55515,+2.8073
+0.55566,+2.72194
+0.55603,+2.52735
+0.5564,+2.47924
+0.55679,+2.56361
+0.55716,+2.48303
+0.55766,+2.44863
+0.55803,+2.20186
+0.55841,+1.73679
+0.55879,+1.30945
+0.55915,+0.755961
+0.55965,-0.0117774
+0.56003,-0.929267
+0.5604,-1.82544
+0.56079,-2.73973
+0.56199,-3.78011
+0.56218,-4.7614
+0.56247,-5.83006
+0.56277,-6.85838
+0.56315,-7.90569
+0.56365,-9.15076
+0.56403,-10.1578
+0.56439,-11.1381
+0.56479,-12.296
+0.56527,-13.4523
+0.56565,-14.6351
+0.56603,-16.033
+0.5664,-17.3479
+0.56679,-18.5932
+0.56715,-20.0107
+0.56778,-21.2541
+0.56816,-22.4542
+0.56841,-23.7874
+0.56878,-25.0213
+0.56915,-26.3017
+0.56965,-27.627
+0.57003,-28.8042
+0.5704,-29.9935
+0.57078,-30.8894
+0.57115,-31.7591
+0.57165,-32.6447
+0.57203,-33.4914
+0.5724,-33.8414
+0.57278,-34.4717
+0.57314,-34.8616
+0.57365,-35.344
+0.57403,-35.5881
+0.5744,-35.7704
+0.57481,-36.2394
+0.57515,-36.5934
+0.57565,-36.6543
+0.57602,-36.3901
+0.57641,-36.6297
+0.57678,-36.3634
+0.57714,-36.2161
+0.57765,-35.7204
+0.57803,-35.353
+0.5784,-34.9415
+0.57878,-34.25
+0.57915,-33.4568
+0.57965,-32.7699
+0.58003,-32.2842
+0.58041,-31.2924
+0.58078,-30.4765
+0.58115,-29.6151
+0.58166,-28.6845
+0.58203,-27.5814
+0.5824,-26.58
+0.58278,-25.5432
+0.58315,-24.4328
+0.58366,-23.2832
+0.58403,-22.0031
+0.5844,-20.8375
+0.58481,-19.6852
+0.58515,-18.603
+0.58565,-17.6426
+0.58603,-16.518
+0.58641,-15.2686
+0.58679,-14.0902
+0.58715,-13.0407
+0.58765,-11.8227
+0.58804,-10.9266
+0.58841,-10.0348
+0.58878,-9.13121
+0.58915,-8.06984
+0.58966,-7.02363
+0.59003,-6.10155
+0.5904,-5.28726
+0.59079,-4.40399
+0.59115,-3.47716
+0.59165,-2.80145
+0.59203,-2.03882
+0.59241,-1.22459
+0.59278,-0.599339
+0.59315,+0.0939076
+0.59366,+0.864004
+0.59403,+1.4223
+0.5944,+2.12392
+0.59481,+2.64375
+0.59515,+3.0159
+0.59566,+3.46372
+0.59603,+4.16189
+0.5964,+4.60898
+0.59677,+5.24102
+0.59715,+5.7608
+0.59753,+6.03462
+0.59802,+6.50762
+0.59853,+6.80608
+0.59879,+6.90886
+0.59916,+7.33604
+0.59966,+7.48954
+0.60003,+7.53304
+0.6004,+7.60768
+0.60078,+7.54369
+0.60116,+7.45097
+0.60165,+7.32266
+0.60202,+6.94336
+0.60241,+6.70477
+0.60278,+7.03768
+0.60316,+7.03625
+0.60366,+6.92313
+0.60403,+6.91625
+0.6044,+6.65737
+0.6048,+6.67988
+0.60516,+6.37379
+0.60565,+6.5909
+0.60603,+6.78267
+0.6064,+6.57386
+0.60679,+6.43972
+0.60715,+6.32648
+0.60766,+6.67415
+0.60803,+6.60431
+0.60841,+6.90196
+0.60879,+6.90699
+0.60915,+7.25117
+0.60965,+7.15275
+0.61003,+7.24749
+0.61041,+7.29519
+0.61079,+7.15929
+0.61115,+7.24118
+0.61166,+7.24193
+0.61203,+7.28912
+0.61241,+7.16688
+0.61279,+7.09537
+0.61316,+7.17523
+0.61366,+7.25368
+0.61404,+7.27815
+0.6144,+7.3638
+0.61481,+7.44958
+0.61515,+7.07123
+0.61565,+6.79371
+0.61602,+6.88426
+0.61641,+7.09892
+0.61678,+7.39541
+0.61715,+7.40709
+0.61766,+7.47216
+0.61803,+7.50373
+0.61854,+7.56457
+0.6188,+7.74819
+0.61916,+8.20832
+0.61966,+8.45641
+0.62003,+8.44459
+0.62041,+8.42367
+0.6208,+8.3723
+0.62116,+8.37356
+0.62165,+8.44337
+0.62204,+8.44828
+0.6224,+8.51492
+0.62278,+8.29675
+0.62316,+8.22607
+0.62366,+8.19755
+0.62403,+8.00529
+0.62441,+7.78357
+0.6248,+7.7069
+0.62516,+7.50242
+0.62565,+7.2467
+0.62603,+6.89241
+0.62641,+6.81198
+0.62679,+6.56708
+0.62715,+6.30678
+0.62766,+5.95443
+0.62803,+5.69164
+0.6284,+5.33235
+0.62879,+4.83067
+0.62916,+4.3489
+0.62966,+3.85265
+0.63003,+3.40614
+0.63041,+2.5041
+0.63079,+1.88056
+0.63115,+1.21445
+0.63166,+0.610159
+0.63203,-0.045087
+0.63241,-0.660523
+0.63278,-1.35015
+0.63315,-1.95845
+0.63366,-2.6023
+0.63403,-3.1446
+0.6344,-3.73028
+0.63481,-4.32563
+0.63516,-5.01104
+0.63566,-5.56769
+0.63603,-5.99641
+0.6364,-6.39814
+0.63679,-6.72851
+0.63715,-7.0692
+0.63766,-7.41014
+0.63803,-7.59452
+0.63841,-7.63459
+0.63879,-7.72781
+0.63916,-7.4985
+0.63966,-7.44865
+0.64003,-7.46569
+0.6404,-7.27157
+0.64079,-7.24022
+0.64116,-7.03196
+0.64166,-6.73625
+0.64203,-6.46236
+0.64241,-6.12154
+0.6428,-5.69765
+0.64316,-5.45415
+0.64366,-5.14088
+0.64403,-4.81697
+0.64442,-4.42153
+0.64481,-3.87724
+0.64516,-3.31062
+0.64566,-2.7801
+0.64603,-2.36877
+0.64641,-1.88628
+0.64679,-1.4887
+0.64716,-1.02457
+0.64766,-0.640992
+0.64803,+0.0485288
+0.64841,+0.3489
+0.64891,+0.688135
+0.64917,+1.03634
+0.64966,+1.33578
+0.65003,+1.60215
+0.6504,+1.7358
+0.65079,+2.00237
+0.65116,+2.08416
+0.65166,+2.37135
+0.65203,+2.31227
+0.65241,+2.47428
+0.65279,+2.60675
+0.65316,+2.55145
+0.65365,+2.51713
+0.65404,+2.55408
+0.65441,+2.75809
+0.6548,+2.63841
+0.65515,+2.6733
+0.65566,+2.57149
+0.65603,+2.4695
+0.65641,+2.2708
+0.65678,+2.09787
+0.65717,+1.93073
+0.65753,+1.72839
+0.65804,+1.27158
+0.6584,+0.793853
+0.6588,+0.58227
+0.65916,+0.0016712
+0.65967,-0.588322
+0.66004,-1.11237
+0.66042,-1.52014
+0.66078,-2.08679
+0.66117,-2.60604
+0.66153,-3.14094
+0.66203,-3.62352
+0.66241,-4.23802
+0.66279,-4.88785
+0.66317,-5.29626
+0.6644,-5.69388
+0.66465,-6.15793
+0.66485,-6.6977
+0.66516,-7.14111
+0.66566,-7.55381
+0.66603,-8.07597
+0.66641,-8.32895
+0.66679,-8.68342
+0.66716,-8.88856
+0.66766,-9.15295
+0.66804,-9.39382
+0.66841,-9.58222
+0.66879,-9.8461
+0.66916,-10.1324
+0.66966,-10.2836
+0.67004,-10.2994
+0.67042,-10.4056
+0.67079,-10.3417
+0.67116,-10.3481
+0.67166,-10.3437
+0.67203,-10.0963
+0.67242,-9.91439
+0.67278,-9.57197
+0.67315,-9.22672
+0.67366,-8.94252
+0.67404,-8.56636
+0.67441,-8.17839
+0.67481,-7.77726
+0.67516,-7.37322
+0.67566,-6.95185
+0.67603,-6.60285
+0.67641,-6.19369
+0.67679,-5.93318
+0.67716,-5.29245
+0.67766,-4.98771
+0.67804,-4.55677
+0.67841,-4.22881
+0.67879,-3.78216
+0.67929,-3.31136
+0.67966,-3.14122
+0.68003,-2.63555
+0.68042,-2.23987
+0.68079,-1.7722
+0.68117,-1.60623
+0.68167,-1.08277
+0.68203,-0.707365
+0.68241,-0.408751
+0.68279,-0.2001
+0.68316,-0.0490187
+0.68366,+0.550329
+0.68404,+0.640921
+0.68441,+0.763775
+0.6848,+0.83307
+0.68516,+0.954095
+0.68566,+0.766523
+0.68604,+0.662936
+0.68641,+0.624008
+0.68679,+0.478683
+0.68729,+0.24866
+0.68766,-0.0346395
+0.68803,-0.671677
+0.68842,-0.943624
+0.68879,-1.40657
+0.68917,-1.85473
+0.68967,-2.16647
+0.69004,-2.6437
+0.69041,-3.0965
+0.69079,-3.48785
+0.69117,-3.93892
+0.69167,-4.49399
+0.69204,-4.66047
+0.69241,-5.09531
+0.69278,-5.39411
+0.69317,-5.89531
+0.69367,-6.19905
+0.69403,-6.38417
+0.69442,-6.73643
+0.69481,-6.9116
+0.69516,-7.03154
+0.69566,-7.06662
+0.69603,-6.96818
+0.69641,-7.00389
+0.69679,-6.88368
+0.69716,-6.7778
+0.69766,-6.56004
+0.69804,-6.50062
+0.69841,-6.19355
+0.69879,-5.93958
+0.69917,-5.56714
+0.69966,-5.3771
+0.70003,-4.89504
+0.70041,-4.13978
+0.70078,-3.56558
+0.70117,-2.84003
+0.70167,-2.50002
+0.70204,-2.01131
+0.70241,-1.48571
+0.70279,-0.865015
+0.70316,-0.354229
+0.70366,+0.601868
+0.70404,+1.14914
+0.70441,+1.57304
+0.7048,+1.87611
+0.70529,+2.18895
+0.70566,+2.84367
+0.70603,+3.28318
+0.70642,+3.8393
+0.70679,+4.20434
+0.70717,+4.54748
+0.70766,+4.47013
+0.70804,+4.51648
+0.70841,+4.68084
+0.70878,+4.89238
+0.70917,+5.13256
+0.70967,+4.97579
+0.71004,+5.18339
+0.71042,+5.22307
+0.71079,+5.121
+0.71117,+5.23193
+0.71166,+5.38926
+0.71204,+5.45186
+0.71242,+5.29042
+0.71279,+5.08029
+0.71316,+5.01792
+0.71366,+5.27118
+0.71404,+4.8858
+0.71442,+4.77219
+0.7148,+4.85157
+0.71517,+4.70276
+0.71567,+4.32604
+0.71604,+3.98262
+0.71642,+4.0587
+0.71679,+4.31453
+0.71716,+4.50506
+0.71754,+4.4135
+0.71804,+4.82387
+0.71842,+5.02032
+0.71879,+5.26849
+0.71917,+5.62421
+0.71954,+6.29166
+0.72142,+6.89651
+0.7216,+7.42367
+0.72186,+7.88895
+0.7221,+8.17809
+0.72241,+8.7261
+0.7228,+9.22717
+0.7232,+9.65274
+0.72367,+9.47316
+0.72404,+9.6601
+0.72442,+9.93293
+0.72481,+10.1545
+0.72516,+10.0808
+0.72566,+10.006
+0.72604,+9.96363
+0.72641,+9.77996
+0.7268,+9.44921
+0.72717,+9.01668
+0.72766,+9.01522
+0.72803,+8.63993
+0.72842,+7.8931
+0.72879,+6.99661
+0.72918,+6.19446
+0.72967,+5.38993
+0.73004,+4.37167
+0.73041,+3.16811
+0.73079,+2.15918
+0.7313,+1.14518
+0.73166,+0.117699
+0.73204,-1.02996
+0.73241,-1.98058
+0.73278,-2.8797
+0.73318,-3.84313
+0.73367,-4.66701
+0.73404,-5.41744
+0.73442,-5.99488
+0.73481,-6.70488
+0.73517,-7.15199
+0.73566,-7.63189
+0.73605,-7.76104
+0.73642,-7.85256
+0.73679,-7.77919
+0.73717,-7.66296
+0.73767,-7.46234
+0.73804,-7.10714
+0.73842,-6.69256
+0.73879,-6.13223
+0.73918,-5.74198
+0.73967,-5.15766
+0.74004,-4.69488
+0.74041,-4.1896
+0.7408,-3.68319
+0.74117,-3.12342
+0.74166,-2.7151
+0.74204,-2.28388
+0.74242,-1.93841
+0.7428,-1.73748
+0.74317,-1.5032
+0.74366,-1.31441
+0.74404,-1.13643
+0.74442,-1.01568
+0.7448,-1.10378
+0.74529,-1.26648
+0.74566,-1.44217
+0.74604,-1.65582
+0.74642,-1.84828
+0.74679,-1.98605
+0.74717,-2.15378
+0.74754,-2.41359
+0.74804,-2.79132
+0.74841,-3.33981
+0.74879,-3.4892
+0.74917,-3.77922
+0.74967,-3.93407
+0.75004,-3.89345
+0.75041,-3.92807
+0.7508,-3.88107
+0.75129,-3.82528
+0.75167,-3.78047
+0.75205,-3.74451
+0.75243,-3.13137
+0.7528,-2.65668
+0.75318,-1.99712
+0.75366,-1.66002
+0.75405,-1.12342
+0.75442,-0.464015
+0.75483,+0.144861
+0.75517,+0.603068
+0.75555,+1.52753
+0.75604,+2.30194
+0.75642,+3.16536
+0.75679,+3.94548
+0.75716,+4.78596
+0.75754,+5.42103
+0.75804,+6.15532
+0.75841,+6.65026
+0.75881,+7.01318
+0.75917,+8.04332
+0.75954,+8.57601
+0.76005,+9.33102
+0.76042,+9.54275
+0.76079,+9.72094
+0.76117,+9.7993
+0.76156,+10.1321
+0.76205,+9.94229
+0.76242,+9.92669
+0.7628,+9.86905
+0.76317,+9.14894
+0.76354,+8.47286
+0.76404,+7.736
+0.76442,+6.8114
+0.76479,+5.89623
+0.76517,+4.83819
+0.76567,+3.72188
+0.7668,+2.7346
+0.76701,+1.79769
+0.76721,+0.996702
+0.76753,+0.145899
+0.76804,-0.521374
+0.76841,-1.23051
+0.76879,-1.66027
+0.76917,-2.06008
+0.76954,-2.51131
+0.77004,-2.50612
+0.77041,-2.69209
+0.77079,-2.78324
+0.77116,-2.88708
+0.77167,-2.63573
+0.77204,-2.55517
+0.77242,-2.71441
+0.77279,-2.57415
+0.77316,-2.50817
+0.77367,-2.25555
+0.77405,-2.20787
+0.77442,-2.30886
+0.77479,-2.25398
+0.77518,-2.17002
+0.77567,-2.27664
+0.77604,-2.47508
+0.77642,-2.31153
+0.7768,-2.5222
+0.77717,-2.69978
+0.77754,-3.24894
+0.77804,-3.72377
+0.77841,-3.79119
+0.77879,-4.19741
+0.77917,-4.74411
+0.77954,-5.33232
+0.78004,-5.7878
+0.78042,-6.40046
+0.78079,-6.87623
+0.78117,-7.44875
+0.78167,-7.63458
+0.78204,-7.97046
+0.78241,-8.5403
+0.7828,-8.88085
+0.78317,-9.2415
+0.78367,-9.5434
+0.78404,-9.73418
+0.78441,-9.80101
+0.7848,-10.0988
+0.78529,-10.0697
+0.78554,-9.91357
+0.78604,-9.70078
+0.78642,-9.51428
+0.78679,-9.42936
+0.78717,-9.19855
+0.78754,-8.89345
+0.78804,-8.68297
+0.78842,-8.39168
+0.78879,-7.93956
+0.78916,-7.6199
+0.78954,-7.65344
+0.79004,-7.36758
+0.79041,-7.02139
+0.7908,-6.54011
+0.79117,-6.08929
+0.79154,-5.65829
+0.79204,-5.26422
+0.79241,-4.84534
+0.7928,-4.47447
+0.79318,-4.09539
+0.79366,-3.37174
+0.79405,-3.08267
+0.79442,-2.61593
+0.7948,-2.29302
+0.79517,-2.07784
+0.79554,-1.68167
+0.79604,-1.17832
+0.79642,-0.814006
+0.79679,-0.439331
+0.79716,-0.325983
+0.79754,-0.20262
+0.7981,-0.00453217
+0.79842,+0.174024
+0.79879,+0.368324
+0.79917,+0.641058
+0.79955,+0.837833
+0.80004,+0.584932
+0.80042,+0.542148
+0.8008,+0.364503
+0.80117,+0.46225
+0.80154,+0.104497
+0.80204,-0.0783881
+0.80241,-0.523302
+0.80279,-1.00904
+0.80317,-1.70629
+0.80354,-2.4468
+0.80405,-2.39172
+0.80442,-3.04283
+0.80479,-3.55549
+0.80517,-4.25493
+0.80568,-4.75993
+0.80605,-5.40356
+0.80642,-5.92772
+0.8068,-6.55344
+0.80717,-6.94244
+0.80754,-7.45328
+0.80805,-8.13977
+0.80842,-8.75953
+0.80879,-9.52605
+0.80917,-10.1694
+0.80954,-10.8305
+0.81004,-11.5192
+0.81041,-12.178
+0.81079,-12.8227
+0.81117,-13.5389
+0.81154,-14.2492
+0.81217,-14.8771
+0.81243,-15.4735
+0.81279,-15.9325
+0.81317,-16.4073
+0.81354,-16.7208
+0.81406,-17.0821
+0.81442,-17.3934
+0.8148,-17.5309
+0.81517,-17.6393
+0.81555,-17.5163
+0.81605,-17.2838
+0.81642,-17.0945
+0.8168,-16.7792
+0.81716,-16.3143
+0.81753,-15.7514
+0.81805,-15.1592
+0.81842,-14.5865
+0.8188,-14.0149
+0.81918,-13.2762
+0.81954,-12.6291
+0.82004,-11.9479
+0.82041,-11.2476
+0.8208,-10.6447
+0.82118,-10.2086
+0.82154,-9.83449
+0.82205,-9.46699
+0.82242,-9.0405
+0.8228,-8.69109
+0.82317,-8.4286
+0.82354,-8.20294
+0.82405,-8.08983
+0.82442,-7.84607
+0.82479,-7.53862
+0.8253,-7.30335
+0.82562,-6.9982
+0.82604,-6.70538
+0.82642,-6.34304
+0.8268,-5.89776
+0.82717,-5.49239
+0.82754,-5.16841
+0.82804,-4.75855
+0.82842,-4.27862
+0.8288,-3.7773
+0.82917,-3.31299
+0.82955,-2.71828
+0.83005,-2.08236
+0.83044,-1.56623
+0.8308,-1.09107
+0.83117,-0.589206
+0.83155,+0.0322214
+0.83205,+0.517103
+0.83242,+0.98645
+0.83279,+1.28042
+0.83318,+1.53029
+0.83355,+1.78845
+0.83404,+1.94296
+0.83442,+2.02756
+0.83482,+2.08574
+0.83518,+2.14913
+0.83554,+1.94692
+0.83604,+1.84198
+0.83642,+1.47405
+0.8368,+1.23714
+0.83718,+1.14282
+0.83754,+0.788336
+0.83806,+0.344137
+0.83842,+0.141696
+0.83879,-0.194645
+0.83918,-0.507566
+0.83954,-0.705074
+0.84004,-0.95205
+0.84042,-1.22201
+0.8408,-1.29625
+0.84117,-1.42162
+0.84154,-1.48479
+0.84204,-1.31969
+0.84243,-1.49198
+0.84294,-1.42252
+0.84319,-1.39221
+0.84354,-1.24177
+0.84405,-0.960624
+0.84442,-0.552352
+0.8448,-0.266784
+0.84518,+0.0969392
+0.84554,+0.481245
+0.84605,+0.861659
+0.84642,+1.40591
+0.8468,+1.82245
+0.84717,+2.36156
+0.84754,+2.85667
+0.84805,+3.19357
+0.84842,+3.49173
+0.84879,+3.72591
+0.84917,+3.60092
+0.84956,+3.63894
+0.85005,+3.61019
+0.85042,+3.58195
+0.8508,+3.58069
+0.85117,+3.39472
+0.85154,+3.10907
+0.85204,+2.74234
+0.85242,+2.39336
+0.8528,+1.8632
+0.85318,+1.73302
+0.85355,+1.21165
+0.85404,+0.556815
+0.85442,-0.153152
+0.8548,-0.971144
+0.85517,-1.73923
+0.85568,-2.56778
+0.85606,-3.41404
+0.85643,-4.17572
+0.8568,-4.7416
+0.85718,-5.26346
+0.85755,-5.75104
+0.85805,-6.12409
+0.85842,-6.60421
+0.85879,-6.83046
+0.85918,-6.93872
+0.85955,-6.9667
+0.86005,-6.78557
+0.86042,-6.7244
+0.8608,-6.53178
+0.8612,-6.39988
+0.86167,-6.08199
+0.86204,-5.44677
+0.86243,-4.86466
+0.8628,-4.16901
+0.86318,-3.56092
+0.86354,-2.65333
+0.86406,-1.90744
+0.86442,-0.998284
+0.8648,-0.238443
+0.8653,+0.437065
+0.86556,+1.10087
+0.86604,+1.39972
+0.86642,+1.91337
+0.8668,+1.83486
+0.86717,+1.73015
+0.86754,+1.28245
+0.86804,+0.867084
+0.86919,+0.291368
+0.86944,-0.366124
+0.86973,-1.17012
+0.87004,-1.9666
+0.87041,-2.74076
+0.8708,-3.52395
+0.87117,-4.07042
+0.87154,-4.70754
+0.87204,-5.26668
+0.87242,-5.80842
+0.87279,-6.3066
+0.87329,-6.8097
+0.87366,-7.06054
+0.87405,-7.35538
+0.87442,-7.69897
+0.87479,-8.209
+0.87517,-8.55587
+0.87554,-8.81661
+0.87604,-9.3242
+0.87642,-9.81015
+0.87679,-10.4242
+0.87716,-10.9895
+0.87754,-11.7292
+0.87804,-12.577
+0.87842,-13.466
+0.87879,-14.2437
+0.87917,-15.1848
+0.87954,-16.2033
+0.88004,-16.9457
+0.88041,-17.8389
+0.88079,-18.5715
+0.88117,-19.2402
+0.88154,-19.8298
+0.88204,-20.2007
+0.88241,-20.5335
+0.8828,-20.7702
+0.88317,-20.8125
+0.88354,-20.6104
+0.88405,-20.3315
+0.88442,-19.7991
+0.88479,-19.0446
+0.88517,-18.3127
+0.88554,-17.3471
+0.88605,-16.5089
+0.88642,-15.4206
+0.8868,-14.0247
+0.88717,-12.809
+0.88754,-11.5802
+0.88805,-10.5495
+0.88842,-9.42323
+0.88879,-8.476
+0.88918,-7.50545
+0.88955,-6.84993
+0.89004,-6.1832
+0.89068,-5.66872
+0.89088,-5.54847
+0.8912,-5.4297
+0.89155,-5.56936
+0.89239,-5.58882
+0.89259,-5.89477
+0.89283,-6.14859
+0.89329,-6.57924
+0.89356,-6.86238
+0.89405,-7.30868
+0.89442,-7.75344
+0.89479,-8.16464
+0.89517,-8.38382
+0.89555,-8.50736
+0.89604,-8.57148
+0.89642,-8.49446
+0.8968,-8.44737
+0.89717,-8.1795
+0.89754,-7.97348
+0.89804,-7.5255
+0.89842,-6.95107
+0.8988,-6.35655
+0.89917,-5.8342
+0.89954,-5.41184
+0.90004,-5.23027
+0.90042,-4.97164
+0.90079,-4.64304
+0.90117,-4.50049
+0.90155,-4.41869
+0.90205,-4.46295
+0.90242,-4.7747
+0.9028,-5.34495
+0.90318,-5.88504
+0.90355,-6.44005
+0.90404,-6.84278
+0.90442,-7.41233
+0.90479,-8.17464
+0.9053,-9.03804
+0.90558,-9.73431
+0.90604,-10.5057
+0.90643,-11.1496
+0.9068,-11.5233
+0.90717,-12.0344
+0.90754,-12.426
+0.90805,-12.7334
+0.90842,-13.0512
+0.9088,-13.2448
+0.90917,-13.2173
+0.90954,-13.1324
+0.91005,-13.0021
+0.91042,-12.777
+0.91081,-12.5209
+0.91117,-12.0915
+0.91155,-11.7646
+0.91205,-11.5682
+0.91242,-11.1906
+0.91279,-10.8528
+0.91317,-10.4693
+0.91355,-10.1871
+0.91405,-9.99401
+0.91442,-9.73356
+0.9148,-9.59803
+0.91518,-9.58639
+0.91555,-9.43194
+0.91604,-9.22108
+0.91643,-9.15389
+0.91679,-9.1773
+0.91717,-9.1503
+0.91755,-8.96812
+0.91827,-8.78153
+0.91853,-8.53381
+0.9188,-8.14242
+0.91917,-7.56399
+0.91955,-7.04984
+0.92005,-6.72523
+0.92042,-5.79811
+0.92079,-4.79369
+0.92119,-3.85634
+0.92155,-3.00591
+0.92205,-2.00093
+0.92243,-0.915483
+0.9228,+0.175193
+0.92317,+1.20534
+0.92367,+2.40836
+0.92405,+3.62156
+0.92443,+4.01399
+0.9248,+4.64362
+0.92518,+4.96535
+0.92554,+5.09103
+0.92604,+5.38151
+0.92642,+5.44764
+0.9268,+5.36073
+0.92718,+4.90844
+0.92755,+4.23041
+0.92807,+3.59709
+0.92843,+2.97169
+0.92879,+2.092
+0.92918,+1.22319
+0.92955,+0.4332
+0.93005,-0.500591
+0.93042,-1.67152
+0.9308,-2.6839
+0.93117,-3.4778
+0.93154,-4.58273
+0.93205,-5.32776
+0.93242,-5.90638
+0.9328,-6.41863
+0.93317,-6.5686
+0.93356,-6.69503
+0.93405,-6.74309
+0.93443,-6.54066
+0.9348,-6.50376
+0.93518,-6.2962
+0.93555,-5.72852
+0.93605,-5.11842
+0.93642,-4.51047
+0.9368,-4.00521
+0.93718,-3.4356
+0.93755,-3.17088
+0.93805,-2.64886
+0.93843,-2.25897
+0.9388,-1.77168
+0.93917,-1.55202
+0.93955,-1.5496
+0.94004,-1.87333
+0.94042,-1.92283
+0.9408,-1.93935
+0.94117,-2.30869
+0.94155,-2.30274
+0.94205,-2.80286
+0.94243,-3.15881
+0.9428,-3.65166
+0.94318,-3.9738
+0.94368,-4.20496
+0.94405,-4.43504
+0.94442,-4.80702
+0.94479,-5.22244
+0.9453,-5.4518
+0.94556,-5.72549
+0.94605,-5.85363
+0.94642,-6.06992
+0.94681,-6.1517
+0.94718,-6.48941
+0.94755,-6.40378
+0.94806,-6.21499
+0.94843,-6.32571
+0.9488,-6.24588
+0.94917,-6.03235
+0.94955,-5.93371
+0.95004,-5.80271
+0.95042,-5.70262
+0.9508,-5.63817
+0.95117,-5.30959
+0.95155,-5.25965
+0.95205,-5.24791
+0.95242,-5.06928
+0.95279,-4.96299
+0.95318,-4.95378
+0.95355,-4.85973
+0.95405,-4.84687
+0.95442,-4.68118
+0.9548,-4.45296
+0.95518,-4.22413
+0.95555,-3.99155
+0.95592,-3.66651
+0.95643,-3.2083
+0.95682,-2.6992
+0.95717,-2.27146
+0.95755,-1.51461
+0.95792,-0.748258
+0.95842,+0.108241
+0.95881,+1.11297
+0.95918,+2.10096
+0.95956,+3.32237
+0.95992,+4.41814
+0.96043,+5.54169
+0.9608,+6.60347
+0.96118,+7.49128
+0.96155,+8.11653
+0.96192,+8.77232
+0.96243,+8.88699
+0.9628,+8.89232
+0.96317,+8.9051
+0.96355,+8.38105
+0.96393,+8.19206
+0.96455,+7.84125
+0.96484,+7.2784
+0.96518,+6.57525
+0.96555,+6.1264
+0.96605,+5.55716
+0.96644,+5.34269
+0.96681,+4.81244
+0.96718,+4.37938
+0.96756,+4.3038
+0.96805,+4.07401
+0.96842,+3.90632
+0.9688,+3.98651
+0.96918,+4.84642
+0.96955,+5.59147
+0.97005,+6.57571
+0.97042,+7.53181
+0.97159,+8.88364
+0.9718,+10.0564
+0.97201,+11.3972
+0.97242,+12.1866
+0.97279,+13.529
+0.97317,+14.6648
+0.97355,+15.3622
+0.97405,+16.0196
+0.97443,+15.8798
+0.9748,+16.1007
+0.97518,+16.1234
+0.97558,+15.9735
+0.97605,+15.3873
+0.97642,+15.049
+0.97679,+14.0456
+0.97717,+12.7745
+0.97756,+11.3737
+0.97805,+9.70589
+0.97842,+8.54863
+0.97881,+6.63399
+0.97917,+4.91539
+0.97956,+3.33863
+0.98005,+1.80894
+0.98054,+0.742483
+0.98081,-0.29135
+0.98132,-0.87081
+0.98156,-1.15491
+0.98217,-1.28346
+0.98244,-1.00025
+0.9828,-0.18018
+0.98317,+0.689554
+0.98368,+1.68431
+0.98404,+2.97869
+0.98442,+3.82364
+0.98492,+5.06805
+0.98516,+6.27606
+0.98567,+7.44853
+0.98593,+8.62913
+0.98643,+9.43349
+0.98681,+10.1113
+0.98717,+10.3454
+0.98755,+10.4257
+0.98791,+10.3278
+0.98843,+10.1632
+0.9888,+9.44168
+0.98917,+8.56105
+0.98955,+7.20506
+0.98992,+5.89698
+0.99042,+4.57598
+0.9908,+3.05292
+0.99117,+1.76456
+0.99155,+0.490318
+0.99192,-0.612572
+0.99243,-1.32946
+0.9928,-1.81262
+0.99318,-1.93989
+0.99354,-1.7132
+0.99392,-1.36028
+0.99442,-0.718557
+0.99493,+0.531808
+0.99517,+1.65298
+0.99554,+3.07277
+0.99592,+4.70526
+0.99642,+6.39878
+0.99679,+8.21049
+0.99718,+9.87215
+0.99755,+11.6823
+0.99792,+13.5424
+0.99842,+15.0984
+0.9988,+16.25
+0.99918,+17.6509
+0.99955,+18.832
+0.99992,+19.6462
+1.00042,+19.9783
+1.0008,+20.0282
+1.00117,+19.7327
+1.00155,+19.2583
+1.00192,+18.3054
+1.00243,+17.1148
+1.0028,+15.7918
+1.00317,+14.1678
+1.00356,+12.3173
+1.00405,+10.4236
+1.00442,+8.38422
+1.0048,+7.15993
+1.00517,+5.38221
+1.00555,+3.99515
+1.00592,+2.84206
+1.00642,+2.26593
+1.0068,+1.53093
+1.00718,+1.34911
+1.00755,+1.38017
+1.00805,+1.57143
+1.00843,+2.26514
+1.0088,+2.65891
+1.00917,+3.94775
+1.00955,+4.84898
+1.00992,+5.87987
+1.01043,+6.79179
+1.0108,+7.93503
+1.01117,+8.71949
+1.01155,+9.40671
+1.01193,+9.94449
+1.01243,+10.1888
+1.0128,+10.383
+1.01317,+9.97883
+1.01356,+9.3915
+1.01405,+8.51718
+1.01442,+7.43259
+1.0148,+6.26903
+1.01543,+5.14997
+1.01569,+3.99082
+1.01594,+2.72305
+1.01642,+1.62585
+1.01679,+0.509184
+1.01717,-0.547679
+1.01755,-1.24105
+1.01792,-1.87016
+1.01843,-2.30732
+1.0188,-2.42706
+1.01917,-2.56084
+1.01955,-2.45138
+1.02005,-2.1765
+1.02043,-1.53335
+1.0208,-0.867925
+1.02117,-0.0912024
+1.02155,+0.689298
+1.02192,+1.59452
+1.02242,+2.36003
+1.0228,+3.08875
+1.02317,+3.78879
+1.02357,+4.22165
+1.02405,+4.30025
+1.02442,+4.23078
+1.0248,+4.07374
+1.02518,+3.88366
+1.02568,+3.20834
+1.02605,+2.31721
+1.02642,+1.37045
+1.02681,+0.253674
+1.02718,-1.02756
+1.02755,-2.22345
+1.02792,-3.21724
+1.02843,-4.57004
+1.0288,-5.56297
+1.02917,-6.61387
+1.02955,-7.21221
+1.02993,-7.90805
+1.03045,-8.09851
+1.0308,-8.30455
+1.03117,-8.04261
+1.03155,-7.87359
+1.03192,-7.46877
+1.03242,-6.63731
+1.03281,-5.82186
+1.03318,-4.94381
+1.03355,-4.03521
+1.03392,-2.9114
+1.03443,-2.00075
+1.03481,-1.13342
+1.0353,-0.589034
+1.03556,+0.0646903
+1.03605,+0.737448
+1.03643,+1.05695
+1.0368,+1.05401
+1.03717,+1.09971
+1.03755,+0.848782
+1.03805,+0.628154
+1.03844,+0.306514
+1.0388,+0.00826412
+1.03918,-0.53473
+1.03956,-0.923374
+1.03992,-1.36346
+1.04042,-1.78365
+1.04081,-2.10203
+1.04118,-2.38641
+1.04155,-2.48658
+1.04192,-2.40202
+1.04243,-2.23027
+1.04281,-1.92868
+1.04318,-1.37567
+1.04356,-0.969827
+1.04393,-0.198151
+1.04443,+0.590556
+1.0448,+1.61057
+1.04518,+2.66778
+1.04555,+3.73261
+1.04605,+4.64015
+1.04642,+5.6028
+1.0468,+6.46602
+1.04719,+7.24157
+1.04755,+7.93744
+1.04793,+8.11884
+1.04843,+8.41858
+1.0488,+8.32926
+1.04917,+8.16763
+1.04956,+7.75499
+1.04993,+7.3643
+1.05043,+6.51682
+1.0508,+5.59089
+1.05117,+4.62317
+1.05155,+3.81468
+1.05193,+2.99291
+1.05243,+1.98962
+1.0528,+1.32656
+1.05318,+0.409412
+1.05355,-0.244873
+1.05392,-1.00506
+1.05443,-1.22806
+1.05481,-1.41739
+1.05518,-1.40564
+1.05557,-1.26229
+1.05605,-0.941718
+1.05643,-0.523575
+1.0568,+0.0612118
+1.05717,+0.94164
+1.05756,+1.8087
+1.05792,+2.75766
+1.05842,+3.47304
+1.05881,+4.25914
+1.05918,+5.14161
+1.05955,+5.80144
+1.05993,+6.29184
+1.06043,+6.74924
+1.0608,+6.90813
+1.06118,+6.85518
+1.06155,+6.70223
+1.06193,+6.42973
+1.06243,+5.98059
+1.0628,+5.35386
+1.06317,+4.24854
+1.06356,+3.32054
+1.06393,+2.30874
+1.06443,+1.31667
+1.0648,+0.168317
+1.06518,-0.88532
+1.06568,-1.9478
+1.06605,-2.94674
+1.06642,-3.93295
+1.06681,-4.52765
+1.06717,-4.97465
+1.06756,-5.27996
+1.06792,-5.46531
+1.06843,-5.46003
+1.06881,-5.40242
+1.06918,-5.04884
+1.06956,-4.40132
+1.06992,-3.92701
+1.07044,-3.09088
+1.0708,-2.25765
+1.07117,-1.29217
+1.07155,-0.534676
+1.07192,+0.122401
+1.07244,+0.894579
+1.07281,+1.87151
+1.074,+2.2092
+1.07426,+2.47918
+1.07455,+2.96865
+1.07481,+2.96262
+1.07517,+2.57152
+1.07556,+2.36557
+1.07592,+1.99726
+1.07642,+1.93537
+1.0768,+1.45735
+1.07717,+0.612604
+1.07755,+0.276802
+1.07793,-0.341613
+1.07843,-0.64767
+1.0788,-0.565444
+1.07917,-0.434551
+1.07955,-0.595488
+1.07992,-0.408309
+1.08042,-0.579534
+1.0808,-0.558736
+1.08117,+0.206785
+1.08155,+0.92569
+1.08192,+1.86392
+1.08242,+2.47132
+1.08281,+3.09028
+1.08318,+3.94906
+1.08355,+4.97446
+1.08392,+5.82172
+1.08443,+6.84549
+1.0848,+7.82567
+1.08517,+8.25348
+1.08555,+8.72236
+1.08592,+8.90159
+1.08643,+9.24451
+1.0868,+9.21496
+1.08717,+9.00666
+1.08756,+8.65225
+1.08792,+8.20767
+1.08843,+7.82306
+1.08881,+7.18674
+1.08918,+6.59874
+1.08955,+5.76777
+1.08992,+5.14168
+1.09043,+4.32365
+1.09081,+3.72633
+1.09117,+2.75132
+1.09156,+2.23718
+1.09193,+1.83611
+1.09243,+1.43199
+1.0928,+1.20408
+1.09317,+1.08955
+1.09355,+1.10532
+1.09392,+1.10432
+1.09442,+1.23782
+1.09481,+1.0598
+1.09518,+1.71494
+1.09556,+1.98641
+1.09606,+2.13758
+1.09643,+2.33896
+1.0968,+2.45284
+1.09717,+2.41966
+1.09755,+2.39212
+1.09793,+2.16944
+1.09842,+1.82585
+1.09881,+1.54623
+1.09918,+1.0492
+1.09955,+0.606956
+1.09992,+0.0397089
+1.10042,-0.571439
+1.1008,-1.09565
+1.10118,-1.48861
+1.10155,-2.05056
+1.10192,-2.48959
+1.10243,-2.77262
+1.10281,-2.86577
+1.10317,-3.27769
+1.10355,-3.59751
+1.10393,-3.82287
+1.10431,-3.993
+1.10493,-4.15857
+1.10519,-4.36762
+1.10554,-4.38752
+1.10606,-4.34305
+1.10642,-4.39255
+1.1068,-4.33548
+1.10718,-4.13068
+1.10756,-4.0356
+1.10792,-3.81076
+1.10843,-3.62635
+1.10881,-3.37783
+1.10918,-3.15925
+1.10956,-2.98204
+1.10993,-2.81252
+1.11043,-2.71528
+1.1108,-2.61706
+1.11117,-2.54591
+1.11156,-2.45813
+1.11193,-2.52235
+1.11242,-2.59376
+1.11281,-2.63069
+1.11318,-2.66105
+1.11355,-2.75125
+1.11392,-2.79264
+1.11443,-2.93735
+1.11481,-3.13713
+1.11518,-3.13858
+1.11555,-3.13582
+1.11592,-3.1252
+1.11643,-2.98108
+1.11681,-2.993
+1.11718,-2.95117
+1.11756,-2.87774
+1.11793,-2.81662
+1.11843,-2.69447
+1.11881,-2.569
+1.11918,-2.74384
+1.11956,-2.90912
+1.11993,-3.10737
+1.12042,-3.31677
+1.1208,-3.65101
+1.12118,-3.99689
+1.12156,-4.45513
+1.12193,-4.95976
+1.12242,-5.39225
+1.12281,-5.98289
+1.12318,-6.42714
+1.12356,-6.91337
+1.12392,-7.38033
+1.12442,-7.99615
+1.1248,-8.41344
+1.12518,-8.80593
+1.12556,-9.10284
+1.12594,-9.3716
+1.12643,-9.73553
+1.12681,-9.76032
+1.12718,-9.91082
+1.12756,-9.9188
+1.12793,-9.79733
+1.12842,-9.6181
+1.1288,-9.36601
+1.12918,-9.14146
+1.12955,-8.89867
+1.12993,-8.65647
+1.13043,-8.28741
+1.13081,-8.02735
+1.13118,-7.59335
+1.13155,-7.25278
+1.13193,-6.86026
+1.13243,-6.53311
+1.13282,-6.33403
+1.13318,-6.18022
+1.13356,-5.92383
+1.13393,-5.68066
+1.13443,-5.45852
+1.1348,-5.3705
+1.13518,-5.2809
+1.13556,-5.2829
+1.13593,-5.44123
+1.13643,-5.5204
+1.13682,-5.60414
+1.13719,-5.55466
+1.13756,-5.62687
+1.13793,-5.73135
+1.13843,-5.76133
+1.13881,-5.83315
+1.13918,-5.77335
+1.13956,-5.86166
+1.13993,-5.90359
+1.14043,-5.74546
+1.1408,-5.79312
+1.14118,-5.73691
+1.14155,-5.77683
+1.14193,-5.52103
+1.14243,-5.42955
+1.14281,-5.26615
+1.14318,-5.33445
+1.14355,-5.23066
+1.14393,-5.11936
+1.14443,-5.07652
+1.14481,-4.80711
+1.14519,-4.8943
+1.14555,-4.77522
+1.14593,-4.93756
+1.14643,-5.0009
+1.1468,-4.97523
+1.14718,-4.98285
+1.14756,-4.87166
+1.14793,-5.00587
+1.14844,-5.15273
+1.14881,-5.16959
+1.14918,-5.04087
+1.14955,-5.03721
+1.14994,-5.09158
+1.15043,-5.08078
+1.15081,-5.04337
+1.15118,-4.80456
+1.15156,-4.83371
+1.15193,-4.52398
+1.15232,-4.70886
+1.15281,-4.7223
+1.15319,-4.7159
+1.15356,-4.82365
+1.15394,-4.95768
+1.15443,-4.91191
+1.1548,-4.95264
+1.15518,-5.00373
+1.15556,-5.13157
+1.15594,-5.3042
+1.15643,-5.02907
+1.15681,-4.82091
+1.15719,-4.87977
+1.15756,-4.59321
+1.15794,-4.30281
+1.15844,-4.28879
+1.15881,-4.35388
+1.15918,-4.3921
+1.15956,-4.20375
+1.15993,-3.97005
+1.16032,-3.77108
+1.16081,-3.80119
+1.16118,-3.51855
+1.16155,-3.4695
+1.16193,-3.31195
+1.16243,-3.09492
+1.16281,-2.92543
+1.16318,-2.7717
+1.16355,-2.70479
+1.16394,-2.52495
+1.16443,-2.48375
+1.16481,-2.65952
+1.16519,-2.68073
+1.16556,-2.49724
+1.16594,-2.17235
+1.16643,-1.97127
+1.16681,-1.86007
+1.16732,-1.56679
+1.16758,-1.19611
+1.16793,-0.994887
+1.16843,-0.816545
+1.1688,-0.192018
+1.16919,+0.110514
+1.16956,+0.0678037
+1.16993,-0.124694
+1.17044,-0.221715
+1.17081,+0.0761298
+1.17119,-0.0468324
+1.17156,-0.0215015
+1.17193,+0.0725809
+1.17244,+0.334183
+1.1728,+0.390517
+1.17319,+0.31476
+1.17356,+0.586152
+1.17393,+0.69332
+1.17443,+0.997177
+1.17481,+1.27745
+1.17518,+1.53875
+1.1764,+1.81448
+1.17659,+1.95121
+1.17688,+2.14577
+1.17718,+2.32945
+1.17755,+2.56919
+1.17792,+2.80128
+1.17843,+2.90917
+1.17882,+3.05952
+1.17918,+3.08839
+1.17956,+3.23177
+1.17993,+3.18198
+1.18043,+3.15579
+1.1808,+3.0262
+1.18118,+2.87283
+1.18155,+2.81425
+1.18193,+2.61519
+1.18243,+2.70695
+1.18281,+2.32237
+1.18318,+1.99056
+1.18356,+1.58749
+1.18393,+1.20695
+1.18432,+0.875246
+1.18493,+0.43167
+1.18519,-0.0268576
+1.18555,-0.519118
+1.18593,-0.820256
+1.18643,-1.23444
+1.18681,-1.57324
+1.18718,-1.91298
+1.18769,-2.24263
+1.18806,-2.68802
+1.18843,-3.02112
+1.1888,-3.36077
+1.18918,-3.51586
+1.18956,-3.49915
+1.18994,-3.58295
+1.19043,-3.61442
+1.19082,-3.50031
+1.19118,-3.45806
+1.19156,-3.21859
+1.19194,-2.7542
+1.19231,-2.32839
+1.1928,-2.1488
+1.19318,-1.79064
+1.19356,-1.51824
+1.19393,-1.23848
+1.19443,-1.069
+1.19481,-0.744058
+1.19518,-0.599588
+1.19555,-0.579147
+1.19593,-0.797107
+1.19643,-0.873614
+1.19681,-0.731162
+1.19718,-0.939317
+1.19768,-1.07096
+1.19806,-1.47054
+1.19843,-1.62721
+1.19881,-2.04184
+1.19918,-2.33106
+1.19955,-2.63759
+1.19994,-2.83331
+1.20031,-3.32244
+1.20081,-3.67688
+1.20118,-4.10507
+1.20156,-4.76588
+1.20194,-5.11528
+1.20243,-5.47486
+1.20282,-5.71489
+1.20318,-5.80987
+1.20356,-6.02506
+1.20393,-6.15501
+1.20443,-6.25482
+1.2048,-6.22573
+1.20518,-6.35011
+1.20556,-6.15973
+1.20594,-5.91071
+1.20643,-5.72537
+1.20681,-5.48523
+1.20719,-5.37647
+1.20756,-5.09952
+1.20793,-4.78244
+1.20844,-4.4123
+1.20881,-4.18274
+1.20918,-3.59682
+1.20956,-3.14023
+1.20993,-2.86786
+1.21044,-2.41322
+1.21081,-2.28568
+1.21118,-1.98681
+1.21155,-1.64596
+1.21193,-1.35669
+1.21243,-0.971845
+1.21281,-0.91228
+1.21318,-0.617302
+1.21356,-0.579893
+1.21393,-0.369669
+1.21443,-0.737495
+1.21481,-0.436369
+1.21518,-0.262953
+1.21556,-0.189134
+1.21594,-0.111196
+1.21631,-0.128818
+1.2168,+0.0982248
+1.21718,+0.00400032
+1.21756,-0.231272
+1.21793,-0.338738
+1.21844,+0.0317542
+1.21881,-0.189869
+1.21918,-0.34439
+1.21955,-0.540911
+1.21995,-0.942072
+1.22044,-1.15211
+1.22081,-1.30662
+1.22118,-1.42523
+1.22156,-1.19116
+1.22194,-1.18762
+1.22243,-1.27116
+1.22281,-1.16734
+1.22319,-1.22249
+1.22356,-0.969358
+1.22393,-0.722466
+1.22431,-0.709001
+1.22494,-0.451639
+1.2252,-0.18685
+1.22556,+0.0345434
+1.22593,+0.321085
+1.22643,+0.695327
+1.22681,+1.05948
+1.22718,+1.49568
+1.22755,+1.80061
+1.2282,+2.36976
+1.22846,+2.99069
+1.22881,+3.31653
+1.22918,+3.48966
+1.22983,+3.4275
+1.23011,+3.51482
+1.23043,+3.56441
+1.23081,+3.71193
+1.23118,+3.54828
+1.23156,+3.42435
+1.23193,+3.43547
+1.23232,+3.26872
+1.23282,+3.18952
+1.23319,+3.27311
+1.23356,+3.44425
+1.23393,+3.24662
+1.23444,+3.18837
+1.23481,+3.02058
+1.2352,+2.96985
+1.23556,+3.0258
+1.23594,+2.77833
+1.23644,+2.3223
+1.23681,+2.04197
+1.23718,+1.81251
+1.23756,+1.4071
+1.23793,+1.27686
+1.23844,+1.10745
+1.23881,+0.985279
+1.23919,+1.05437
+1.23956,+0.771216
+1.23994,+0.637659
+1.24031,+0.530287
+1.24081,+0.518816
+1.24119,+0.456387
+1.24156,+0.7677
+1.24194,+0.803171
+1.24243,+0.868817
+1.24282,+0.809522
+1.24319,+0.87075
+1.24356,+1.15077
+1.24394,+1.36463
+1.24431,+1.78976
+1.24481,+1.90699
+1.24531,+2.0964
+1.2456,+2.17329
+1.24595,+2.22665
+1.24631,+2.32843
+1.24683,+2.59874
+1.24719,+2.79701
+1.24756,+2.802
+1.24806,+2.48596
+1.24843,+2.68949
+1.24881,+2.77476
+1.24919,+2.772
+1.24956,+2.81288
+1.24994,+3.06784
+1.25031,+2.98631
+1.25082,+2.87676
+1.25119,+2.69082
+1.25156,+2.53785
+1.25194,+2.6156
+1.25232,+2.38147
+1.25281,+2.11496
+1.25318,+1.93612
+1.25356,+1.80378
+1.25395,+1.44059
+1.25444,+1.15281
+1.25481,+0.976363
+1.25518,+0.673029
+1.25557,+0.473577
+1.25594,+0.328654
+1.25632,+0.11878
+1.25682,+0.0823994
+1.25719,-0.0244295
+1.25757,-0.226262
+1.25796,-0.27176
+1.25845,-0.270454
+1.25882,-0.393655
+1.25919,-0.315454
+1.25956,-0.419275
+1.25995,-0.405517
+1.26031,-0.461049
+1.26081,-0.532437
+1.26118,-0.549441
+1.26156,-0.455298
+1.26195,-0.277689
+1.26243,-0.199851
+1.26281,-0.189306
+1.26319,-0.0998561
+1.26356,+0.0208727
+1.26394,+0.206258
+1.26432,+0.341096
+1.26494,+0.394678
+1.2652,+0.401961
+1.26556,+0.440294
+1.26595,+0.270974
+1.2663,+0.234892
+1.26682,-0.0333946
+1.26718,-0.146488
+1.26756,-0.253551
+1.26794,-0.383199
+1.26844,-0.370813
+1.26881,-0.325742
+1.26918,-0.318896
+1.26956,-0.51545
+1.26994,-0.513484
+1.27032,-0.613043
+1.27082,-0.388391
+1.27118,-0.377506
+1.27156,-0.507621
+1.27195,-0.581438
+1.27232,-1.01322
+1.27282,-1.18826
+1.27319,-1.52494
+1.27357,-1.67396
+1.27394,-1.72884
+1.27444,-1.83511
+1.27481,-1.96077
+1.27518,-2.1239
+1.27556,-2.01833
+1.27595,-2.16198
+1.27631,-2.3193
+1.27682,-2.45548
+1.27718,-2.39637
+1.27757,-2.38993
+1.27879,-2.56867
+1.27905,-2.65573
+1.27927,-2.83638
+1.27956,-2.91347
+1.27994,-2.94541
+1.2803,-2.95377
+1.28081,-2.65883
+1.28119,-2.50941
+1.28156,-2.34361
+1.28195,-2.41728
+1.28231,-2.29515
+1.28282,-2.26042
+1.28318,-2.12646
+1.28356,-2.10723
+1.28394,-2.02163
+1.28431,-1.99632
+1.28481,-1.88077
+1.28532,-1.9552
+1.28557,-2.06279
+1.28594,-1.90012
+1.2863,-2.03076
+1.28682,-1.79788
+1.28719,-1.78652
+1.28757,-1.67513
+1.28796,-1.93843
+1.28831,-1.87672
+1.28894,-1.85204
+1.28922,-1.59249
+1.28956,-1.39384
+1.28995,-1.2244
+1.29031,-0.869528
+1.29082,-0.696829
+1.29118,-0.545913
+1.29157,-0.529924
+1.29194,-0.0980679
+1.29231,+0.116304
+1.29281,+0.0839463
+1.29319,+0.0479739
+1.29357,-0.0509206
+1.29394,+0.144576
+1.29431,+0.194447
+1.29481,+0.258396
+1.29519,+0.241074
+1.29569,+0.589
+1.29595,+0.80412
+1.29632,+0.922558
+1.29682,+1.36019
+1.29719,+1.5956
+1.29756,+1.9138
+1.29794,+1.96706
+1.29831,+2.17758
+1.29882,+2.37216
+1.29919,+2.69191
+1.29956,+2.85217
+1.29994,+2.96105
+1.30031,+3.05707
+1.30081,+3.12716
+1.30119,+3.34403
+1.30156,+3.44068
+1.30194,+3.52681
+1.3023,+3.43231
+1.30282,+3.38325
+1.30319,+3.58495
+1.30356,+3.53906
+1.30395,+3.35167
+1.30431,+3.31195
+1.30481,+3.20351
+1.30531,+3.08492
+1.30558,+3.08596
+1.30594,+2.94636
+1.30631,+3.06933
+1.30681,+3.08418
+1.30719,+2.91054
+1.30757,+2.91269
+1.30794,+2.86074
+1.30831,+2.71907
+1.30883,+2.76168
+1.30919,+2.83547
+1.30956,+2.73376
+1.30994,+2.97786
+1.31031,+2.94672
+1.31082,+2.94854
+1.31119,+3.09529
+1.31156,+3.06614
+1.31194,+3.35624
+1.31231,+3.69622
+1.31282,+3.73408
+1.31319,+3.68954
+1.31356,+3.94596
+1.31395,+3.89454
+1.31431,+3.97249
+1.31482,+4.11248
+1.31518,+4.21158
+1.31557,+4.37862
+1.31594,+4.44154
+1.31631,+4.53724
+1.31681,+4.78741
+1.3172,+4.96995
+1.31757,+5.09147
+1.31794,+5.23994
+1.31831,+5.35565
+1.31882,+5.40899
+1.31932,+5.34376
+1.31958,+5.35249
+1.31994,+5.37562
+1.32031,+5.27365
+1.32082,+5.12079
+1.32119,+5.02543
+1.32157,+4.94842
+1.32195,+4.77544
+1.32231,+4.41755
+1.32282,+4.31482
+1.32319,+4.03429
+1.32357,+3.90191
+1.32394,+3.58277
+1.32431,+3.52053
+1.32481,+3.28347
+1.32532,+3.12835
+1.32558,+2.92777
+1.32594,+2.89263
+1.32631,+3.08878
+1.32683,+2.91998
+1.32719,+2.91144
+1.32757,+2.71382
+1.32794,+2.50187
+1.32831,+2.23108
+1.32881,+2.11428
+1.3292,+2.02906
+1.32956,+1.84307
+1.32995,+1.6545
+1.33032,+1.40077
+1.33083,+1.24834
+1.33119,+1.17575
+1.33157,+1.11274
+1.33195,+1.25403
+1.33231,+1.27295
+1.33281,+1.20242
+1.33319,+1.09519
+1.33356,+1.09747
+1.33395,+1.1588
+1.33431,+1.12743
+1.33482,+1.18736
+1.3352,+1.14082
+1.33557,+1.20924
+1.33594,+1.28004
+1.33631,+1.19857
+1.33682,+1.33136
+1.33719,+1.43174
+1.33758,+1.47959
+1.33794,+1.38047
+1.33831,+1.51503
+1.33882,+1.32231
+1.33919,+1.40843
+1.3397,+1.30003
+1.33996,+1.15747
+1.34032,+1.17332
+1.34082,+1.19727
+1.3412,+1.09154
+1.34157,+0.940543
+1.34195,+0.908196
+1.34231,+0.78674
+1.34282,+0.927725
+1.3432,+0.934105
+1.34357,+1.05533
+1.34394,+0.995666
+1.34432,+0.959223
+1.34482,+0.934016
+1.34532,+0.916459
+1.3456,+0.935893
+1.34595,+0.976086
+1.34632,+1.02961
+1.34682,+0.831552
+1.34719,+0.459428
+1.34756,+0.0320674
+1.34794,+0.024524
+1.34831,+0.0510706
+1.34881,+0.0147078
+1.3492,-0.0158575
+1.34957,+0.0663675
+1.34994,+0.0152117
+1.35033,+0.0734957
+1.35082,+0.189119
+1.35119,+0.689998
+1.35157,+1.06042
+1.35194,+1.15487
+1.35231,+1.37872
+1.35282,+1.51012
+1.35319,+1.43429
+1.35357,+1.56713
+1.35395,+1.72855
+1.35432,+1.75531
+1.35482,+1.90065
+1.35519,+2.03191
+1.35557,+2.13535
+1.35595,+2.27462
+1.35632,+2.36957
+1.35682,+2.44481
+1.35719,+2.90382
+1.35757,+3.03537
+1.35795,+3.01667
+1.35831,+3.20422
+1.35882,+3.34693
+1.3592,+3.12178
+1.35983,+3.26029
+1.36009,+3.27291
+1.36034,+3.22675
+1.36082,+3.29447
+1.36119,+3.17611
+1.36157,+3.17777
+1.36194,+3.06284
+1.36232,+3.09386
+1.36282,+3.16269
+1.36319,+3.48084
+1.36357,+3.17486
+1.36395,+3.31765
+1.36433,+3.4323
+1.36482,+3.22447
+1.36519,+3.38031
+1.36558,+3.36806
+1.36594,+3.58843
+1.36632,+3.51468
+1.36682,+3.46694
+1.3672,+3.36306
+1.36757,+3.55117
+1.36794,+3.48649
+1.36832,+3.06083
+1.36882,+3.2152
+1.3692,+2.96921
+1.36958,+2.85032
+1.36995,+2.80813
+1.37044,+2.68044
+1.37082,+2.59329
+1.37119,+2.42482
+1.37157,+2.52554
+1.37195,+2.54972
+1.37232,+2.70298
+1.37282,+2.51461
+1.3732,+2.57598
+1.37357,+2.55388
+1.37395,+2.51215
+1.37432,+2.47251
+1.37482,+2.30875
+1.37519,+2.18121
+1.37557,+2.00816
+1.37595,+1.79453
+1.37632,+1.85483
+1.37682,+1.96624
+1.3772,+1.86057
+1.37757,+1.81707
+1.37794,+1.71614
+1.37832,+1.63885
+1.37883,+1.7061
+1.3792,+1.86367
+1.37957,+1.90442
+1.37995,+2.11943
+1.38119,+2.14153
+1.38148,+2.19194
+1.38167,+2.25014
+1.38195,+2.30439
+1.38232,+2.46978
+1.38282,+2.64642
+1.38319,+2.78876
+1.38356,+2.73125
+1.38394,+2.72998
+1.38431,+2.65332
+1.38496,+2.68376
+1.38521,+2.71175
+1.38557,+2.58995
+1.38594,+2.67888
+1.38632,+2.73173
+1.38682,+2.75043
+1.38719,+2.462
+1.38757,+2.35014
+1.38795,+2.4727
+1.38831,+2.63355
+1.38882,+2.77091
+1.38919,+2.67098
+1.38957,+2.93787
+1.38994,+3.02256
+1.39057,+3.12877
+1.39084,+3.16023
+1.3912,+3.50845
+1.39157,+3.87503
+1.39194,+3.92862
+1.39231,+3.86465
+1.39281,+3.85314
+1.39319,+3.73995
+1.39357,+3.80126
+1.39394,+4.00272
+1.39432,+4.0119
+1.39482,+3.90328
+1.39519,+3.96732
+1.39556,+3.96923
+1.39595,+3.99093
+1.39632,+4.09492
+1.39682,+4.19298
+1.39719,+4.16613
+1.39756,+4.29
+1.39794,+4.19248
+1.39831,+4.21546
+1.39882,+4.47571
+1.3992,+4.26522
+1.39957,+4.18861
+1.39995,+4.30151
+1.40031,+4.29545
+1.40082,+4.34612
+1.4012,+4.82683
+1.40157,+4.78791
+1.40194,+4.76714
+1.40232,+4.79447
+1.40282,+4.80571
+1.40319,+5.04043
+1.40357,+5.27139
+1.40394,+5.25898
+1.40432,+5.44162
+1.40482,+5.35718
+1.40519,+5.45029
+1.40557,+5.36282
+1.40595,+5.38526
+1.40632,+5.43279
+1.40682,+5.49618
+1.40719,+5.66385
+1.40757,+5.77988
+1.40795,+5.90698
+1.40832,+5.90382
+1.40882,+6.03901
+1.40919,+5.94627
+1.40956,+6.16875
+1.40994,+6.38125
+1.41045,+6.3221
+1.41082,+6.5108
+1.41119,+6.68672
+1.41157,+6.68385
+1.41194,+6.88916
+1.41232,+6.90597
+1.41282,+6.7379
+1.41319,+6.70247
+1.41357,+6.82593
+1.41394,+6.98966
+1.41431,+7.22908
+1.41482,+7.2635
+1.4152,+7.40238
+1.41557,+7.63404
+1.41594,+7.72572
+1.41631,+7.93097
+1.41682,+8.40841
+1.4172,+8.67802
+1.41757,+8.70019
+1.41794,+8.37866
+1.41832,+8.15813
+1.41882,+8.22913
+1.4192,+8.22019
+1.41957,+7.7563
+1.41995,+7.79581
+1.42035,+7.84249
+1.42082,+7.85202
+1.42119,+7.98111
+1.42157,+8.16804
+1.42195,+8.24541
+1.42232,+8.63075
+1.42282,+8.72367
+1.42319,+8.69189
+1.42357,+9.20428
+1.42395,+8.88029
+1.42431,+8.98322
+1.42482,+9.01782
+1.4252,+8.99959
+1.42557,+8.95143
+1.42594,+8.83098
+1.42632,+8.74661
+1.42683,+8.50752
+1.42719,+8.64488
+1.42757,+8.51982
+1.42795,+8.79046
+1.42833,+8.52121
+1.42882,+8.44312
+1.42919,+8.43764
+1.42957,+8.38773
+1.42995,+8.7224
+1.43033,+8.45719
+1.43082,+8.6819
+1.43119,+8.49769
+1.43157,+8.13939
+1.43194,+8.07114
+1.43231,+8.04153
+1.43282,+7.97932
+1.43321,+7.84866
+1.43357,+7.80689
+1.43394,+7.62797
+1.43432,+7.63581
+1.43482,+7.39703
+1.4352,+7.16596
+1.43557,+7.37427
+1.43594,+7.21262
+1.43633,+7.07566
+1.43682,+6.91986
+1.4372,+6.79963
+1.43757,+6.50519
+1.43795,+6.40491
+1.43833,+6.22893
+1.43882,+5.99161
+1.43919,+5.78876
+1.43958,+5.58177
+1.43998,+5.43019
+1.44032,+5.28879
+1.44082,+4.9947
+1.4412,+4.72996
+1.44157,+4.64465
+1.44194,+4.34821
+1.44231,+4.18136
+1.44283,+4.12774
+1.4432,+4.12529
+1.44357,+3.92817
+1.44394,+3.82191
+1.44432,+3.61546
+1.44482,+3.57681
+1.4452,+3.4136
+1.44557,+3.27953
+1.44595,+3.26013
+1.44633,+3.38753
+1.44682,+3.36619
+1.44719,+3.12437
+1.44771,+3.06604
+1.44797,+2.97415
+1.44832,+2.91211
+1.44882,+2.79153
+1.44919,+2.88638
+1.44958,+2.85056
+1.44995,+2.80591
+1.45033,+2.68753
+1.45082,+2.55409
+1.4512,+2.70819
+1.45157,+2.84383
+1.45195,+2.71233
+1.45233,+2.71024
+1.45283,+2.78162
+1.4532,+2.68208
+1.45357,+2.70129
+1.45395,+2.6449
+1.45433,+2.69592
+1.45483,+2.68184
+1.4552,+2.6219
+1.45557,+2.57911
+1.45595,+2.67879
+1.45632,+2.77365
+1.45683,+2.9191
+1.4572,+3.11414
+1.45757,+3.24773
+1.45794,+3.48383
+1.45832,+3.62357
+1.45883,+3.75856
+1.4592,+3.89247
+1.45957,+3.9641
+1.45995,+4.15257
+1.46033,+4.41463
+1.46082,+4.38022
+1.46121,+4.44905
+1.46158,+4.55652
+1.46195,+4.83466
+1.46233,+4.8872
+1.46287,+5.08336
+1.46323,+5.1562
+1.4636,+5.39782
+1.46399,+5.59806
+1.46435,+5.59713
+1.46489,+5.79868
+1.46526,+5.85429
+1.46561,+5.93951
+1.46599,+5.89648
+1.46637,+5.96956
+1.46674,+6.08221
+1.46725,+6.22482
+1.46761,+6.16097
+1.46796,+6.30665
+1.46836,+6.38771
+1.46886,+6.49372
+1.46925,+6.74645
+1.46961,+6.82043
+1.46999,+6.8818
+1.47036,+6.98635
+1.47088,+7.10556
+1.47123,+7.2909
+1.47162,+7.54297
+1.47198,+7.49901
+1.47235,+7.67922
+1.47288,+7.76953
+1.47324,+7.72106
+1.47362,+7.81095
+1.47399,+7.94704
+1.47438,+8.01826
+1.47486,+7.94891
+1.47522,+7.90889
+1.47559,+7.91207
+1.47597,+7.90806
+1.47634,+7.84787
+1.47686,+7.87824
+1.47724,+7.87155
+1.47762,+7.86627
+1.47799,+7.95676
+1.47841,+7.9999
+1.47874,+8.16115
+1.47926,+8.30224
+1.4796,+8.31296
+1.47999,+8.37891
+1.48036,+8.4137
+1.48089,+8.44992
+1.48123,+8.58521
+1.48162,+8.65876
+1.482,+8.61594
+1.48237,+8.76133
+1.4836,+8.71529
+1.48377,+8.2658
+1.484,+8.21879
+1.48435,+8.2114
+1.48484,+8.40536
+1.48522,+8.43123
+1.48561,+8.30016
+1.48599,+8.21019
+1.48637,+8.12695
+1.48687,+8.05899
+1.48724,+7.96555
+1.4876,+7.99573
+1.48798,+8.03024
+1.48836,+7.97147
+1.48888,+7.80584
+1.48923,+7.76236
+1.48961,+7.85605
+1.48998,+7.81858
+1.49036,+7.70707
+1.49074,+7.50792
+1.49124,+7.47518
+1.49161,+7.66266
+1.492,+7.48537
+1.49238,+7.4208
+1.49287,+7.4036
+1.49324,+7.25205
+1.49361,+7.00752
+1.494,+6.96918
+1.49437,+6.92007
+1.49487,+6.96551
+1.49523,+6.9664
+1.49559,+6.88393
+1.49596,+6.81995
+1.49634,+6.38883
+1.49685,+6.17529
+1.49723,+5.97668
+1.49761,+5.94947
+1.49798,+5.73824
+1.49837,+5.65977
+1.49873,+5.25371
+1.49924,+4.98206
+1.49961,+4.78702
+1.49999,+4.6347
+1.50036,+4.74055
+1.50074,+4.65911
+1.50125,+4.5202
+1.5016,+4.3305
+1.50199,+4.06035
+1.50236,+3.90561
+1.50288,+3.89619
+1.50325,+3.78621
+1.50362,+3.68273
+1.50399,+3.50879
+1.50437,+3.48933
+1.50488,+3.27728
+1.50524,+3.31178
+1.50562,+3.13795
+1.50599,+3.14879
+1.50637,+2.98376
+1.50672,+2.90947
+1.50722,+2.68049
+1.5076,+2.62461
+1.50797,+2.49686
+1.50836,+2.30795
+1.50873,+2.22084
+1.50925,+2.02158
+1.50961,+1.8198
+1.50998,+1.72504
+1.51036,+1.67689
+1.51073,+1.4886
+1.51125,+1.48308
+1.51161,+1.29751
+1.51199,+1.17265
+1.51236,+1.00842
+1.51288,+0.768847
+1.51324,+0.478174
+1.51361,+0.396556
+1.514,+0.365308
+1.51438,+0.328103
+1.51473,+0.230565
+1.51525,+0.160748
+1.51562,+0.182565
+1.51599,+0.284724
+1.51636,+0.363148
+1.51674,+0.481693
+1.51724,+0.696378
+1.51759,+0.896272
+1.51797,+0.811311
+1.51834,+0.718427
+1.51871,+0.502845
+1.51925,+0.511964
+1.5196,+0.501249
+1.51996,+0.316985
+1.52032,+0.134527
+1.52083,-0.00848074
+1.52121,-0.108288
+1.52158,-0.254023
+1.52196,-0.161345
+1.52233,-0.114907
+1.52283,+0.124166
+1.5232,+0.118531
+1.52358,+0.0086838
+1.52396,+0.109063
+1.52433,+0.271879
+1.5247,+0.309143
+1.52521,+0.351628
+1.52558,+0.435896
+1.52595,+0.2937
+1.52633,+0.258832
+1.52671,+0.163412
+1.5272,+0.324426
+1.52758,+0.2806
+1.52795,+0.109623
+1.52833,+0.14533
+1.52883,+0.352462
+1.5292,+0.417225
+1.52958,+0.543222
+1.53008,+0.626076
+1.53034,+0.693166
+1.53083,+0.978253
+1.5312,+0.911778
+1.53158,+1.06292
+1.53208,+1.32473
+1.53235,+1.3998
+1.53271,+1.41118
+1.53321,+1.46608
+1.53358,+1.54881
+1.53396,+1.66961
+1.53433,+1.73514
+1.53471,+1.867
+1.5352,+1.99512
+1.53559,+2.29195
+1.53596,+2.42233
+1.53633,+2.57985
+1.53683,+2.77351
+1.5372,+2.75311
+1.53758,+2.85188
+1.53796,+3.06437
+1.53833,+3.33025
+1.5387,+3.48601
+1.53921,+3.65625
+1.53958,+3.73474
+1.53995,+3.96265
+1.54033,+4.1778
+1.5407,+4.30789
+1.54121,+4.75019
+1.54158,+4.92286
+1.54196,+5.17815
+1.54235,+5.39846
+1.54283,+5.43414
+1.5432,+5.657
+1.54359,+5.94616
+1.54396,+6.20184
+1.54433,+6.09703
+1.54483,+6.3133
+1.5452,+6.45621
+1.54558,+6.68742
+1.54595,+6.90955
+1.54633,+7.0752
+1.54671,+7.53199
+1.54721,+7.85211
+1.54758,+7.90326
+1.54796,+8.21452
+1.54834,+8.78312
+1.5487,+9.08515
+1.54921,+9.3353
+1.54959,+9.45935
+1.54996,+9.70206
+1.55033,+9.95533
+1.5507,+10.0304
+1.5512,+10.1509
+1.55159,+10.5671
+1.55196,+10.5618
+1.55233,+10.7149
+1.55284,+10.8835
+1.55321,+11.0973
+1.55358,+11.4158
+1.55395,+11.5535
+1.55433,+11.664
+1.55471,+11.9146
+1.5552,+12.1584
+1.55558,+12.2697
+1.55596,+12.5681
+1.55633,+12.7262
+1.5567,+12.9095
+1.55721,+13.1347
+1.55759,+13.4705
+1.55796,+13.3603
+1.55833,+13.7452
+1.55871,+13.8743
+1.55921,+13.6807
+1.55959,+13.7365
+1.55995,+13.8359
+1.56033,+14.0382
+1.56071,+13.8515
+1.56121,+13.9391
+1.56158,+13.9174
+1.56196,+14.2926
+1.56247,+14.2228
+1.56273,+14.3112
+1.56321,+14.669
+1.56358,+14.4213
+1.56395,+14.1317
+1.56434,+14.0531
+1.5647,+14.3855
+1.56522,+14.4084
+1.56559,+14.5582
+1.56596,+14.5487
+1.56634,+14.6076
+1.56671,+14.7108
+1.56721,+14.9118
+1.56758,+15.3258
+1.56795,+15.7599
+1.56832,+15.4091
+1.56883,+15.4376
+1.56921,+15.4286
+1.56958,+15.2735
+1.56995,+15.1822
+1.57034,+15.2159
+1.57071,+15.2322
+1.57121,+14.718
+1.57158,+14.5982
+1.57196,+14.1396
+1.57235,+14.6346
+1.57283,+14.5925
+1.57321,+14.6631
+1.57358,+14.6975
+1.57396,+14.7555
+1.57433,+14.6355
+1.57471,+14.05
+1.5752,+14.2419
+1.57559,+14.0757
+1.57595,+14.1529
+1.57633,+14.0091
+1.57684,+13.8316
+1.57721,+13.5815
+1.57758,+13.3157
+1.57796,+13.3013
+1.57834,+13.2324
+1.57871,+13.6715
+1.57921,+13.8222
+1.57958,+13.8813
+1.57995,+13.8427
+1.58035,+13.7443
+1.58071,+13.6873
+1.58121,+13.6814
+1.58158,+13.5411
+1.58195,+13.4294
+1.58233,+13.4104
+1.58272,+13.2552
+1.58321,+13.1643
+1.58359,+13.0002
+1.58396,+13.1185
+1.58433,+12.902
+1.58484,+12.9093
+1.586,+12.9083
+1.58625,+13.0299
+1.58645,+12.9355
+1.58671,+12.5905
+1.5872,+12.4109
+1.58758,+12.1084
+1.58795,+12.0241
+1.58834,+11.9574
+1.5887,+11.886
+1.5892,+11.8485
+1.58957,+11.7077
+1.58996,+11.449
+1.59033,+11.1423
+1.59071,+10.9589
+1.59121,+10.8624
+1.59158,+10.8923
+1.59195,+10.977
+1.59232,+10.7041
+1.59284,+10.6167
+1.59321,+10.5592
+1.59358,+10.1865
+1.59396,+10.2158
+1.59433,+10.1692
+1.5947,+10.1811
+1.59522,+9.91391
+1.59558,+9.69545
+1.59595,+9.41098
+1.59633,+8.9891
+1.5967,+8.539
+1.5972,+8.41126
+1.59758,+8.35974
+1.59796,+8.21996
+1.59833,+8.00951
+1.59871,+7.95611
+1.5992,+7.98518
+1.59958,+7.46884
+1.59996,+7.44384
+1.60033,+7.75545
+1.6007,+7.97478
+1.6012,+7.62781
+1.60158,+7.45881
+1.60196,+7.23782
+1.60233,+7.34374
+1.60272,+7.11879
+1.60321,+7.05182
+1.60358,+7.31129
+1.60395,+7.02573
+1.60433,+6.52283
+1.60472,+6.22799
+1.6052,+5.98048
+1.60558,+5.73466
+1.60596,+5.60483
+1.60633,+5.4857
+1.6067,+5.52824
+1.6072,+5.32153
+1.60758,+5.21245
+1.60795,+4.84378
+1.60832,+5.00727
+1.60871,+4.87389
+1.60921,+4.75583
+1.60958,+4.84135
+1.60995,+4.70488
+1.61034,+4.66764
+1.61071,+4.38533
+1.61121,+4.34638
+1.61158,+4.31955
+1.61196,+4.67772
+1.61234,+4.64718
+1.6127,+4.63303
+1.61321,+4.41403
+1.61358,+4.41523
+1.61396,+4.11013
+1.61433,+3.86635
+1.6147,+3.78951
+1.61521,+3.82055
+1.61558,+3.50761
+1.61596,+3.16224
+1.61634,+2.96968
+1.61671,+2.95023
+1.61721,+3.0596
+1.61758,+2.74978
+1.61796,+2.97673
+1.61833,+2.77494
+1.61871,+2.54059
+1.61921,+2.01019
+1.61959,+2.06292
+1.61996,+2.18576
+1.62033,+2.1386
+1.6207,+1.94687
+1.62121,+1.92902
+1.62159,+2.05313
+1.62195,+1.67524
+1.62233,+1.69842
+1.62271,+1.78961
+1.62321,+1.97235
+1.62358,+1.53765
+1.62396,+1.39013
+1.62433,+1.24941
+1.62484,+1.15778
+1.62521,+0.779832
+1.62558,+0.573348
+1.62595,+0.686302
+1.62634,+0.573285
+1.62671,+0.553106
+1.62721,+0.435711
+1.62759,+0.583373
+1.62796,+0.519074
+1.62834,+0.323935
+1.6287,+0.243445
+1.62921,+0.421657
+1.62958,+0.321068
+1.62996,+0.284356
+1.63033,+0.170119
+1.63071,-0.0118552
+1.63121,-0.291615
+1.63158,-0.207635
+1.63196,-0.409001
+1.63232,-0.355371
+1.63271,-0.298549
+1.63321,-0.612136
+1.63358,-0.547724
+1.63396,-0.78625
+1.63434,-0.823087
+1.63471,-0.821385
+1.63521,-0.639592
+1.63559,-0.798558
+1.63596,-0.768555
+1.63633,-0.805333
+1.6367,-0.975429
+1.63721,-0.759733
+1.63758,-0.856533
+1.63797,-0.957946
+1.63833,-1.10081
+1.63872,-1.21313
+1.63921,-1.35134
+1.63958,-1.34218
+1.63995,-1.63506
+1.64034,-1.575
+1.64071,-1.4874
+1.64121,-1.50461
+1.64158,-1.61771
+1.64196,-1.52069
+1.64234,-1.43432
+1.64271,-1.43465
+1.64321,-1.42878
+1.64359,-1.50717
+1.64396,-1.3599
+1.64434,-1.70548
+1.64477,-1.75734
+1.64521,-1.87703
+1.64559,-1.74187
+1.64596,-1.75658
+1.64633,-1.84911
+1.6467,-1.89179
+1.64721,-1.98741
+1.64758,-2.062
+1.64796,-2.00892
+1.64834,-1.85772
+1.64871,-1.89047
+1.64921,-1.90725
+1.64958,-2.0203
+1.64996,-1.89974
+1.65034,-2.07752
+1.65071,-2.04696
+1.6512,-1.98974
+1.65159,-1.89058
+1.65196,-1.76206
+1.65234,-1.66052
+1.65271,-1.57869
+1.65321,-1.44092
+1.65359,-1.40589
+1.65396,-1.64441
+1.65434,-1.47622
+1.65472,-1.39884
+1.65521,-1.27968
+1.65558,-1.3437
+1.65595,-1.43419
+1.65634,-1.39934
+1.65672,-1.45532
+1.65708,-1.44074
+1.65758,-1.43452
+1.65796,-1.23036
+1.65833,-1.17493
+1.65873,-1.29435
+1.65921,-1.4561
+1.65959,-1.47865
+1.65996,-1.39836
+1.66034,-1.39319
+1.66072,-1.2192
+1.66108,-1.18319
+1.66158,-1.01168
+1.66195,-1.02263
+1.66234,-0.906888
+1.66272,-0.671131
+1.66321,-0.638744
+1.66359,-0.40493
+1.66396,-0.393535
+1.66433,-0.436537
+1.66474,-0.564097
+1.66522,-0.548533
+1.66559,-0.559366
+1.66596,-0.438256
+1.66634,-0.436849
+1.66671,-0.774159
+1.66722,-0.845988
+1.66758,-1.14465
+1.66796,-1.06661
+1.66833,-1.0562
+1.66871,-1.03989
+1.66921,-1.11188
+1.66959,-1.09353
+1.66996,-1.04368
+1.67034,-0.96322
+1.67071,-0.71637
+1.67121,-0.375408
+1.67158,-0.0272525
+1.67197,-0.00730075
+1.67234,+0.0930427
+1.67271,+0.223898
+1.67322,+0.175255
+1.67359,+0.210826
+1.67396,+0.194848
+1.67434,+0.216423
+1.67472,+0.25333
+1.67521,+0.308372
+1.67559,+0.278691
+1.67596,+0.271764
+1.67633,+0.341397
+1.67671,+0.385724
+1.67721,+0.373193
+1.67758,+0.423709
+1.67797,+0.470154
+1.67834,+0.456925
+1.67871,+0.644531
+1.67921,+0.521837
+1.67959,+0.536351
+1.67996,+0.508422
+1.68034,+0.677409
+1.68071,+0.585376
+1.68122,+0.932123
+1.68159,+0.953519
+1.68196,+1.03564
+1.68233,+1.08867
+1.68273,+1.08291
+1.68322,+1.25709
+1.68359,+1.37002
+1.68397,+1.53356
+1.68435,+1.48384
+1.6847,+1.65806
+1.68522,+1.634
+1.68558,+1.6949
+1.68597,+1.65729
+1.68633,+1.50448
+1.68671,+1.57818
+1.68722,+1.66198
+1.68839,+1.5355
+1.68861,+1.27038
+1.68883,+1.25718
+1.68921,+1.25768
+1.68958,+1.20968
+1.68996,+1.21187
+1.69034,+1.40893
+1.69072,+1.64939
+1.69122,+1.60081
+1.69159,+1.51052
+1.69196,+1.69409
+1.69234,+1.9786
+1.6927,+2.03346
+1.69321,+2.10661
+1.69359,+2.27201
+1.69396,+2.34157
+1.69433,+2.33265
+1.69476,+2.3164
+1.69522,+2.48988
+1.69559,+2.54716
+1.69596,+2.57013
+1.69633,+2.5625
+1.6967,+2.52076
+1.69721,+2.48703
+1.69758,+2.47971
+1.69796,+2.31849
+1.69834,+2.28971
+1.69872,+2.38661
+1.69921,+2.13535
+1.69958,+2.07833
+1.69995,+2.13898
+1.70034,+1.86619
+1.70071,+1.71457
+1.70108,+1.68054
+1.70159,+1.72731
+1.70196,+1.54668
+1.70233,+1.49682
+1.70272,+1.1345
+1.70321,+1.30331
+1.70359,+1.28545
+1.70396,+1.16282
+1.70434,+1.48469
+1.70474,+1.72483
+1.70521,+1.78964
+1.70558,+1.82505
+1.70597,+2.03368
+1.70634,+2.11738
+1.70672,+2.47376
+1.70708,+2.35556
+1.7076,+2.44735
+1.70796,+2.41525
+1.70833,+2.37286
+1.70871,+2.12991
+1.70922,+2.19569
+1.70959,+2.01897
+1.70997,+1.91198
+1.71033,+1.88726
+1.71073,+1.83567
+1.71121,+1.98133
+1.71159,+1.90462
+1.71196,+2.00276
+1.71233,+2.10405
+1.71271,+2.27805
+1.71321,+2.19972
+1.71359,+2.22637
+1.71396,+2.44939
+1.71448,+2.36721
+1.71474,+2.38612
+1.71521,+2.29998
+1.71558,+2.40675
+1.71596,+2.34432
+1.71634,+2.30725
+1.71672,+2.31793
+1.71709,+2.38579
+1.71759,+2.3404
+1.71796,+2.26587
+1.71833,+2.2451
+1.71872,+2.24524
+1.71909,+2.18582
+1.71959,+2.26779
+1.71996,+2.37194
+1.72033,+2.38246
+1.72072,+2.32222
+1.72121,+2.2548
+1.72158,+2.31676
+1.72197,+2.27903
+1.72234,+2.32738
+1.72272,+2.3806
+1.72321,+2.49106
+1.72359,+2.22471
+1.72396,+2.12887
+1.72435,+2.07295
+1.72585,+2.10384
+1.72606,+2.14981
+1.72624,+2.1071
+1.72648,+2.10554
+1.72672,+2.08197
+1.72722,+1.98894
+1.72759,+1.92938
+1.72796,+1.94212
+1.72834,+1.86185
+1.72873,+1.54221
+1.72909,+1.59255
+1.72959,+1.5372
+1.72996,+1.53215
+1.73034,+1.75732
+1.73072,+1.8448
+1.73108,+1.77115
+1.73158,+1.74505
+1.73197,+1.56082
+1.73234,+1.55747
+1.73272,+1.70675
+1.73309,+1.66621
+1.73359,+1.6805
+1.73396,+1.61727
+1.73434,+1.33879
+1.73475,+1.21302
+1.73522,+1.21054
+1.73559,+1.12982
+1.73597,+1.37721
+1.73635,+1.40492
+1.73672,+1.41708
+1.73721,+1.39451
+1.73759,+1.15784
+1.73797,+1.11747
+1.73834,+0.784618
+1.73872,+0.879459
+1.73922,+0.780241
+1.73959,+0.650561
+1.73997,+0.330042
+1.74035,+0.292092
+1.74072,+0.299227
+1.74109,+0.20115
+1.74159,+0.307049
+1.74196,+0.350868
+1.74234,+0.668332
+1.74272,+0.501557
+1.74309,+0.422944
+1.74358,+0.49727
+1.74397,+0.640929
+1.74435,+0.542045
+1.74475,+0.417458
+1.74509,+0.306611
+1.74559,+0.212355
+1.74597,+0.0657349
+1.74647,-0.00599052
+1.74674,-0.180628
+1.74711,-0.157021
+1.74759,-0.25583
+1.74796,-0.563594
+1.74834,-0.68956
+1.74872,-0.6412
+1.74909,-0.620466
+1.74959,-0.671118
+1.74996,-0.758883
+1.75034,-0.727454
+1.75072,-0.648861
+1.75109,-0.647025
+1.75159,-0.583361
+1.75196,-0.193851
+1.75235,-0.196718
+1.75272,-0.15187
+1.75308,-0.292772
+1.75359,-0.36005
+1.75397,-0.256297
+1.75434,-0.400649
+1.75475,-0.479475
+1.75509,-0.455713
+1.75559,-0.871892
+1.75597,-0.968386
+1.75635,-0.97382
+1.75674,-1.20207
+1.75709,-1.06043
+1.75759,-1.05945
+1.75797,-1.23869
+1.75834,-1.26408
+1.75874,-1.30654
+1.75909,-1.39116
+1.7596,-1.12539
+1.75997,-1.27469
+1.76034,-1.20276
+1.76072,-1.17589
+1.76109,-1.34839
+1.76159,-1.45754
+1.76197,-1.35627
+1.76234,-1.32053
+1.76272,-1.37115
+1.76309,-1.48853
+1.7636,-1.54916
+1.76397,-1.82451
+1.76435,-1.89932
+1.76475,-2.03776
+1.76522,-2.09366
+1.76559,-2.12682
+1.76596,-2.13406
+1.76635,-2.20598
+1.76673,-2.21086
+1.76708,-2.30749
+1.7676,-2.34241
+1.76797,-2.22077
+1.76834,-2.35509
+1.76872,-2.30599
+1.76909,-2.26063
+1.76959,-2.19712
+1.76997,-2.32681
+1.77034,-2.42984
+1.77073,-2.46058
+1.77109,-2.42467
+1.77159,-2.4285
+1.77197,-2.31492
+1.77235,-2.45509
+1.77272,-2.53329
+1.77309,-2.52491
+1.77359,-2.64746
+1.77397,-2.67584
+1.77434,-2.66931
+1.77476,-2.73804
+1.77509,-3.04243
+1.77559,-3.00827
+1.77597,-3.03903
+1.77647,-2.93631
+1.77685,-3.05705
+1.77711,-3.07696
+1.77759,-3.1146
+1.77796,-3.14006
+1.77835,-3.21282
+1.77872,-3.35127
+1.77909,-3.11113
+1.77959,-3.42515
+1.77997,-3.38294
+1.78035,-3.47201
+1.78073,-3.35014
+1.78109,-3.54388
+1.7816,-3.45474
+1.78197,-3.53671
+1.78234,-3.45062
+1.78272,-3.3501
+1.7831,-3.30053
+1.78359,-3.16566
+1.78397,-3.25573
+1.78435,-3.26241
+1.78474,-3.26708
+1.78509,-3.18833
+1.78561,-3.26892
+1.78597,-3.34519
+1.78634,-3.44048
+1.78673,-3.5212
+1.78722,-3.51161
+1.78759,-3.56756
+1.78797,-3.63287
+1.78834,-3.69538
+1.78871,-3.79634
+1.78909,-3.72785
+1.78959,-3.71603
+1.79079,-3.71846
+1.79101,-3.73543
+1.79128,-3.6573
+1.7916,-3.71369
+1.79197,-3.68492
+1.79235,-3.69745
+1.79271,-3.70766
+1.79309,-3.68077
+1.79359,-3.86167
+1.79398,-3.97675
+1.79435,-3.96669
+1.79475,-3.9937
+1.79509,-4.03294
+1.79559,-4.08062
+1.79597,-4.09113
+1.79635,-4.14624
+1.79672,-4.12059
+1.79709,-4.14315
+1.7976,-3.98793
+1.79797,-3.92549
+1.79834,-3.89815
+1.79873,-4.04334
+1.7991,-4.06913
+1.79959,-4.09222
+1.79996,-4.03969
+1.80035,-4.00194
+1.80072,-3.88323
+1.80109,-3.79757
+1.80159,-3.86325
+1.80197,-3.69975
+1.80234,-3.69974
+1.80272,-3.50053
+1.8031,-3.48318
+1.8036,-3.42635
+1.80397,-3.42497
+1.80434,-3.34116
+1.80474,-3.3252
+1.80522,-3.38989
+1.8056,-3.54434
+1.80597,-3.69046
+1.80634,-3.62376
+1.80672,-3.62752
+1.80735,-3.53588
+1.80761,-3.59011
+1.80797,-3.55553
+1.80834,-3.72018
+1.80871,-3.75458
+1.8091,-3.71781
+1.8096,-3.54123
+1.80997,-3.52378
+1.81035,-3.72711
+1.81073,-3.78568
+1.81109,-3.74287
+1.8116,-3.76374
+1.81197,-3.77874
+1.81235,-3.74674
+1.81273,-3.77872
+1.8131,-3.77874
+1.81359,-3.80176
+1.81397,-3.98567
+1.81434,-3.80359
+1.81475,-3.72924
+1.81509,-3.91496
+1.81559,-3.88514
+1.81597,-3.89657
+1.81635,-3.91129
+1.81672,-3.88686
+1.81709,-3.93005
+1.8176,-3.84194
+1.81797,-3.62667
+1.81835,-3.36667
+1.81873,-3.3435
+1.81909,-3.24676
+1.8196,-3.2298
+1.81997,-3.15442
+1.82034,-3.08282
+1.82073,-3.03916
+1.8211,-2.80143
+1.8216,-2.86345
+1.82197,-2.98914
+1.82234,-3.16618
+1.82273,-3.13182
+1.8231,-3.09808
+1.8236,-2.93212
+1.82397,-2.96214
+1.82435,-2.98621
+1.82474,-3.01006
+1.82509,-3.22292
+1.82559,-3.37305
+1.82598,-3.25094
+1.82634,-3.24097
+1.82674,-3.38992
+1.82722,-3.39312
+1.82759,-3.42542
+1.82797,-3.5802
+1.82835,-3.44673
+1.82873,-3.34208
+1.82909,-3.39202
+1.8296,-3.02855
+1.82997,-2.98266
+1.83034,-2.93536
+1.83073,-2.95796
+1.83109,-2.75181
+1.8316,-2.78692
+1.83197,-2.50234
+1.83234,-2.60525
+1.83273,-2.60902
+1.83309,-2.6905
+1.8336,-2.80456
+1.83398,-2.8635
+1.83435,-2.81979
+1.83474,-2.66495
+1.83509,-2.78318
+1.83559,-2.75215
+1.83597,-2.97261
+1.83635,-2.83032
+1.83672,-2.70146
+1.83709,-2.58874
+1.83773,-2.53824
+1.83799,-2.47394
+1.83835,-2.71021
+1.83873,-2.57748
+1.83909,-2.6204
+1.8396,-2.64334
+1.83997,-2.49156
+1.84035,-2.42755
+1.84072,-2.33044
+1.8411,-2.09817
+1.8416,-2.07023
+1.84197,-1.99699
+1.84234,-1.99905
+1.84274,-2.13309
+1.84316,-2.01874
+1.8436,-1.91348
+1.84397,-1.81095
+1.84435,-1.7961
+1.84475,-1.8603
+1.8451,-1.78449
+1.8456,-1.7526
+1.84598,-1.68872
+1.84635,-1.53368
+1.84673,-1.36642
+1.84709,-1.24767
+1.84761,-1.20038
+1.84798,-1.20045
+1.84835,-1.42107
+1.84872,-1.50934
+1.8491,-1.72907
+1.8496,-1.72308
+1.84997,-1.84872
+1.85036,-1.92053
+1.85072,-1.88439
+1.85111,-2.01243
+1.8516,-2.01197
+1.85197,-1.92021
+1.85235,-1.68692
+1.85273,-1.68264
+1.8531,-1.44855
+1.8536,-1.42965
+1.85398,-1.20699
+1.85435,-0.811465
+1.85474,-0.633771
+1.85509,-0.500575
+1.8556,-0.31538
+1.85598,-0.32165
+1.85635,-0.428767
+1.85673,-0.467031
+1.8571,-0.41463
+1.85761,-0.284671
+1.85797,-0.214396
+1.85835,-0.243265
+1.85873,-0.319268
+1.8591,-0.233176
+1.85961,-0.600647
+1.85997,-0.518177
+1.86035,-0.301805
+1.86073,-0.206589
+1.8611,-0.304377
+1.8616,-0.312069
+1.86198,-0.311202
+1.86235,-0.278856
+1.86273,-0.320639
+1.8631,-0.468798
+1.8636,-0.145193
+1.86397,-0.135634
+1.86435,+0.00281127
+1.86475,+0.204034
+1.8651,+0.419933
+1.8656,+0.396035
+1.86597,+0.320716
+1.86635,+0.378163
+1.86673,+0.361414
+1.8671,+0.483216
+1.86761,+0.451434
+1.86798,+0.518559
+1.86835,+0.45098
+1.86872,+0.242163
+1.8691,-0.0430136
+1.86961,-0.0617796
+1.86998,+0.0323613
+1.87035,+0.00909983
+1.87073,+0.177287
+1.8711,+0.324657
+1.8716,+0.397292
+1.87198,+0.507345
+1.87236,+0.273803
+1.87273,+0.397611
+1.8731,+0.704381
+1.87361,+0.883255
+1.87398,+0.899979
+1.87434,+0.936919
+1.87474,+0.936184
+1.8751,+0.961802
+1.87561,+1.03183
+1.87598,+0.968425
+1.87635,+1.22215
+1.87673,+1.39306
+1.8771,+1.41212
+1.87761,+1.46427
+1.87798,+1.56536
+1.87835,+1.55898
+1.87873,+1.6026
+1.87909,+1.58594
+1.8796,+1.54832
+1.87997,+1.6179
+1.88035,+1.56855
+1.88073,+1.51119
+1.8811,+1.52876
+1.8816,+1.51355
+1.88198,+1.35903
+1.88235,+1.4378
+1.88273,+1.46533
+1.8831,+1.5171
+1.8836,+1.68199
+1.88397,+1.75954
+1.88435,+1.95162
+1.88474,+1.86322
+1.88509,+1.99543
+1.88561,+2.03696
+1.88598,+2.33736
+1.88635,+2.32039
+1.88673,+2.08833
+1.8871,+1.80098
+1.8876,+1.79432
+1.88799,+1.77631
+1.88836,+1.77448
+1.88873,+1.982
+1.8891,+2.0288
+1.8896,+2.10508
+1.88998,+1.84516
+1.89035,+1.91374
+1.89073,+2.10104
+1.8911,+2.42573
+1.8916,+2.33783
+1.89198,+2.26735
+1.89319,+2.18654
+1.89348,+2.14617
+1.89374,+2.04803
+1.89398,+1.94041
+1.89434,+2.10909
+1.89477,+2.22628
+1.89513,+2.32662
+1.89561,+2.22147
+1.89597,+2.29128
+1.89634,+2.31244
+1.89673,+2.44869
+1.8971,+2.29459
+1.8976,+2.3567
+1.89798,+2.48326
+1.89835,+2.26573
+1.89872,+2.17379
+1.8991,+2.10321
+1.8996,+2.22706
+1.89997,+2.40847
+1.90035,+2.16748
+1.90073,+2.1536
+1.90111,+2.34251
+1.9016,+2.27534
+1.90197,+2.33634
+1.90235,+2.58924
+1.90273,+2.62085
+1.9031,+2.65738
+1.90361,+2.46682
+1.90398,+2.52588
+1.90435,+2.84328
+1.90474,+2.51525
+1.9051,+2.59078
+1.9056,+2.68893
+1.90598,+2.77822
+1.90635,+2.75258
+1.90673,+2.91829
+1.90711,+3.02227
+1.9076,+3.00237
+1.90797,+2.83201
+1.90836,+2.66676
+1.90873,+3.00686
+1.9091,+2.76193
+1.9096,+2.80193
+1.90997,+2.73896
+1.91034,+2.73237
+1.91073,+2.68587
+1.91111,+2.63553
+1.9116,+2.83165
+1.91197,+2.76003
+1.91236,+2.96689
+1.91273,+3.09569
+1.9131,+3.28256
+1.91361,+3.23014
+1.91398,+3.37195
+1.91435,+3.55429
+1.91474,+3.50036
+1.9151,+3.38809
+1.9156,+3.5014
+1.91597,+3.63883
+1.91635,+3.6466
+1.91672,+3.58526
+1.9171,+3.71432
+1.9176,+3.68653
+1.91797,+3.46089
+1.91834,+3.47885
+1.91873,+3.39406
+1.91923,+3.63442
+1.9196,+3.71598
+1.91998,+3.49144
+1.92035,+3.5675
+1.92073,+3.57826
+1.9211,+3.56862
+1.9216,+3.66187
+1.92198,+3.7654
+1.92235,+3.77904
+1.92273,+3.94642
+1.9231,+3.94276
+1.92361,+3.86384
+1.92398,+4.15458
+1.92435,+3.98302
+1.92473,+3.92206
+1.9251,+3.90605
+1.9256,+4.04291
+1.92598,+4.08695
+1.92635,+4.16064
+1.92673,+4.00869
+1.92711,+4.07672
+1.9276,+4.13035
+1.92797,+3.9391
+1.92834,+4.13767
+1.92898,+4.28011
+1.92924,+4.33734
+1.9296,+4.24778
+1.92997,+4.10902
+1.93036,+3.822
+1.93073,+3.92311
+1.93111,+3.9301
+1.9316,+3.89966
+1.93198,+3.76074
+1.93235,+3.64264
+1.93273,+3.52022
+1.9331,+3.51729
+1.9336,+3.53916
+1.93398,+3.78724
+1.93435,+3.91619
+1.93475,+3.89688
+1.9351,+3.52788
+1.9356,+3.58715
+1.93598,+3.97105
+1.93635,+3.93754
+1.93672,+3.86047
+1.93711,+3.84307
+1.9376,+3.9285
+1.93798,+3.81233
+1.93835,+3.63302
+1.93874,+3.51861
+1.9391,+3.81287
+1.93961,+3.71538
+1.93998,+3.35597
+1.94035,+3.45967
+1.94073,+3.60591
+1.94111,+3.70832
+1.9416,+3.65057
+1.94198,+3.63421
+1.94235,+4.08108
+1.94273,+4.23868
+1.94311,+4.3744
+1.94361,+4.3172
+1.94398,+4.46241
+1.94435,+4.54839
+1.94474,+4.65315
+1.94524,+4.55154
+1.9456,+4.45737
+1.94598,+4.46255
+1.94635,+4.24688
+1.94673,+4.32546
+1.94711,+4.24794
+1.94748,+4.3378
+1.94797,+4.50138
+1.94836,+4.45019
+1.94886,+4.39798
+1.94914,+4.35976
+1.9496,+4.50779
+1.94998,+4.42155
+1.95036,+4.41939
+1.95073,+4.32444
+1.95111,+4.35923
+1.95148,+4.3483
+1.952,+4.43934
+1.95235,+4.59118
+1.95273,+4.54828
+1.95312,+4.76781
+1.9536,+4.62933
+1.95398,+4.7289
+1.95435,+4.64206
+1.95475,+4.63102
+1.95511,+4.61808
+1.95548,+4.67255
+1.95598,+4.565
+1.95636,+4.29116
+1.95672,+4.3974
+1.95711,+4.28744
+1.95747,+4.43842
+1.95798,+4.30981
+1.95835,+4.36061
+1.95874,+4.35883
+1.9591,+4.42366
+1.9596,+4.36758
+1.95999,+4.42288
+1.96036,+4.51814
+1.96074,+4.32657
+1.96111,+4.32093
+1.96148,+4.18236
+1.96198,+4.3681
+1.96236,+4.47411
+1.96273,+4.64342
+1.9631,+4.59622
+1.96347,+4.68337
+1.96398,+4.56177
+1.96436,+4.48451
+1.96474,+4.55323
+1.9651,+4.47477
+1.9656,+4.1422
+1.96598,+3.93348
+1.96636,+3.86743
+1.96673,+3.83219
+1.9671,+3.87718
+1.96761,+3.86199
+1.96798,+3.89117
+1.96835,+4.04568
+1.96874,+4.14595
+1.96912,+4.08009
+1.9696,+4.28066
+1.96998,+4.46623
+1.97036,+4.62275
+1.97074,+4.43847
+1.97111,+4.24666
+1.97147,+4.13801
+1.97198,+4.31583
+1.97236,+4.1379
+1.97273,+4.07447
+1.97311,+4.25555
+1.97348,+4.50391
+1.97398,+4.44106
+1.97436,+4.32944
+1.97474,+4.33183
+1.97512,+4.12
+1.97561,+4.18988
+1.97598,+4.08316
+1.97635,+4.32931
+1.97673,+4.35411
+1.97711,+4.2504
+1.97748,+4.22831
+1.97798,+4.12947
+1.97836,+3.98324
+1.97873,+3.92838
+1.97923,+4.27937
+1.97961,+4.44768
+1.97998,+4.13713
+1.98036,+4.00712
+1.98073,+3.95617
+1.9811,+3.98255
+1.98148,+3.82244
+1.98198,+3.88191
+1.98247,+4.12861
+1.98296,+4.2926
+1.98336,+4.38307
+1.98361,+3.99487
+1.98436,+4.1671
+1.98463,+4.06247
+1.98481,+4.02818
+1.98511,+3.96356
+1.98561,+4.00246
+1.98598,+4.14578
+1.98635,+4.02975
+1.98675,+3.85466
+1.98711,+3.65603
+1.98748,+3.73316
+1.98798,+3.81872
+1.98836,+3.96801
+1.98873,+4.01065
+1.98913,+4.04404
+1.98961,+4.165
+1.98998,+4.05613
+1.99036,+3.9821
+1.99073,+4.15689
+1.99111,+4.23829
+1.99161,+4.27351
+1.99198,+4.21972
+1.99236,+3.96757
+1.99274,+3.97476
+1.99311,+3.99525
+1.99348,+3.99536
+1.99399,+3.89998
+1.99436,+3.92223
+1.99559,+4.00509
+1.9958,+3.96703
+1.99609,+4.10175
+1.99635,+4.1727
+1.99673,+4.26181
+1.99711,+4.15378
+1.99747,+4.16373
+1.99798,+4.16738
+1.99836,+4.29983
+1.99874,+3.90751
+1.99911,+3.36154
+1.99948,+2.9403
+1.99998,+2.47487
