+0,+0.540677
+0.00037,+0.672428
+0.00076,+0.889533
+0.00113,+1.19667
+0.00151,+1.31209
+0.00188,+1.43529
+0.00238,+1.5197
+0.00275,+1.53133
+0.00313,+1.58869
+0.0035,+1.65229
+0.00407,+1.72876
+0.00438,+1.77266
+0.00475,+1.61265
+0.00513,+1.44364
+0.00551,+1.51165
+0.00587,+1.54532
+0.00638,+1.58834
+0.00676,+1.56302
+0.00712,+1.49772
+0.00751,+1.51566
+0.00801,+1.50609
+0.00838,+1.50174
+0.00936,+1.53776
+0.00956,+1.64105
+0.01001,+1.42236
+0.01038,+1.3522
+0.01075,+1.20341
+0.01112,+1.18212
+0.01151,+1.2326
+0.01187,+1.17079
+0.01238,+1.15623
+0.01275,+1.19939
+0.01312,+1.26486
+0.01351,+1.28859
+0.01387,+1.3485
+0.01438,+1.24668
+0.01475,+1.24185
+0.01513,+1.03469
+0.0155,+0.972934
+0.016,+1.01274
+0.01638,+0.991761
+0.01675,+0.919201
+0.01713,+0.855457
+0.01751,+0.633461
+0.01801,+0.810624
+0.01838,+0.907608
+0.01875,+0.978147
+0.01913,+1.16093
+0.01951,+1.11413
+0.01987,+1.13095
+0.02037,+1.21544
+0.02075,+1.14581
+0.02114,+1.15703
+0.02151,+1.16209
+0.02187,+1.13613
+0.02238,+1.18361
+0.02275,+1.12139
+0.02313,+1.07774
+0.0235,+1.31672
+0.02388,+1.17275
+0.02438,+1.0963
+0.02475,+1.03664
+0.02513,+0.894155
+0.02552,+1.1003
+0.02587,+1.07454
+0.02637,+0.957145
+0.02675,+0.983633
+0.02712,+0.812643
+0.02751,+0.621023
+0.02787,+0.73162
+0.02838,+0.693749
+0.02876,+0.700891
+0.02913,+0.803335
+0.0295,+0.658973
+0.02988,+0.385841
+0.03038,+0.38196
+0.03075,+0.383163
+0.03112,+0.4011
+0.03151,+0.29996
+0.03188,+0.206915
+0.03238,+0.383257
+0.03275,+0.324997
+0.03314,+0.335931
+0.03351,+0.24804
+0.03387,+0.366494
+0.03439,+0.409943
+0.03476,+0.159646
+0.03513,+0.131298
+0.0355,+0.200263
+0.03588,+0.0126206
+0.03638,-0.245174
+0.03675,-0.242769
+0.03714,-0.308884
+0.03751,-0.269183
+0.038,-0.197891
+0.03837,-0.181474
+0.03875,+0.0162158
+0.03913,+0.113907
+0.0395,+0.105849
+0.03987,+0.234056
+0.04038,+0.206188
+0.04075,+0.183708
+0.04113,+0.160322
+0.0415,+0.185266
+0.04188,+0.179214
+0.04238,+0.101026
+0.04275,+0.11866
+0.04312,+0.088717
+0.0435,+0.0928064
+0.04388,+0.227653
+0.04438,+0.198873
+0.04475,+0.223968
+0.04514,+0.0625897
+0.04551,-0.182087
+0.04587,-0.271267
+0.04638,-0.3236
+0.04676,-0.486255
+0.04713,-0.4196
+0.0475,-0.493998
+0.048,-0.707118
+0.04838,-0.487119
+0.04875,-0.480135
+0.04914,-0.541764
+0.04951,-0.386495
+0.04988,-0.243172
+0.05038,-0.197803
+0.05075,-0.143898
+0.05112,-0.277962
+0.05151,-0.215528
+0.05188,-0.0576701
+0.05239,-0.118522
+0.05276,-0.104061
+0.05314,+0.157192
+0.05351,-0.0251828
+0.05387,-0.179857
+0.05439,-0.243676
+0.05475,-0.387464
+0.05513,-0.460432
+0.05551,-0.549559
+0.05588,-0.617563
+0.05638,-0.805078
+0.05676,-0.895887
+0.05714,-0.94563
+0.05751,-0.939793
+0.05788,-0.955967
+0.05838,-0.919885
+0.05876,-0.838532
+0.05926,-0.760981
+0.05952,-0.78825
+0.05987,-0.993714
+0.06038,-0.881084
+0.06076,-0.917195
+0.06114,-1.0745
+0.06151,-0.916718
+0.06187,-0.985577
+0.06238,-1.05302
+0.06275,-0.987207
+0.06313,-0.957544
+0.0635,-0.825767
+0.06388,-0.752077
+0.06438,-0.838253
+0.06476,-0.759961
+0.06514,-0.699256
+0.06551,-0.814853
+0.06588,-0.798712
+0.06638,-0.849242
+0.06676,-0.990586
+0.06713,-1.05147
+0.0675,-1.25263
+0.06788,-1.26589
+0.06838,-1.18649
+0.06876,-1.24569
+0.06915,-1.09878
+0.06952,-0.952881
+0.06988,-1.01112
+0.07038,-1.15112
+0.07075,-1.18186
+0.07113,-1.15661
+0.07151,-1.17329
+0.07188,-1.35248
+0.07238,-1.35798
+0.07276,-1.23769
+0.07314,-1.5217
+0.07351,-1.80476
+0.07387,-1.79042
+0.07438,-1.56964
+0.07476,-1.61544
+0.07513,-1.69056
+0.07551,-1.74173
+0.07588,-1.61512
+0.07638,-1.67898
+0.07675,-1.83007
+0.07714,-1.69267
+0.07751,-1.59404
+0.07788,-1.68401
+0.07838,-1.81051
+0.07876,-1.77302
+0.07913,-1.84918
+0.0795,-1.82391
+0.07988,-1.83756
+0.08038,-1.99222
+0.08076,-1.99435
+0.08114,-1.98871
+0.08151,-2.05875
+0.08276,-1.85473
+0.08294,-1.74285
+0.08322,-1.72539
+0.08351,-1.7477
+0.08388,-1.79294
+0.08438,-1.7748
+0.08476,-1.8541
+0.08514,-1.88017
+0.08551,-1.96615
+0.08588,-2.06768
+0.08639,-2.20761
+0.08676,-2.43926
+0.08713,-2.38671
+0.08751,-2.39326
+0.08788,-2.37562
+0.08838,-2.38957
+0.08876,-2.2817
+0.08914,-2.24288
+0.08964,-2.24665
+0.08989,-2.09329
+0.09038,-2.12933
+0.09075,-2.03905
+0.09114,-2.1695
+0.09152,-2.27076
+0.09188,-2.34272
+0.09238,-2.40557
+0.09275,-2.36766
+0.09315,-2.46968
+0.09352,-2.47422
+0.09388,-2.59494
+0.09438,-2.63666
+0.09476,-2.63399
+0.09513,-2.64465
+0.09551,-2.47716
+0.09587,-2.50204
+0.09639,-2.5788
+0.09676,-2.73258
+0.09714,-2.77204
+0.09752,-2.78946
+0.09788,-2.60069
+0.09839,-2.53782
+0.09876,-2.52164
+0.09913,-2.44318
+0.09952,-2.689
+0.09988,-2.59763
+0.10038,-2.44085
+0.10076,-2.41096
+0.10114,-2.45151
+0.10153,-2.50951
+0.10188,-2.68434
+0.10238,-2.78477
+0.10276,-2.77651
+0.10313,-2.91986
+0.10351,-2.70688
+0.10388,-2.78467
+0.10439,-2.90103
+0.10476,-2.82198
+0.10515,-2.83007
+0.10551,-2.92642
+0.10588,-2.85917
+0.10646,-2.75053
+0.10676,-2.70452
+0.10714,-2.55162
+0.10752,-2.59065
+0.10788,-2.50348
+0.10839,-2.43766
+0.10876,-2.3638
+0.10915,-2.36987
+0.10951,-2.42775
+0.10988,-2.46767
+0.11038,-2.52568
+0.11075,-2.61551
+0.11176,-2.77382
+0.11203,-2.76909
+0.11239,-2.69936
+0.11276,-2.54255
+0.11314,-2.6488
+0.11352,-2.49547
+0.1139,-2.48364
+0.11438,-2.40892
+0.11476,-2.45346
+0.11514,-2.56169
+0.11552,-2.57537
+0.11588,-2.66852
+0.11638,-2.85768
+0.11675,-3.09129
+0.11715,-3.19485
+0.11752,-3.33174
+0.11788,-3.69777
+0.11839,-4.33737
+0.12022,-4.27632
+0.12043,-4.15451
+0.12076,-4.5663
+0.12115,-5.14582
+0.12152,-4.97199
+0.12188,-5.10558
+0.12238,-4.88211
+0.12275,-5.34532
+0.12313,-5.42611
+0.12351,-4.7234
+0.12388,-4.99362
+0.12438,-4.91716
+0.12476,-4.37816
+0.12514,-3.68702
+0.12551,-4.08938
+0.12588,-3.91146
+0.12638,-4.66171
+0.12676,-4.46265
+0.12714,-4.47068
+0.12751,-4.57975
+0.12788,-4.29421
+0.12838,-4.70345
+0.12876,-5.37645
+0.12914,-5.31938
+0.12951,-5.07297
+0.12988,-5.0087
+0.13039,-4.94486
+0.13076,-5.16597
+0.13114,-5.09667
+0.13151,-5.72443
+0.13189,-6.23664
+0.13239,-5.82651
+0.13276,-5.13163
+0.13316,-5.89295
+0.13351,-5.66283
+0.13389,-5.72564
+0.13438,-5.743
+0.13476,-5.86317
+0.13514,-5.30966
+0.13552,-4.62249
+0.13588,-4.02916
+0.13639,-4.11522
+0.13676,-4.07599
+0.13715,-3.99962
+0.13752,-4.02764
+0.13788,-4.01432
+0.13838,-3.36545
+0.13876,-2.72666
+0.13914,-2.67643
+0.13951,-2.89249
+0.13988,-2.89083
+0.14038,-2.86183
+0.14076,-2.76773
+0.14114,-2.80608
+0.14152,-3.60834
+0.14188,-3.8367
+0.14238,-4.07219
+0.14276,-4.22635
+0.14313,-4.51133
+0.14351,-4.45078
+0.14389,-4.64361
+0.14439,-4.67553
+0.14476,-5.00397
+0.14515,-4.29598
+0.14552,-3.53859
+0.14589,-3.15068
+0.14638,-2.99551
+0.14676,-2.81405
+0.14714,-2.76023
+0.14751,-2.54612
+0.14789,-2.48959
+0.14839,-2.44119
+0.14876,-2.48885
+0.14915,-2.57221
+0.14951,-2.89777
+0.14988,-3.00873
+0.15039,-2.98003
+0.15076,-3.70854
+0.15113,-4.08061
+0.15152,-4.78535
+0.15188,-5.3531
+0.15238,-5.29778
+0.15276,-5.15269
+0.15314,-5.80012
+0.15351,-6.15183
+0.15389,-6.20323
+0.15438,-6.17827
+0.15476,-6.05599
+0.15513,-5.50247
+0.15551,-5.55955
+0.15588,-4.99043
+0.15638,-5.72531
+0.15676,-5.6238
+0.15715,-5.65762
+0.15751,-5.09579
+0.15788,-5.15162
+0.15839,-5.48333
+0.15876,-5.08091
+0.15914,-5.70127
+0.15951,-5.65753
+0.15988,-6.41294
+0.16039,-5.69205
+0.16077,-6.04525
+0.16116,-5.24701
+0.16153,-5.43968
+0.16189,-5.92289
+0.16239,-6.17079
+0.16277,-6.56258
+0.16313,-6.58561
+0.16352,-5.91354
+0.16389,-5.22035
+0.16439,-5.30552
+0.16477,-5.60341
+0.16516,-5.91421
+0.16551,-5.70305
+0.16588,-5.17576
+0.16639,-4.59682
+0.16677,-4.26101
+0.16713,-4.23772
+0.16751,-4.88558
+0.16789,-4.79745
+0.16838,-5.47927
+0.16876,-5.38879
+0.16915,-5.14204
+0.16951,-5.64692
+0.16989,-5.65853
+0.17039,-5.71384
+0.17076,-6.13651
+0.17114,-5.5558
+0.17151,-5.71244
+0.17188,-5.67769
+0.17239,-4.9623
+0.17277,-5.0054
+0.17315,-5.03286
+0.17352,-4.36479
+0.17389,-4.35106
+0.17439,-4.88532
+0.17477,-4.87521
+0.17513,-4.81055
+0.17551,-4.7065
+0.17589,-4.98272
+0.17639,-4.87948
+0.17677,-4.27479
+0.17716,-5.03886
+0.17751,-5.24102
+0.17789,-5.35599
+0.17839,-4.77429
+0.17877,-4.75371
+0.17914,-5.44609
+0.17952,-4.85199
+0.17989,-4.5785
+0.18038,-4.65955
+0.18076,-4.58768
+0.18116,-4.45559
+0.18151,-4.96491
+0.18188,-5.03015
+0.18239,-5.09085
+0.18276,-4.27274
+0.18314,-4.18059
+0.18351,-4.51306
+0.18389,-4.37166
+0.18439,-4.36219
+0.18477,-4.35427
+0.18515,-4.02497
+0.18551,-4.03469
+0.18589,-3.78552
+0.18639,-3.81171
+0.18677,-4.20673
+0.18713,-3.52793
+0.18755,-3.80969
+0.18789,-3.97239
+0.18839,-3.97292
+0.18877,-4.32792
+0.18916,-4.08416
+0.18951,-3.45113
+0.18989,-4.19649
+0.19039,-4.63141
+0.19077,-4.92586
+0.19115,-5.25505
+0.19153,-4.54744
+0.19189,-4.72126
+0.1924,-4.89896
+0.19276,-5.14923
+0.19316,-5.35108
+0.19351,-5.33365
+0.19388,-4.51643
+0.19439,-4.65788
+0.19476,-4.80813
+0.19514,-4.55168
+0.19551,-4.74424
+0.19589,-4.67748
+0.19639,-4.90234
+0.19677,-4.45196
+0.19715,-4.86649
+0.19752,-5.49874
+0.1979,-5.48698
+0.19839,-4.80848
+0.19877,-4.19045
+0.19915,-4.21033
+0.19952,-4.13911
+0.1999,-4.04999
+0.20039,-3.73373
+0.20077,-3.68367
+0.20116,-3.00932
+0.20152,-2.44837
+0.2019,-2.60773
+0.2024,-9.41098
+0.20277,-9.37929
+0.20315,-9.49081
+0.20352,-9.55054
+0.20388,-9.62878
+0.20439,-9.85087
+0.20477,-9.90542
+0.20516,-9.9072
+0.20552,-9.84697
+0.20589,-9.89781
+0.20639,-9.9368
+0.20677,-9.91424
+0.20714,-9.7252
+0.20752,-9.48679
+0.20789,-9.51507
+0.20839,-9.40616
+0.20877,-9.34761
+0.20917,-9.30476
+0.20952,-9.31498
+0.2099,-9.16696
+0.2104,-9.03415
+0.21076,-8.90617
+0.21114,-8.91588
+0.21152,-9.1014
+0.21189,-9.1335
+0.21239,-9.12209
+0.21277,-9.10476
+0.21316,-8.99875
+0.21416,-9.05004
+0.21434,-9.02295
+0.21451,-9.20402
+0.21476,-9.27407
+0.21514,-9.44334
+0.21552,-9.34228
+0.21589,-9.3974
+0.21639,-9.46362
+0.21677,-9.43895
+0.21716,-9.60835
+0.21752,-9.5795
+0.21789,-9.67335
+0.21839,-9.48948
+0.21877,-9.37515
+0.21914,-9.2315
+0.21952,-9.19921
+0.21989,-9.10503
+0.22039,-8.95755
+0.22076,-8.90562
+0.22115,-8.81495
+0.22165,-8.752
+0.22191,-8.62293
+0.22241,-8.72709
+0.22277,-8.78962
+0.22314,-8.67385
+0.22352,-8.73505
+0.22389,-8.59396
+0.22439,-8.70749
+0.22476,-8.75488
+0.22515,-8.671
+0.22552,-8.6755
+0.22589,-8.77817
+0.22641,-8.82839
+0.2268,-8.88551
+0.22715,-9.00335
+0.22757,-8.99289
+0.22791,-9.10404
+0.22839,-8.91502
+0.22877,-8.9995
+0.22917,-9.06495
+0.22952,-8.89291
+0.22989,-8.92463
+0.23026,-8.85279
+0.23076,-8.87835
+0.23114,-8.86533
+0.23152,-8.76653
+0.23189,-8.779
+0.2324,-8.89508
+0.23277,-8.89561
+0.23316,-8.87225
+0.23351,-8.91056
+0.2339,-8.86374
+0.2344,-8.78284
+0.23477,-8.74721
+0.23514,-8.71511
+0.23552,-8.85365
+0.2359,-8.77964
+0.2364,-8.76321
+0.23677,-8.60218
+0.23716,-8.46314
+0.23752,-8.48435
+0.23789,-8.46466
+0.23839,-8.45756
+0.23876,-8.50551
+0.23915,-8.44043
+0.23952,-8.29686
+0.2399,-8.33416
+0.24039,-8.20545
+0.24077,-8.18588
+0.24116,-8.21501
+0.24152,-8.20296
+0.24189,-7.91804
+0.2424,-7.8033
+0.24278,-7.61576
+0.24314,-7.53591
+0.24351,-7.4647
+0.24389,-7.44704
+0.24439,-7.58946
+0.24477,-7.64784
+0.24515,-7.73177
+0.24552,-7.73769
+0.24589,-7.88279
+0.24626,-7.97658
+0.24677,-7.96769
+0.24714,-7.9179
+0.24753,-7.98633
+0.2479,-8.08705
+0.2484,-7.92901
+0.24877,-7.86699
+0.24915,-7.62875
+0.24952,-7.75664
+0.2499,-7.77867
+0.25026,-7.68777
+0.25077,-7.79754
+0.25115,-7.78064
+0.25152,-7.81887
+0.25201,-7.55926
+0.25241,-7.50205
+0.25277,-7.44932
+0.25316,-7.52902
+0.25352,-7.33399
+0.25391,-7.26068
+0.25426,-7.3375
+0.25477,-7.22301
+0.25514,-7.31779
+0.25552,-7.21533
+0.2559,-7.2673
+0.25639,-7.34468
+0.25677,-7.3752
+0.25716,-7.4363
+0.25753,-7.4123
+0.2579,-7.43951
+0.25827,-7.34483
+0.25878,-7.23843
+0.25915,-7.21833
+0.25952,-7.28923
+0.25989,-7.26122
+0.26026,-7.12448
+0.26077,-7.06807
+0.26116,-6.96297
+0.26152,-6.92201
+0.2619,-6.99992
+0.26239,-6.95445
+0.26277,-6.94435
+0.26315,-6.80937
+0.26352,-6.48986
+0.26389,-6.40014
+0.26426,-6.46379
+0.26477,-6.59175
+0.26516,-6.6026
+0.26552,-6.52157
+0.26589,-6.42742
+0.2664,-6.24197
+0.26677,-6.33156
+0.26714,-6.34393
+0.26752,-6.64706
+0.2679,-6.60876
+0.2684,-6.45255
+0.26877,-6.20506
+0.26915,-6.05479
+0.26953,-6.0502
+0.2699,-5.91962
+0.27027,-6.09269
+0.27077,-5.9535
+0.27115,-5.85536
+0.27152,-5.65392
+0.27202,-5.62804
+0.27239,-5.66496
+0.27278,-5.78015
+0.27316,-5.7752
+0.27352,-5.73142
+0.2739,-5.91307
+0.27428,-5.75667
+0.27477,-5.81831
+0.27514,-5.86983
+0.27553,-5.83473
+0.2759,-5.79172
+0.27639,-5.94867
+0.27677,-5.83982
+0.27716,-5.8906
+0.27753,-5.79668
+0.2779,-5.45521
+0.27826,-5.48575
+0.27877,-5.3966
+0.27915,-5.33587
+0.27952,-5.29317
+0.27989,-5.33364
+0.28027,-5.11901
+0.28077,-5.01351
+0.28115,-4.92592
+0.28152,-4.93633
+0.28191,-4.95114
+0.28227,-4.86332
+0.28277,-4.72384
+0.28314,-4.57058
+0.28353,-4.3701
+0.28391,-4.27045
+0.28427,-4.25635
+0.28477,-4.33994
+0.28515,-4.42531
+0.28552,-4.41793
+0.28589,-4.46541
+0.28626,-4.4815
+0.28678,-4.60695
+0.28715,-4.71094
+0.28755,-4.78392
+0.2879,-4.76591
+0.2884,-4.68551
+0.28877,-4.55725
+0.28916,-4.24295
+0.28953,-4.16731
+0.2899,-3.98353
+0.29027,-3.92065
+0.29078,-3.76196
+0.29115,-3.63298
+0.29152,-3.52701
+0.2919,-3.41982
+0.2924,-3.24646
+0.29278,-3.04941
+0.29316,-3.07176
+0.29352,-2.93675
+0.29391,-2.94765
+0.29427,-2.87204
+0.29478,-2.90407
+0.29515,-2.84443
+0.29552,-2.71012
+0.29591,-2.72122
+0.29627,-2.56286
+0.29677,-2.56319
+0.29715,-2.53357
+0.29753,-2.48563
+0.2979,-2.41517
+0.29827,-2.29182
+0.29878,-2.10067
+0.29915,-2.0963
+0.29953,-2.10654
+0.29989,-1.86778
+0.3004,-1.85902
+0.30078,-1.85221
+0.30115,-1.64846
+0.30152,-1.63956
+0.3019,-1.51214
+0.3024,-1.32314
+0.30277,-1.17123
+0.30315,-1.12315
+0.30353,-1.09765
+0.3039,-1.22376
+0.30427,-1.29625
+0.30477,-1.26485
+0.30516,-1.27452
+0.30553,-1.21544
+0.3059,-1.177
+0.30627,-1.29798
+0.30677,-1.26285
+0.30715,-1.18116
+0.30753,-1.11333
+0.30789,-0.865328
+0.3084,-0.700841
+0.30878,-0.602807
+0.30916,-0.461619
+0.30952,-0.316627
+0.3099,-0.303106
+0.31027,-0.16023
+0.31077,-0.140039
+0.31115,+0.0593955
+0.31153,+0.353985
+0.31191,+0.519279
+0.31227,+0.575577
+0.31291,+0.758469
+0.31317,+0.838868
+0.31353,+1.02389
+0.31391,+1.17453
+0.31427,+1.23384
+0.31477,+1.30302
+0.31515,+1.49097
+0.31552,+1.26009
+0.31656,+1.15131
+0.31683,+1.24406
+0.31706,+1.27804
+0.31729,+1.2166
+0.31754,+1.28052
+0.3179,+1.43808
+0.31826,+1.60437
+0.31879,+1.74871
+0.31915,+1.78806
+0.31952,+2.10087
+0.3199,+2.26869
+0.32026,+2.60158
+0.32077,+2.80276
+0.32116,+2.98699
+0.32152,+3.15818
+0.32189,+3.29962
+0.32227,+3.48633
+0.32277,+3.71772
+0.32314,+3.92257
+0.32352,+4.11277
+0.3239,+4.38141
+0.32427,+4.38941
+0.32478,+4.55457
+0.32516,+4.56386
+0.32552,+4.651
+0.3259,+4.69792
+0.32626,+4.76897
+0.32677,+4.90428
+0.32715,+4.96436
+0.32753,+5.17531
+0.32789,+5.18254
+0.32827,+5.34824
+0.32877,+5.447
+0.32915,+5.73701
+0.32952,+5.86372
+0.32989,+6.00834
+0.33026,+6.19415
+0.33076,+6.40549
+0.33114,+6.59123
+0.33152,+6.79118
+0.33189,+7.0647
+0.33226,+7.10786
+0.33277,+7.41123
+0.33315,+7.67052
+0.33352,+8.00357
+0.33389,+8.36464
+0.33427,+8.57209
+0.33477,+8.78963
+0.33515,+9.08339
+0.33551,+9.17561
+0.33589,+9.31112
+0.33626,+9.49016
+0.33677,+9.72894
+0.33716,+9.97701
+0.33753,+10.0734
+0.3379,+10.1294
+0.33826,+10.2642
+0.33877,+10.3957
+0.33915,+10.545
+0.33952,+10.7624
+0.33989,+11.0449
+0.34039,+11.3347
+0.34077,+11.409
+0.34115,+11.6802
+0.34152,+11.8679
+0.3419,+12.1434
+0.34227,+12.3354
+0.3429,+12.5843
+0.34316,+12.8414
+0.34352,+13.1373
+0.34389,+13.3047
+0.34427,+13.4213
+0.34477,+13.6748
+0.34515,+13.8885
+0.34552,+14.2146
+0.34589,+14.4775
+0.34627,+14.8561
+0.34677,+15.0576
+0.34715,+15.1884
+0.34753,+15.4217
+0.34789,+15.6746
+0.3484,+16.1002
+0.34877,+16.3319
+0.34915,+16.5672
+0.34952,+16.7033
+0.3499,+16.9764
+0.35027,+17.1292
+0.35077,+17.3173
+0.35115,+17.5033
+0.35152,+17.6406
+0.35191,+17.8124
+0.35227,+18.0287
+0.35277,+18.2899
+0.35314,+18.4799
+0.35352,+18.8136
+0.3539,+19.0842
+0.35427,+19.445
+0.35477,+19.6789
+0.35515,+20.0913
+0.35552,+20.4596
+0.35589,+20.9527
+0.35627,+21.2309
+0.35678,+21.6224
+0.35715,+21.9156
+0.35753,+22.2229
+0.35789,+22.5935
+0.35827,+22.8088
+0.35877,+23.2997
+0.35915,+23.6254
+0.35952,+23.8503
+0.3599,+24.0948
+0.36027,+24.42
+0.36077,+24.6488
+0.36115,+24.9073
+0.36153,+25.1593
+0.36191,+25.3096
+0.36227,+25.7929
+0.36277,+26.0865
+0.36314,+26.4225
+0.36352,+26.9098
+0.36389,+27.2049
+0.36427,+27.6905
+0.36478,+28.0268
+0.36515,+28.4207
+0.36552,+28.8897
+0.3659,+29.2798
+0.36626,+29.5012
+0.36678,+29.875
+0.36715,+30.1943
+0.36753,+30.2975
+0.3679,+30.6121
+0.36827,+30.7678
+0.36877,+31.0979
+0.36915,+31.4287
+0.36952,+31.7782
+0.3699,+32.1933
+0.37027,+32.5809
+0.37077,+32.9347
+0.37115,+33.2258
+0.37153,+33.7717
+0.37189,+34.2204
+0.37227,+34.6128
+0.37278,+34.9309
+0.37315,+35.4648
+0.37365,+35.8382
+0.37391,+36.2253
+0.37427,+36.6259
+0.37478,+36.8877
+0.37515,+37.3846
+0.37552,+37.6357
+0.3759,+37.9359
+0.37627,+38.3584
+0.37677,+38.8851
+0.37715,+39.2137
+0.37753,+39.5272
+0.37791,+40.0103
+0.37827,+40.3713
+0.37877,+40.7256
+0.37914,+41.0271
+0.37953,+41.548
+0.37991,+41.9492
+0.38027,+42.3948
+0.38077,+42.6958
+0.38117,+43.0863
+0.38153,+43.4683
+0.3819,+43.705
+0.38227,+44.0684
+0.38277,+44.5225
+0.38314,+44.8714
+0.38352,+45.0387
+0.38389,+45.3826
+0.38427,+45.5969
+0.38478,+46.1353
+0.38516,+46.3995
+0.38556,+46.7844
+0.38594,+47.1253
+0.38631,+47.5686
+0.38681,+48.0686
+0.38718,+48.4145
+0.38758,+48.9107
+0.38795,+49.246
+0.38831,+49.6052
+0.38883,+49.7008
+0.38921,+49.9625
+0.38956,+50.2384
+0.38994,+50.5753
+0.3903,+50.6663
+0.39081,+50.6937
+0.39119,+51.1001
+0.39155,+51.5903
+0.39194,+52.1818
+0.3923,+52.5916
+0.39283,+52.8883
+0.3932,+53.2731
+0.39356,+53.4762
+0.39393,+53.6811
+0.39432,+54.0973
+0.39482,+54.4253
+0.39519,+54.5558
+0.39556,+54.5109
+0.39595,+54.4064
+0.39631,+54.3878
+0.39682,+54.6581
+0.39721,+54.7544
+0.39755,+54.9474
+0.39791,+55.2173
+0.3983,+55.4742
+0.3988,+55.6313
+0.39918,+55.878
+0.39955,+56.3539
+0.39994,+56.8759
+0.40032,+56.9951
+0.40082,+56.9628
+0.4012,+57.5261
+0.40155,+57.7423
+0.40194,+57.7483
+0.40231,-59.9361
+0.40282,-60.1243
+0.4032,-60.527
+0.40357,-60.664
+0.40407,-60.7255
+0.40431,-60.9605
+0.40482,-61.2661
+0.40522,-61.343
+0.40556,-61.7036
+0.40594,-61.9648
+0.40631,-62.3756
+0.4068,-62.6642
+0.40716,-62.8036
+0.40755,-63.0196
+0.40792,-63.2539
+0.4083,-63.6644
+0.40882,-63.8453
+0.4092,-63.9168
+0.40983,-64.0163
+0.41005,-64.2396
+0.41056,-64.2936
+0.41082,-64.4099
+0.41133,-64.5052
+0.4117,-64.4941
+0.41198,-64.5225
+0.41245,-64.2849
+0.41281,-64.2986
+0.41323,-64.1728
+0.41354,-64.0357
+0.41394,-63.9122
+0.41431,-63.4798
+0.41483,-63.3987
+0.4152,-63.1524
+0.41557,-62.7639
+0.41594,-62.5504
+0.41632,-62.4858
+0.41683,-62.3218
+0.41721,-62.172
+0.41757,-61.8061
+0.41794,-61.6639
+0.41896,-61.7231
+0.41914,-61.4859
+0.41931,-61.2213
+0.41958,-61.0768
+0.41993,-60.8158
+0.4203,-60.4526
+0.42093,-60.259
+0.42126,-60.0246
+0.42158,-59.8079
+0.42192,-59.3841
+0.4223,-59.0792
+0.42281,-58.5426
+0.42318,-58.0377
+0.42355,-57.6954
+0.42407,-57.3072
+0.42442,-56.998
+0.42481,-56.3615
+0.42518,-55.9751
+0.42555,-55.6779
+0.42593,-55.1523
+0.42632,-54.6195
+0.42685,-54.113
+0.42718,-53.6071
+0.42756,-53.1048
+0.42794,-52.5216
+0.4283,-52.0233
+0.42881,-51.5454
+0.42922,-50.7232
+0.42956,-49.9237
+0.42992,-49.2533
+0.43028,-48.5564
+0.43079,-48.085
+0.43116,-47.6594
+0.43155,-46.9911
+0.43192,-46.2997
+0.43231,-45.4315
+0.43282,-44.8147
+0.43319,-44.0213
+0.43354,-43.4098
+0.43392,-42.6365
+0.43431,-41.972
+0.43481,-41.0671
+0.43518,-40.1923
+0.43555,-39.3454
+0.43595,-38.639
+0.43629,-37.8739
+0.43681,-36.844
+0.43722,-36.1527
+0.43757,-35.2071
+0.43794,-34.4991
+0.43831,-33.5494
+0.43881,-32.806
+0.43919,-31.8906
+0.43956,-31.1349
+0.43993,-30.1842
+0.44031,-29.2587
+0.44079,-28.5036
+0.44118,-27.531
+0.44154,-26.5118
+0.44191,-25.4157
+0.44229,-24.6163
+0.44281,-23.5328
+0.44317,-22.5244
+0.44352,-21.4143
+0.4439,-20.4449
+0.44427,-19.5833
+0.44477,-18.573
+0.44517,-17.5083
+0.44552,-16.6237
+0.44589,-15.5808
+0.44627,-14.2985
+0.44677,-13.2809
+0.44715,-12.2717
+0.44753,-11.1996
+0.44789,-10.0614
+0.44828,-8.90363
+0.44877,-7.77667
+0.44915,-6.70368
+0.44952,-5.61441
+0.4499,-4.64551
+0.45027,-3.75494
+0.45077,-2.66091
+0.45115,-1.51268
+0.45152,-0.497197
+0.4519,+0.513289
+0.45227,+1.59452
+0.45277,+2.73927
+0.45316,+3.72817
+0.45352,+4.70588
+0.45389,+5.73051
+0.4544,+6.82304
+0.45477,+7.79409
+0.45514,+8.82528
+0.45553,+9.78931
+0.4559,+10.8373
+0.45627,+11.8733
+0.45677,+12.8456
+0.45716,+14
+0.45754,+15.0601
+0.45791,+16.0611
+0.45827,+17.0239
+0.45877,+18.1013
+0.45915,+18.9853
+0.45953,+20.1045
+0.4599,+21.614
+0.46027,+22.2411
+0.46077,+23.0379
+0.46116,+24.3908
+0.46153,+25.189
+0.46189,+26.128
+0.46227,+26.8906
+0.46277,+27.3016
+0.46315,+28.0802
+0.46352,+28.5843
+0.4639,+28.5374
+0.46428,+29.4725
+0.46477,+29.9867
+0.46515,+29.957
+0.46552,+30.7585
+0.4659,+31.3053
+0.46628,+31.7362
+0.46677,+32.6094
+0.46715,+33.2642
+0.46753,+33.7837
+0.4679,+34.3309
+0.46827,+34.7023
+0.46877,+35.3626
+0.46916,+35.6719
+0.46952,+35.9235
+0.4699,+36.2053
+0.47028,+36.7205
+0.47077,+36.8718
+0.47114,+36.8041
+0.47152,+37.0414
+0.47189,+37.2725
+0.47227,+37.3691
+0.47277,+37.3786
+0.47315,+37.6385
+0.47352,+37.654
+0.47389,+37.7834
+0.47428,+37.6851
+0.47477,+37.6061
+0.47514,+37.7691
+0.47553,+37.7133
+0.4759,+37.5838
+0.47628,+37.4185
+0.47677,+37.3204
+0.47716,+36.945
+0.47753,+35.7562
+0.4779,+35.3449
+0.47828,+35.1823
+0.47877,+34.8391
+0.47915,+34.3366
+0.47952,+33.9348
+0.4799,+33.4539
+0.48028,+32.9834
+0.48065,+32.2627
+0.48116,+31.7541
+0.48152,+32.0122
+0.4819,+30.5045
+0.48228,+29.0462
+0.48278,+28.4038
+0.48315,+27.5781
+0.48352,+26.6082
+0.4839,+25.2119
+0.48428,+24.4083
+0.48478,+23.0152
+0.48516,+21.3771
+0.48552,+20.4684
+0.4859,+19.7113
+0.48628,+18.7851
+0.48677,+17.1579
+0.48714,+15.5522
+0.48753,+13.9749
+0.4879,+13.0112
+0.48828,+11.4392
+0.48877,+10.5236
+0.48915,+10.3267
+0.48952,+8.82137
+0.4899,+8.66142
+0.49028,+7.75611
+0.49065,+6.85854
+0.49115,+6.19646
+0.49156,+5.40322
+0.49193,+4.59767
+0.49228,+4.16391
+0.49277,+3.39453
+0.49316,+1.84059
+0.49353,+1.01474
+0.4939,-0.501932
+0.49427,-1.24688
+0.49464,-2.02672
+0.49527,-2.98849
+0.49552,-3.75336
+0.4959,-4.45998
+0.49628,-5.69605
+0.49664,-6.41622
+0.49715,-7.09012
+0.49753,-7.76807
+0.4979,-8.431
+0.49827,-9.09187
+0.49878,-9.70226
+0.49915,-10.0447
+0.49953,-10.6629
+0.4999,-11.3971
+0.50028,-11.9061
+0.50065,-12.5769
+0.50116,-13.0946
+0.50153,-13.5733
+0.5019,-14.1025
+0.50229,-14.4723
+0.50278,-14.942
+0.50315,-15.5103
+0.50352,-15.7651
+0.5039,-16.1142
+0.50429,-16.3461
+0.50477,-16.5236
+0.50515,-16.7579
+0.50553,-16.8367
+0.5059,-16.9965
+0.50628,-17.1278
+0.50677,-17.1723
+0.50715,-17.2222
+0.50753,-17.3294
+0.5079,-17.2624
+0.50828,-17.3945
+0.50864,-17.4916
+0.50916,-17.5102
+0.50952,-17.8054
+0.50991,-17.7154
+0.51028,-17.8131
+0.51065,-17.8649
+0.51115,-17.8681
+0.51153,-17.7993
+0.5119,-17.8022
+0.51227,-17.9856
+0.51265,-17.8943
+0.51315,-17.8446
+0.51352,-17.4633
+0.51391,-17.2783
+0.51427,-17.3345
+0.51477,-17.1665
+0.51516,-16.9206
+0.51553,-16.9742
+0.5159,-16.8332
+0.51628,-16.213
+0.51677,-16.2217
+0.51718,-15.7528
+0.51756,-15.8832
+0.51791,-15.9748
+0.51829,-15.7515
+0.51864,-15.5909
+0.51915,-15.4827
+0.51953,-14.8533
+0.5199,-14.554
+0.52028,-13.8742
+0.52136,-13.0122
+0.52162,-12.8815
+0.5219,-12.114
+0.52228,-11.4429
+0.52264,-10.5803
+0.52329,-9.81105
+0.52356,-8.97374
+0.5239,-8.70052
+0.52427,-7.85767
+0.52476,-7.92515
+0.52515,-7.74136
+0.52552,-6.67825
+0.5259,-5.98319
+0.52628,-5.41102
+0.52677,-4.65242
+0.52714,-3.9052
+0.52753,-2.91531
+0.5279,-1.6869
+0.52828,-0.680625
+0.52864,+0.323362
+0.5292,+0.997681
+0.52952,+1.77757
+0.52989,+2.56583
+0.53027,+3.72056
+0.53065,+4.28027
+0.53115,+4.88166
+0.53152,+5.07923
+0.53189,+5.52401
+0.53227,+6.03739
+0.53264,+6.71872
+0.53315,+7.66635
+0.53352,+8.04315
+0.5339,+8.61373
+0.53427,+9.03727
+0.53464,+9.78921
+0.53515,+10.389
+0.53553,+10.7062
+0.53589,+11.0706
+0.53628,+11.261
+0.53664,+11.6788
+0.53715,+12.0023
+0.53752,+12.2712
+0.5379,+12.2092
+0.53828,+12.1892
+0.53864,+12.1095
+0.53914,+11.9221
+0.53953,+12.1176
+0.5399,+11.9736
+0.54028,+11.6329
+0.54065,+11.2651
+0.54115,+11.016
+0.54152,+10.6474
+0.5419,+10.4662
+0.54228,+10.1807
+0.54277,+9.58296
+0.54314,+9.30341
+0.54352,+8.87016
+0.5439,+8.44779
+0.54427,+7.60867
+0.54464,+7.20428
+0.54516,+6.78437
+0.54552,+6.27715
+0.54593,+5.82773
+0.5463,+5.35745
+0.54665,+4.91688
+0.54715,+4.50898
+0.54753,+4.10414
+0.5479,+3.76648
+0.54827,+3.58822
+0.54868,+2.95591
+0.54916,+2.45948
+0.54952,+1.79698
+0.5499,+1.132
+0.55028,+0.37245
+0.55064,-0.235187
+0.55117,-0.628802
+0.55156,-1.36555
+0.5519,-2.13394
+0.55228,-2.53166
+0.55264,-2.95113
+0.55315,-3.58917
+0.55352,-3.95537
+0.5539,-4.4145
+0.55428,-4.79725
+0.55465,-5.27966
+0.55515,-5.87081
+0.55553,-6.15904
+0.55603,-6.65119
+0.5563,-6.83937
+0.55665,-7.11729
+0.55715,-7.57631
+0.55753,-8.09172
+0.5579,-8.35084
+0.55827,-8.50361
+0.55864,-8.48294
+0.55915,-8.7771
+0.55953,-8.91535
+0.5599,-8.83921
+0.56028,-8.98626
+0.56065,-9.1058
+0.56115,-9.1552
+0.56152,-8.81136
+0.5619,-8.73295
+0.56227,-9.11808
+0.56264,-9.19386
+0.56315,-8.85187
+0.56353,-9.06238
+0.5639,-9.03637
+0.56428,-8.88583
+0.56465,-8.88749
+0.56515,-8.68977
+0.56552,-8.84085
+0.5659,-8.8288
+0.56628,-8.33665
+0.56678,-8.01747
+0.56716,-8.10962
+0.56753,-8.18994
+0.5679,-7.81596
+0.56827,-7.90711
+0.56865,-7.76334
+0.56916,-7.65362
+0.56952,-7.32833
+0.56989,-6.94092
+0.57028,-6.81504
+0.57065,-6.69024
+0.57115,-6.46317
+0.57152,-5.61064
+0.5719,-5.50725
+0.57228,-5.02692
+0.57264,-4.70599
+0.57316,-4.13065
+0.57353,-3.74713
+0.5739,-3.43888
+0.57427,-2.83899
+0.57464,-2.29678
+0.57515,-1.83691
+0.57552,-1.55665
+0.5759,-1.16106
+0.57628,-0.852278
+0.57665,-0.246236
+0.57716,+0.039166
+0.57755,+0.405309
+0.5779,+0.785601
+0.57827,+1.13315
+0.57865,+1.44586
+0.57915,+1.8555
+0.57953,+2.33301
+0.57991,+2.66863
+0.58027,+3.11627
+0.58065,+3.47853
+0.58116,+3.93699
+0.58152,+4.32469
+0.58191,+4.84883
+0.58229,+5.17405
+0.58265,+5.44548
+0.58316,+5.70603
+0.58353,+5.98426
+0.5839,+6.42753
+0.58428,+6.75675
+0.58465,+6.99724
+0.58515,+7.25677
+0.58553,+7.79854
+0.58591,+8.00176
+0.5864,+8.2759
+0.58677,+8.63305
+0.58716,+8.88984
+0.58754,+9.11563
+0.5879,+9.35029
+0.58828,+9.50203
+0.58865,+9.75129
+0.58915,+9.94178
+0.58952,+9.71277
+0.58991,+9.58309
+0.59028,+9.61954
+0.59065,+8.80429
+0.59115,+8.0273
+0.59153,+7.10321
+0.5919,+6.55101
+0.59227,+6.27398
+0.59265,+5.6139
+0.59317,+4.65204
+0.59356,+3.72018
+0.59393,+3.53956
+0.59428,+2.88521
+0.59465,+2.78284
+0.59515,+2.65077
+0.59553,+2.66422
+0.5959,+2.00248
+0.5974,+1.14862
+0.59768,+0.856893
+0.59795,+0.238547
+0.59824,+0.116453
+0.59842,-0.824872
+0.5986,-1.4981
+0.59889,-2.013
+0.59916,-2.4942
+0.59953,-3.46588
+0.5999,-3.96545
+0.60027,-4.50953
+0.60064,-5.41156
+0.60116,-5.80468
+0.60153,-6.68277
+0.6019,-7.69019
+0.60229,-8.40361
+0.60265,-11.9103
+0.60315,-12.7769
+0.60353,-13.5703
+0.60402,-14.3269
+0.60429,-15.1262
+0.60465,-15.9728
+0.60517,-16.7095
+0.60553,-17.5776
+0.6059,-18.057
+0.60627,-18.8559
+0.60665,-19.2999
+0.60715,-20.0956
+0.60754,-20.7368
+0.60803,-21.5214
+0.6083,-22.1513
+0.60865,-22.5449
+0.60915,-23.0259
+0.60953,-23.3474
+0.60991,-23.7075
+0.61028,-23.8385
+0.61065,-24.1143
+0.61116,-24.0724
+0.61153,-23.7834
+0.61191,-23.5849
+0.61228,-23.3662
+0.61266,-23.2016
+0.61316,-22.7074
+0.61353,-22.1751
+0.6139,-21.5848
+0.61428,-21.0625
+0.61465,-20.3807
+0.61515,-19.7649
+0.61553,-19.0033
+0.61591,-18.1211
+0.61634,-17.1028
+0.61665,-15.9756
+0.61716,-15.0982
+0.61753,-13.9667
+0.61815,-12.8084
+0.61857,-11.6224
+0.61876,-10.5771
+0.61916,-9.26966
+0.61953,-8.02229
+0.61991,-6.77056
+0.62029,-5.54944
+0.62065,-4.41233
+0.62116,-3.2586
+0.62153,-2.06689
+0.62191,-0.721385
+0.62229,+0.697256
+0.62266,+2.02268
+0.62376,+3.30896
+0.62399,+4.40898
+0.62427,+5.52552
+0.62465,+6.70066
+0.62515,+7.77385
+0.62555,+8.95198
+0.62591,+9.9028
+0.62627,+10.7495
+0.62665,+11.3632
+0.62715,+12.1137
+0.62753,+12.7988
+0.62791,+13.542
+0.62828,+14.1131
+0.62865,+14.561
+0.62915,+15.1364
+0.62953,+15.2617
+0.6299,+15.7648
+0.63028,+16.0294
+0.63064,+15.7642
+0.63115,+16.1587
+0.63159,+16.2106
+0.6319,+16.5476
+0.63228,+16.8905
+0.63264,+16.7349
+0.63315,+16.8093
+0.63353,+17.4133
+0.6339,+17.5467
+0.63427,+17.7285
+0.63464,+18.6364
+0.63515,+18.6509
+0.63553,+18.7728
+0.6359,+18.6939
+0.63627,+18.5208
+0.63665,+18.7587
+0.63715,+18.7047
+0.63753,+18.1746
+0.63803,+17.8804
+0.63829,+17.3363
+0.63864,+16.6241
+0.63916,+16.0146
+0.63953,+15.4146
+0.6399,+14.6767
+0.64028,+13.9484
+0.64064,+12.9448
+0.64116,+11.9014
+0.64153,+11.0057
+0.6419,+9.77087
+0.64228,+8.67019
+0.64264,+7.52312
+0.64315,+6.32733
+0.64352,+5.08016
+0.6439,+3.77711
+0.64428,+2.62743
+0.64465,+1.55545
+0.64515,+0.482577
+0.64553,-0.637726
+0.6459,-1.546
+0.64628,-2.43175
+0.64664,-3.24032
+0.64715,-4.05033
+0.64754,-4.74453
+0.64791,-5.14654
+0.64828,-5.70626
+0.64864,-5.92579
+0.64916,-6.15426
+0.64952,-6.33815
+0.6499,-6.32562
+0.65029,-6.18698
+0.65065,-5.88454
+0.65115,-5.41681
+0.65152,-4.67128
+0.65191,-4.21027
+0.65228,-3.4848
+0.65265,-2.76434
+0.65316,-1.99526
+0.65353,-0.98079
+0.6539,+0.0428983
+0.65428,+1.1321
+0.65465,+2.13156
+0.65515,+3.13648
+0.65553,+4.17305
+0.6559,+5.50404
+0.65628,+6.63665
+0.65665,+7.61159
+0.65715,+8.46407
+0.65754,+9.42282
+0.6579,+10.1156
+0.65828,+10.1727
+0.65865,+10.9536
+0.65916,+11.7895
+0.65952,+12.4362
+0.6599,+12.6411
+0.66028,+12.8947
+0.66065,+13.2156
+0.66116,+13.9239
+0.66153,+14.0871
+0.66191,+14.7618
+0.66228,+15.8971
+0.66264,+16.2222
+0.66316,+16.5479
+0.66353,+16.654
+0.6639,+17.2347
+0.66428,+17.6183
+0.66466,+17.9865
+0.66516,+17.9465
+0.66553,+18.0871
+0.6659,+17.7917
+0.66628,+17.6291
+0.66666,+17.2627
+0.66715,+16.692
+0.66754,+16.3171
+0.66791,+15.6175
+0.6684,+15.0342
+0.66868,+14.3095
+0.66915,+13.5158
+0.66953,+12.7072
+0.66991,+11.7336
+0.67028,+10.6562
+0.67065,+9.58605
+0.67116,+8.5003
+0.67153,+7.08531
+0.6719,+5.7748
+0.67228,+4.26153
+0.67264,+2.67912
+0.67316,+1.18833
+0.67353,-0.44706
+0.6739,-2.06077
+0.67428,-3.85482
+0.67465,-5.58383
+0.67515,-7.24448
+0.67553,-8.93892
+0.6759,-10.8309
+0.67629,-12.4784
+0.67665,-14.1808
+0.67716,-15.8857
+0.67753,-17.4767
+0.67791,-18.9625
+0.67829,-20.368
+0.67865,-21.7376
+0.67915,-23.0601
+0.67953,-24.1121
+0.6799,-24.9946
+0.68028,-25.9077
+0.68065,-26.4618
+0.68116,-27.0042
+0.68153,-27.2974
+0.6819,-27.5527
+0.68229,-27.6459
+0.68265,-27.5833
+0.68315,-27.3552
+0.68353,-27.0101
+0.68391,-26.4882
+0.68428,-25.8385
+0.68465,-25.2586
+0.68515,-24.3876
+0.68554,-23.4022
+0.6859,-22.2268
+0.68628,-21.0893
+0.68665,-19.807
+0.68716,-18.4616
+0.68754,-17.0469
+0.6879,-15.6399
+0.68828,-14.2061
+0.68866,-12.7297
+0.68916,-11.1993
+0.68953,-9.83732
+0.6899,-8.4798
+0.69028,-7.08262
+0.69066,-5.64113
+0.69115,-4.30388
+0.69153,-2.98612
+0.69191,-1.52015
+0.69228,-0.0557694
+0.69265,+1.30403
+0.69316,+2.72154
+0.69354,+4.10959
+0.69415,+5.49861
+0.69433,+6.65846
+0.69478,+7.95857
+0.69516,+9.11911
+0.69552,+10.4136
+0.6959,+11.4701
+0.69627,+12.5507
+0.69667,+13.7055
+0.69716,+14.5378
+0.69753,+15.5612
+0.6979,+16.1317
+0.69828,+17.0763
+0.69878,+17.9294
+0.69915,+18.7059
+0.69952,+19.2946
+0.69991,+19.8058
+0.70028,+20.1826
+0.70065,+20.4954
+0.70116,+20.9029
+0.70153,+21.1352
+0.7019,+21.5657
+0.70229,+21.7346
+0.70266,+21.6224
+0.70315,+21.5917
+0.70353,+21.328
+0.70391,+21.1111
+0.70428,+20.6796
+0.70465,+20.2183
+0.70516,+19.5703
+0.70553,+18.7305
+0.70591,+17.8567
+0.70628,+16.8874
+0.70665,+15.8439
+0.70716,+14.7298
+0.70754,+13.5999
+0.7079,+12.3332
+0.70829,+11.1076
+0.70868,+9.90567
+0.70916,+8.70118
+0.70954,+7.57251
+0.70991,+6.48418
+0.71029,+5.38589
+0.71065,+4.30796
+0.71116,+3.35841
+0.71153,+2.55724
+0.71191,+1.89565
+0.71228,+1.51112
+0.71266,+0.543007
+0.71316,-0.377279
+0.71353,-1.04201
+0.7139,-1.10145
+0.71429,-1.16328
+0.71467,-0.930559
+0.71516,-0.768918
+0.71554,-0.396042
+0.71591,-0.32277
+0.71629,+0.308031
+0.71666,+1.45478
+0.71716,+2.80923
+0.71754,+4.2068
+0.71791,+5.15119
+0.71828,+6.46573
+0.71867,+7.21779
+0.71916,+8.09116
+0.71954,+9.42164
+0.71991,+11.0409
+0.72028,+12.1714
+0.72065,+13.0127
+0.72117,+14.2773
+0.72154,+15.5097
+0.72191,+16.7551
+0.72228,+17.7257
+0.72267,+19.7723
+0.72316,+21.306
+0.72353,+22.2984
+0.7239,+24.0234
+0.72428,+25.2743
+0.72467,+27.3129
+0.72517,+27.8088
+0.72616,+28.8756
+0.72639,+30.288
+0.72666,+31.6888
+0.72715,+32.5074
+0.72754,+33.9505
+0.7279,+35.1973
+0.72829,+35.7781
+0.72866,+36.7874
+0.72916,+37.5853
+0.72953,+39.3626
+0.7299,+40.3965
+0.73027,+40.9423
+0.73066,+41.5378
+0.73116,+42.0607
+0.73153,+42.4038
+0.7319,+42.919
+0.73228,+43.2486
+0.73266,+43.3689
+0.73315,+43.2097
+0.73353,+42.9908
+0.73396,+42.6626
+0.73428,+42.3025
+0.73466,+41.8002
+0.73515,+40.9473
+0.73553,+39.9171
+0.73591,+38.7461
+0.73628,+37.2416
+0.73666,+35.4674
+0.73716,+33.4083
+0.73754,+31.1078
+0.7379,+28.238
+0.73828,+25.1377
+0.73866,+21.7922
+0.73903,+18.3505
+0.73965,+14.2607
+0.73992,+9.95105
+0.74028,+5.73136
+0.74065,+1.48148
+0.74116,-2.79845
+0.74153,-7.29268
+0.74191,-11.4099
+0.74228,-15.6186
+0.74266,-19.6755
+0.74303,-23.5341
+0.74353,-26.7743
+0.7439,-30.1212
+0.74428,-32.9765
+0.74465,-35.7145
+0.74503,-38.305
+0.74554,-40.3531
+0.7459,-42.125
+0.74628,-43.4999
+0.74666,-44.7301
+0.74702,-45.5006
+0.74752,-46.2217
+0.74803,-46.3341
+0.74829,-46.5513
+0.74866,-46.4889
+0.74904,-46.0825
+0.74954,-45.5763
+0.74991,-44.9754
+0.75028,-44.3574
+0.75066,-43.3696
+0.75102,-42.5031
+0.75153,-41.4331
+0.75191,-40.4205
+0.75228,-39.336
+0.75266,-38.0293
+0.75316,-36.7462
+0.75353,-35.589
+0.7539,-34.1332
+0.75428,-32.6408
+0.75466,-31.242
+0.75503,-29.7018
+0.75553,-28.0783
+0.7559,-26.4585
+0.75628,-24.5515
+0.75666,-22.8799
+0.75703,-21.2979
+0.75753,-19.6134
+0.75804,-17.9813
+0.75831,-16.1382
+0.75866,-14.4154
+0.75902,-12.7761
+0.75953,-11.0716
+0.7599,-9.11527
+0.76028,-7.58685
+0.76066,-5.75906
+0.76103,-3.90697
+0.76154,-1.84243
+0.7619,+0.033916
+0.76228,+1.82562
+0.76266,+3.68707
+0.76303,+5.49912
+0.76353,+7.11513
+0.7639,+8.73526
+0.76428,+10.5201
+0.76465,+11.9661
+0.76503,+13.725
+0.76553,+15.4404
+0.7659,+17.068
+0.76628,+18.6081
+0.76666,+20.0162
+0.76716,+21.5506
+0.76753,+22.9066
+0.76791,+25.0839
+0.76828,+26.2158
+0.76865,+27.5307
+0.76902,+28.5287
+0.76966,+29.3451
+0.76991,+30.1537
+0.77028,+30.9341
+0.77065,+31.9044
+0.77103,+32.4179
+0.77153,+34.2483
+0.77191,+34.9988
+0.77229,+35.5921
+0.77266,+37.0099
+0.77303,+37.591
+0.77353,+38.9823
+0.77391,+39.5938
+0.77429,+41.0353
+0.77466,+41.3025
+0.77503,+41.764
+0.77554,+42.0439
+0.77591,+41.208
+0.77628,+42.4947
+0.77666,+42.9025
+0.77702,+42.9408
+0.77754,+42.8821
+0.77803,+42.5167
+0.77829,+42.2994
+0.77865,+42.9088
+0.77903,+43.3618
+0.77953,+42.7821
+0.77991,+42.0128
+0.78028,+40.0463
+0.78065,+38.63
+0.78103,+37.4386
+0.78154,+35.9986
+0.78191,+35.6841
+0.78228,+34.0063
+0.78266,+32.0702
+0.78303,+30.1581
+0.78353,+27.3678
+0.78391,+25.4938
+0.78429,+23.5633
+0.78466,+20.9321
+0.78503,+18.8601
+0.78553,+16.0727
+0.7859,+13.349
+0.78628,+10.267
+0.78666,+7.29306
+0.78703,+4.32772
+0.78753,+1.90622
+0.78791,-0.320285
+0.78829,-2.68022
+0.78866,-5.161
+0.78903,-7.31252
+0.78954,-9.22156
+0.78991,-11.8065
+0.79028,-13.9111
+0.79066,-15.8854
+0.79103,-17.8773
+0.79154,-19.7698
+0.79191,-21.6228
+0.79228,-23.2196
+0.79266,-24.7471
+0.79303,-26.2628
+0.79354,-27.8764
+0.7939,-28.939
+0.79429,-30.1135
+0.79466,-31.1684
+0.79503,-32.0166
+0.79553,-32.6546
+0.7959,-33.2481
+0.79629,-33.7827
+0.79666,-34.2225
+0.79703,-34.5735
+0.79753,-34.9283
+0.79791,-35.2996
+0.79829,-35.3959
+0.79866,-35.3105
+0.79903,-35.1964
+0.79954,-34.9967
+0.80003,-34.6812
+0.80041,-34.35
+0.80068,-33.9719
+0.80103,-33.4884
+0.80153,-33.1312
+0.80191,-32.3042
+0.80228,-31.3659
+0.80266,-30.6795
+0.80303,-29.947
+0.80353,-28.8681
+0.80391,-27.8292
+0.80429,-26.6957
+0.80466,-25.5601
+0.80503,-24.5419
+0.80554,-23.2669
+0.80591,-22.2663
+0.80629,-21.4667
+0.80666,-20.0823
+0.80703,-19.0924
+0.80753,-18.3572
+0.80791,-17.3893
+0.80828,-16.1759
+0.80867,-14.9318
+0.80903,-13.5937
+0.80954,-12.2687
+0.80991,-10.9876
+0.81029,-9.49215
+0.81067,-8.52882
+0.81103,-7.6086
+0.81153,-6.01334
+0.81191,-4.63681
+0.81229,-3.65746
+0.81266,-2.4891
+0.81303,-1.3076
+0.81354,-0.187579
+0.81391,+0.840987
+0.81428,+1.88233
+0.81467,+3.06698
+0.81503,+4.81634
+0.81554,+5.97519
+0.81591,+6.85329
+0.81629,+8.1216
+0.81666,+9.2185
+0.81703,+10.1354
+0.81754,+11.0454
+0.81791,+12.1246
+0.81829,+13.1781
+0.81866,+14.0981
+0.81904,+15.0468
+0.81954,+15.9238
+0.81991,+16.9562
+0.82028,+17.8783
+0.82067,+18.6561
+0.82103,+19.3589
+0.82154,+20.2123
+0.82191,+20.9765
+0.82229,+21.6545
+0.82266,+22.529
+0.82303,+23.1858
+0.82354,+23.8644
+0.82391,+24.593
+0.82429,+25.2168
+0.82467,+25.8378
+0.82503,+26.5776
+0.82553,+27.3883
+0.82592,+28.1341
+0.82628,+28.9713
+0.82666,+29.7399
+0.82704,+30.6094
+0.82754,+31.5651
+0.82856,+32.5077
+0.82879,+33.2187
+0.82906,+34.1234
+0.82954,+35.1589
+0.82992,+35.9789
+0.83029,+36.8259
+0.8308,+37.6558
+0.83116,+38.4877
+0.83154,+39.1358
+0.83191,+39.8148
+0.83228,+40.3553
+0.83266,+41.0274
+0.83303,+41.6821
+0.83354,+42.2829
+0.83391,+42.865
+0.83428,+43.3886
+0.83465,+43.9097
+0.83504,+44.28
+0.83554,+44.7677
+0.83591,+45.2548
+0.83629,+46.6726
+0.83668,+47.1014
+0.83704,+47.4583
+0.83754,+47.7299
+0.83791,+48.8886
+0.83828,+48.8547
+0.83866,+48.8681
+0.83904,+48.783
+0.83953,+48.7371
+0.83991,+48.4705
+0.84029,+47.0606
+0.84067,+47.9305
+0.84103,+48.6404
+0.84154,+48.2011
+0.84191,+46.8124
+0.84229,+47.4703
+0.84266,+47.7007
+0.84303,+47.4072
+0.84354,+47.7878
+0.84391,+47.1387
+0.84428,+47.6824
+0.84466,+46.9459
+0.84504,+46.1687
+0.84554,+45.5888
+0.84591,+45.8271
+0.84629,+44.8896
+0.84666,+44.1743
+0.84704,+44.048
+0.84753,+43.0846
+0.84791,+43.1292
+0.84829,+42.2208
+0.84866,+41.1641
+0.84903,+40.082
+0.84955,+39.8778
+0.84991,+37.9529
+0.85029,+36.9951
+0.85066,+35.9239
+0.85117,+35.0057
+0.85154,+34.0081
+0.85191,+32.1988
+0.85229,+30.966
+0.85267,+29.1801
+0.85303,+27.5046
+0.85355,+25.8293
+0.85391,+25.7297
+0.85429,+24.9718
+0.85467,+24.4504
+0.85504,+22.8282
+0.85553,+21.3564
+0.85592,+21.3427
+0.85629,+20.1425
+0.85666,+19.6791
+0.85704,+19.7174
+0.85754,+19.2793
+0.85792,+18.1043
+0.85829,+17.4035
+0.85867,+16.0048
+0.85903,+15.6335
+0.85954,+15.0933
+0.85992,+13.9981
+0.86029,+13.4511
+0.86066,+12.8979
+0.8613,+11.6151
+0.86156,+10.943
+0.86192,+10.1565
+0.86229,+8.89573
+0.86267,+8.3228
+0.86304,+7.59
+0.86354,+6.98043
+0.86391,+6.11783
+0.86428,+5.2578
+0.86467,+4.27068
+0.86504,+3.44957
+0.86555,+2.45564
+0.86592,+1.55259
+0.86629,+0.492697
+0.86667,-0.806587
+0.86704,-2.00624
+0.86755,-3.3494
+0.86792,-4.58001
+0.86829,-5.76537
+0.86866,-6.67661
+0.86904,-7.78151
+0.86955,-8.93119
+0.87004,-10.1853
+0.8703,-11.3724
+0.87067,-12.1624
+0.87104,-13.3597
+0.87154,-14.3919
+0.87191,-15.4907
+0.87229,-16.694
+0.87267,-17.8989
+0.87304,-19.0129
+0.87355,-19.8903
+0.87392,-20.6885
+0.87429,-21.511
+0.87467,-22.6195
+0.87503,-23.0898
+0.87554,-23.712
+0.87592,-24.0296
+0.87629,-24.356
+0.87667,-24.8109
+0.87704,-25.1627
+0.87754,-25.6742
+0.87791,-25.8892
+0.87829,-26.1054
+0.87867,-26.0545
+0.87904,-26.0898
+0.87954,-26.1447
+0.87991,-26.1862
+0.88029,-26.0542
+0.88067,-25.8395
+0.88117,-25.4617
+0.88154,-24.9916
+0.88192,-24.7036
+0.88229,-24.0877
+0.88267,-23.6466
+0.88304,-23.2513
+0.88354,-22.6817
+0.88391,-22.1501
+0.88429,-21.5111
+0.88466,-20.9508
+0.88504,-20.2398
+0.88554,-19.6328
+0.88592,-18.9761
+0.88629,-18.4331
+0.88668,-17.8979
+0.88717,-17.2692
+0.88754,-16.6364
+0.88791,-16.0584
+0.88829,-15.6219
+0.88867,-15.0639
+0.88904,-14.6964
+0.88954,-14.2223
+0.88991,-13.8167
+0.8903,-13.56
+0.89067,-13.1343
+0.89104,-12.9184
+0.89168,-12.8015
+0.89194,-12.6269
+0.8923,-12.4141
+0.89267,-12.6133
+0.89304,-12.9123
+0.89355,-13.2393
+0.89392,-13.5369
+0.89429,-13.9505
+0.89467,-14.4987
+0.89504,-14.8369
+0.89554,-15.4255
+0.89592,-15.9673
+0.89629,-16.7152
+0.89667,-17.153
+0.89705,-17.6832
+0.89756,-18.3766
+0.89792,-19.1623
+0.89829,-19.9997
+0.89867,-21.0191
+0.89905,-22.0232
+0.89954,-22.8848
+0.89991,-23.9902
+0.90029,-24.8893
+0.90067,-26.0447
+0.90104,-27.1233
+0.90155,-27.9782
+0.90191,-29.0659
+0.9023,-29.869
+0.90266,-30.6781
+0.90304,-31.7273
+0.90354,-32.4623
+0.90392,-33.3375
+0.9043,-34.1044
+0.90467,-34.6641
+0.90504,-35.1336
+0.90555,-35.6094
+0.90592,-35.8883
+0.90629,-36.2432
+0.90667,-36.4767
+0.90703,-36.4858
+0.90755,-36.6167
+0.90792,-36.5407
+0.90829,-36.4454
+0.90868,-36.4101
+0.90905,-36.2508
+0.90955,-36.1468
+0.90992,-35.8164
+0.91029,-35.5448
+0.91067,-35.1887
+0.91104,-34.7767
+0.91154,-34.362
+0.91192,-33.7686
+0.91229,-33.3135
+0.91267,-32.5668
+0.91304,-32.0303
+0.91355,-31.2268
+0.91391,-30.4719
+0.9143,-29.6745
+0.91467,-28.7224
+0.91504,-27.7353
+0.91555,-26.7559
+0.91592,-25.7707
+0.9163,-24.8641
+0.91667,-23.9648
+0.91704,-22.8603
+0.91756,-21.8701
+0.91792,-20.9597
+0.91829,-19.9646
+0.91867,-19.0745
+0.91905,-18.1952
+0.91955,-17.2574
+0.91992,-16.4246
+0.92029,-15.4045
+0.92066,-14.6451
+0.92105,-13.7713
+0.92155,-13.0492
+0.92192,-12.1812
+0.9223,-11.4146
+0.92267,-10.7031
+0.92304,-9.95556
+0.92354,-9.27784
+0.92392,-8.58559
+0.9243,-7.91641
+0.92467,-7.22713
+0.92504,-6.7356
+0.92554,-6.12654
+0.92593,-5.62062
+0.9263,-5.13504
+0.92667,-4.63161
+0.92705,-4.28547
+0.92755,-4.00127
+0.92792,-3.78032
+0.9283,-3.69026
+0.92867,-3.62733
+0.92905,-3.43128
+0.92955,-3.32742
+0.92992,-3.24594
+0.93096,-3.18355
+0.93123,-3.08986
+0.93154,-3.12415
+0.93191,-3.13231
+0.93229,-3.05525
+0.93267,-3.0395
+0.93306,-2.80021
+0.93354,-2.97414
+0.93391,-3.04639
+0.93428,-3.13192
+0.93467,-3.14987
+0.93504,-3.24463
+0.93554,-3.24866
+0.93591,-3.22087
+0.93629,-3.26305
+0.93666,-3.13606
+0.93704,-3.28496
+0.93755,-3.178
+0.93792,-3.2044
+0.93829,-3.22163
+0.93866,-3.18433
+0.93904,-3.16273
+0.93954,-3.18394
+0.93991,-3.15979
+0.94029,-3.23172
+0.94066,-3.21849
+0.94104,-3.1251
+0.94154,-3.10262
+0.94192,-2.96248
+0.94229,-2.87026
+0.94267,-2.77765
+0.94304,-2.61849
+0.94354,-2.53909
+0.94392,-2.52562
+0.94429,-2.31593
+0.94466,-2.30273
+0.94504,-2.38761
+0.94554,-2.21823
+0.94591,-2.30106
+0.94629,-2.23153
+0.94666,-2.259
+0.94704,-2.30592
+0.94754,-2.40352
+0.94791,-2.341
+0.94828,-2.42103
+0.94867,-2.4457
+0.94904,-2.26288
+0.94954,-2.40261
+0.94991,-2.24242
+0.95029,-2.18817
+0.95066,-2.07428
+0.95105,-2.10579
+0.95154,-1.94188
+0.95191,-1.84586
+0.95228,-1.6706
+0.95267,-1.50019
+0.95304,-1.32571
+0.95354,-1.09688
+0.95391,-0.868293
+0.95429,-0.66712
+0.95466,-0.324576
+0.95504,+0.0739282
+0.95543,+0.410613
+0.95592,+0.818832
+0.95629,+1.23353
+0.95666,+1.51895
+0.95704,+1.85517
+0.95755,+2.15124
+0.95791,+2.47458
+0.95829,+2.79815
+0.95866,+3.06942
+0.95904,+3.42195
+0.95954,+3.64914
+0.95991,+3.98135
+0.96029,+4.25462
+0.96066,+4.49052
+0.96103,+4.60691
+0.96155,+4.84827
+0.96192,+4.94465
+0.96229,+4.99532
+0.96266,+5.00891
+0.96305,+5.00882
+0.96354,+4.97839
+0.96391,+4.98213
+0.96429,+4.84823
+0.96467,+4.791
+0.96504,+4.67149
+0.96554,+4.59302
+0.96592,+4.51542
+0.96629,+4.40392
+0.96666,+4.26261
+0.96705,+3.93281
+0.96754,+3.81959
+0.96792,+3.33342
+0.9683,+3.20321
+0.96867,+2.95612
+0.96903,+2.83139
+0.96955,+2.6375
+0.96991,+2.45419
+0.97029,+2.41121
+0.97067,+2.25855
+0.97105,+2.18591
+0.97154,+2.1584
+0.97191,+2.19725
+0.9723,+2.03303
+0.97267,+2.02362
+0.97304,+2.01349
+0.97355,+2.00336
+0.97392,+1.97976
+0.97429,+2.12939
+0.97467,+2.10421
+0.97505,+2.21015
+0.97554,+2.23381
+0.97592,+2.42363
+0.97629,+2.39944
+0.97667,+2.56736
+0.97704,+2.78477
+0.97755,+2.83531
+0.97792,+2.91929
+0.97829,+2.93714
+0.97866,+3.09958
+0.97904,+3.29624
+0.97954,+3.47775
+0.97991,+3.50824
+0.98029,+3.72819
+0.98067,+3.84148
+0.98104,+3.84319
+0.98141,+3.99031
+0.98192,+4.08335
+0.98229,+4.05263
+0.98266,+4.1425
+0.98304,+4.20526
+0.98354,+4.28167
+0.98391,+4.32564
+0.98429,+4.52524
+0.98467,+4.51812
+0.98505,+4.50474
+0.98554,+4.5716
+0.98592,+4.77273
+0.98629,+4.91368
+0.98667,+4.89074
+0.98704,+4.96885
+0.98755,+4.96996
+0.98792,+5.04203
+0.9883,+5.09561
+0.98866,+5.84537
+0.98904,+6.07197
+0.98943,+6.23122
+0.98992,+6.17496
+0.99029,+6.35202
+0.99066,+6.64018
+0.99104,+6.70031
+0.99154,+6.92505
+0.99191,+7.0902
+0.99229,+7.25775
+0.99267,+6.90029
+0.99304,+6.86168
+0.99355,+6.89112
+0.99391,+6.99989
+0.99429,+6.97897
+0.99467,+7.06219
+0.99505,+7.25652
+0.99542,+7.1615
+0.99592,+7.0509
+0.9963,+6.91829
+0.99667,+6.75407
+0.99704,+6.69183
+0.99741,+6.49859
+0.99792,+6.35252
+0.99829,+6.07311
+0.99867,+5.79959
+0.99905,+5.39502
+0.99954,+5.23306
+0.99992,+5.06791
+1.00029,+4.59317
+1.00067,+4.2235
+1.00105,+3.83323
+1.00142,+3.44443
+1.00192,+3.00716
+1.0023,+2.70353
+1.0028,+2.23315
+1.00305,+1.85867
+1.00355,+1.40928
+1.00392,+0.798583
+1.00429,+0.191429
+1.00467,-0.154567
+1.00505,-0.56408
+1.00542,-0.71061
+1.00592,-1.06394
+1.0063,-1.32118
+1.00667,-1.65178
+1.00705,-1.99933
+1.00742,-2.30585
+1.00792,-2.40979
+1.00829,-2.59663
+1.00867,-3.20299
+1.00904,-3.33801
+1.00942,-3.4321
+1.00992,-3.40906
+1.01029,-3.51845
+1.01066,-3.32731
+1.01105,-3.20262
+1.01142,-3.13698
+1.01192,-3.13144
+1.01229,-2.98868
+1.01267,-2.49227
+1.01305,-2.1899
+1.01354,-1.98172
+1.01393,-1.81778
+1.0143,-1.63656
+1.01467,-1.61959
+1.01505,-1.52881
+1.01542,-1.34408
+1.01592,-1.06231
+1.01629,-0.827586
+1.01666,-0.515084
+1.01704,-0.429319
+1.01742,-0.191624
+1.01792,+0.0192487
+1.01829,+0.334568
+1.01868,+0.741977
+1.01905,+1.12926
+1.01942,+1.68474
+1.01992,+2.04337
+1.0203,+2.48085
+1.02067,+2.93543
+1.02104,+3.58647
+1.02142,+4.05125
+1.02193,+4.52526
+1.02229,+5.00523
+1.02267,+5.52236
+1.02305,+6.13351
+1.02354,+6.52056
+1.02392,+7.225
+1.02429,+7.73585
+1.02467,+8.35273
+1.02505,+8.8084
+1.02542,+9.51287
+1.02592,+10.3645
+1.0263,+11.1851
+1.02667,+11.9514
+1.02706,+12.5076
+1.02755,+13.2575
+1.02792,+13.9031
+1.0283,+14.5509
+1.02867,+15.0713
+1.02904,+15.7779
+1.02942,+16.3329
+1.02992,+16.714
+1.0303,+17.2925
+1.03067,+17.8262
+1.03104,+18.4516
+1.03142,+19.061
+1.03192,+19.5964
+1.03229,+20.0608
+1.03336,+20.7758
+1.03358,+21.2637
+1.03392,+21.5742
+1.03429,+22.0725
+1.03467,+22.2264
+1.03504,+22.4536
+1.03542,+22.745
+1.03592,+22.796
+1.03629,+22.9412
+1.03666,+23.0614
+1.03704,+22.9168
+1.03742,+22.8828
+1.03792,+22.861
+1.03829,+22.6119
+1.03866,+22.4448
+1.03905,+21.983
+1.03941,+21.5623
+1.03992,+21.0837
+1.04029,+20.5022
+1.04067,+19.7712
+1.04104,+19.0848
+1.04143,+18.4867
+1.04192,+17.6132
+1.0423,+17.0575
+1.04267,+16.1265
+1.04306,+15.3685
+1.04368,+14.514
+1.04394,+13.7972
+1.04429,+13.0382
+1.04467,+12.3765
+1.04504,+11.7135
+1.04541,+10.7202
+1.04592,+10.634
+1.04629,+9.77364
+1.04667,+9.3855
+1.04704,+8.9862
+1.04741,+8.53262
+1.04792,+8.13565
+1.0483,+7.84943
+1.04867,+7.67931
+1.04905,+7.33776
+1.04942,+7.35963
+1.04991,+6.8516
+1.0503,+6.89843
+1.05067,+6.80429
+1.05104,+6.70115
+1.05142,+6.88023
+1.05193,+6.79016
+1.05229,+6.6024
+1.05267,+6.6066
+1.05305,+7.35585
+1.05342,+7.28938
+1.05392,+7.04946
+1.0543,+6.93919
+1.05467,+6.89493
+1.05504,+6.84521
+1.05541,+6.50688
+1.05592,+6.49937
+1.05629,+6.82882
+1.05667,+6.42203
+1.05704,+5.26207
+1.05743,+4.8357
+1.05791,+4.32077
+1.05829,+3.75856
+1.05867,+2.93061
+1.05905,+2.09454
+1.05942,+1.17254
+1.05992,+0.703131
+1.0603,-0.660597
+1.06067,-1.56618
+1.06105,-2.40919
+1.06142,-3.46584
+1.06192,-3.93072
+1.0623,-4.85229
+1.06267,-5.56809
+1.06305,-6.32874
+1.06355,-7.04489
+1.06392,-8.26656
+1.06429,-9.06018
+1.06467,-9.79655
+1.06505,-10.3634
+1.06542,-10.7899
+1.06592,-11.6164
+1.06629,-11.9567
+1.06667,-12.3333
+1.06705,-12.6075
+1.06755,-12.7034
+1.06792,-12.8253
+1.0683,-12.8425
+1.06867,-12.7358
+1.06905,-12.5022
+1.06942,-12.313
+1.06992,-12.0214
+1.0703,-11.7139
+1.07067,-11.4721
+1.07105,-10.98
+1.07141,-10.5753
+1.07193,-10.1532
+1.0723,-9.56941
+1.07267,-8.96767
+1.07305,-8.47065
+1.07342,-7.8233
+1.07404,-7.24179
+1.0743,-6.57031
+1.07467,-5.8627
+1.07505,-5.24299
+1.07542,-4.518
+1.07593,-3.84079
+1.0763,-3.00834
+1.07667,-2.36726
+1.07704,-1.85314
+1.07742,-1.24175
+1.07792,-0.698677
+1.07829,-0.254188
+1.07867,+0.225035
+1.07905,+0.649356
+1.07942,+1.1567
+1.07993,+1.56108
+1.0803,+1.76826
+1.08067,+2.05028
+1.08105,+2.28972
+1.08143,+2.37237
+1.08192,+2.45354
+1.0823,+2.40803
+1.08267,+2.33107
+1.08304,+2.17167
+1.08341,+1.87245
+1.08392,+1.70084
+1.08429,+1.34799
+1.08467,+0.986683
+1.08505,+0.750777
+1.08542,+0.34686
+1.08592,-0.188869
+1.0863,-0.533597
+1.08667,-0.774371
+1.08705,-1.14745
+1.08742,-1.49293
+1.08791,-1.99193
+1.0883,-2.28008
+1.08867,-2.42674
+1.08905,-2.80369
+1.08942,-2.88893
+1.08992,-2.89021
+1.0903,-2.94452
+1.09067,-3.07512
+1.09105,-3.14243
+1.09142,-3.0377
+1.09192,-2.7307
+1.09229,-2.32444
+1.09266,-2.19331
+1.09305,-1.80329
+1.09342,-1.53897
+1.09393,-1.20087
+1.0943,-0.803864
+1.09467,-0.331563
+1.09505,+0.401952
+1.09542,+0.855275
+1.09593,+1.35206
+1.0963,+1.68057
+1.09667,+2.32767
+1.09705,+2.92085
+1.09742,+3.58708
+1.09793,+4.2227
+1.09829,+4.83471
+1.09868,+5.38157
+1.09905,+5.70377
+1.09942,+6.78367
+1.09992,+7.09698
+1.1003,+7.98744
+1.10067,+8.00125
+1.10105,+8.01018
+1.10145,+7.8755
+1.10196,+7.80809
+1.1023,+7.57182
+1.10268,+7.36595
+1.10305,+7.04453
+1.10341,+6.06693
+1.10392,+5.75299
+1.10442,+4.63013
+1.10468,+4.2986
+1.10505,+4.41264
+1.10543,+3.96278
+1.10592,+3.82308
+1.1063,+3.34307
+1.10667,+2.58517
+1.10705,+1.93986
+1.10742,+1.66277
+1.10792,+0.885329
+1.1083,+0.850722
+1.10867,+0.131084
+1.10905,-0.610994
+1.10969,-1.00776
+1.10995,-2.10232
+1.1103,-2.83066
+1.11068,-3.27295
+1.11105,-3.34065
+1.11142,-4.19623
+1.11193,-4.47918
+1.1123,-5.40256
+1.11267,-5.75892
+1.11304,-6.54822
+1.11343,-6.61589
+1.11392,-6.68668
+1.1143,-6.56218
+1.11468,-6.38177
+1.11506,-6.55902
+1.11542,-5.75593
+1.11592,-5.15758
+1.1163,-4.17268
+1.11668,-3.64302
+1.11705,-2.92557
+1.11742,-2.58642
+1.11793,-1.94345
+1.1183,-1.18314
+1.11867,-0.418751
+1.11905,+0.401202
+1.11943,+0.748176
+1.11992,+1.73676
+1.12031,+1.93397
+1.12068,+3.3767
+1.12105,+4.0857
+1.12143,+4.78429
+1.12193,+5.44347
+1.1223,+6.01196
+1.12267,+6.61827
+1.12305,+7.2528
+1.12343,+7.79542
+1.12393,+7.90332
+1.1243,+8.55834
+1.12467,+8.99869
+1.12506,+9.5111
+1.12543,+10.0079
+1.12593,+10.5868
+1.1263,+11.7573
+1.12668,+11.9777
+1.12706,+12.2722
+1.12742,+12.4549
+1.12792,+13.2493
+1.12831,+13.3464
+1.12868,+12.972
+1.12905,+13.6119
+1.12942,+13.6699
+1.12993,+13.6269
+1.1303,+12.8449
+1.13068,+12.7279
+1.13105,+12.5395
+1.13142,+13.1657
+1.13181,+12.3489
+1.13231,+12.2684
+1.13267,+12.203
+1.13305,+11.4741
+1.13343,+11.2287
+1.13393,+11.1841
+1.1343,+11.1495
+1.13468,+11.3267
+1.13576,+12.1034
+1.13596,+11.5456
+1.13629,+11.8082
+1.13667,+11.9716
+1.13705,+12.0768
+1.13742,+12.5569
+1.13793,+12.8751
+1.1383,+13.1409
+1.13867,+13.389
+1.13905,+13.827
+1.13942,+14.3204
+1.13992,+14.7796
+1.14029,+15.2242
+1.14067,+16.4054
+1.14105,+16.8229
+1.14142,+17.1328
+1.14193,+17.5777
+1.1423,+18.1393
+1.14267,+18.7884
+1.14305,+19.2855
+1.14342,+19.0816
+1.14393,+20.3264
+1.14429,+21.6795
+1.14468,+21.562
+1.14505,+22.307
+1.14542,+22.9501
+1.14593,+23.7114
+1.1463,+24.3236
+1.14667,+25.8164
+1.14705,+26.4012
+1.14742,+26.8484
+1.14781,+27.5992
+1.1483,+27.3547
+1.14867,+27.8857
+1.14904,+28.3898
+1.14942,+28.8668
+1.14992,+30.1368
+1.15029,+30.4882
+1.15068,+30.7429
+1.15105,+31.0973
+1.15142,+32.2843
+1.15192,+32.514
+1.15229,+32.6349
+1.15267,+33.773
+1.15304,+34.5259
+1.15342,+34.4966
+1.15392,+34.5844
+1.1543,+34.6779
+1.15468,+33.91
+1.15505,+33.7719
+1.15543,+32.9287
+1.15581,+32.6989
+1.1563,+32.5287
+1.15667,+31.354
+1.15704,+31.1996
+1.15742,+30.9429
+1.15792,+29.6775
+1.15829,+29.2675
+1.15868,+29.5854
+1.15905,+29.9503
+1.15942,+30.0615
+1.15992,+28.8272
+1.1603,+29.081
+1.16067,+29.206
+1.16105,+27.7976
+1.16142,+27.1874
+1.16193,+26.6316
+1.1623,+26.1215
+1.16267,+24.8327
+1.16304,+23.5592
+1.16342,+22.4523
+1.16381,+21.8871
+1.16431,+21.5923
+1.16467,+20.71
+1.1652,+20.5633
+1.16549,+21.3283
+1.16592,+22.1898
+1.1663,+22.0525
+1.16668,+22.2101
+1.16705,+22.451
+1.16742,+22.6553
+1.16793,+22.9541
+1.1683,+22.5362
+1.16867,+22.6651
+1.16905,+22.8568
+1.16943,+23.0382
+1.16992,+22.3572
+1.1703,+22.5835
+1.17067,+22.6079
+1.17105,+22.7143
+1.17143,+22.846
+1.17181,+22.9502
+1.17229,+22.9128
+1.17268,+22.9616
+1.17305,+23.0262
+1.17342,+22.2874
+1.17392,+22.3024
+1.1743,+22.3873
+1.17467,+22.3482
+1.17505,+22.2152
+1.17543,+22.0315
+1.17592,+21.6917
+1.1763,+21.2807
+1.17668,+20.898
+1.17705,+20.4065
+1.17743,+19.9105
+1.17793,+19.3137
+1.1783,+18.6312
+1.17868,+17.9877
+1.17904,+17.274
+1.17944,+16.4833
+1.17981,+15.9315
+1.1803,+15.3837
+1.18067,+14.6423
+1.18105,+14.2265
+1.18142,+13.6375
+1.18192,+13.156
+1.18229,+13.4477
+1.18268,+13.0285
+1.18305,+12.7155
+1.18343,+12.4407
+1.18393,+12.1353
+1.1843,+11.9589
+1.18467,+12.0693
+1.18517,+11.9979
+1.18546,+12.0783
+1.18593,+12.1253
+1.1863,+11.4501
+1.18667,+11.6199
+1.18704,+11.7491
+1.18743,+12.0399
+1.18792,+12.2378
+1.1883,+12.401
+1.18867,+12.3659
+1.18905,+12.4474
+1.18943,+12.5186
+1.18993,+12.6177
+1.1903,+12.788
+1.19067,+12.8031
+1.19105,+12.8301
+1.19142,+12.7447
+1.19192,+13.3346
+1.1923,+13.2713
+1.19267,+13.3888
+1.19305,+13.9094
+1.19343,+13.7168
+1.19393,+13.5005
+1.1943,+13.9412
+1.19468,+13.6934
+1.19505,+14.2848
+1.19542,+14.8529
+1.19593,+14.7211
+1.1963,+14.3839
+1.19667,+14.8832
+1.19705,+14.4997
+1.19745,+15.0411
+1.19793,+15.392
+1.1983,+15.1038
+1.19867,+15.5499
+1.19905,+15.2768
+1.19944,+15.1071
+1.19993,+14.9063
+1.2003,+15.3627
+1.20067,+15.1558
+1.20105,+15.1587
+1.20144,+14.9265
+1.20192,+14.4661
+1.20229,+14.4251
+1.20267,+14.4937
+1.20305,+13.8801
+1.20343,+13.8242
+1.2038,+13.9037
+1.20431,+13.9833
+1.20468,+14.157
+1.20505,+14.8932
+1.20543,+15.1325
+1.20593,+15.7671
+1.2063,+16.0455
+1.20667,+16.0982
+1.20705,+16.7716
+1.20744,+16.858
+1.20793,+16.8289
+1.2083,+17.1661
+1.20867,+17.2283
+1.20906,+17.2562
+1.20943,+17.2759
+1.20993,+17.3247
+1.2103,+17.2667
+1.21068,+16.7033
+1.21105,+16.8097
+1.21142,+16.2852
+1.21192,+16.452
+1.21231,+16.4213
+1.21267,+16.26
+1.21305,+16.3865
+1.21344,+16.445
+1.21393,+16.5402
+1.2143,+16.0413
+1.21468,+16.8569
+1.21505,+16.9414
+1.21555,+17.0803
+1.21592,+16.6465
+1.2163,+16.8202
+1.21668,+17.038
+1.21705,+16.588
+1.21744,+16.8401
+1.21793,+17.2468
+1.2183,+17.5276
+1.21867,+17.1782
+1.21906,+16.6968
+1.21944,+17.1009
+1.2198,+17.3988
+1.22031,+17.6783
+1.22068,+17.4739
+1.22105,+17.8334
+1.22144,+17.5215
+1.22193,+17.0757
+1.2223,+17.3868
+1.22267,+17.7924
+1.22305,+18.3512
+1.22343,+18.5193
+1.22392,+19.5587
+1.2243,+19.2847
+1.22468,+19.6166
+1.22505,+19.9984
+1.22544,+20.4174
+1.22593,+20.8193
+1.2263,+21.1542
+1.22668,+21.3867
+1.22706,+21.5846
+1.22744,+21.8868
+1.22781,+21.3684
+1.2283,+21.5586
+1.22868,+21.7567
+1.22906,+21.9581
+1.22943,+22.0096
+1.22992,+22.1551
+1.23031,+22.1682
+1.23068,+22.2528
+1.23105,+22.3199
+1.23143,+22.3948
+1.2318,+23.2709
+1.2323,+23.3381
+1.23267,+23.3299
+1.23308,+23.2824
+1.23343,+24.1495
+1.2338,+24.047
+1.23431,+24.1472
+1.23468,+24.1393
+1.23505,+24.0713
+1.23543,+24.0856
+1.23581,+23.2354
+1.23631,+23.2455
+1.23668,+23.3126
+1.23705,+23.349
+1.23816,+22.5748
+1.23834,+22.6155
+1.23868,+22.599
+1.23905,+22.6078
+1.23943,+22.6904
+1.2398,+22.7254
+1.24032,+22.7373
+1.24067,+22.5913
+1.24105,+22.5748
+1.24143,+22.6022
+1.24192,+22.6666
+1.2423,+22.558
+1.24267,+22.6841
+1.24305,+22.6213
+1.24343,+22.6721
+1.24379,+22.606
+1.24429,+22.7316
+1.24468,+23.6818
+1.24505,+23.7987
+1.24543,+23.5871
+1.24595,+23.5984
+1.2463,+23.6426
+1.24668,+24.3785
+1.24705,+24.3075
+1.24742,+24.31
+1.24792,+24.2064
+1.2483,+24.8066
+1.24867,+23.9313
+1.24905,+23.7956
+1.24944,+23.6927
+1.2498,+23.4793
+1.2503,+23.3982
+1.25068,+22.3
+1.25104,+22.6996
+1.25143,+22.2968
+1.2518,+22.0499
+1.2523,+20.9746
+1.25268,+21.2447
+1.25305,+20.8031
+1.25343,+20.4313
+1.25379,+20.5762
+1.2543,+20.7032
+1.25467,+20.928
+1.25504,+20.5883
+1.25543,+20.8943
+1.25579,+21.1588
+1.25642,+21.3548
+1.25669,+20.7689
+1.25705,+20.972
+1.25743,+21.184
+1.25793,+20.7207
+1.2583,+20.2298
+1.25868,+19.1021
+1.25905,+18.6379
+1.25942,+18.1764
+1.2598,+17.7543
+1.2603,+17.4214
+1.26067,+17.3881
+1.26106,+17.0216
+1.26144,+16.852
+1.2618,+16.8127
+1.2623,+16.9136
+1.26268,+17.5885
+1.26305,+17.4594
+1.26343,+17.3873
+1.2638,+17.3009
+1.2643,+17.2773
+1.26468,+17.2717
+1.26506,+17.5096
+1.26543,+17.5421
+1.26579,+17.5736
+1.26631,+17.4948
+1.26668,+17.409
+1.26705,+17.5836
+1.26743,+17.6062
+1.26781,+17.6471
+1.26831,+17.5691
+1.26867,+17.4632
+1.26905,+17.23
+1.26943,+17.1844
+1.2698,+16.9197
+1.2703,+16.67
+1.27067,+16.4399
+1.27105,+15.5291
+1.27143,+15.1259
+1.2718,+14.725
+1.2723,+14.4592
+1.27268,+14.0157
+1.27305,+13.7712
+1.27343,+13.3487
+1.27379,+13.2324
+1.2743,+12.8862
+1.27468,+12.117
+1.27505,+12.5227
+1.27543,+11.8553
+1.2758,+11.6875
+1.2763,+11.5478
+1.27667,+11.2376
+1.27705,+10.8554
+1.27743,+10.5959
+1.2778,+10.1358
+1.27831,+10.0275
+1.27868,+10.2756
+1.27905,+10.0175
+1.27943,+10.2792
+1.2798,+10.0649
+1.2803,+9.7372
+1.28068,+9.77576
+1.28105,+9.62046
+1.28144,+9.58925
+1.28181,+9.48173
+1.2823,+9.29535
+1.28267,+9.21638
+1.28306,+8.9936
+1.28343,+9.00789
+1.2838,+8.86201
+1.2843,+8.40372
+1.28468,+8.42946
+1.28507,+8.46656
+1.28543,+8.43722
+1.2858,+8.5775
+1.2863,+8.66089
+1.28681,+8.90586
+1.28707,+9.1793
+1.28743,+9.34634
+1.28794,+9.68157
+1.28831,+10.4005
+1.28868,+10.6154
+1.28906,+10.6167
+1.28943,+10.8163
+1.2898,+10.811
+1.2903,+10.5696
+1.29067,+10.6103
+1.29105,+10.8952
+1.29142,+10.9404
+1.2918,+11.0501
+1.2923,+11.2333
+1.29267,+10.7246
+1.29305,+11.043
+1.29343,+11.224
+1.2938,+11.6484
+1.29431,+12.333
+1.29468,+12.6077
+1.29505,+12.7155
+1.29543,+13.0298
+1.29579,+13.3116
+1.29631,+13.4549
+1.29668,+14.2131
+1.29706,+14.519
+1.29743,+14.2272
+1.2978,+14.2638
+1.2983,+14.3984
+1.29868,+14.5563
+1.29906,+14.6889
+1.29943,+14.6556
+1.2998,+14.847
+1.30031,+14.9296
+1.30068,+14.8363
+1.30106,+14.1924
+1.30143,+14.0652
+1.3018,+13.956
+1.30231,+13.9537
+1.30268,+13.758
+1.30305,+13.7047
+1.30343,+13.7693
+1.30381,+13.4449
+1.30431,+13.3564
+1.30468,+13.2869
+1.30506,+13.7925
+1.30544,+14.2588
+1.3058,+14.2096
+1.3063,+13.9672
+1.30668,+13.6594
+1.30705,+13.2071
+1.30743,+12.9853
+1.30781,+12.8816
+1.30831,+11.9874
+1.30868,+11.7503
+1.30907,+11.3783
+1.30944,+11.0269
+1.3098,+10.7214
+1.3103,+10.4678
+1.31068,+10.2479
+1.31106,+9.55432
+1.31143,+9.41545
+1.3118,+8.51305
+1.3123,+8.87069
+1.31267,+8.45149
+1.31307,+8.26932
+1.31344,+8.08515
+1.3138,+7.9229
+1.31431,+7.22432
+1.31468,+6.66825
+1.31506,+6.53126
+1.31544,+6.10064
+1.31581,+6.64922
+1.31631,+6.3442
+1.31669,+6.55038
+1.31719,+5.88034
+1.31745,+5.46087
+1.31794,+4.93967
+1.3183,+5.51908
+1.31868,+5.91182
+1.31906,+6.37033
+1.31943,+6.66279
+1.3198,+6.57504
+1.32031,+6.241
+1.32068,+5.78194
+1.32107,+5.94985
+1.32143,+5.90617
+1.3218,+6.33787
+1.3223,+6.19493
+1.32268,+5.99585
+1.32306,+6.24076
+1.32343,+5.6262
+1.3238,+5.7134
+1.3243,+6.33606
+1.32468,+7.04234
+1.32507,+7.68977
+1.32543,+8.3804
+1.3258,+8.05326
+1.32631,+8.26834
+1.32668,+8.62146
+1.32706,+8.72417
+1.32743,+9.36251
+1.32781,+9.56546
+1.32831,+9.66136
+1.32868,+9.49541
+1.32906,+9.6842
+1.32943,+9.72606
+1.3298,+10.3131
+1.33031,+10.4016
+1.33068,+10.0341
+1.33105,+9.97195
+1.33144,+9.95384
+1.3318,+10.0624
+1.33231,+9.93179
+1.33268,+9.36711
+1.33307,+9.23092
+1.33344,+9.08759
+1.3338,+9.01387
+1.3343,+8.42273
+1.33468,+8.95217
+1.33506,+8.92866
+1.33545,+8.93289
+1.33581,+8.87584
+1.33631,+8.50739
+1.33668,+8.99691
+1.33707,+8.89795
+1.33743,+8.92731
+1.33781,+8.85725
+1.33831,+9.00903
+1.33868,+8.63185
+1.33906,+8.4423
+1.33943,+8.24573
+1.34056,+7.80393
+1.34081,+8.02568
+1.34109,+7.88854
+1.34144,+7.64453
+1.3418,+7.3922
+1.34244,+6.80851
+1.34271,+6.93986
+1.34305,+6.94252
+1.34343,+6.84071
+1.3438,+6.64886
+1.3443,+6.63128
+1.34468,+6.54591
+1.34507,+6.49988
+1.34543,+6.56789
+1.3458,+6.50483
+1.3463,+6.62969
+1.34668,+6.41537
+1.34705,+6.41636
+1.34756,+6.35477
+1.34793,+6.34429
+1.34834,+6.24639
+1.34868,+6.08965
+1.34906,+5.92805
+1.34944,+5.17444
+1.3498,+5.16031
+1.3503,+5.32151
+1.35068,+5.35719
+1.35106,+4.84396
+1.35144,+4.84594
+1.3518,+4.72773
+1.3523,+4.07238
+1.35268,+4.09455
+1.35307,+4.11907
+1.35344,+4.28498
+1.3538,+4.16261
+1.35431,+3.6447
+1.35468,+3.65028
+1.35505,+3.95183
+1.35543,+3.35039
+1.3558,+2.76748
+1.3563,+3.3105
+1.35668,+3.33197
+1.35706,+2.71579
+1.35744,+2.46146
+1.35793,+2.54365
+1.35831,+3.09117
+1.35868,+2.55745
+1.35905,+2.12056
+1.35942,+2.20681
+1.3598,+2.35235
+1.36031,+2.3977
+1.36068,+1.99698
+1.36107,+2.60334
+1.36144,+2.7109
+1.3618,+2.19263
+1.3623,+1.70391
+1.36268,+1.5819
+1.36305,+1.56873
+1.36343,+1.55078
+1.3638,+1.51582
+1.36431,+1.68128
+1.36468,+1.65793
+1.36506,+1.73879
+1.36543,+1.86986
+1.36581,+1.97324
+1.3663,+1.90376
+1.36668,+2.0426
+1.36706,+2.19035
+1.36756,+2.22655
+1.36793,+2.25661
+1.3683,+1.6494
+1.36869,+1.68682
+1.36907,+1.18233
+1.36943,+1.09707
+1.3698,+0.987705
+1.37031,+1.14533
+1.37069,+1.16919
+1.37106,+1.15181
+1.37143,+1.10843
+1.3718,+1.11283
+1.37231,+1.11958
+1.37269,+1.08438
+1.37307,+1.21292
+1.37343,+1.28636
+1.3738,+1.35065
+1.37431,+1.23492
+1.37468,+1.26349
+1.37506,+1.2686
+1.37543,+1.35502
+1.3758,+1.39949
+1.37631,+1.53234
+1.37668,+1.58217
+1.37706,+1.46867
+1.37743,+1.44501
+1.37806,+1.4502
+1.37831,+1.45373
+1.37868,+1.50084
+1.37906,+1.91414
+1.37944,+1.87421
+1.37981,+1.91694
+1.3803,+1.78237
+1.38069,+1.65248
+1.38107,+1.44768
+1.38143,+1.37307
+1.38181,+1.21928
+1.38231,+1.55897
+1.38268,+1.27144
+1.38305,+0.791054
+1.38344,+0.670343
+1.38381,+0.600488
+1.38431,+0.532924
+1.38468,+0.608699
+1.38507,+0.604103
+1.38544,+0.626388
+1.3858,+0.568367
+1.3863,+0.194667
+1.38669,+0.707229
+1.38706,+0.688285
+1.38744,+1.13162
+1.38783,+1.06364
+1.38831,+0.939549
+1.38868,+0.726994
+1.38907,+0.789892
+1.38943,+0.507628
+1.3898,+1.06648
+1.39031,+1.43693
+1.39069,+0.899203
+1.39106,+0.923094
+1.39143,+0.795945
+1.3918,+0.657695
+1.39231,+0.756419
+1.39268,+0.755972
+1.39308,+0.567357
+1.39344,+0.68637
+1.39381,+0.0964619
+1.39431,-0.415145
+1.39469,-0.468103
+1.39506,-0.110616
+1.39543,-0.575375
+1.3958,-0.543711
+1.39631,-0.576184
+1.39669,-0.610583
+1.39707,-0.592371
+1.39743,-0.175058
+1.39794,-0.372628
+1.39832,-0.491584
+1.39868,-0.58146
+1.39906,-1.24506
+1.39943,-1.3759
+1.3998,-1.56891
+1.40031,-1.21498
+1.40068,-1.25704
+1.40107,-1.35072
+1.40143,-2.0008
+1.40181,-1.89395
+1.40231,-1.90372
+1.40268,-1.87811
+1.40306,-1.81443
+1.40345,-1.90439
+1.40381,-1.96626
+1.40431,-2.31435
+1.40468,-2.22011
+1.40508,-2.09923
+1.40544,-1.91047
+1.40581,-1.82857
+1.40631,-1.76481
+1.40669,-1.07571
+1.40706,-0.847286
+1.40743,+0.0122533
+1.4078,+0.361609
+1.40831,+0.387073
+1.40869,+0.351888
+1.40907,+0.464059
+1.40944,+0.60964
+1.40981,+0.784794
+1.41031,+1.40686
+1.41068,+1.0765
+1.41106,+1.06026
+1.41144,+0.660417
+1.41194,+1.21893
+1.41243,+1.42372
+1.4127,+1.7637
+1.41319,+2.4784
+1.41369,+2.77793
+1.41406,+3.05634
+1.41433,+2.7724
+1.41469,+3.46242
+1.41506,+3.78561
+1.41544,+4.07713
+1.41581,+3.96325
+1.41631,+4.15355
+1.41669,+4.40663
+1.41707,+4.20023
+1.41744,+4.38024
+1.41781,+4.63878
+1.41831,+4.84692
+1.41869,+4.57689
+1.41906,+4.81683
+1.41943,+5.10495
+1.4198,+5.2367
+1.42032,+5.4848
+1.42068,+5.61654
+1.42107,+5.65353
+1.42144,+5.77424
+1.42181,+5.83495
+1.42231,+6.03472
+1.42269,+6.06356
+1.42307,+6.06501
+1.42344,+6.11563
+1.42382,+6.24145
+1.42432,+6.83049
+1.42468,+7.12671
+1.42507,+7.30699
+1.42544,+7.34339
+1.42581,+7.48498
+1.42631,+7.65193
+1.42669,+7.68306
+1.42706,+7.8694
+1.42744,+7.71764
+1.4278,+7.69456
+1.42832,+7.25194
+1.42869,+7.21235
+1.42907,+7.34427
+1.42944,+7.54906
+1.42981,+7.53457
+1.43031,+7.60662
+1.43069,+7.90015
+1.43106,+8.08437
+1.43143,+8.31872
+1.43181,+8.54562
+1.43232,+8.62599
+1.43268,+8.71258
+1.43308,+8.75294
+1.43344,+8.88183
+1.43381,+9.14449
+1.43431,+9.22302
+1.43469,+9.39031
+1.43507,+9.49634
+1.43544,+9.77241
+1.43581,+10.109
+1.43631,+10.409
+1.43668,+10.6444
+1.43708,+10.8529
+1.43744,+10.957
+1.43782,+11.2696
+1.43831,+11.553
+1.43869,+11.5927
+1.43906,+12.3757
+1.43944,+12.4587
+1.43981,+12.37
+1.44032,+12.4017
+1.44068,+12.4274
+1.44108,+13.2821
+1.44143,+13.5145
+1.44181,+13.4818
+1.44296,+13.5386
+1.44321,+13.7416
+1.44348,+13.1931
+1.44381,+13.2743
+1.44431,+13.3696
+1.44472,+13.6744
+1.4451,+13.7207
+1.44546,+13.1299
+1.44585,+13.2378
+1.44635,+14.0583
+1.44672,+14.1875
+1.4471,+14.275
+1.44748,+14.3109
+1.44785,+14.3917
+1.44836,+14.4112
+1.44872,+15.1891
+1.44914,+15.3632
+1.44948,+15.355
+1.44985,+15.2464
+1.45034,+14.6677
+1.45077,+14.7725
+1.4511,+14.8265
+1.45148,+15.5369
+1.45184,+15.55
+1.45237,+15.5969
+1.45272,+14.6833
+1.45312,+14.6202
+1.45346,+14.6827
+1.45385,+15.5379
+1.45437,+15.5423
+1.45472,+15.5071
+1.4551,+15.5495
+1.45547,+14.9668
+1.45586,+15.0576
+1.45636,+15.211
+1.45672,+15.3617
+1.45714,+16.0669
+1.45746,+16.092
+1.45782,+15.3984
+1.45833,+15.2558
+1.45871,+15.2152
+1.45922,+15.7554
+1.45948,+15.6448
+1.45984,+15.6103
+1.46036,+15.5796
+1.46071,+15.4505
+1.46114,+14.6686
+1.46147,+14.5043
+1.46184,+14.2988
+1.46235,+14.8692
+1.46273,+14.8785
+1.46311,+14.196
+1.46348,+14.1208
+1.46385,+13.992
+1.46436,+14.0388
+1.46473,+14.1541
+1.46513,+14.2666
+1.46547,+14.346
+1.466,+14.6803
+1.46636,+14.0993
+1.46671,+14.1582
+1.46708,+14.2522
+1.4675,+14.3138
+1.46782,+14.383
+1.46849,+14.2495
+1.46872,+14.0238
+1.46913,+14.1113
+1.46947,+14.2061
+1.46985,+13.9771
+1.47034,+14.0641
+1.47072,+13.8815
+1.4711,+13.8267
+1.47148,+13.9975
+1.47184,+14.7138
+1.47237,+14.7471
+1.47272,+14.8142
+1.47312,+14.7204
+1.47347,+15.5049
+1.47385,+15.603
+1.47436,+15.682
+1.47473,+16.5343
+1.4751,+16.6125
+1.47547,+16.6712
+1.47585,+16.8066
+1.47636,+16.9187
+1.47673,+17.707
+1.47713,+17.8655
+1.47747,+17.0361
+1.47786,+16.9531
+1.47835,+16.8679
+1.47871,+16.2244
+1.47909,+16.2277
+1.47946,+16.0374
+1.47985,+15.9603
+1.48035,+15.8661
+1.48073,+15.1317
+1.48112,+15.7923
+1.48147,+16.5056
+1.48184,+17.3262
+1.48235,+17.997
+1.48273,+17.9381
+1.48309,+18.6673
+1.48347,+18.9758
+1.48385,+18.3825
+1.48435,+18.5155
+1.48473,+18.5634
+1.48513,+17.8814
+1.48547,+17.2876
+1.48585,+16.7262
+1.48638,+16.7848
+1.48673,+16.7863
+1.4871,+16.0413
+1.48748,+15.7758
+1.48786,+15.8187
+1.48836,+16.5478
+1.48873,+17.2293
+1.48914,+17.2732
+1.48961,+17.4517
+1.48984,+17.9027
+1.49034,+17.1692
+1.49071,+17.1137
+1.49109,+17.854
+1.49148,+18.7535
+1.49186,+19.3451
+1.49236,+19.2303
+1.49272,+19.1843
+1.49313,+19.8689
+1.49347,+20.4295
+1.49385,+20.6059
+1.49423,+21.4854
+1.49473,+22.2749
+1.4951,+22.4464
+1.49547,+22.4725
+1.49586,+22.6032
+1.49622,+22.1386
+1.49675,+22.4402
+1.49714,+22.4451
+1.49748,+22.4396
+1.49785,+22.5643
+1.49836,+21.7769
+1.49873,+21.7934
+1.4991,+21.5821
+1.49948,+21.5188
+1.49985,+21.5532
+1.50034,+22.079
+1.5007,+21.3467
+1.50112,+21.3121
+1.50146,+21.3246
+1.50185,+21.1432
+1.50222,+21.701
+1.50272,+21.7399
+1.50307,+21.6675
+1.50344,+21.5807
+1.50382,+21.3023
+1.50419,+21.2343
+1.50469,+21.749
+1.50509,+21.7062
+1.50544,+21.6577
+1.50582,+21.5351
+1.50619,+21.55
+1.5067,+20.6569
+1.50707,+20.6225
+1.50745,+20.477
+1.50781,+19.8983
+1.50832,+19.7931
+1.50869,+18.9977
+1.50908,+18.7657
+1.50944,+18.6614
+1.50982,+18.5969
+1.51018,+18.5333
+1.5107,+19.32
+1.51106,+19.2282
+1.51144,+19.1033
+1.51182,+19.6854
+1.51219,+19.6744
+1.51269,+20.1162
+1.51308,+20.1171
+1.51344,+19.9935
+1.51382,+19.8923
+1.51419,+19.825
+1.5147,+19.5123
+1.51507,+18.9446
+1.51545,+18.7728
+1.51581,+18.6261
+1.51632,+17.9082
+1.51669,+17.2935
+1.51709,+16.5229
+1.51745,+16.3685
+1.51783,+15.6416
+1.51819,+14.8698
+1.5187,+14.7546
+1.51907,+15.1647
+1.51944,+15.1141
+1.51994,+15.0886
+1.52032,+15.4243
+1.5207,+15.9826
+1.52108,+16.7706
+1.52144,+16.6338
+1.52181,+17.138
+1.52232,+17.6384
+1.52269,+17.5179
+1.52307,+17.656
+1.52345,+17.7337
+1.52381,+17.7029
+1.52432,+17.8564
+1.52469,+17.9453
+1.52509,+17.6871
+1.52544,+17.7759
+1.52582,+17.7109
+1.52618,+18.0318
+1.5267,+18.0902
+1.52707,+17.769
+1.52745,+17.6738
+1.52783,+17.6595
+1.52819,+17.4796
+1.52869,+16.6117
+1.52908,+16.4846
+1.52944,+16.3858
+1.52982,+16.2985
+1.53019,+15.8433
+1.5307,+15.9708
+1.53107,+16.0694
+1.53144,+16.1136
+1.53183,+15.7981
+1.53219,+15.7719
+1.53269,+16.2525
+1.53308,+16.2651
+1.53344,+16.069
+1.53382,+15.9794
+1.53419,+15.906
+1.53469,+15.7459
+1.53506,+15.6248
+1.53545,+15.5909
+1.53582,+15.6695
+1.53619,+15.5106
+1.53669,+15.5563
+1.53708,+15.3379
+1.53747,+15.359
+1.53782,+15.229
+1.53832,+15.1725
+1.5387,+15.0116
+1.53907,+14.697
+1.53945,+13.824
+1.53995,+13.5671
+1.54033,+13.3499
+1.54069,+13.17
+1.54108,+13.0904
+1.54144,+12.914
+1.54183,+12.7929
+1.5422,+12.6233
+1.5427,+11.7164
+1.54307,+11.6601
+1.54345,+11.9177
+1.54382,+11.7134
+1.54419,+11.7052
+1.54536,+11.5619
+1.54562,+11.4871
+1.54592,+11.411
+1.54619,+11.1625
+1.54669,+10.9104
+1.54706,+11.4787
+1.54747,+11.4641
+1.54781,+11.3036
+1.54832,+11.0695
+1.54868,+10.7976
+1.54908,+10.5564
+1.54944,+10.0981
+1.54983,+9.77446
+1.55032,+9.61209
+1.5507,+9.396
+1.55106,+8.98873
+1.55144,+8.45807
+1.55181,+8.1531
+1.55219,+8.00081
+1.55269,+7.7581
+1.55315,+7.44513
+1.55345,+7.48458
+1.55382,+7.4007
+1.55419,+7.44959
+1.55469,+7.45942
+1.55507,+7.42195
+1.55545,+7.45552
+1.55581,+7.54614
+1.55631,+7.4744
+1.55669,+7.42205
+1.55708,+7.53112
+1.55744,+7.24328
+1.55783,+6.84094
+1.55819,+6.61916
+1.55869,+6.16161
+1.55906,+5.92998
+1.55945,+5.62677
+1.55982,+5.19018
+1.56019,+4.86914
+1.56069,+4.38088
+1.56108,+3.84222
+1.56144,+3.48687
+1.56181,+3.51258
+1.56218,+3.04515
+1.5627,+2.94897
+1.56306,+2.91162
+1.56345,+2.58635
+1.56382,+2.42045
+1.56419,+2.27802
+1.56469,+2.27167
+1.56507,+2.1904
+1.56544,+2.24167
+1.56583,+1.88419
+1.56619,+1.80326
+1.5667,+1.63793
+1.56707,+1.23155
+1.56745,+1.08556
+1.56783,+1.13071
+1.56819,+0.928512
+1.56869,+1.00955
+1.56908,+0.830396
+1.56944,+0.536791
+1.56982,+0.296878
+1.57031,+0.161589
+1.5707,+0.124513
+1.57107,+0.00260592
+1.57144,+0.0953451
+1.57181,-0.563396
+1.57233,-0.60537
+1.57269,-0.942117
+1.57307,-1.02693
+1.57344,-1.08384
+1.57382,-1.0917
+1.57419,-1.30508
+1.57469,-1.92187
+1.57507,-2.42017
+1.57544,-2.68683
+1.57582,-2.38296
+1.57619,-2.48859
+1.5767,-2.62741
+1.57708,-2.66066
+1.57745,-2.81865
+1.57783,-2.90741
+1.57819,-2.98809
+1.57869,-2.58791
+1.57906,-2.69885
+1.57945,-2.69502
+1.57982,-2.6413
+1.58019,-2.91503
+1.58082,-2.96385
+1.58109,-3.5542
+1.58144,-3.5851
+1.58182,-4.21529
+1.58219,-4.28102
+1.58269,-4.56013
+1.58307,-4.21829
+1.58345,-4.38675
+1.58382,-4.67809
+1.58419,-4.5812
+1.5847,-4.64516
+1.58508,-4.72423
+1.58544,-4.85881
+1.58581,-4.50845
+1.58618,-4.62609
+1.5867,-4.6698
+1.58706,-4.82467
+1.58745,-4.84816
+1.58782,-4.91525
+1.58832,-5.02714
+1.5887,-5.18507
+1.58908,-4.87512
+1.58944,-4.94814
+1.58982,-5.08844
+1.5902,-5.21639
+1.59183,-5.19133
+1.59207,-5.33026
+1.59228,-5.46049
+1.59252,-5.48336
+1.59273,-5.71095
+1.59309,-5.80316
+1.59347,-5.8812
+1.59382,-6.01952
+1.59419,-6.09077
+1.59469,-6.00424
+1.59507,-6.07476
+1.59545,-5.89086
+1.59582,-5.94616
+1.5962,-6.01828
+1.59669,-6.08959
+1.59709,-6.17816
+1.59751,-6.27939
+1.59786,-6.68259
+1.59833,-6.65463
+1.5987,-6.86106
+1.59907,-7.10628
+1.59945,-7.32167
+1.59982,-7.39081
+1.6002,-7.42646
+1.6007,-7.34688
+1.60108,-7.38345
+1.60144,-7.29772
+1.60183,-6.79503
+1.60221,-6.78368
+1.6027,-6.71714
+1.60307,-6.63839
+1.60346,-7.0198
+1.60382,-6.98652
+1.60432,-7.13934
+1.60469,-7.26604
+1.60509,-7.33319
+1.60545,-7.40234
+1.60583,-7.65764
+1.60619,-7.87093
+1.6067,-7.94004
+1.60707,-7.92229
+1.60746,-7.69713
+1.60782,-7.86025
+1.6082,-7.72976
+1.60882,-8.06821
+1.60913,-8.21478
+1.60946,-8.31339
+1.60983,-8.42774
+1.6102,-8.4467
+1.6107,-8.66135
+1.61107,-8.78285
+1.61145,-8.84861
+1.61195,-8.9206
+1.61232,-9.26722
+1.6127,-9.03889
+1.61309,-8.95099
+1.61345,-9.04289
+1.61382,-8.95633
+1.61419,-8.88
+1.6147,-8.85653
+1.61507,-8.85133
+1.61545,-8.83622
+1.61582,-8.74557
+1.6162,-8.54799
+1.6167,-8.57255
+1.61708,-8.52198
+1.61746,-8.58705
+1.61782,-8.65832
+1.6182,-8.775
+1.6187,-8.76687
+1.61908,-8.81354
+1.61945,-8.90071
+1.61982,-9.09024
+1.62019,-9.13723
+1.62069,-9.35873
+1.62108,-9.56704
+1.62145,-9.49996
+1.62183,-9.49659
+1.62219,-9.59583
+1.6227,-9.72045
+1.62308,-9.77855
+1.62345,-9.71697
+1.62382,-9.76229
+1.6242,-9.96106
+1.6247,-9.80728
+1.62508,-9.71279
+1.62547,-9.79625
+1.62583,-9.81345
+1.6262,-9.72728
+1.6267,-9.78135
+1.62707,-9.7807
+1.62746,-9.79163
+1.62783,-9.74393
+1.6282,-9.81924
+1.6287,-9.93362
+1.62909,-9.9256
+1.62945,-9.86891
+1.62982,-9.76757
+1.6302,-9.86514
+1.6307,-9.74282
+1.63107,-9.81808
+1.63145,-9.95562
+1.63182,-10.0255
+1.63219,-9.88831
+1.6327,-9.7783
+1.63308,-9.96496
+1.63345,-10.0018
+1.63382,-10.1031
+1.63421,-10.0646
+1.6347,-10.0233
+1.63508,-9.86535
+1.63545,-9.74191
+1.63582,-9.66522
+1.6362,-9.67205
+1.6367,-9.64132
+1.63709,-9.52333
+1.63745,-9.50803
+1.63782,-9.76353
+1.63819,-9.73557
+1.63869,-9.9551
+1.63907,-10.1752
+1.63945,-10.2985
+1.63983,-10.3478
+1.6402,-10.3936
+1.6407,-10.5069
+1.64108,-10.4641
+1.64146,-10.5154
+1.64183,-10.3372
+1.64233,-10.5414
+1.64271,-10.3324
+1.64308,-10.2928
+1.64345,-10.2731
+1.64383,-10.2556
+1.6442,-10.2318
+1.6447,-10.127
+1.64508,-10.2206
+1.64545,-10.2141
+1.64582,-10.2441
+1.6462,-10.0632
+1.6467,-10.0096
+1.64776,-9.84824
+1.64795,-9.72893
+1.64823,-9.87108
+1.64869,-9.87818
+1.64907,-9.97518
+1.64945,-10.0265
+1.64984,-9.93694
+1.65019,-9.78171
+1.6507,-9.77783
+1.65107,-9.76381
+1.65144,-10.1669
+1.65182,-10.3812
+1.65219,-10.3126
+1.6527,-10.2322
+1.65307,-10.1343
+1.65344,-10.0359
+1.65382,-9.98721
+1.65419,-10.0653
+1.6547,-9.85166
+1.65507,-9.86419
+1.6555,-9.38705
+1.65583,-9.1082
+1.65619,-9.02189
+1.65669,-9.06463
+1.65707,-9.10356
+1.65746,-9.4472
+1.65783,-9.5636
+1.65819,-9.58132
+1.65869,-9.72729
+1.65906,-9.55232
+1.65944,-9.65088
+1.65983,-9.68823
+1.6602,-9.68441
+1.66069,-9.59626
+1.66108,-9.54838
+1.66145,-9.15757
+1.66182,-9.07847
+1.66219,-9.32283
+1.66269,-9.33745
+1.66307,-9.39532
+1.66344,-9.4422
+1.66382,-9.32191
+1.66419,-9.09526
+1.6647,-9.11454
+1.66507,-9.03715
+1.66544,-8.9524
+1.66581,-8.87263
+1.6662,-8.56203
+1.6667,-8.59779
+1.66707,-8.6381
+1.66746,-8.47513
+1.66782,-8.53798
+1.66819,-8.53803
+1.66869,-8.41291
+1.66907,-8.34378
+1.66945,-8.42372
+1.66982,-8.87119
+1.67019,-8.70352
+1.67069,-8.58797
+1.67108,-8.47358
+1.67144,-8.4363
+1.67182,-8.38945
+1.67219,-8.42844
+1.67269,-8.55632
+1.67308,-8.52337
+1.67344,-8.34653
+1.67382,-7.68053
+1.67419,-7.69765
+1.6747,-7.63002
+1.67507,-7.97775
+1.67544,-7.83095
+1.67582,-7.80773
+1.67619,-7.67847
+1.6767,-7.54971
+1.67707,-7.44859
+1.67745,-7.2883
+1.67783,-7.40223
+1.6782,-7.25554
+1.6787,-7.17838
+1.67907,-6.862
+1.67945,-6.94271
+1.67982,-7.05235
+1.6802,-7.21829
+1.68069,-7.29523
+1.68107,-7.34391
+1.68145,-7.49715
+1.68182,-7.59923
+1.6822,-7.66208
+1.6827,-7.78485
+1.68307,-7.90633
+1.68345,-7.99985
+1.68382,-7.92975
+1.6842,-7.92266
+1.6847,-7.70896
+1.68507,-8.12124
+1.68544,-8.13826
+1.68582,-8.03148
+1.6862,-8.12025
+1.6867,-7.94284
+1.68707,-8.34676
+1.68746,-8.40244
+1.68782,-8.25999
+1.6882,-8.1304
+1.68869,-8.23315
+1.68908,-7.90877
+1.68945,-7.8463
+1.68982,-7.95523
+1.6902,-8.07924
+1.6907,-8.55809
+1.69107,-8.14507
+1.69144,-8.10304
+1.69183,-8.31312
+1.6922,-8.45745
+1.6927,-8.62177
+1.69308,-8.61905
+1.69344,-8.74877
+1.69408,-8.75739
+1.69436,-8.74398
+1.6947,-8.31452
+1.69507,-8.17411
+1.69545,-8.25316
+1.69582,-8.4109
+1.6962,-8.29851
+1.69669,-8.25621
+1.69708,-8.17991
+1.69746,-8.10924
+1.69783,-8.08179
+1.69819,-7.93547
+1.69869,-8.04594
+1.69908,-8.09114
+1.69945,-8.09851
+1.69983,-7.81612
+1.7002,-7.94067
+1.7007,-7.87019
+1.70108,-7.99594
+1.70145,-8.04555
+1.70182,-8.42007
+1.7022,-8.58622
+1.7027,-8.69424
+1.70308,-8.86837
+1.70345,-8.75422
+1.70383,-8.86445
+1.7042,-8.79675
+1.70469,-8.86075
+1.70507,-8.82311
+1.70545,-8.90052
+1.70582,-8.68051
+1.70619,-8.77787
+1.7067,-8.67301
+1.70707,-8.59785
+1.70746,-9.08844
+1.70783,-9.08686
+1.7082,-9.21846
+1.7087,-9.27805
+1.70908,-9.32299
+1.70945,-9.33772
+1.70982,-9.19123
+1.71021,-9.1553
+1.7107,-9.14345
+1.71107,-9.19641
+1.71144,-8.89628
+1.71183,-8.91945
+1.71219,-8.92105
+1.7127,-8.91469
+1.71309,-9.01708
+1.71345,-9.30471
+1.71383,-9.34179
+1.7142,-9.19727
+1.7147,-9.12796
+1.71508,-9.05348
+1.71545,-8.91188
+1.71582,-8.79979
+1.7162,-8.64732
+1.7167,-8.99777
+1.71708,-9.35325
+1.71746,-9.00352
+1.71787,-9.06802
+1.7182,-9.06204
+1.7187,-9.27363
+1.71908,-9.33073
+1.71945,-9.46139
+1.71982,-9.64289
+1.72019,-9.83714
+1.7207,-9.34274
+1.72108,-9.08947
+1.72145,-9.56658
+1.72183,-9.48836
+1.72219,-9.60466
+1.7227,-9.44995
+1.72307,-9.88853
+1.72345,-9.86295
+1.72383,-9.66849
+1.72421,-9.98791
+1.7247,-9.90411
+1.72507,-9.62755
+1.72545,-9.19914
+1.72583,-9.28124
+1.7262,-9.36
+1.7267,-9.51225
+1.72708,-9.11042
+1.72746,-9.53766
+1.72783,-9.74961
+1.7282,-9.39411
+1.7287,-9.71862
+1.72907,-9.85175
+1.72945,-10.0608
+1.72982,-10.0708
+1.73021,-9.89188
+1.7307,-9.88743
+1.73107,-9.94323
+1.73145,-9.55396
+1.73183,-9.53256
+1.73221,-9.45135
+1.73257,-9.39103
+1.73308,-9.45896
+1.73346,-9.31633
+1.73382,-9.31116
+1.7342,-9.39405
+1.7347,-9.54353
+1.73508,-9.56028
+1.73545,-9.57791
+1.73582,-9.60805
+1.73621,-9.64922
+1.7367,-9.43199
+1.73708,-9.44329
+1.73745,-9.45365
+1.73783,-9.37416
+1.7382,-9.3145
+1.7387,-9.16065
+1.73908,-9.19797
+1.73945,-9.15137
+1.73983,-9.0854
+1.74021,-9.11069
+1.74057,-9.55659
+1.74107,-9.56148
+1.74145,-9.83914
+1.74183,-9.86337
+1.7422,-9.96134
+1.74271,-9.88478
+1.74308,-9.60507
+1.74345,-9.64786
+1.74395,-9.57681
+1.74421,-9.91069
+1.7447,-9.577
+1.74509,-9.48015
+1.74545,-9.12381
+1.74583,-9.17185
+1.7462,-9.03775
+1.7467,-9.05258
+1.74707,-9.19383
+1.74746,-9.56715
+1.74782,-9.51942
+1.7482,-9.00191
+1.74871,-9.00447
+1.74908,-9.28949
+1.75016,-9.37649
+1.7504,-9.34088
+1.7507,-9.41675
+1.75107,-9.33584
+1.75146,-9.37067
+1.75183,-8.97508
+1.75223,-9.02295
+1.7527,-9.25015
+1.75308,-9.59322
+1.75345,-9.24993
+1.75383,-9.0576
+1.7542,-9.02846
+1.75504,-8.8877
+1.75525,-8.95203
+1.7555,-8.91091
+1.75583,-8.88209
+1.75621,-8.86757
+1.7567,-8.65041
+1.75708,-8.36911
+1.75747,-8.25182
+1.75783,-8.22204
+1.75822,-8.17193
+1.75871,-8.1764
+1.75908,-8.06502
+1.75945,-8.07866
+1.75983,-8.00262
+1.76021,-7.97834
+1.76058,-7.98386
+1.76108,-7.75249
+1.76145,-7.75874
+1.76183,-7.79355
+1.76221,-8.17965
+1.76257,-8.60427
+1.76309,-8.7021
+1.76346,-8.60969
+1.76383,-8.49256
+1.76433,-8.48092
+1.76471,-8.52281
+1.76508,-8.89605
+1.76545,-8.89515
+1.76583,-9.15703
+1.76621,-8.71541
+1.7667,-8.22671
+1.76708,-8.15907
+1.76746,-8.09696
+1.76783,-8.09821
+1.76821,-8.07855
+1.76871,-8.02209
+1.76908,-8.01393
+1.76945,-8.46333
+1.76984,-8.25704
+1.77021,-8.274
+1.77058,-8.65557
+1.77108,-9.07195
+1.77145,-8.94607
+1.77183,-9.43399
+1.77222,-9.65464
+1.7727,-10.1927
+1.77309,-9.98463
+1.77346,-9.48071
+1.77383,-9.36011
+1.77446,-9.33809
+1.77472,-8.92607
+1.77508,-8.39968
+1.77545,-8.40582
+1.77583,-7.87369
+1.77622,-7.94781
+1.7767,-7.83216
+1.77709,-7.66954
+1.77746,-7.64698
+1.77783,-7.97911
+1.7782,-8.33044
+1.77857,-8.30804
+1.77908,-8.34748
+1.77945,-8.42637
+1.77983,-8.90838
+1.7802,-8.4431
+1.78058,-8.11298
+1.78109,-8.21031
+1.78145,-8.61234
+1.78183,-8.62699
+1.78221,-8.78945
+1.78258,-9.24688
+1.78309,-9.70199
+1.78345,-10.0927
+1.78383,-9.68851
+1.78421,-9.88176
+1.78458,-10.2766
+1.78509,-10.3762
+1.78546,-10.0014
+1.78583,-9.70129
+1.7862,-9.44331
+1.78657,-9.37937
+1.78708,-8.98475
+1.78746,-8.65724
+1.78783,-8.57559
+1.7882,-8.43613
+1.78871,-8.34638
+1.78908,-8.28732
+1.78945,-8.68791
+1.78984,-9.03846
+1.79021,-8.87954
+1.79058,-8.66067
+1.79109,-9.03292
+1.79146,-9.15715
+1.79183,-9.66099
+1.79221,-10.1489
+1.79257,-9.91839
+1.79308,-9.97336
+1.79346,-9.60701
+1.79383,-9.28072
+1.79434,-9.41539
+1.79471,-9.41876
+1.79508,-9.15088
+1.79546,-9.42956
+1.79584,-9.1141
+1.79621,-8.82875
+1.79658,-9.13046
+1.79709,-9.13697
+1.79747,-9.59059
+1.79784,-10.0509
+1.79821,-10.0525
+1.79858,-10.0172
+1.79909,-10.0224
+1.79946,-9.51721
+1.79983,-9.8389
+1.80021,-10.2087
+1.80058,-9.94792
+1.80109,-9.92826
+1.80145,-9.57391
+1.80183,-9.61051
+1.80221,-9.37443
+1.80258,-9.92426
+1.80308,-10.2879
+1.80346,-10.4889
+1.80384,-10.5802
+1.80423,-10.6769
+1.80472,-11.0582
+1.80509,-11.0965
+1.80546,-11.2983
+1.80583,-10.9865
+1.80621,-11.155
+1.80658,-10.7062
+1.80708,-10.2672
+1.80747,-10.4403
+1.80784,-10.3304
+1.80821,-10.068
+1.80858,-9.99756
+1.80908,-10.1349
+1.80945,-10.4707
+1.80984,-10.9131
+1.81021,-11.0866
+1.81058,-11.5451
+1.81109,-11.9968
+1.81146,-12.3691
+1.81184,-12.403
+1.81221,-12.2475
+1.81258,-12.1351
+1.81309,-12.0684
+1.81346,-11.6764
+1.81384,-11.2581
+1.81421,-11.4466
+1.81458,-11.0055
+1.81508,-11.0703
+1.81546,-10.5894
+1.81584,-10.4131
+1.81621,-10.507
+1.81658,-10.6896
+1.81708,-10.6805
+1.81746,-11.103
+1.81784,-11.1733
+1.81821,-10.7984
+1.81858,-10.9995
+1.81908,-10.7094
+1.81946,-10.6347
+1.81984,-10.6855
+1.82021,-11.0937
+1.82058,-10.8487
+1.82109,-10.8792
+1.82147,-10.4632
+1.82183,-10.674
+1.82221,-10.8015
+1.82258,-10.7946
+1.82309,-10.7366
+1.82346,-11.059
+1.82384,-11.0663
+1.82421,-10.8196
+1.82472,-10.7988
+1.82509,-10.7353
+1.82546,-10.8681
+1.82583,-10.6558
+1.82621,-10.6162
+1.82658,-10.6492
+1.82708,-10.6785
+1.82747,-10.5287
+1.82784,-10.5894
+1.82822,-10.3304
+1.82858,-10.3758
+1.82909,-10.3824
+1.82946,-10.3708
+1.82983,-10.2956
+1.83021,-10.3457
+1.83059,-10.2323
+1.83109,-10.2599
+1.83146,-10.6607
+1.83183,-10.6261
+1.83221,-11.0892
+1.83258,-11.0695
+1.83309,-11.1688
+1.83346,-11.0388
+1.83384,-10.9979
+1.83421,-10.9998
+1.83458,-10.775
+1.83521,-10.5238
+1.83547,-9.99707
+1.83584,-10.1043
+1.83622,-9.56301
+1.83658,-9.45974
+1.83709,-9.43234
+1.83747,-9.76259
+1.83784,-9.85772
+1.83822,-9.79846
+1.83858,-10.014
+1.83908,-10.6626
+1.83947,-10.789
+1.83984,-10.6291
+1.84021,-10.7951
+1.84059,-11.1435
+1.84108,-11.0467
+1.84146,-10.7059
+1.84184,-10.644
+1.84221,-10.6776
+1.84258,-11.1119
+1.84309,-11.0814
+1.84346,-10.9696
+1.84383,-10.9928
+1.84422,-10.8426
+1.84459,-10.8087
+1.84509,-10.9165
+1.84546,-11.3518
+1.84583,-11.2723
+1.84621,-11.5353
+1.84659,-11.0087
+1.84708,-10.6354
+1.84747,-10.6104
+1.84784,-10.9244
+1.84821,-11.4219
+1.84858,-10.9416
+1.8491,-11.3208
+1.84947,-10.9664
+1.84983,-11.2588
+1.85021,-11.0892
+1.85059,-11.1457
+1.85109,-11.032
+1.85146,-11.5359
+1.85256,-11.2907
+1.85275,-11.3155
+1.85312,-11.6607
+1.85347,-11.2779
+1.85383,-11.1749
+1.85421,-11.0636
+1.8546,-11.1274
+1.85508,-11.4739
+1.8555,-11.5487
+1.85583,-11.1042
+1.85621,-11.0882
+1.85658,-11.1084
+1.85712,-11.0675
+1.85746,-11.3516
+1.85784,-11.7773
+1.85821,-12.0058
+1.85871,-12.1209
+1.85908,-12.277
+1.85946,-12.4541
+1.85984,-12.9117
+1.86021,-12.9269
+1.86059,-12.7109
+1.86109,-12.8587
+1.86146,-12.7235
+1.86183,-12.7625
+1.86221,-12.8862
+1.86259,-13.1858
+1.86308,-13.1578
+1.86346,-13.3552
+1.86383,-13.4169
+1.86422,-13.6928
+1.86459,-13.91
+1.8651,-14.0332
+1.86546,-13.9203
+1.86583,-14.0627
+1.86633,-14.1299
+1.8666,-13.5854
+1.86709,-13.1282
+1.86747,-12.8488
+1.86784,-12.8407
+1.86821,-12.5694
+1.86859,-12.308
+1.86909,-12.3099
+1.86946,-12.4159
+1.86983,-12.0178
+1.87034,-11.782
+1.87071,-11.9799
+1.87108,-12.5431
+1.87146,-12.935
+1.87183,-12.9717
+1.87222,-13.1662
+1.87259,-13.3328
+1.87309,-13.1814
+1.87346,-13.2335
+1.87384,-13.357
+1.87421,-13.5503
+1.87459,-13.759
+1.87508,-13.448
+1.87546,-13.0665
+1.87584,-12.7654
+1.87622,-12.6765
+1.87659,-12.5671
+1.87709,-12.4727
+1.87747,-12.4718
+1.87784,-12.5218
+1.87821,-12.5835
+1.87858,-12.3392
+1.87908,-12.6217
+1.87946,-13.0778
+1.87984,-13.2697
+1.88021,-13.4152
+1.88058,-13.8307
+1.88109,-14.3346
+1.88146,-14.3837
+1.88183,-14.7064
+1.88221,-14.7587
+1.88259,-15.0961
+1.88309,-15.1078
+1.88346,-14.9222
+1.88384,-14.7462
+1.88422,-14.8372
+1.88458,-14.6568
+1.88509,-14.248
+1.88546,-14.4083
+1.88584,-14.0421
+1.88622,-13.6363
+1.88659,-13.3998
+1.88708,-13.394
+1.8876,-13.187
+1.88797,-13.1058
+1.88822,-13.2328
+1.88858,-12.8503
+1.88909,-12.9813
+1.88946,-13.0705
+1.88984,-13.0477
+1.89021,-13.4465
+1.89058,-13.3041
+1.89109,-12.8766
+1.89146,-12.8933
+1.89183,-13.174
+1.89222,-12.8771
+1.89259,-13.3773
+1.89309,-13.4794
+1.89346,-13.3573
+1.89383,-13.2172
+1.89422,-12.6596
+1.89459,-12.4437
+1.89509,-12.414
+1.89546,-12.2898
+1.89584,-11.9377
+1.89622,-11.7696
+1.89659,-11.5934
+1.89709,-11.1225
+1.89748,-11.0983
+1.89784,-11.0819
+1.89822,-11.4051
+1.89859,-11.4342
+1.89908,-11.4678
+1.89947,-11.8024
+1.89984,-11.6147
+1.90021,-11.9471
+1.90059,-11.6473
+1.90109,-11.6647
+1.90146,-11.2077
+1.90184,-11.1987
+1.90221,-11.1736
+1.90258,-11.4267
+1.90308,-11.3389
+1.90346,-10.8247
+1.90384,-11.1188
+1.90421,-10.6027
+1.90459,-10.4299
+1.90509,-10.6977
+1.90547,-10.9525
+1.90584,-11.0875
+1.90622,-10.5309
+1.90659,-10.3753
+1.90709,-10.2864
+1.90747,-10.6039
+1.90784,-10.2306
+1.90822,-10.662
+1.90859,-10.6627
+1.90909,-10.3019
+1.90946,-10.0797
+1.90984,-10.1021
+1.91022,-10.2991
+1.91059,-10.4202
+1.91109,-10.3485
+1.91146,-10.5657
+1.91184,-11.1104
+1.91221,-11.0293
+1.91259,-11.2587
+1.9131,-11.3171
+1.91347,-11.6117
+1.91384,-11.5667
+1.91421,-11.7286
+1.9146,-11.5072
+1.91508,-11.8451
+1.91546,-11.5871
+1.91583,-11.4976
+1.91633,-11.4537
+1.9166,-11.4583
+1.91709,-11.6897
+1.91747,-11.2709
+1.91784,-10.9409
+1.91822,-10.5536
+1.91859,-10.8334
+1.91909,-10.8758
+1.91946,-10.9671
+1.91984,-10.712
+1.92022,-10.7666
+1.92059,-10.9472
+1.92109,-10.943
+1.92147,-11.19
+1.92184,-11.5933
+1.92222,-12.2883
+1.92258,-12.4397
+1.92309,-12.4346
+1.92347,-12.5536
+1.92384,-12.4067
+1.92421,-12.0546
+1.92459,-11.989
+1.9251,-12.0758
+1.92547,-12.273
+1.92584,-11.9765
+1.92621,-11.7779
+1.92658,-11.6521
+1.9271,-11.6687
+1.92747,-11.1867
+1.92784,-11.1907
+1.92821,-11.2815
+1.92859,-11.2762
+1.9291,-11.1773
+1.92947,-11.3079
+1.92984,-11.6774
+1.93022,-11.7828
+1.9306,-11.9491
+1.93109,-11.9749
+1.93146,-12.4106
+1.93184,-12.3584
+1.93222,-12.7156
+1.9326,-12.4043
+1.93309,-12.23
+1.93347,-12.1608
+1.93384,-11.8567
+1.93422,-11.8181
+1.9346,-11.6741
+1.9351,-11.7229
+1.93547,-11.708
+1.93584,-12.2363
+1.93622,-12.2165
+1.93659,-12.5852
+1.9371,-12.8559
+1.93747,-12.9791
+1.93784,-13.2978
+1.93821,-13.0009
+1.93859,-13.0028
+1.93909,-13.0567
+1.93946,-13.179
+1.93985,-13.3147
+1.94022,-13.3569
+1.94059,-13.5067
+1.94109,-13.6429
+1.94146,-13.319
+1.94183,-13.3818
+1.94222,-13.8182
+1.94259,-14.0414
+1.94309,-13.7359
+1.94347,-13.7468
+1.94385,-13.6816
+1.94422,-13.7086
+1.9446,-13.6642
+1.94509,-13.6628
+1.94547,-13.8703
+1.94584,-13.8904
+1.94635,-13.4192
+1.94664,-12.8908
+1.94709,-13.1174
+1.94747,-12.9733
+1.94784,-12.919
+1.94822,-12.9602
+1.94859,-12.9652
+1.9491,-12.8553
+1.94947,-12.4563
+1.94985,-12.404
+1.95022,-12.4928
+1.9506,-12.9629
+1.95109,-13.0082
+1.95147,-13.0816
+1.95185,-13.0148
+1.95222,-12.9215
+1.9526,-12.7838
+1.9531,-12.7279
+1.95347,-13.0755
+1.95384,-12.595
+1.95496,-12.6412
+1.95517,-12.0544
+1.95547,-12.0568
+1.95584,-11.9049
+1.95622,-11.6936
+1.9566,-11.5412
+1.95711,-11.573
+1.95747,-11.0034
+1.95783,-10.8757
+1.95821,-10.675
+1.95859,-10.6397
+1.95908,-10.882
+1.95947,-10.6761
+1.95984,-10.548
+1.96021,-10.4626
+1.9606,-10.1823
+1.96109,-9.76909
+1.96146,-10.1164
+1.96184,-9.94041
+1.96221,-10.1227
+1.9626,-9.9188
+1.9631,-9.64074
+1.96346,-9.37677
+1.96384,-9.12072
+1.96422,-8.91359
+1.96459,-8.66283
+1.96496,-8.44822
+1.96547,-8.02256
+1.96584,-7.14461
+1.96621,-6.86531
+1.96658,-6.51135
+1.96709,-6.14939
+1.96747,-5.33512
+1.96784,-4.89262
+1.96822,-4.13735
+1.96872,-3.89104
+1.96909,-3.66392
+1.96946,-3.61929
+1.96984,-4.00972
+1.97022,-3.85172
+1.97058,-3.43877
+1.97109,-3.37369
+1.97146,-3.3902
+1.97184,-2.94734
+1.97221,-3.3642
+1.97258,-3.48367
+1.97309,-3.53804
+1.97346,-3.43609
+1.97384,-2.84924
+1.97422,-2.39105
+1.9746,-2.1923
+1.97509,-2.13975
+1.97546,-2.4973
+1.97585,-3.10652
+1.97622,-3.0442
+1.97671,-2.49125
+1.97709,-2.49042
+1.97748,-2.13198
+1.97784,-2.2258
+1.97821,-2.53153
+1.97859,-2.67138
+1.97909,-2.69645
+1.97947,-2.72777
+1.97985,-2.12947
+1.98022,-2.19684
+1.9806,-2.61423
+1.98109,-2.08334
+1.98146,-2.38458
+1.98185,-2.75795
+1.98222,-2.46322
+1.98259,-2.77289
+1.9831,-2.68269
+1.98347,-2.35641
+1.98384,-2.64315
+1.98421,-2.36866
+1.98459,-2.22868
+1.98509,-2.42414
+1.98546,-2.1897
+1.98584,-1.98743
+1.98622,-1.65082
+1.9866,-1.46254
+1.98709,-1.3658
+1.98746,-1.29529
+1.98784,-0.777874
+1.98821,-0.6219
+1.98859,-0.380126
+1.9891,-0.249043
+1.98947,-0.0751334
+1.98984,+0.470827
+1.99022,+0.677939
+1.9906,+0.807219
+1.99109,+1.08517
+1.99147,+1.17919
+1.99185,+0.784124
+1.99221,+1.41415
+1.99259,+1.33979
+1.9931,+1.45377
+1.99347,+1.49494
+1.99384,+1.09692
+1.99422,+0.672781
+1.9946,+0.685937
+1.99509,+0.614179
+1.99547,+0.73071
+1.99584,+0.913985
+1.99621,+0.875369
+1.9966,+0.831849
+1.99696,+0.834684
+1.9976,+1.35533
+1.99788,+1.31955
+1.99822,+1.27181
+1.9986,+1.33569
+1.99896,+1.31773
+1.99947,+1.17998
+1.99984,+1.1186
+2.00021,+0.570313
