+0,+2.17946
+0.0004,+2.50278
+0.0008,+2.97382
+0.0012,+3.26146
+0.0015,+3.26504
+0.0019,+3.76528
+0.0024,+4.0684
+0.0028,+4.10737
+0.0032,+4.10665
+0.0035,+4.00376
+0.0039,+3.73959
+0.0044,+3.64013
+0.0048,+3.65397
+0.0052,+3.67638
+0.0055,+3.90298
+0.0059,+3.80112
+0.0064,+3.42601
+0.0068,+3.37822
+0.0072,+3.44975
+0.0075,+3.49058
+0.0079,+3.65372
+0.0084,+3.42213
+0.0088,+3.49349
+0.0092,+3.70165
+0.0095,+4.0077
+0.01,+4.03729
+0.0104,+4.26771
+0.0108,+4.36311
+0.0112,+4.21663
+0.0115,+4.0864
+0.0119,+3.85677
+0.0124,+4.06959
+0.0129,+3.93022
+0.0132,+3.324
+0.0135,+3.02565
+0.014,+3.07532
+0.0144,+3.04261
+0.0148,+2.84682
+0.0152,+2.87996
+0.0155,+3.03997
+0.0159,+3.10029
+0.0164,+3.32037
+0.0168,+3.32692
+0.018,+3.83491
+0.0182,+3.83612
+0.0184,+3.91695
+0.0188,+3.8479
+0.0192,+3.94121
+0.0195,+3.9494
+0.02,+4.03153
+0.0204,+4.04862
+0.0208,+4.14481
+0.0213,+4.08441
+0.0215,+3.85989
+0.0219,+3.85529
+0.0224,+3.708
+0.0228,+3.40496
+0.0232,+3.42437
+0.0235,+3.22812
+0.0239,+3.13917
+0.0244,+2.98582
+0.0248,+2.70698
+0.0252,+2.94429
+0.0258,+3.04096
+0.026,+3.28594
+0.0265,+3.09672
+0.0268,+3.35917
+0.0272,+3.38441
+0.0275,+3.68524
+0.0279,+3.60491
+0.0285,+3.84243
+0.0288,+4.05654
+0.0292,+3.88438
+0.0295,+4.15789
+0.03,+4.19832
+0.0304,+4.26002
+0.0308,+4.28911
+0.0312,+4.08905
+0.0317,+3.84356
+0.0319,+3.73341
+0.0324,+3.47207
+0.0328,+3.2637
+0.0332,+3.06453
+0.0335,+2.89982
+0.0339,+2.62856
+0.0344,+2.76128
+0.0348,+2.7542
+0.0352,+2.86155
+0.0355,+2.99573
+0.0359,+3.00866
+0.0364,+3.04282
+0.0368,+2.94084
+0.0372,+3.04024
+0.0375,+3.04787
+0.0379,+3.17549
+0.0384,+3.18161
+0.0388,+3.15943
+0.0392,+3.10299
+0.0395,+2.97285
+0.04,+3.06289
+0.0404,+3.20141
+0.0408,+3.31957
+0.0412,+3.44732
+0.0415,+3.42221
+0.0419,+3.3188
+0.0424,+3.21152
+0.0428,+3.12729
+0.0432,+3.17718
+0.0435,+3.19504
+0.0439,+3.27609
+0.0444,+3.05377
+0.0448,+3.13473
+0.0452,+2.946
+0.0455,+2.78483
+0.0459,+2.79003
+0.0464,+2.67704
+0.0468,+2.68285
+0.0472,+2.70285
+0.0475,+2.64837
+0.0479,+2.55462
+0.0484,+2.63915
+0.0488,+2.51943
+0.0492,+2.54385
+0.0495,+2.7119
+0.05,+2.71364
+0.0504,+2.92497
+0.0508,+2.55625
+0.0512,+2.54111
+0.0517,+2.56814
+0.0519,+2.55654
+0.0525,+2.61905
+0.0528,+2.83624
+0.0532,+2.75908
+0.0535,+2.77406
+0.0539,+2.62486
+0.0544,+2.75064
+0.0548,+3.30148
+0.0552,+3.22477
+0.0555,+3.04588
+0.0559,+3.04468
+0.0564,+3.0331
+0.0568,+2.97443
+0.0572,+3.06518
+0.0575,+2.71395
+0.0579,+2.8969
+0.0584,+2.43429
+0.0588,+2.19806
+0.0592,+1.92534
+0.0595,+2.21175
+0.06,+2.0636
+0.0604,+1.96352
+0.0608,+1.70235
+0.0612,+1.49207
+0.0615,+1.64177
+0.0619,+1.53698
+0.0624,+1.71569
+0.0628,+1.7895
+0.0632,+1.66837
+0.0635,+1.57126
+0.064,+1.66197
+0.0644,+1.54747
+0.0648,+1.23593
+0.0652,+1.40617
+0.0655,+1.41419
+0.0659,+1.64055
+0.0664,+1.22076
+0.0668,+1.3854
+0.0672,+1.66903
+0.0675,+1.72818
+0.0679,+1.77674
+0.0684,+1.93679
+0.0688,+2.55393
+0.0692,+2.57495
+0.0695,+2.83764
+0.0699,+2.43698
+0.0704,+2.85653
+0.0708,+2.7452
+0.0712,+2.71938
+0.0715,+2.65198
+0.0719,+2.23881
+0.0724,+1.87757
+0.0728,+1.69953
+0.0732,+1.41353
+0.0735,+1.06798
+0.0739,+1.36556
+0.0744,+1.15524
+0.0748,+0.923366
+0.0752,+0.967703
+0.0759,+0.954146
+0.076,+1.26679
+0.0764,+1.48493
+0.0769,+1.49984
+0.0772,+1.78945
+0.0776,+1.93911
+0.078,+1.63572
+0.0784,+1.29044
+0.0789,+1.38842
+0.0792,+1.22597
+0.0795,+0.992356
+0.08,+1.12964
+0.0804,+1.24564
+0.0808,+1.06908
+0.0812,+0.998881
+0.0815,+0.796236
+0.0822,+0.903649
+0.0824,+1.28817
+0.0828,+1.4075
+0.0832,+1.43513
+0.0835,+1.39207
+0.0839,+1.2217
+0.0844,+1.27306
+0.0848,+1.17236
+0.0852,+0.948622
+0.0855,+1.012
+0.0859,+0.908021
+0.0865,+0.984536
+0.0868,+0.89784
+0.0872,+1.07406
+0.0875,+1.33012
+0.0879,+1.25877
+0.0884,+1.25206
+0.0888,+1.34126
+0.0892,+1.45165
+0.0895,+1.52054
+0.09,+1.53787
+0.0904,+1.44367
+0.0908,+1.37133
+0.0912,+1.21087
+0.0915,+0.953451
+0.0919,+0.831123
+0.0924,+0.666856
+0.0928,+0.750708
+0.0932,+0.699236
+0.0935,+0.611426
+0.0939,+0.588898
+0.0945,+0.680501
+0.0948,+0.639658
+0.0952,+0.78794
+0.0956,+0.995397
+0.0959,+0.989769
+0.0964,+1.00647
+0.0968,+1.06658
+0.0972,+1.04037
+0.0975,+0.889111
+0.0979,+0.997192
+0.0984,+1.00418
+0.0988,+1.26905
+0.0992,+1.22271
+0.0995,+1.24968
+0.0999,+1.44946
+0.1004,+1.32888
+0.1008,+1.29538
+0.1012,+1.36455
+0.1015,+1.63621
+0.1019,+1.47839
+0.1024,+1.36252
+0.1028,+1.13546
+0.1032,+1.03681
+0.1035,+0.744903
+0.104,+0.55555
+0.1044,+0.680608
+0.1048,+0.500256
+0.1052,+0.489229
+0.1055,+0.397895
+0.1059,+0.576605
+0.1064,+0.509519
+0.1068,+0.421956
+0.1072,+0.471301
+0.1075,+0.571505
+0.1079,+0.675533
+0.1084,+0.595319
+0.1088,+0.153993
+0.1092,+0.0152689
+0.1095,-0.101044
+0.1099,-0.161024
+0.1105,-0.125914
+0.1108,-0.140518
+0.1112,-0.0450422
+0.1115,-0.0114892
+0.1119,-0.341764
+0.1124,-0.388513
+0.1128,-0.257612
+0.1132,-0.311166
+0.1135,-0.368589
+0.1139,-0.537868
+0.1144,-0.626291
+0.1148,-0.687324
+0.1152,-0.995222
+0.1155,-1.103
+0.1159,-0.817202
+0.1165,-0.939275
+0.1168,-0.443882
+0.1172,-0.875107
+0.1175,-0.818573
+0.1179,-1.07983
+0.1184,-1.2024
+0.1188,-1.28422
+0.1193,-1.20459
+0.1204,-1.06517
+0.1206,-1.46585
+0.1208,-1.30677
+0.1212,-1.58115
+0.1216,-1.49055
+0.1219,-1.59079
+0.1227,-1.63385
+0.1229,-1.58142
+0.1232,-1.48894
+0.1235,-1.56867
+0.1239,-1.81796
+0.1244,-1.6243
+0.1248,-1.75698
+0.1252,-1.86878
+0.1255,-1.71144
+0.126,-1.70837
+0.1264,-1.43999
+0.1268,-1.39324
+0.1272,-1.32557
+0.1275,-1.25604
+0.1279,-1.16231
+0.1284,-1.39692
+0.1288,-1.3802
+0.1292,-1.3687
+0.1295,-1.4414
+0.1299,-1.75047
+0.1304,-1.77739
+0.1308,-1.68905
+0.1312,-1.89397
+0.1315,-2.04283
+0.1319,-2.03476
+0.1324,-1.6897
+0.1328,-1.50327
+0.1332,-1.36606
+0.1335,-1.42763
+0.1339,-1.32437
+0.1343,-1.30636
+0.1348,-1.46147
+0.1352,-1.31123
+0.1355,-1.45218
+0.1359,-1.51962
+0.1363,-2.17358
+0.1368,-2.33655
+0.1372,-2.55889
+0.1375,-2.73695
+0.1379,-2.58076
+0.1383,-2.63361
+0.1388,-2.69189
+0.1392,-2.99299
+0.1395,-2.83951
+0.1399,-2.79579
+0.1404,-2.24832
+0.1408,-2.85906
+0.1412,-3.09381
+0.1415,-2.72731
+0.1419,-2.86947
+0.1425,-3.16655
+0.1431,-2.97456
+0.1434,-2.9028
+0.1436,-2.95363
+0.1439,-3.09672
+0.1444,-3.17634
+0.1448,-2.65781
+0.1452,-2.43572
+0.1455,-2.40153
+0.1459,-2.38944
+0.1464,-2.01754
+0.1468,-2.16161
+0.1472,-2.02948
+0.1475,-2.20567
+0.1479,-2.09914
+0.1484,-2.2068
+0.1488,-2.37561
+0.1492,-2.29087
+0.1495,-2.33878
+0.1499,-2.37094
+0.1504,-2.84542
+0.1508,-3.08774
+0.1512,-3.19393
+0.1516,-3.22425
+0.1519,-3.35857
+0.1524,-3.37391
+0.1528,-3.48841
+0.1532,-3.5992
+0.1535,-3.73959
+0.1539,-3.88979
+0.1544,-3.74247
+0.1548,-3.41358
+0.1552,-3.31256
+0.1555,-3.18068
+0.1559,-3.20463
+0.1564,-3.29374
+0.1568,-3.21891
+0.1572,-3.2171
+0.1575,-3.26456
+0.1579,-3.18562
+0.1584,-3.38157
+0.1588,-3.56011
+0.1592,-3.80758
+0.1595,-4.2336
+0.1599,-4.37131
+0.1604,-4.35618
+0.1608,-4.42473
+0.1612,-4.64926
+0.1615,-4.68115
+0.1619,-4.69401
+0.1624,-4.48288
+0.1628,-4.60212
+0.1632,-4.63909
+0.1637,-4.46127
+0.1639,-4.48691
+0.1644,-4.46163
+0.1648,-4.64177
+0.1652,-4.47228
+0.1655,-4.68102
+0.1659,-4.95264
+0.1664,-5.06875
+0.1668,-5.1395
+0.1673,-5.22561
+0.1676,-4.99477
+0.1679,-4.98817
+0.1684,-5.11915
+0.1688,-4.93772
+0.1692,-5.18808
+0.1695,-5.0146
+0.1699,-4.96299
+0.1704,-5.39315
+0.1708,-5.76892
+0.1712,-5.77978
+0.1715,-5.9847
+0.1719,-6.13282
+0.1724,-6.28377
+0.1728,-6.30404
+0.1732,-6.2487
+0.1737,-6.30123
+0.1739,-6.44082
+0.1744,-6.12111
+0.1748,-6.19679
+0.1752,-6.41893
+0.1755,-6.64541
+0.1759,-6.7411
+0.1764,-6.80186
+0.1768,-6.90817
+0.1772,-6.94385
+0.1777,-7.16448
+0.178,-7.10857
+0.1784,-7.42108
+0.1788,-7.40794
+0.1792,-7.4107
+0.1795,-7.37657
+0.1799,-7.23249
+0.1804,-7.21968
+0.1808,-7.36987
+0.1812,-7.4363
+0.1815,-7.41987
+0.1819,-7.45761
+0.1824,-7.29828
+0.1828,-7.47328
+0.1832,-7.44979
+0.1836,-7.4442
+0.1839,-7.95869
+0.1844,-7.85169
+0.1848,-7.93076
+0.1852,-8.15099
+0.1855,-8.47216
+0.1859,-8.58341
+0.1864,-8.75914
+0.1868,-8.52459
+0.1872,-8.62892
+0.1875,-8.82035
+0.1879,-8.48261
+0.1886,-8.38854
+0.1889,-8.29942
+0.1892,-8.2451
+0.1896,-8.08469
+0.1899,-8.43342
+0.1906,-8.4696
+0.1908,-8.50254
+0.1912,-8.46802
+0.1916,-8.42804
+0.1919,-8.50163
+0.1923,-8.69885
+0.1928,-9.04383
+0.1932,-9.25611
+0.1937,-9.05837
+0.1939,-8.60739
+0.1943,-8.28864
+0.1948,-8.46434
+0.1952,-8.79336
+0.1955,-8.90245
+0.1959,-9.20407
+0.1963,-9.33256
+0.1968,-9.33524
+0.1972,-9.31635
+0.1976,-9.64511
+0.1979,-9.93058
+0.1983,-10.1314
+0.1988,-9.93089
+0.1992,-10.0329
+0.1995,-9.91151
+0.2001,-10.0976
+0.2004,-10.1173
+0.2008,+35.843
+0.2012,+35.9449
+0.2016,+35.7397
+0.2019,+35.7576
+0.2024,+35.7978
+0.2028,+35.9867
+0.2032,+36.3032
+0.2035,+36.3192
+0.2039,+36.7124
+0.2044,+36.1504
+0.2048,+36.1333
+0.2052,+36.119
+0.2055,+35.9404
+0.2059,+35.8979
+0.2064,+35.8545
+0.2068,+35.8883
+0.2072,+35.8246
+0.2076,+35.5599
+0.2079,+35.5561
+0.2083,+36.0147
+0.2088,+35.925
+0.2092,+35.9995
+0.2096,+36.2563
+0.2099,+36.1406
+0.2104,+36.1702
+0.2108,+36.1844
+0.2114,+35.8009
+0.2117,+35.6749
+0.2119,+35.584
+0.2124,+35.6324
+0.2128,+35.3673
+0.2134,+35.0443
+0.2137,+35.0616
+0.2139,+35.2253
+0.2144,+35.0706
+0.2148,+34.4614
+0.2152,+34.4481
+0.2156,+34.3959
+0.2159,+34.3863
+0.2164,+34.3805
+0.2168,+34.1763
+0.2172,+34.2601
+0.2176,+34.278
+0.2179,+34.2931
+0.2183,+34.3576
+0.2189,+34.727
+0.2192,+34.6786
+0.2196,+34.9693
+0.2199,+34.5269
+0.2204,+34.4042
+0.2208,+34.9027
+0.2212,+34.928
+0.2216,+34.3636
+0.2228,+34.1211
+0.223,+34.0895
+0.2232,+33.9845
+0.2236,+34.3693
+0.2241,+34.3388
+0.2244,+34.6637
+0.2248,+34.5721
+0.2252,+34.0547
+0.2256,+34.1802
+0.2259,+34.5261
+0.2263,+34.1398
+0.2268,+33.7449
+0.2272,+33.9734
+0.2276,+33.6761
+0.2279,+33.6943
+0.2283,+33.7449
+0.2288,+33.8479
+0.2292,+33.709
+0.2296,+33.5379
+0.2299,+33.544
+0.2304,+33.9292
+0.2308,+33.8019
+0.2312,+33.5908
+0.2316,+33.716
+0.2319,+33.7198
+0.2323,+33.6768
+0.2328,+33.2049
+0.2332,+33.719
+0.2336,+33.6345
+0.2339,+33.541
+0.2344,+33.6451
+0.2348,+34.1006
+0.2352,+34.1143
+0.2356,+33.8183
+0.2359,+33.6955
+0.2364,+33.5901
+0.2368,+33.6764
+0.2372,+33.6482
+0.2376,+33.5744
+0.238,+33.4999
+0.2383,+32.8899
+0.2388,+32.3723
+0.2392,+31.8153
+0.2396,+32.0581
+0.2399,+31.501
+0.2403,+31.4512
+0.2408,+31.73
+0.2412,+31.7366
+0.2416,+31.6328
+0.2419,+31.6538
+0.2423,+31.6619
+0.2428,+32.1932
+0.2432,+32.5567
+0.2436,+32.2127
+0.2439,+32.6247
+0.2443,+32.1904
+0.2448,+32.043
+0.2452,+31.8328
+0.2456,+31.3938
+0.2459,+31.296
+0.2463,+31.5545
+0.2468,+31.4958
+0.2472,+31.4011
+0.2476,+31.6024
+0.2479,+31.6618
+0.2483,+32.1196
+0.2488,+32.1376
+0.2492,+32.1004
+0.2496,+32.4643
+0.2499,+32.0382
+0.2504,+32.0896
+0.2508,+31.5236
+0.2512,+31.2565
+0.2516,+31.2039
+0.2519,+31.1357
+0.2523,+30.5967
+0.2528,+30.1325
+0.2532,+30.1114
+0.2536,+29.626
+0.2539,+29.9117
+0.2544,+29.8093
+0.2548,+29.9985
+0.2552,+30.2733
+0.2556,+29.8228
+0.2559,+29.7588
+0.2563,+29.9169
+0.2568,+30.127
+0.2572,+30.1595
+0.2576,+30.2185
+0.2579,+29.7207
+0.2583,+29.652
+0.2588,+29.6038
+0.2592,+29.5727
+0.2596,+29.5488
+0.2599,+29.3121
+0.2603,+29.322
+0.2608,+29.3576
+0.2612,+28.7775
+0.2616,+28.6693
+0.2619,+28.5824
+0.2624,+28.5085
+0.2628,+28.4485
+0.2633,+28.3324
+0.2636,+28.6413
+0.2639,+28.3792
+0.2643,+28.2256
+0.2649,+28.0627
+0.2652,+28.3131
+0.2656,+28.1822
+0.2659,+28.0655
+0.2663,+27.7086
+0.2668,+27.6214
+0.2672,+27.0848
+0.2676,+26.8524
+0.2679,+26.9089
+0.2683,+26.602
+0.2688,+26.2247
+0.2692,+26.0929
+0.2696,+26.0427
+0.2699,+26.3026
+0.2703,+26.1266
+0.2711,+25.6957
+0.2714,+26.0295
+0.2716,+25.9695
+0.2719,+25.9024
+0.2723,+26.1394
+0.2728,+26.0268
+0.2732,+25.7116
+0.2736,+25.5663
+0.2739,+25.317
+0.2743,+25.2416
+0.2748,+25.4803
+0.2752,+25.3028
+0.2756,+24.9811
+0.2759,+24.4222
+0.2763,+23.8683
+0.2768,+23.6128
+0.2772,+23.4512
+0.2776,+23.399
+0.2779,+23.1668
+0.2783,+23.277
+0.2788,+23.1123
+0.2792,+22.5894
+0.2796,+22.5607
+0.2799,+22.5108
+0.2803,+22.6188
+0.2808,+22.6009
+0.2812,+22.6161
+0.2817,+22.3902
+0.2819,+22.3406
+0.2824,+22.1275
+0.2828,+21.6456
+0.2832,+21.8431
+0.2836,+21.7993
+0.2839,+21.984
+0.2843,+21.6164
+0.2848,+21.5658
+0.2852,+21.2508
+0.2856,+21.06
+0.2859,+21.1524
+0.2863,+20.8321
+0.2868,+20.9146
+0.2872,+20.6214
+0.2876,+20.5223
+0.2879,+20.2033
+0.2883,+20.3318
+0.2888,+20.176
+0.2892,+20.4555
+0.2896,+20.3936
+0.2899,+19.9264
+0.2903,+19.7001
+0.2908,+19.3949
+0.2912,+19.0388
+0.2916,+18.4899
+0.2919,+18.1368
+0.2923,+17.6228
+0.2928,+17.4283
+0.2932,+16.8346
+0.2936,+16.8585
+0.2939,+16.9044
+0.2944,+16.763
+0.2948,+16.4619
+0.2953,+16.329
+0.2956,+16.3823
+0.2959,+16.2909
+0.2963,+16.2979
+0.2968,+16.2483
+0.2972,+16.2775
+0.2976,+15.8669
+0.2979,+15.4973
+0.2983,+15.2187
+0.2988,+14.9854
+0.2992,+14.7683
+0.2996,+14.4033
+0.2999,+14.2195
+0.3003,+13.9538
+0.3008,+13.506
+0.3012,+13.1287
+0.3016,+13.1577
+0.3019,+12.8864
+0.3023,+12.7212
+0.3028,+12.5003
+0.3032,+12.3438
+0.3036,+12.0295
+0.3039,+11.7097
+0.3043,+11.4602
+0.3048,+11.3566
+0.3052,+11.1026
+0.3056,+10.6625
+0.3059,+10.6871
+0.3063,+10.67
+0.3068,+10.451
+0.3072,+10.2203
+0.3076,+10.0987
+0.3079,+9.99457
+0.3083,+9.75457
+0.3088,+9.37004
+0.3094,+9.0849
+0.3096,+8.88616
+0.3099,+8.58969
+0.3103,+8.09806
+0.3109,+8.05193
+0.3112,+7.84638
+0.3116,+7.65786
+0.3119,+7.73679
+0.3125,+7.40497
+0.3128,+7.28877
+0.3132,+7.2713
+0.3136,+7.07622
+0.3142,+6.72038
+0.3143,+6.69073
+0.3148,+6.47281
+0.3152,+6.33506
+0.3156,+6.08197
+0.3159,+5.56853
+0.3163,+5.49724
+0.3168,+5.22409
+0.3172,+4.76834
+0.3176,+4.55782
+0.3181,+4.21283
+0.3184,+3.83556
+0.3188,+3.58788
+0.3192,+3.35221
+0.3196,+3.12015
+0.32,+2.90467
+0.3203,+2.67424
+0.3208,+2.70296
+0.3212,+2.65604
+0.3216,+2.55377
+0.3219,+2.4527
+0.3223,+2.20371
+0.3228,+1.92229
+0.3232,+1.61061
+0.3236,+1.34153
+0.3239,+1.06327
+0.3252,+0.857059
+0.3254,+0.385392
+0.3257,+0.0743749
+0.326,-0.331511
+0.3263,-0.473884
+0.3268,-0.516346
+0.3272,-0.699793
+0.3276,-0.931576
+0.3279,-1.17099
+0.3283,-1.33662
+0.3288,-1.6957
+0.3292,-1.8538
+0.3296,-2.02908
+0.3301,-2.37771
+0.3304,-2.73391
+0.3309,-3.14581
+0.3312,-3.40481
+0.3316,-3.51846
+0.3319,-3.80675
+0.3323,-4.04022
+0.3327,-4.14919
+0.3332,-4.34458
+0.3336,-4.56904
+0.3339,-4.6652
+0.3343,-4.90686
+0.3348,-5.20707
+0.3352,-5.51814
+0.3356,-5.90493
+0.3359,-6.03365
+0.3363,-6.21823
+0.3368,-6.56433
+0.3372,-6.88881
+0.3376,-7.25312
+0.3379,-7.46207
+0.3383,-7.70801
+0.3388,-7.82923
+0.3393,-8.01992
+0.3396,-8.19231
+0.3399,-8.3533
+0.3403,-8.67235
+0.341,-8.86568
+0.3412,-9.05974
+0.3416,-9.40899
+0.3419,-9.66183
+0.3423,-9.80725
+0.3428,-10.0525
+0.3432,-10.3084
+0.3436,-10.463
+0.3439,-10.7747
+0.3443,-11.0729
+0.3448,-11.4312
+0.3452,-11.6218
+0.3456,-11.6555
+0.3461,-12.0019
+0.3463,-12.1784
+0.3468,-12.3756
+0.3472,-12.5924
+0.3476,-12.9774
+0.3479,-13.1335
+0.3483,-13.2521
+0.3488,-13.0995
+0.3492,-13.3807
+0.3496,-13.4838
+0.3499,-13.608
+0.3503,-13.8258
+0.3508,-13.9167
+0.3512,-14.2817
+0.3516,-14.3322
+0.3519,-14.7389
+0.3524,-15.0532
+0.3528,-15.6377
+0.3532,-15.7407
+0.3536,-16.0315
+0.3539,-16.1142
+0.3543,-16.438
+0.3548,-16.8591
+0.3552,-16.7341
+0.3556,-17.007
+0.3559,-16.9085
+0.3563,-16.969
+0.3568,-17.1424
+0.3573,-17.3248
+0.3576,-17.5246
+0.3579,-17.7459
+0.3584,-17.8568
+0.3588,-17.9887
+0.3592,-18.2296
+0.3596,-18.261
+0.3599,-18.6155
+0.3603,-18.752
+0.3608,-18.7162
+0.3612,-18.7808
+0.3616,-18.9055
+0.3619,-19.1999
+0.3623,-19.4146
+0.3628,-19.6442
+0.3632,-19.9525
+0.3637,-20.3718
+0.3639,-20.4512
+0.3643,-20.5779
+0.3648,-20.7117
+0.3652,-20.9736
+0.3656,-21.3705
+0.3659,-21.3369
+0.3663,-21.4177
+0.3668,-21.4172
+0.3672,-21.3424
+0.3676,-21.3748
+0.3679,-21.5684
+0.3683,-21.8046
+0.3688,-21.9265
+0.3692,-22.092
+0.3696,-21.9989
+0.3699,-22.2389
+0.3703,-22.2623
+0.3708,-22.2554
+0.3714,-22.4028
+0.3717,-22.2344
+0.372,-22.1992
+0.3723,-21.9823
+0.3727,-22.1027
+0.3732,-22.2601
+0.3736,-22.3139
+0.3739,-22.3558
+0.3743,-22.636
+0.3748,-22.413
+0.3752,-22.4594
+0.3757,-22.6988
+0.3761,-22.6804
+0.3766,-23.053
+0.3768,-22.8615
+0.3772,-22.6161
+0.3776,-22.357
+0.3779,-22.3169
+0.3783,-22.0837
+0.3788,-22.4538
+0.3792,-22.487
+0.3796,-22.5717
+0.38,-22.6046
+0.3803,-22.6241
+0.3807,-22.7443
+0.3812,-22.7969
+0.3816,-23.0109
+0.3819,-23.0176
+0.3823,-23.114
+0.3828,-22.8795
+0.3832,-22.655
+0.3836,-22.3898
+0.3839,-22.3515
+0.3843,-22.1216
+0.3848,-21.9145
+0.3852,-21.7865
+0.3856,-21.7152
+0.3859,-21.5008
+0.3867,-21.3089
+0.3869,-21.4043
+0.3872,-21.5209
+0.3876,-21.3769
+0.3879,-21.1809
+0.3883,-21.2303
+0.3887,-21.2759
+0.3892,-21.3186
+0.3896,-21.1812
+0.3899,-21.1666
+0.3903,-20.9956
+0.3908,-20.7576
+0.3912,-20.545
+0.3916,-20.5046
+0.3919,-20.4968
+0.3923,-20.2454
+0.3927,-19.9896
+0.3932,-19.6831
+0.3936,-19.4581
+0.3939,-19.2487
+0.3943,-19.2646
+0.3948,-18.9763
+0.3952,-18.6921
+0.3956,-18.448
+0.3959,-18.2194
+0.3976,-18.0103
+0.3978,-17.6853
+0.398,-17.4239
+0.3983,-17.2759
+0.3988,-17.1662
+0.3992,-16.7566
+0.3996,-16.7323
+0.4,-16.5256
+0.4006,-16.4589
+0.4009,-16.1946
+0.4012,-15.9453
+0.4016,-16.0278
+0.4019,-15.9085
+0.4023,-16.4388
+0.4028,-16.126
+0.4032,-16.0231
+0.4036,-15.7734
+0.404,-15.5382
+0.4046,-15.3824
+0.4048,-15.2393
+0.4052,-15.1607
+0.4059,-15.0533
+0.4061,-15.045
+0.4063,-14.9808
+0.4068,-14.935
+0.4072,-14.7933
+0.4077,-14.6098
+0.408,-14.4424
+0.4083,-14.2606
+0.4088,-14.2682
+0.4092,-14.2252
+0.4096,-14.0274
+0.4099,-13.7632
+0.4105,-13.6052
+0.4108,-13.3938
+0.4115,-13.339
+0.4117,-13.2744
+0.412,-13.1456
+0.4123,-12.9744
+0.4127,-12.788
+0.4132,-12.5318
+0.4136,-12.5405
+0.4139,-12.5219
+0.4143,-12.4465
+0.4148,-12.3795
+0.4152,-12.2078
+0.4156,-12.1461
+0.4159,-12.2005
+0.4163,-12.2081
+0.4168,-12.0647
+0.4172,-12.0142
+0.4176,-11.9663
+0.4179,-11.9153
+0.4183,-11.9913
+0.4188,-12.0469
+0.4192,-12.0793
+0.4196,-12.0037
+0.42,-12.0276
+0.4203,-12.2353
+0.4207,-12.3987
+0.4212,-12.5362
+0.4216,-12.5428
+0.4219,-12.5585
+0.4223,-12.5583
+0.4228,-12.4678
+0.4233,-12.4049
+0.4236,-12.554
+0.424,-12.4916
+0.4243,-12.3882
+0.4248,-12.3314
+0.4252,-12.4514
+0.4256,-12.4854
+0.4259,-12.5832
+0.4263,-12.5982
+0.4276,-12.7115
+0.4277,-12.9208
+0.4282,-12.9568
+0.4285,-13.0455
+0.4289,-13.1065
+0.4293,-13.448
+0.4296,-13.5889
+0.43,-13.7106
+0.4303,-13.8839
+0.4308,-14.0678
+0.4312,-14.2253
+0.4316,-14.3603
+0.4319,-14.7283
+0.4323,-14.921
+0.4328,-15.0932
+0.4332,-15.0688
+0.4336,-15.0029
+0.434,-15.1979
+0.4343,-15.3738
+0.4348,-15.6814
+0.4352,-16.0513
+0.4356,-16.2995
+0.4359,-16.3479
+0.4363,-16.6845
+0.4367,-17.0145
+0.4372,-17.29
+0.4376,-17.6664
+0.438,-17.8196
+0.4383,-18.0576
+0.4388,-18.2234
+0.4392,-18.3486
+0.4396,-18.5653
+0.44,-18.9318
+0.4403,-19.1377
+0.4407,-19.3784
+0.4412,-19.5806
+0.4416,-19.8767
+0.442,-20.3297
+0.4423,-20.7445
+0.4427,-20.9331
+0.4432,-21.2842
+0.4436,-21.4711
+0.444,-21.6674
+0.4443,-21.9197
+0.4447,-22.088
+0.4452,-22.4428
+0.4456,-22.7258
+0.4459,-22.8375
+0.4464,-23.0109
+0.447,-23.196
+0.4472,-23.5117
+0.4476,-23.8365
+0.4479,-24.0143
+0.4483,-24.2852
+0.4491,-24.74
+0.4493,-24.9207
+0.4496,-25.1535
+0.45,-25.4419
+0.4504,-25.6379
+0.4509,-25.9179
+0.4512,-26.0056
+0.4517,-26.2353
+0.452,-26.4948
+0.4524,-26.5871
+0.4528,-26.6421
+0.4532,-26.8771
+0.4536,-27.0319
+0.454,-27.0672
+0.4544,-27.3663
+0.4549,-27.581
+0.4552,-27.6249
+0.4556,-27.8627
+0.456,-28.0345
+0.4564,-28.2451
+0.4567,-28.377
+0.4572,-28.3712
+0.4581,-28.4062
+0.4583,-28.6213
+0.4585,-28.5007
+0.459,-28.413
+0.4593,-28.7164
+0.4596,-28.7087
+0.46,-28.5878
+0.4604,-28.8203
+0.4607,-28.9626
+0.4612,-28.9988
+0.4616,-28.9488
+0.462,-28.9112
+0.4624,-28.9131
+0.4629,-28.9598
+0.4632,-28.6837
+0.4636,-28.6091
+0.464,-28.5709
+0.4644,-28.2773
+0.4647,-28.0324
+0.4652,-27.9208
+0.4656,-27.8374
+0.466,-27.7314
+0.4664,-27.666
+0.4669,-27.5641
+0.4672,-27.413
+0.4676,-27.1367
+0.468,-26.9232
+0.4684,-26.6468
+0.4687,-26.3545
+0.4692,-26.2651
+0.4696,-25.9468
+0.47,-25.5698
+0.4703,-25.3085
+0.4707,-24.9726
+0.4712,-24.6903
+0.4716,-24.4064
+0.472,-24.0944
+0.4724,-23.8056
+0.4727,-23.4781
+0.4732,-22.9641
+0.4736,-22.5791
+0.474,-22.1596
+0.4744,-21.6094
+0.4747,-21.1561
+0.4752,-20.5961
+0.4756,-20.099
+0.476,-19.6271
+0.4764,-19.0615
+0.4767,-18.4422
+0.4772,-17.8716
+0.4776,-17.4668
+0.478,-16.8311
+0.4784,-16.2913
+0.479,-15.6426
+0.4793,-15.1861
+0.4796,-14.5054
+0.48,-13.9739
+0.4804,-13.3295
+0.4807,-12.8147
+0.4812,-12.0418
+0.4816,-11.3029
+0.4821,-10.8132
+0.4824,-9.96754
+0.4829,-9.28426
+0.4832,-8.33925
+0.4836,-7.50254
+0.484,-6.4981
+0.4844,-5.78199
+0.4847,-4.81098
+0.4852,-4.25303
+0.4856,-3.20978
+0.486,-2.08171
+0.4864,-1.48835
+0.4867,-0.326571
+0.4872,+0.277063
+0.4876,+1.23278
+0.488,+1.90113
+0.4884,+3.10173
+0.4887,+4.06767
+0.4894,+5.17558
+0.4896,+6.18714
+0.49,+6.65642
+0.4904,+7.47334
+0.4908,+8.26216
+0.4912,+9.43397
+0.4916,+10.0021
+0.492,+11.1503
+0.4924,+11.5674
+0.4927,+12.4566
+0.4932,+13.3643
+0.4936,+14.0771
+0.494,+15.4827
+0.4944,+16.7401
+0.4947,+17.5132
+0.4952,+18.4365
+0.4956,+19.5125
+0.496,+20.2495
+0.4964,+21.3525
+0.4967,+22.0759
+0.4972,+22.3377
+0.4976,+23.0831
+0.498,+23.522
+0.4984,+24.1788
+0.4988,+24.786
+0.4993,+25.369
+0.4996,+25.9328
+0.5,+26.4886
+0.5004,+27.1216
+0.5007,+27.604
+0.5015,+28.6529
+0.5018,+29.05
+0.502,+29.7005
+0.5024,+30.1
+0.5027,+30.5587
+0.5032,+30.9398
+0.5036,+31.3535
+0.504,+31.6369
+0.5043,+31.9679
+0.5047,+32.3286
+0.5052,+32.5449
+0.5056,+32.8074
+0.506,+32.8771
+0.5063,+32.9861
+0.5067,+33.1265
+0.5072,+33.0717
+0.5076,+33.056
+0.5079,+33.0657
+0.5083,+32.965
+0.5087,+32.8573
+0.5092,+32.7329
+0.5097,+32.7025
+0.51,+32.6699
+0.5103,+32.5724
+0.5107,+32.3342
+0.5112,+32.1856
+0.5116,+31.8169
+0.512,+31.626
+0.5123,+31.4537
+0.5127,+31.1836
+0.5133,+30.8227
+0.5136,+30.3317
+0.5139,+29.75
+0.5143,+29.1613
+0.5147,+28.5869
+0.5152,+28.0813
+0.5156,+27.6069
+0.516,+27.0755
+0.5164,+26.3268
+0.5167,+25.6211
+0.5172,+24.9297
+0.5176,+24.1314
+0.518,+23.3511
+0.5183,+22.7623
+0.5187,+22.1271
+0.5192,+21.2322
+0.5197,+20.5696
+0.52,+19.6926
+0.5203,+18.8449
+0.5208,+18.0742
+0.5212,+17.4034
+0.5216,+16.713
+0.522,+16.0919
+0.5223,+15.2917
+0.5227,+14.5182
+0.5233,+13.9478
+0.5236,+13.2217
+0.5239,+12.5008
+0.5243,+11.8397
+0.5247,+11.1261
+0.5252,+10.4143
+0.5257,+9.69683
+0.526,+9.06096
+0.5263,+8.37058
+0.5267,+7.64112
+0.5272,+6.99694
+0.5276,+6.18784
+0.528,+5.55438
+0.5283,+4.91944
+0.5287,+4.2948
+0.53,+3.51675
+0.5302,+3.0549
+0.5305,+2.42414
+0.5308,+1.86792
+0.5312,+1.35996
+0.5316,+0.866305
+0.5319,+0.544329
+0.5323,+0.219959
+0.5327,-0.155234
+0.5332,-0.422075
+0.5336,-0.427302
+0.534,-0.779006
+0.5345,-1.00247
+0.5348,-1.0677
+0.5352,-1.02155
+0.5356,-1.16116
+0.536,-1.09611
+0.5363,-0.960171
+0.5367,-0.913572
+0.5372,-0.879374
+0.5376,-0.841556
+0.5379,-0.588099
+0.5383,-0.229308
+0.539,+0.0616028
+0.5392,+0.306573
+0.5396,+0.760962
+0.5401,+0.69533
+0.5403,+0.948631
+0.5407,+1.41536
+0.5412,+1.96126
+0.5416,+2.44465
+0.542,+2.9475
+0.5423,+3.33973
+0.5427,+3.88375
+0.5432,+4.41407
+0.5436,+4.95929
+0.5439,+5.89295
+0.5443,+6.3671
+0.5447,+7.08075
+0.5454,+7.69714
+0.5456,+8.46828
+0.5461,+9.15653
+0.5463,+9.87512
+0.5467,+10.5244
+0.5472,+10.9242
+0.5476,+11.7368
+0.5479,+12.5348
+0.5483,+13.5211
+0.5487,+14.2169
+0.5492,+15.103
+0.5496,+15.4339
+0.5499,+16.2429
+0.5503,+16.6597
+0.5507,+17.4029
+0.5512,+18.1203
+0.5516,+18.3251
+0.552,+19.0369
+0.5523,+19.7826
+0.5527,+20.1255
+0.5532,+20.7711
+0.5536,+21.8603
+0.554,+22.1032
+0.5543,+23.3163
+0.5547,+24.0058
+0.5552,+25.2244
+0.5556,+26.4047
+0.5559,+27.081
+0.5563,+27.7576
+0.5567,+28.7947
+0.5572,+29.4409
+0.5576,+29.9554
+0.558,+30.7986
+0.5583,+31.0731
+0.5587,+31.5067
+0.5592,+31.7541
+0.5596,+32.143
+0.5599,+32.3608
+0.5603,+32.6032
+0.5607,+32.7589
+0.5612,+32.8565
+0.5616,+33.0547
+0.562,+33.5065
+0.5623,+33.6597
+0.5627,+33.8145
+0.5632,+33.7343
+0.5636,+33.6122
+0.564,+33.7618
+0.5643,+33.5915
+0.5647,+33.3559
+0.5652,+33.2414
+0.5656,+32.9287
+0.566,+32.4187
+0.5663,+32.1397
+0.5667,+31.9216
+0.5672,+31.8993
+0.5676,+31.5653
+0.5679,+31.0605
+0.5683,+30.5661
+0.5687,+30.3379
+0.5695,+29.7638
+0.5697,+29.3577
+0.57,+28.8557
+0.5705,+28.2501
+0.5708,+27.4787
+0.5712,+26.4607
+0.5716,+25.5654
+0.572,+24.676
+0.5723,+23.9159
+0.5727,+23.0326
+0.5732,+22.0386
+0.5736,+20.8942
+0.574,+19.8484
+0.5743,+18.7096
+0.5747,+17.4121
+0.5752,+16.2718
+0.5756,+15.0826
+0.576,+13.8229
+0.5763,+12.5337
+0.5767,+11.0624
+0.5772,+9.65176
+0.5776,+8.33439
+0.578,+6.89971
+0.5783,+5.44981
+0.5787,+4.002
+0.5792,+2.565
+0.5796,+1.06706
+0.5799,-0.500394
+0.5803,-2.09546
+0.5807,-3.5699
+0.5812,-4.94061
+0.5817,-6.52328
+0.582,-8.07995
+0.5823,-9.62948
+0.5827,-11.0448
+0.5832,-12.5663
+0.5836,-13.88
+0.584,-15.1374
+0.5843,-16.5223
+0.5848,-17.8513
+0.5852,-19.0978
+0.5856,-20.1919
+0.5861,-21.1676
+0.5863,-22.0772
+0.5867,-23.0325
+0.5872,-23.7819
+0.5876,-24.579
+0.5881,-25.3836
+0.5883,-25.8364
+0.5887,-26.3839
+0.5892,-26.7942
+0.5896,-27.0555
+0.59,-27.4068
+0.5905,-27.5624
+0.5907,-27.5706
+0.5912,-27.6052
+0.5916,-27.5696
+0.5921,-27.3362
+0.5924,-27.1924
+0.5927,-26.9093
+0.5932,-26.5464
+0.5936,-26.1778
+0.5942,-25.6701
+0.5944,-25.2298
+0.5947,-24.6919
+0.5952,-24.1352
+0.5956,-23.4256
+0.596,-22.6106
+0.5963,-21.9325
+0.5967,-21.1522
+0.5972,-20.2743
+0.5976,-19.3301
+0.598,-18.3131
+0.5983,-17.3729
+0.5997,-16.5095
+0.5999,-15.5245
+0.6001,-14.5615
+0.6003,-13.8303
+0.6007,-12.9034
+0.6012,-11.835
+0.6016,-10.8777
+0.602,-10.1562
+0.6023,-9.34516
+0.6027,-8.39563
+0.6032,-7.53762
+0.6036,-5.73213
+0.604,-4.63007
+0.6043,-3.31958
+0.6047,-2.22638
+0.6052,-1.19063
+0.6056,-0.158464
+0.606,+0.942372
+0.6063,+2.04198
+0.6067,+2.89489
+0.6072,+3.97632
+0.6076,+5.07129
+0.608,+5.92472
+0.6083,+6.69483
+0.6087,+7.52783
+0.6092,+8.31576
+0.6096,+8.99685
+0.61,+9.86484
+0.6103,+10.4283
+0.6107,+11.2768
+0.6112,+11.9577
+0.6116,+12.7289
+0.612,+13.4878
+0.6123,+14.1344
+0.6127,+15.353
+0.6132,+16.1299
+0.6136,+16.8889
+0.614,+18.0069
+0.6143,+19.3876
+0.6147,+20.0323
+0.6152,+20.6536
+0.6156,+21.728
+0.616,+22.2833
+0.6163,+24.0954
+0.6167,+24.1492
+0.6172,+25.6861
+0.6176,+27.4407
+0.618,+28.5847
+0.6183,+29.1449
+0.6187,+30.7733
+0.6192,+31.2591
+0.6196,+31.0042
+0.62,+31.4284
+0.6203,+30.5674
+0.6209,+32.1694
+0.6212,+32.6105
+0.6216,+32.9544
+0.622,+32.0808
+0.6223,+31.5625
+0.6227,+30.5504
+0.6231,+31.3169
+0.6236,+32.8137
+0.624,+32.8622
+0.6243,+32.9296
+0.6247,+31.7171
+0.6251,+30.5186
+0.6256,+29.163
+0.626,+29.0826
+0.6263,+29.603
+0.6267,+29.4278
+0.6271,+28.7068
+0.6276,+27.8653
+0.628,+27.6406
+0.6283,+27.5011
+0.6288,+27.3174
+0.6292,+26.9582
+0.6296,+26.5187
+0.6301,+25.9784
+0.6303,+25.1236
+0.6307,+24.7208
+0.6312,+24.3545
+0.6326,+23.4326
+0.6329,+23.0666
+0.6331,+22.8134
+0.6336,+22.4114
+0.634,+22.2987
+0.6343,+22.2095
+0.6347,+22.2415
+0.6351,+21.9674
+0.6356,+21.9096
+0.636,+21.8045
+0.6363,+21.747
+0.6367,+21.9371
+0.6371,+21.8938
+0.6376,+21.9984
+0.638,+22.1649
+0.6383,+22.2834
+0.6387,+22.6441
+0.6392,+23.1198
+0.6396,+23.6039
+0.64,+24.0734
+0.6403,+24.5668
+0.6407,+25.145
+0.6412,+25.7251
+0.6416,+26.4317
+0.642,+26.9854
+0.6423,+27.749
+0.6427,+28.4
+0.6435,+29.2165
+0.6437,+29.8932
+0.644,+30.6813
+0.6443,+31.6065
+0.6447,+32.371
+0.6452,+33.3038
+0.6456,+34.2206
+0.646,+35.0305
+0.6463,+35.7344
+0.6467,+36.4394
+0.6472,+37.0957
+0.6476,+37.8663
+0.648,+38.499
+0.6483,+38.9436
+0.6487,+39.4973
+0.6492,+39.9711
+0.6496,+40.5006
+0.65,+41.0082
+0.6503,+41.5057
+0.6507,+41.7727
+0.6512,+42.1933
+0.6516,+42.5857
+0.652,+43.0067
+0.6523,+43.2467
+0.6527,+43.5068
+0.6532,+43.7427
+0.6536,+43.6966
+0.654,+43.7927
+0.6543,+43.9044
+0.6547,+44.0499
+0.6552,+43.8547
+0.6556,+43.7967
+0.656,+43.564
+0.6563,+43.4636
+0.6567,+43.1493
+0.6572,+43.1152
+0.6576,+42.8307
+0.6582,+42.469
+0.6584,+42.1094
+0.6587,+41.7216
+0.6592,+41.2565
+0.6596,+40.3603
+0.66,+39.5673
+0.6603,+38.7004
+0.6607,+37.8513
+0.6613,+36.6902
+0.6616,+35.5415
+0.662,+34.2851
+0.6623,+32.8651
+0.6627,+31.203
+0.6632,+29.6365
+0.6636,+28.0984
+0.664,+26.3366
+0.6643,+24.43
+0.6647,+22.4012
+0.6652,+20.1372
+0.6656,+17.807
+0.666,+15.4525
+0.6663,+12.8562
+0.6667,+10.4364
+0.6672,+7.71909
+0.6676,+4.97245
+0.668,+2.26266
+0.6683,-0.52096
+0.6687,-3.35112
+0.6692,-6.15225
+0.6696,-8.70148
+0.67,-11.4345
+0.6703,-13.9236
+0.6707,-16.4189
+0.6712,-18.6156
+0.6716,-20.7667
+0.672,-22.7334
+0.6723,-24.4624
+0.6727,-25.9658
+0.6732,-27.1817
+0.6736,-28.4173
+0.674,-29.2389
+0.6743,-30.1069
+0.6747,-30.8146
+0.6751,-31.2254
+0.6756,-31.3645
+0.676,-31.4806
+0.6763,-31.4756
+0.6767,-31.4677
+0.6776,-31.322
+0.6778,-31.0521
+0.6781,-30.5159
+0.6783,-29.9141
+0.6788,-29.1824
+0.6792,-28.5879
+0.6796,-27.9381
+0.68,-27.1245
+0.6803,-26.2655
+0.6807,-25.3217
+0.6812,-24.4475
+0.6816,-23.3416
+0.682,-22.3649
+0.6823,-21.1894
+0.6827,-19.9777
+0.6832,-18.8513
+0.6836,-17.6335
+0.684,-16.3094
+0.6843,-15.2307
+0.6847,-14.0079
+0.6852,-12.756
+0.6856,-11.5984
+0.686,-10.488
+0.6865,-9.38357
+0.6867,-8.21585
+0.6871,-6.88421
+0.6876,-5.69427
+0.688,-4.51713
+0.6883,-3.04566
+0.6887,-1.73188
+0.6892,-0.375271
+0.6896,+0.973824
+0.69,+2.29365
+0.6905,+3.71038
+0.6908,+4.91434
+0.6911,+6.16847
+0.6916,+7.5641
+0.6921,+8.83469
+0.6924,+10.0396
+0.6927,+11.39
+0.6932,+12.8411
+0.6936,+14.1105
+0.694,+15.4189
+0.6943,+16.6834
+0.6947,+17.943
+0.6951,+19.1048
+0.6956,+20.3286
+0.696,+21.4643
+0.6963,+23.0518
+0.6967,+24.1377
+0.6971,+25.1359
+0.6976,+26.2434
+0.698,+27.5695
+0.6983,+28.6386
+0.6987,+29.8054
+0.6992,+31.0637
+0.6996,+32.1677
+0.7,+33.3777
+0.7003,+34.9424
+0.7007,+36.0983
+0.7012,+37.7197
+0.7016,+38.8844
+0.702,+39.6253
+0.7023,+41.5834
+0.7027,+42.6553
+0.7032,+43.4834
+0.7036,+44.9334
+0.704,+46.6262
+0.7043,+48.5373
+0.7048,+51.2555
+0.7051,+52.3816
+0.7056,+54.9888
+0.706,+57.6803
+0.7063,+58.2831
+0.7067,+60.666
+0.7071,+63.4478
+0.7076,+64.2211
+0.708,+64.6432
+0.7083,+65.1541
+0.7087,+65.5845
+0.7092,+65.7936
+0.7096,+64.935
+0.71,+64.1114
+0.7103,+64.1961
+0.7107,+63.2127
+0.7111,+62.0169
+0.7116,+62.8621
+0.712,+62.6407
+0.7123,+61.2416
+0.7127,+59.8276
+0.7132,+59.4834
+0.7136,+58.9843
+0.714,+58.3487
+0.7143,+57.7239
+0.7147,+57.1551
+0.7151,+56.2686
+0.7156,+54.7139
+0.716,+53.8988
+0.7163,+53.1691
+0.7167,+52.1813
+0.7171,+51.1646
+0.7176,+50.3477
+0.718,+49.2357
+0.7183,+48.2952
+0.7187,+47.188
+0.7192,+46.1095
+0.7196,+44.8602
+0.72,+43.5702
+0.7204,+42.3583
+0.7207,+41.0433
+0.7211,+39.6593
+0.7216,+38.0583
+0.722,+36.594
+0.7223,+34.8858
+0.7227,+33.2515
+0.7231,+31.3809
+0.7236,+29.6698
+0.7241,+28.0657
+0.7243,+26.1128
+0.7249,+24.439
+0.7251,+22.7602
+0.7256,+21.0217
+0.726,+19.2585
+0.7263,+17.6708
+0.7267,+16.0432
+0.7271,+14.6232
+0.7276,+13.0023
+0.728,+11.2784
+0.7283,+9.77336
+0.7287,+8.08775
+0.7291,+6.64666
+0.7296,+5.16449
+0.73,+3.85699
+0.7304,+2.34664
+0.7307,+1.04576
+0.7314,-0.321977
+0.7316,-1.66542
+0.732,-2.77315
+0.7324,-4.19366
+0.7327,-5.24781
+0.7332,-6.50784
+0.7336,-7.58176
+0.7348,-8.51424
+0.735,-9.49781
+0.7353,-10.5975
+0.7356,-11.4859
+0.736,-12.2751
+0.7365,-13.0874
+0.7368,-13.6579
+0.7371,-14.3011
+0.7376,-14.9482
+0.738,-15.5348
+0.7383,-16.2625
+0.7387,-16.6294
+0.7391,-17.1112
+0.7396,-17.6243
+0.74,-18.1247
+0.7403,-18.4885
+0.7407,-18.7966
+0.7411,-19.1757
+0.7416,-19.5352
+0.742,-19.832
+0.7425,-19.9591
+0.7427,-20.187
+0.7431,-20.218
+0.7436,-20.3371
+0.744,-20.2777
+0.7443,-20.3855
+0.7447,-20.4006
+0.7451,-20.3932
+0.7456,-20.2569
+0.746,-20.0046
+0.7463,-19.8527
+0.7467,-19.8299
+0.7471,-19.7074
+0.7476,-19.4152
+0.748,-19.3066
+0.7483,-18.8678
+0.7487,-18.5672
+0.7492,-18.1772
+0.7496,-17.7807
+0.75,-17.38
+0.7503,-16.893
+0.7507,-16.2978
+0.7512,-15.8232
+0.7516,-15.2462
+0.752,-14.6026
+0.7523,-14.1278
+0.7527,-13.5376
+0.7532,-12.8631
+0.7536,-12.2341
+0.754,-11.5721
+0.7543,-10.7552
+0.7547,-9.88971
+0.7551,-9.02049
+0.7556,-8.44775
+0.7562,-7.48244
+0.7564,-6.53609
+0.7567,-5.78844
+0.7571,-4.93006
+0.7576,-4.27564
+0.758,-3.32748
+0.7584,-2.81533
+0.7587,-2.03928
+0.7591,-1.23437
+0.7596,-0.113125
+0.76,+0.230364
+0.7604,+1.06968
+0.7607,+2.07812
+0.7611,+2.96686
+0.7616,+3.71501
+0.762,+4.24835
+0.7623,+5.36415
+0.7627,+6.19586
+0.7631,+6.99041
+0.7636,+7.757
+0.764,+8.60398
+0.7643,+9.41168
+0.7647,+10.2064
+0.7652,+10.8599
+0.7656,+11.6337
+0.766,+12.7891
+0.7663,+13.0865
+0.7667,+13.8523
+0.7671,+15.3614
+0.7676,+16.7876
+0.768,+17.4069
+0.7684,+18.1703
+0.7687,+18.9533
+0.7691,+20.1999
+0.7696,+21.9348
+0.77,+22.365
+0.7704,+23.7271
+0.7707,+24.6888
+0.7711,+25.0554
+0.7716,+25.3701
+0.7721,+26.8121
+0.7724,+27.2849
+0.7729,+28.0983
+0.7732,+28.2899
+0.7736,+28.5091
+0.774,+28.9649
+0.7744,+29.3719
+0.7747,+29.6575
+0.7754,+29.7587
+0.7757,+29.8702
+0.776,+29.897
+0.7763,+30.2352
+0.7767,+29.7612
+0.7773,+29.8586
+0.7776,+29.1365
+0.778,+29.0729
+0.7784,+28.5792
+0.7787,+28.6371
+0.7791,+28.7935
+0.7796,+28.8207
+0.7803,+28.9653
+0.7805,+28.523
+0.7807,+28.9073
+0.7811,+28.8699
+0.7816,+29.2568
+0.782,+28.9395
+0.7824,+29.2585
+0.7827,+28.9208
+0.7831,+28.4383
+0.7836,+28.1606
+0.784,+27.6385
+0.7844,+27.7993
+0.7847,+27.6787
+0.7851,+27.3983
+0.7856,+27.2121
+0.786,+27.4733
+0.7864,+27.154
+0.7867,+26.9424
+0.7871,+26.6083
+0.7876,+26.3599
+0.788,+26.0195
+0.7884,+25.662
+0.7887,+25.0647
+0.7891,+24.5494
+0.7896,+23.5279
+0.79,+23.0331
+0.7904,+22.4319
+0.7907,+21.4319
+0.7911,+20.4005
+0.7916,+19.3705
+0.792,+18.3303
+0.7923,+17.2584
+0.7927,+16.2554
+0.7931,+15.9431
+0.7936,+15.8668
+0.794,+14.7428
+0.7943,+13.7839
+0.7947,+13.1732
+0.7951,+13.6307
+0.7956,+12.9255
+0.796,+12.3622
+0.7964,+11.9562
+0.7968,+11.584
+0.7971,+10.5456
+0.7976,+9.7494
+0.798,+9.52964
+0.7984,+9.18607
+0.7987,+8.68121
+0.7991,+7.4361
+0.7996,+7.35953
+0.8002,+7.14739
+0.8004,+6.95554
+0.8007,+6.75349
+0.8011,+6.57103
+0.8016,+6.55706
+0.802,+6.61409
+0.8024,+6.51542
+0.8027,+6.78484
+0.8032,+6.94878
+0.8036,+7.06941
+0.804,+7.36394
+0.8044,+7.52439
+0.8047,+13.0006
+0.8051,+13.5475
+0.8056,+13.8657
+0.806,+14.2849
+0.8064,+14.8372
+0.8067,+15.2048
+0.8071,+15.6584
+0.8076,+16.164
+0.808,+16.7547
+0.8083,+17.1626
+0.8087,+17.5925
+0.8092,+17.9683
+0.8096,+18.4932
+0.81,+18.8142
+0.8104,+19.3514
+0.8107,+19.8994
+0.8111,+20.293
+0.8116,+20.8373
+0.812,+21.1962
+0.8123,+21.7139
+0.8127,+22.1196
+0.8131,+22.5845
+0.8137,+22.7509
+0.814,+23.1665
+0.8144,+23.4578
+0.8147,+23.6321
+0.8151,+23.9756
+0.8156,+23.9911
+0.816,+23.9237
+0.8163,+24.1226
+0.8167,+24.2123
+0.8171,+24.121
+0.8176,+24.1665
+0.818,+24.1132
+0.8184,+23.862
+0.8187,+23.9667
+0.8191,+23.8482
+0.8196,+23.6371
+0.82,+23.5524
+0.8204,+23.2027
+0.8207,+22.9548
+0.8211,+22.4934
+0.8216,+22.1197
+0.822,+21.5426
+0.8224,+21.0828
+0.8227,+20.3954
+0.8231,+19.9326
+0.8236,+19.2728
+0.824,+18.6966
+0.8244,+17.9886
+0.8247,+17.3182
+0.8251,+16.6268
+0.8256,+15.9831
+0.826,+15.3238
+0.8264,+14.5798
+0.8267,+13.8451
+0.8271,+12.7468
+0.8276,+12.0797
+0.828,+11.1175
+0.8283,+10.3002
+0.8287,+9.40946
+0.8291,+8.57384
+0.8296,+7.6789
+0.83,+6.90801
+0.8304,+6.14875
+0.8307,+5.24652
+0.8311,+4.63697
+0.8316,+3.81131
+0.832,+3.28771
+0.8324,+2.58109
+0.8327,+1.83578
+0.8331,+1.24479
+0.8336,+0.610744
+0.834,-0.103538
+0.8344,-0.824117
+0.8347,-1.57478
+0.8351,-2.36638
+0.8356,-3.07873
+0.836,-4.00878
+0.8372,-4.696
+0.8374,-5.27382
+0.8377,-5.98833
+0.838,-6.69452
+0.8383,-7.20037
+0.8387,-7.79114
+0.8391,-8.16208
+0.8396,-8.4957
+0.84,-8.85235
+0.8404,-9.13457
+0.8407,-9.49071
+0.8411,-9.78211
+0.8416,-10.0114
+0.842,-10.1166
+0.8423,-10.4624
+0.8427,-10.5758
+0.8431,-10.8518
+0.8436,-11.0587
+0.844,-11.2174
+0.8444,-11.2145
+0.8447,-11.2774
+0.8451,-11.4913
+0.8456,-11.5887
+0.8462,-11.6196
+0.8464,-11.5191
+0.8467,-11.5027
+0.8471,-11.4064
+0.8476,-11.2801
+0.848,-11.2935
+0.8484,-11.2343
+0.8487,-11.1671
+0.8491,-10.8768
+0.8496,-10.7419
+0.85,-10.6627
+0.8503,-10.5052
+0.8507,-10.3045
+0.8511,-10.1172
+0.8516,-10.046
+0.852,-9.73288
+0.8523,-9.57771
+0.8527,-9.33831
+0.8531,-9.24241
+0.8536,-9.02945
+0.854,-8.81041
+0.8544,-8.93541
+0.8547,-8.81449
+0.8551,-8.72715
+0.8556,-8.47525
+0.856,-8.31275
+0.8564,-8.3655
+0.8567,-8.20454
+0.8571,-8.05568
+0.8576,-7.80506
+0.858,-7.69308
+0.8584,-7.42114
+0.8587,-7.24229
+0.8591,-7.10602
+0.8596,-6.98451
+0.86,-6.96409
+0.8604,-6.6277
+0.8607,-6.55515
+0.8611,-6.5365
+0.8616,-6.7515
+0.862,-6.78859
+0.8625,-6.93277
+0.8627,-7.29331
+0.8631,-7.32185
+0.8636,-7.47533
+0.8641,-7.64757
+0.8644,-7.87115
+0.8647,-8.16816
+0.8651,-8.48381
+0.8656,-8.71043
+0.866,-8.96777
+0.8664,-9.01048
+0.8667,-9.1154
+0.8671,-9.47876
+0.8676,-9.76917
+0.868,-10.0153
+0.8684,-10.3216
+0.8687,-10.6059
+0.8691,-10.7154
+0.8696,-10.8784
+0.87,-11.0402
+0.8704,-11.3779
+0.8707,-11.5385
+0.8711,-11.61
+0.8716,-11.8098
+0.8722,-12.0625
+0.8726,-12.1812
+0.8729,-12.2372
+0.8731,-12.4636
+0.8736,-12.6985
+0.874,-12.9728
+0.8744,-13.0845
+0.8747,-13.2296
+0.8751,-13.5412
+0.8756,-13.659
+0.876,-13.6758
+0.8764,-13.79
+0.8768,-13.9649
+0.8771,-14.0285
+0.8776,-13.9937
+0.878,-13.9761
+0.8784,-13.9266
+0.8787,-13.8352
+0.8791,-13.6177
+0.8796,-13.6749
+0.88,-13.5805
+0.8804,-13.533
+0.8807,-13.3312
+0.8811,-13.03
+0.8815,-12.9034
+0.882,-12.7421
+0.8824,-12.5597
+0.8827,-12.398
+0.8831,-12.3367
+0.8835,-12.0662
+0.884,-11.8627
+0.8844,-11.6035
+0.8847,-11.3488
+0.8851,-11.1623
+0.8856,-10.8158
+0.886,-10.5193
+0.8864,-10.2292
+0.8867,-9.858
+0.8871,-9.44978
+0.8875,-9.0358
+0.888,-8.78697
+0.8884,-8.40904
+0.8887,-8.07095
+0.8891,-7.80428
+0.8895,-7.4713
+0.89,-7.07161
+0.8904,-6.74568
+0.8907,-6.36585
+0.8911,-6.1494
+0.8916,-5.89042
+0.892,-5.55733
+0.8924,-5.20371
+0.8927,-4.93745
+0.8933,-4.57563
+0.8936,-4.35659
+0.894,-4.00265
+0.8944,-3.78984
+0.8947,-3.6354
+0.8951,-3.21413
+0.8956,-3.03325
+0.896,-2.68246
+0.8964,-2.48879
+0.8967,-2.25743
+0.8971,-2.06317
+0.8976,-1.77715
+0.898,-1.71949
+0.8984,-1.3951
+0.8987,-1.2284
+0.8991,-1.05695
+0.8996,-0.869241
+0.9,-0.737642
+0.9004,-0.56805
+0.9007,-0.335671
+0.9011,-0.245177
+0.9016,-0.218233
+0.902,-0.072145
+0.9024,-0.143783
+0.9027,-0.0492335
+0.9031,-0.109188
+0.9036,+0.040862
+0.904,+0.0349562
+0.9044,-0.00145596
+0.9049,-0.124789
+0.9051,-0.250805
+0.9056,-0.16849
+0.906,-0.293634
+0.9064,-0.374708
+0.9067,-0.4045
+0.9071,-0.330782
+0.9076,-0.584943
+0.908,-0.578217
+0.9084,-0.745872
+0.9087,-0.859016
+0.9091,-0.889257
+0.9096,-1.05378
+0.91,-1.19237
+0.9104,-1.19809
+0.9108,-1.38193
+0.9112,-1.54057
+0.9116,-1.54342
+0.912,-1.82686
+0.9124,-1.76283
+0.9127,-1.89449
+0.9131,-1.90137
+0.9136,-1.99076
+0.914,-1.92741
+0.9144,-1.94141
+0.9147,-2.02634
+0.9151,-2.16973
+0.9156,-2.12748
+0.916,-2.18865
+0.9164,-2.34198
+0.9167,-2.1037
+0.9172,-2.15881
+0.9178,-2.09891
+0.918,-2.11614
+0.9184,-2.03492
+0.9187,-1.89518
+0.9191,-1.6639
+0.9196,-1.50636
+0.92,-1.20374
+0.9204,-0.918174
+0.9207,-0.833823
+0.9211,-0.582103
+0.9215,-0.384375
+0.922,-0.131665
+0.9224,+0.0954413
+0.9227,+0.353901
+0.9231,+0.610457
+0.9235,+0.789795
+0.924,+1.04249
+0.9244,+1.36641
+0.9247,+1.63113
+0.9251,+2.01841
+0.9256,+2.48746
+0.926,+2.96264
+0.9264,+3.25964
+0.9267,+3.82452
+0.9271,+4.23698
+0.9275,+4.75868
+0.928,+5.09101
+0.9284,+5.41818
+0.9287,+5.82613
+0.9291,+6.13864
+0.9296,+6.35839
+0.93,+6.67736
+0.9304,+7.16805
+0.9307,+7.52515
+0.9311,+7.70435
+0.9316,+8.001
+0.932,+8.24828
+0.9324,+8.47873
+0.9327,+8.85871
+0.9331,+9.09643
+0.9336,+9.3873
+0.934,+9.59615
+0.9344,+9.73299
+0.9347,+9.76533
+0.9354,+9.98485
+0.9356,+9.97696
+0.936,+10.2858
+0.9364,+10.4009
+0.9367,+10.4161
+0.9371,+10.6168
+0.9376,+10.6619
+0.938,+10.617
+0.9384,+10.5234
+0.9396,+10.8089
+0.9397,+10.759
+0.94,+10.7533
+0.9404,+10.5745
+0.9407,+10.6164
+0.9411,+10.5655
+0.9416,+10.3799
+0.942,+10.2268
+0.9424,+10.1856
+0.9427,+10.076
+0.9431,+9.69089
+0.9436,+9.58378
+0.944,+9.4248
+0.9444,+9.27467
+0.9447,+8.96205
+0.9451,+8.61224
+0.9456,+8.39531
+0.946,+8.1331
+0.9464,+7.91743
+0.9467,+7.72067
+0.9471,+7.46463
+0.9476,+7.31451
+0.948,+7.0361
+0.9484,+6.84403
+0.9487,+6.65635
+0.9491,+6.4325
+0.9496,+6.24682
+0.95,+6.11015
+0.9504,+5.78891
+0.9507,+5.53171
+0.9511,+5.24203
+0.9515,+4.81805
+0.952,+4.54648
+0.9524,+4.34167
+0.9527,+4.09227
+0.9531,+4.06954
+0.9535,+3.83844
+0.954,+3.72846
+0.9544,+3.58689
+0.9547,+3.40761
+0.9552,+3.3421
+0.9556,+3.41421
+0.956,+3.49937
+0.9564,+3.41735
+0.9567,+3.52691
+0.9571,+3.42051
+0.9575,+3.2942
+0.958,+3.05251
+0.9584,+3.0612
+0.9587,+3.09652
+0.9592,+3.07632
+0.9596,+3.07075
+0.9603,+3.02046
+0.9606,+2.99412
+0.9608,+2.98205
+0.9611,+2.84362
+0.9615,+2.9858
+0.962,+3.17243
+0.9624,+3.27913
+0.9627,+3.39444
+0.9631,+3.42044
+0.9635,+3.52108
+0.9642,+3.73808
+0.9644,+3.99626
+0.9647,+4.05206
+0.9652,+4.44972
+0.9656,+4.72267
+0.966,+5.00665
+0.9664,+5.20523
+0.9667,+5.52176
+0.9671,+5.78923
+0.9675,+6.10921
+0.9682,+6.34066
+0.9684,+6.56363
+0.9687,+6.86359
+0.9691,+7.05815
+0.9695,+7.21252
+0.97,+7.45135
+0.9704,+7.5825
+0.9707,+7.81757
+0.9711,+8.07191
+0.9715,+8.27676
+0.972,+8.40391
+0.9724,+8.60624
+0.9727,+8.88674
+0.9731,+9.31482
+0.9735,+9.58416
+0.974,+9.89419
+0.9744,+10.3231
+0.9747,+10.537
+0.9751,+10.7286
+0.9755,+10.8967
+0.976,+11.2485
+0.9764,+11.408
+0.9767,+11.5318
+0.9771,+11.6417
+0.9775,+11.83
+0.978,+11.87
+0.9784,+11.8511
+0.9787,+11.9219
+0.9791,+12.0887
+0.9795,+12.0712
+0.98,+12.0385
+0.9804,+11.9705
+0.9807,+12.0137
+0.9811,+11.8819
+0.9815,+11.7582
+0.982,+11.6255
+0.9824,+11.4872
+0.9827,+11.3931
+0.9831,+11.1366
+0.9837,+11.0286
+0.9841,+10.7652
+0.9844,+10.6677
+0.9847,+10.3593
+0.9851,+10.0104
+0.9856,+9.77614
+0.986,+9.60409
+0.9864,+9.39489
+0.9867,+9.04921
+0.9871,+8.88193
+0.9876,+8.65658
+0.988,+8.48999
+0.9884,+8.27834
+0.9887,+8.06334
+0.9891,+7.82613
+0.9895,+7.67027
+0.99,+7.31671
+0.9904,+7.06442
+0.9907,+6.82002
+0.9911,+6.59238
+0.9915,+6.39001
+0.992,+6.10132
+0.9924,+5.84364
+0.9927,+5.63704
+0.9931,+5.38895
+0.9935,+5.13406
+0.994,+5.03029
+0.9944,+4.83175
+0.9947,+4.75498
+0.9951,+4.51778
+0.9955,+4.37403
+0.9961,+4.39194
+0.9964,+4.23777
+0.9967,+4.18019
+0.9971,+4.16285
+0.9975,+4.11062
+0.998,+4.02979
+0.9984,+4.10715
+0.9987,+4.18568
+0.9991,+4.17531
+0.9995,+4.09801
+1,+4.05246
+1.0004,+4.17262
+1.001,+4.21016
+1.0012,+4.35384
+1.0015,+4.4354
+1.002,+4.64494
+1.0024,+4.73123
+1.0027,+4.71085
+1.0031,+5.10291
+1.0035,+5.18139
+1.004,+5.39524
+1.0044,+5.47286
+1.0047,+5.78115
+1.0051,+6.04135
+1.0055,+7.4453
+1.006,+7.59099
+1.0067,+7.89711
+1.007,+8.19058
+1.0072,+8.23717
+1.0075,+8.65603
+1.008,+8.82203
+1.0084,+9.06317
+1.0087,+9.2169
+1.0091,+9.44293
+1.0095,+9.62629
+1.01,+9.94383
+1.0104,+10.1791
+1.0107,+10.4453
+1.0111,+10.6972
+1.0115,+10.7586
+1.012,+11.0669
+1.0125,+11.3807
+1.0128,+11.5736
+1.0131,+11.7724
+1.0136,+12.0483
+1.014,+12.1328
+1.0144,+12.1523
+1.0147,+12.3478
+1.0151,+12.7771
+1.0155,+13.082
+1.016,+13.2293
+1.0164,+13.4628
+1.0167,+13.704
+1.0171,+13.9148
+1.0175,+14.2237
+1.018,+14.5263
+1.0184,+14.8534
+1.0187,+15.1055
+1.0191,+15.175
+1.0195,+15.5339
+1.02,+15.7813
+1.0204,+15.9834
+1.0207,+16.2139
+1.0211,+16.4287
+1.0215,+16.5991
+1.022,+16.8548
+1.0224,+17.0733
+1.0227,+17.2302
+1.0231,+17.3783
+1.0235,+17.5218
+1.024,+17.7486
+1.0244,+18.0382
+1.0247,+18.2489
+1.0251,+18.5107
+1.0255,+18.7029
+1.026,+18.8688
+1.0265,+19.1522
+1.0267,+19.3596
+1.0271,+19.5708
+1.0275,+19.8324
+1.028,+19.9428
+1.0284,+20.0831
+1.0287,+20.3093
+1.0291,+20.3005
+1.0295,+20.403
+1.03,+20.567
+1.0304,+20.76
+1.0307,+20.9258
+1.0311,+21.1194
+1.0315,+21.2531
+1.032,+21.5554
+1.0325,+21.6416
+1.0328,+21.7899
+1.0331,+22.1091
+1.0335,+22.2099
+1.034,+22.2744
+1.0344,+22.3163
+1.0347,+22.529
+1.0351,+22.5408
+1.0355,+22.5598
+1.036,+22.5359
+1.0364,+22.6953
+1.0367,+22.501
+1.0371,+22.5374
+1.0375,+22.4924
+1.038,+22.6092
+1.0384,+22.6045
+1.0387,+22.5764
+1.0391,+22.6179
+1.0395,+22.5244
+1.04,+22.5297
+1.0404,+22.3126
+1.0407,+22.3826
+1.042,+22.298
+1.0422,+22.1922
+1.0424,+22.1115
+1.0427,+21.9838
+1.0431,+21.8482
+1.0435,+21.7281
+1.044,+21.6269
+1.0444,+21.388
+1.0447,+21.2953
+1.0451,+21.1861
+1.0455,+20.941
+1.046,+20.917
+1.0464,+20.6657
+1.0469,+20.4821
+1.0472,+20.1965
+1.0475,+19.9714
+1.048,+19.865
+1.0484,+19.7416
+1.0487,+19.6148
+1.0491,+19.4707
+1.0495,+19.3782
+1.05,+19.117
+1.0504,+18.8465
+1.0507,+18.5876
+1.0511,+18.3816
+1.0515,+18.0935
+1.052,+17.7196
+1.0526,+17.3536
+1.0528,+17.042
+1.0531,+16.6384
+1.0535,+16.2484
+1.054,+15.976
+1.0544,+15.717
+1.0547,+15.451
+1.0551,+14.9823
+1.0555,+14.7494
+1.056,+14.4591
+1.0564,+14.2231
+1.0567,+13.8106
+1.0571,+13.5948
+1.0575,+13.3527
+1.058,+13.0231
+1.0584,+12.7291
+1.0587,+12.4551
+1.0591,+12.3829
+1.0595,+12.1615
+1.06,+12.4499
+1.0604,+12.3012
+1.0607,+12.1453
+1.0611,+12.0026
+1.0615,+11.809
+1.062,+11.6067
+1.0624,+11.4784
+1.0628,+11.2516
+1.0631,+11.0813
+1.0635,+10.8813
+1.064,+10.2404
+1.0644,+10.1006
+1.0647,+10.0862
+1.0651,+9.86618
+1.0655,+9.69293
+1.066,+9.59177
+1.0664,+9.50842
+1.0667,+9.48484
+1.0671,+9.42905
+1.0675,+9.37481
+1.068,+9.36956
+1.0684,+9.4083
+1.0688,+9.21373
+1.0691,+9.14591
+1.0695,+9.3634
+1.07,+9.37649
+1.0704,+9.35942
+1.0707,+9.50095
+1.0711,+9.46232
+1.0715,+9.45128
+1.072,+9.54469
+1.0724,+9.27033
+1.0727,+9.38882
+1.0731,+9.64346
+1.0735,+9.49188
+1.074,+9.4349
+1.0744,+9.30028
+1.0747,+9.46382
+1.0751,+9.30725
+1.0755,+9.28877
+1.076,+9.06048
+1.0764,+9.08437
+1.0767,+9.39781
+1.0772,+9.08797
+1.0775,+8.93812
+1.078,+8.96872
+1.0784,+9.02048
+1.0787,+8.66507
+1.0794,+8.71943
+1.0796,+8.59948
+1.08,+8.58681
+1.0804,+8.56394
+1.0807,+8.13451
+1.0811,+8.57381
+1.0815,+8.59091
+1.082,+8.47889
+1.0824,+8.43302
+1.0827,+8.30806
+1.0831,+8.2035
+1.0835,+8.1738
+1.084,+8.30827
+1.0844,+8.25493
+1.0847,+8.27999
+1.0851,+7.84847
+1.0855,+7.76514
+1.086,+7.83929
+1.0864,+7.89975
+1.0867,+7.96211
+1.0871,+8.35526
+1.0875,+8.49173
+1.088,+8.66388
+1.0884,+8.88538
+1.0887,+8.89248
+1.0891,+8.93269
+1.0895,+9.10825
+1.09,+9.11553
+1.0904,+9.10339
+1.0907,+9.03864
+1.0911,+8.88636
+1.0915,+8.941
+1.092,+8.67242
+1.0924,+8.52939
+1.0927,+8.61561
+1.0932,+8.71145
+1.0935,+8.7373
+1.094,+9.2185
+1.0944,+9.25599
+1.0947,+9.54187
+1.0951,+9.5753
+1.0955,+9.6253
+1.096,+9.79689
+1.0964,+10.0824
+1.0967,+10.1452
+1.0971,+10.5863
+1.0975,+10.7636
+1.098,+10.4191
+1.0984,+10.5417
+1.0987,+10.6635
+1.0991,+10.6781
+1.0995,+10.803
+1.1,+11.2097
+1.1004,+11.6645
+1.1008,+12.1704
+1.1012,+11.9056
+1.1015,+11.9284
+1.102,+12.1453
+1.1024,+12.2868
+1.1027,+12.2775
+1.1031,+12.4908
+1.1035,+12.5854
+1.104,+12.4575
+1.1044,+12.0869
+1.1048,+11.8947
+1.1051,+11.9577
+1.1055,+12.1299
+1.106,+12.2251
+1.1064,+12.3839
+1.1068,+12.4856
+1.1072,+12.6308
+1.1075,+12.8165
+1.108,+12.8472
+1.1084,+12.9419
+1.1088,+13.2583
+1.1091,+13.3686
+1.1095,+13.3265
+1.11,+13.3962
+1.1104,+13.3169
+1.1107,+13.3269
+1.1111,+13.234
+1.1115,+13.1494
+1.112,+13.1141
+1.1124,+13.1734
+1.1128,+12.8284
+1.1131,+12.7353
+1.1135,+12.7515
+1.114,+12.6087
+1.1144,+12.5139
+1.1147,+12.5608
+1.1151,+12.4743
+1.1155,+12.3681
+1.116,+12.2411
+1.1164,+12.1877
+1.1168,+12.0665
+1.1171,+11.9711
+1.1175,+11.8556
+1.118,+11.7468
+1.1184,+11.7598
+1.1189,+11.6845
+1.1191,+11.535
+1.1195,+11.3713
+1.12,+11.1837
+1.1204,+10.8565
+1.1208,+10.7269
+1.1211,+10.6135
+1.1215,+10.4633
+1.122,+10.3007
+1.1224,+10.079
+1.1227,+9.74096
+1.1231,+9.55424
+1.1235,+9.37851
+1.124,+9.21996
+1.1244,+9.03791
+1.1247,+8.86846
+1.1251,+8.68477
+1.1255,+8.47299
+1.126,+8.3363
+1.1264,+8.20055
+1.1267,+8.10615
+1.1271,+8.02593
+1.1275,+7.91317
+1.128,+7.8175
+1.1284,+7.77027
+1.1287,+7.58823
+1.1291,+7.521
+1.1295,+7.3165
+1.13,+7.09454
+1.1304,+6.79885
+1.1307,+6.55278
+1.1311,+6.33029
+1.1315,+6.08418
+1.132,+5.86778
+1.1324,+5.645
+1.1327,+5.34768
+1.1331,+4.97711
+1.1335,+4.69584
+1.1339,+4.37504
+1.1344,+4.19374
+1.1348,+3.82457
+1.1351,+3.45627
+1.1355,+3.12102
+1.1359,+2.82845
+1.1364,+2.47626
+1.1368,+2.16192
+1.1371,+1.92307
+1.1376,+1.63326
+1.138,+1.39902
+1.1384,+1.08858
+1.1387,+0.854128
+1.1391,+0.619175
+1.1395,+0.300411
+1.1399,-0.183113
+1.1404,-0.342226
+1.1408,-0.571715
+1.1411,-0.904254
+1.1415,-1.185
+1.142,-1.54398
+1.1424,-1.67894
+1.1428,-1.98499
+1.1431,-2.16109
+1.1444,-2.44382
+1.1446,-2.65384
+1.1448,-2.86686
+1.1452,-3.26404
+1.1455,-3.60324
+1.146,-3.95898
+1.1465,-4.18467
+1.1467,-4.69513
+1.1471,-4.79868
+1.1475,-5.13388
+1.148,-5.227
+1.1484,-5.4109
+1.1488,-5.74695
+1.1491,-5.79374
+1.1495,-6.10832
+1.1502,-6.25301
+1.1504,-6.43604
+1.1507,-6.59621
+1.1511,-6.8949
+1.1515,-7.18093
+1.152,-7.4404
+1.1524,-7.29931
+1.1527,-7.51209
+1.1533,-7.43948
+1.1536,-7.37432
+1.1539,-7.38896
+1.1544,-7.44223
+1.1547,-7.2103
+1.1551,-7.14598
+1.1555,-6.96897
+1.156,-6.9137
+1.1564,-7.10882
+1.1567,-7.02071
+1.1571,-6.99802
+1.1575,-6.696
+1.158,-6.62987
+1.1584,-6.50966
+1.1587,-6.45644
+1.1592,-6.39965
+1.1595,-6.05479
+1.16,-5.81991
+1.1604,-5.62723
+1.1607,-5.32016
+1.1611,-5.202
+1.1615,-5.02645
+1.162,-4.66057
+1.1624,-4.3039
+1.1627,-4.07476
+1.1631,-3.74943
+1.1635,-3.59608
+1.164,-3.19256
+1.1644,-2.88384
+1.1648,-2.70333
+1.1651,-2.12314
+1.1655,-1.89069
+1.166,-1.75895
+1.1664,-1.43154
+1.1667,-1.17307
+1.1671,-0.802223
+1.1675,-0.499712
+1.168,-0.335601
+1.1684,-0.0119539
+1.1688,+0.196455
+1.1691,+0.1968
+1.1695,+0.362093
+1.17,+0.724081
+1.1704,+0.877837
+1.1707,+1.12148
+1.1711,+1.29311
+1.1715,+1.34092
+1.1719,+1.45985
+1.1724,+1.6344
+1.1727,+1.83885
+1.1732,+1.83193
+1.1735,+1.92621
+1.1739,+2.07208
+1.1744,+2.09311
+1.1747,+2.07175
+1.1751,+2.01165
+1.1755,+2.23036
+1.1759,+2.13752
+1.1764,+1.97345
+1.1767,+1.83074
+1.1771,+2.03826
+1.1775,+1.82696
+1.178,+1.46527
+1.1784,+1.46865
+1.1787,+1.13877
+1.1791,+0.810936
+1.1795,+0.504282
+1.18,+0.50054
+1.1804,+0.296444
+1.1808,+0.0193953
+1.1811,-0.714954
+1.1815,-1.06971
+1.1819,-1.34666
+1.1824,-2.03677
+1.1828,-2.28753
+1.1831,-2.53055
+1.1835,-3.17416
+1.184,-4.0258
+1.1844,-4.66332
+1.1848,-5.16988
+1.1851,-5.30208
+1.1855,-5.7134
+1.186,-6.20039
+1.1864,-6.54594
+1.1868,-7.11533
+1.1871,-7.63874
+1.1875,-8.1061
+1.188,-8.35272
+1.1884,-8.67626
+1.1888,-9.02233
+1.1891,-9.48961
+1.1895,-9.84128
+1.19,-10.2114
+1.1904,-10.4271
+1.1907,-10.5013
+1.1911,-10.6736
+1.1915,-10.8031
+1.1919,-10.7456
+1.1924,-10.8022
+1.1927,-10.8616
+1.1931,-11.0159
+1.1935,-10.8537
+1.1939,-10.7601
+1.1944,-10.8411
+1.1947,-10.7795
+1.1951,-10.8437
+1.1955,-10.6711
+1.1959,-10.8097
+1.1964,-10.7583
+1.1967,-10.6941
+1.1971,-10.5382
+1.1975,-10.4648
+1.1979,-10.0575
+1.1984,-9.87141
+1.1988,-9.66591
+1.1991,-9.15129
+1.1997,-8.93117
+1.2,-8.4775
+1.2005,-8.12174
+1.2008,-7.76612
+1.2011,-7.50439
+1.2015,-7.13192
+1.2019,-6.88132
+1.2024,-6.36258
+1.2028,-5.94526
+1.2031,-5.62306
+1.2035,-5.40648
+1.2039,-5.26077
+1.2044,-5.01929
+1.2047,-4.48387
+1.2051,-4.17611
+1.2058,-3.96363
+1.206,-3.78319
+1.2064,-2.70546
+1.2068,-2.49783
+1.2071,-2.29065
+1.2075,-1.83501
+1.2079,-1.43741
+1.2084,-1.01218
+1.2089,-0.871968
+1.2091,-0.471577
+1.2095,+0.28562
+1.21,+0.914622
+1.2104,+1.11566
+1.2108,+1.38958
+1.2111,+1.66089
+1.2115,+1.99615
+1.2119,+2.31552
+1.2124,+2.7439
+1.2128,+3.16982
+1.2131,+3.48209
+1.2135,+3.39667
+1.2139,+3.51263
+1.2144,+4.01948
+1.2148,+4.73065
+1.2152,+5.04071
+1.2155,+5.27776
+1.2159,+5.64586
+1.2164,+5.86583
+1.2168,+6.18796
+1.2171,+6.53687
+1.2175,+6.94943
+1.2179,+7.27576
+1.2184,+7.43134
+1.2188,+7.46372
+1.2191,+7.97848
+1.2195,+8.47744
+1.2203,+8.75455
+1.2206,+9.04634
+1.2211,+9.49665
+1.2212,+9.79692
+1.2215,+10.0921
+1.2219,+10.2941
+1.2224,+10.5776
+1.2228,+10.8189
+1.2231,+11.0707
+1.2235,+11.3392
+1.2239,+11.6861
+1.2244,+12.038
+1.2248,+12.1434
+1.2251,+12.4332
+1.2255,+12.7439
+1.2259,+13.1314
+1.2264,+13.4734
+1.2268,+13.8342
+1.2271,+14.1187
+1.2275,+14.5157
+1.2279,+14.8337
+1.2284,+15.1844
+1.2288,+15.4997
+1.2293,+15.9341
+1.2295,+16.1903
+1.23,+16.5261
+1.2304,+16.6806
+1.2308,+16.9013
+1.2311,+17.1788
+1.2315,+17.2483
+1.2319,+17.4122
+1.2324,+17.6552
+1.2328,+17.9837
+1.2331,+18.1632
+1.2335,+18.4433
+1.2339,+18.6352
+1.2344,+18.9407
+1.2348,+19.2113
+1.2351,+19.4666
+1.2355,+19.8969
+1.2359,+20.2611
+1.2364,+20.5063
+1.2368,+20.7482
+1.2371,+21.0402
+1.2375,+21.1502
+1.2379,+21.2781
+1.2384,+21.5206
+1.2388,+21.7943
+1.2391,+21.9138
+1.2395,+22.0402
+1.24,+22.1835
+1.2404,+22.312
+1.2408,+22.3114
+1.2411,+22.4302
+1.2415,+22.552
+1.242,+22.7917
+1.2424,+22.838
+1.2428,+22.7066
+1.2431,+22.7771
+1.2435,+22.596
+1.2439,+22.5105
+1.2444,+22.3069
+1.2448,+21.9968
+1.2454,+21.656
+1.2456,+21.4942
+1.2459,+21.1745
+1.2468,+20.9257
+1.2469,+20.7338
+1.2472,+20.3689
+1.2475,+20.0018
+1.2479,+19.6123
+1.2484,+19.2174
+1.2488,+18.9323
+1.2491,+18.5407
+1.2495,+17.9462
+1.25,+17.2597
+1.2504,+16.5159
+1.2508,+15.7065
+1.2511,+15.3487
+1.2515,+14.6912
+1.2519,+14.2222
+1.2525,+13.7716
+1.2528,+12.9982
+1.2531,+12.4571
+1.2535,+11.6245
+1.2539,+10.8169
+1.2544,+9.90828
+1.2548,+9.09409
+1.2551,+7.8461
+1.2555,+6.97495
+1.2559,+5.75339
+1.2564,+4.5974
+1.2568,+3.98092
+1.2571,+2.7536
+1.2575,+1.97418
+1.2579,+1.34855
+1.2584,+0.758866
+1.2588,+0.0768159
+1.2593,-0.713635
+1.2595,-1.48279
+1.26,-2.28371
+1.2604,-3.0856
+1.2608,-4.1533
+1.2611,-4.79895
+1.2615,-5.48076
+1.2619,-6.23273
+1.2624,-6.98096
+1.2628,-7.65625
+1.2631,-8.23329
+1.2635,-8.85125
+1.2639,-9.30487
+1.2644,-9.74977
+1.2648,-10.1511
+1.2651,-10.5551
+1.2655,-10.954
+1.2659,-11.4357
+1.2664,-11.7824
+1.2668,-12.0864
+1.2671,-12.3686
+1.2675,-12.5064
+1.2679,-12.6881
+1.2684,-12.9286
+1.2688,-13.1702
+1.2691,-13.3613
+1.2696,-13.523
+1.27,-13.6022
+1.2704,-13.7013
+1.2708,-13.7074
+1.2711,-13.6474
+1.2715,-13.7199
+1.2719,-13.8379
+1.2724,-13.7094
+1.2728,-13.5263
+1.2731,-13.3009
+1.2735,-13.1382
+1.2739,-12.9443
+1.2744,-12.7994
+1.2748,-12.6191
+1.2751,-12.4818
+1.2755,-12.2641
+1.2759,-12.0081
+1.2764,-11.7737
+1.2768,-11.5353
+1.2771,-11.439
+1.2775,-11.2085
+1.2779,-10.9025
+1.2784,-10.3927
+1.2788,-10.1974
+1.2791,-9.86679
+1.2795,-9.56523
+1.28,-9.23708
+1.2804,-8.93828
+1.2808,-8.61466
+1.2811,-8.25806
+1.2815,-7.92834
+1.282,-7.69739
+1.2824,-7.59674
+1.2828,-7.35767
+1.2831,-7.16053
+1.2835,-6.96884
+1.2839,-6.61139
+1.2845,-6.45306
+1.2848,-6.26416
+1.2851,-6.1034
+1.2855,-6.0432
+1.2859,-5.82197
+1.2864,-5.55028
+1.2868,-5.53223
+1.2871,-5.27044
+1.2875,-5.15803
+1.2879,-5.26349
+1.2884,-5.13587
+1.2888,-5.22221
+1.2891,-5.26345
+1.2896,-5.14226
+1.29,-5.26777
+1.2904,-5.47935
+1.2908,-5.59856
+1.2914,-5.90807
+1.2916,-6.1965
+1.2919,-6.47998
+1.2924,-6.84576
+1.2928,-6.99882
+1.2931,-7.22924
+1.2935,-7.718
+1.2939,-8.13477
+1.2944,-8.49811
+1.2948,-8.84952
+1.2951,-9.34939
+1.2955,-9.72833
+1.2959,-10.115
+1.2964,-10.5774
+1.2968,-11.2057
+1.2971,-11.9113
+1.2975,-12.3274
+1.2979,-12.852
+1.2985,-13.5354
+1.2988,-14.1022
+1.2991,-14.6515
+1.2995,-15.2514
+1.3,-15.9037
+1.3004,-16.509
+1.3008,-17.0942
+1.3011,-17.613
+1.3015,-18.2402
+1.3019,-18.7901
+1.3024,-19.3761
+1.3028,-19.9327
+1.3031,-20.5057
+1.3035,-21.058
+1.3039,-21.4626
+1.3044,-21.9809
+1.3048,-22.3965
+1.3051,-22.8764
+1.3055,-23.299
+1.3059,-23.7299
+1.3064,-24.0931
+1.3068,-24.3309
+1.3071,-24.5057
+1.3075,-24.7666
+1.3079,-25.0108
+1.3084,-25.1143
+1.3088,-25.3174
+1.3091,-25.4228
+1.3095,-25.6044
+1.3099,-25.7362
+1.3104,-25.6992
+1.3108,-25.6907
+1.3111,-25.7821
+1.3116,-25.7459
+1.3121,-25.6687
+1.3124,-25.6326
+1.3128,-25.5318
+1.3132,-25.2601
+1.3135,-24.9446
+1.3139,-24.6189
+1.3144,-24.4009
+1.3148,-24.0405
+1.3151,-23.6201
+1.3155,-23.157
+1.3159,-22.6653
+1.3164,-22.2088
+1.3168,-21.667
+1.3171,-21.1359
+1.3175,-20.6712
+1.3179,-20.0763
+1.3184,-19.4019
+1.3188,-18.9898
+1.3191,-18.4876
+1.3195,-17.9985
+1.32,-17.5367
+1.3204,-16.9333
+1.3208,-16.4786
+1.3211,-15.9745
+1.3215,-15.4153
+1.3219,-14.9307
+1.3224,-14.5493
+1.3228,-14.0349
+1.3231,-13.5457
+1.3235,-12.9588
+1.3239,-12.4826
+1.3244,-11.9317
+1.3248,-11.2936
+1.3251,-10.8324
+1.3255,-10.3671
+1.3259,-9.97786
+1.3264,-9.50106
+1.3268,-9.02878
+1.3271,-8.57603
+1.3275,-8.35302
+1.3279,-7.89415
+1.3284,-7.62469
+1.3288,-7.32449
+1.3291,-6.93645
+1.3295,-6.58666
+1.3301,-6.27102
+1.3304,-6.02046
+1.331,-5.79963
+1.3313,-5.69617
+1.3316,-5.35572
+1.3319,-5.31383
+1.3324,-5.32745
+1.3328,-5.34079
+1.3333,-5.44621
+1.3335,-5.58255
+1.3339,-5.5868
+1.3344,-5.60718
+1.3348,-5.73783
+1.3351,-5.72357
+1.3355,-5.80982
+1.3359,-6.05023
+1.3364,-5.92216
+1.3368,-6.14076
+1.3371,-6.34091
+1.3375,-6.58324
+1.3379,-6.97695
+1.3384,-7.16868
+1.3388,-7.42111
+1.3392,-7.81588
+1.3395,-8.11341
+1.3399,-8.36961
+1.3404,-8.96203
+1.3408,-9.23838
+1.3411,-9.6033
+1.3415,-9.92453
+1.3419,-10.3022
+1.3424,-10.8316
+1.3428,-11.2467
+1.3431,-11.6771
+1.3435,-12.1817
+1.3439,-12.4931
+1.3444,-12.8728
+1.3448,-13.2407
+1.3454,-13.6065
+1.3456,-13.9783
+1.3459,-14.3183
+1.3464,-14.5849
+1.3468,-15.0122
+1.3471,-15.3858
+1.3475,-15.7833
+1.3479,-16.181
+1.3492,-16.469
+1.3494,-16.8633
+1.3497,-17.0873
+1.3499,-17.3525
+1.3505,-17.4184
+1.3508,-17.6912
+1.3511,-17.7112
+1.3515,-17.7827
+1.3519,-17.8198
+1.3524,-17.9023
+1.3528,-17.9103
+1.3531,-17.7605
+1.3535,-17.8387
+1.3539,-17.739
+1.3544,-17.7558
+1.3548,-17.6784
+1.3552,-17.6572
+1.3555,-17.4726
+1.3559,-17.3239
+1.3564,-17.2277
+1.3568,-17.0582
+1.3573,-16.8722
+1.3575,-16.6844
+1.3579,-16.4544
+1.3584,-16.2345
+1.3588,-15.9721
+1.3593,-15.6254
+1.3595,-15.3856
+1.3599,-15.0788
+1.3605,-14.6177
+1.3608,-14.3012
+1.3611,-14.0845
+1.3615,-13.4722
+1.3619,-13.2506
+1.3624,-12.8391
+1.3628,-12.2944
+1.3631,-11.8634
+1.3635,-11.318
+1.3639,-10.6779
+1.3644,-10.2041
+1.3648,-9.78265
+1.3651,-9.25436
+1.3655,-8.91581
+1.3659,-8.07315
+1.3664,-7.19838
+1.3668,-6.69725
+1.3671,-5.84202
+1.3675,-5.3971
+1.3679,-4.94435
+1.3684,-4.39395
+1.3688,-3.80599
+1.3691,-3.18956
+1.3695,-2.57283
+1.3699,-2.1627
+1.3704,-1.74787
+1.3708,-1.26846
+1.3713,-1.0374
+1.3716,-0.658201
+1.3719,-0.444841
+1.3724,-0.229826
+1.3728,+0.0845344
+1.3731,+0.269568
+1.3735,+0.879666
+1.3739,+0.989462
+1.3744,+1.54344
+1.3748,+1.61992
+1.3751,+1.87014
+1.3755,+2.15288
+1.3759,+2.41457
+1.3764,+2.75221
+1.3768,+3.51494
+1.3772,+4.33608
+1.3775,+4.10676
+1.3779,+4.35743
+1.3784,+3.86822
+1.3788,+4.12594
+1.3791,+4.1304
+1.3795,+4.2973
+1.3799,+4.37233
+1.3805,+4.35738
+1.3811,+3.90008
+1.3813,+3.37236
+1.3816,+3.38944
+1.3819,+3.90943
+1.3823,+3.94226
+1.3828,+3.96256
+1.3831,+4.17189
+1.3835,+4.11171
+1.3839,+4.309
+1.3843,+4.41807
+1.3848,+4.37106
+1.3852,+4.36575
+1.3855,+4.32942
+1.3859,+3.82989
+1.3864,+3.73518
+1.3868,+3.66082
+1.3871,+3.28231
+1.3875,+3.2007
+1.3879,+2.87196
+1.3884,+2.52699
+1.3888,+2.29586
+1.3891,+2.08956
+1.3895,+1.78971
+1.3902,+1.49176
+1.3904,+1.16857
+1.3908,+0.734687
+1.3911,+0.322393
+1.3915,-0.164018
+1.3919,-0.641156
+1.3924,-1.00531
+1.3928,-1.46515
+1.3931,-1.99157
+1.3935,-2.40015
+1.3939,-2.91683
+1.3944,-3.32543
+1.3948,-3.74765
+1.3951,-4.17163
+1.3955,-4.56818
+1.3959,-4.93112
+1.3964,-5.37912
+1.3968,-5.75604
+1.3971,-6.20295
+1.3975,-6.40621
+1.3979,-6.83954
+1.3984,-7.33576
+1.3988,-7.80844
+1.3991,-8.25107
+1.3995,-8.36982
+1.3999,-8.65375
+1.4004,-9.01599
+1.4008,-9.318
+1.4024,-9.42398
+1.4026,-10.0027
+1.4028,-10.2517
+1.4032,-10.1222
+1.4035,-10.3101
+1.404,-10.3882
+1.4044,-10.8977
+1.4048,-10.826
+1.4052,-10.7428
+1.4055,-10.867
+1.4059,-11.0283
+1.4065,-10.624
+1.4068,-10.7057
+1.4071,-10.9672
+1.4075,-10.6386
+1.4079,-10.5487
+1.4084,-10.3315
+1.4088,-10.5881
+1.4091,-10.3993
+1.4095,-10.1747
+1.41,-9.88361
+1.4104,-9.82596
+1.4108,-9.48879
+1.4111,-8.92759
+1.4115,-8.67511
+1.4119,-8.4869
+1.4124,-8.29209
+1.4128,-7.75423
+1.4131,-7.56883
+1.4135,-7.20886
+1.4139,-7.12367
+1.4144,-7.08862
+1.4148,-6.68715
+1.4151,-6.57394
+1.4155,-6.09663
+1.4159,-5.75083
+1.4164,-5.1909
+1.4168,-4.80911
+1.4172,-4.46754
+1.4176,-4.33686
+1.4179,-4.00612
+1.4184,-3.49509
+1.4188,-3.18764
+1.4191,-2.9076
+1.4195,-2.42987
+1.4199,-1.77287
+1.4204,-1.62888
+1.4208,-1.19633
+1.4213,-0.689593
+1.4215,-0.284492
+1.4219,+0.287749
+1.4224,+0.88986
+1.4228,+1.1495
+1.4232,+1.7162
+1.4235,+1.66988
+1.4239,+1.78395
+1.4244,+2.40808
+1.4248,+2.59487
+1.4252,+2.53775
+1.4255,+3.02577
+1.4259,+3.38409
+1.4264,+3.51713
+1.4268,+3.92074
+1.4271,+4.08874
+1.4275,+4.47281
+1.428,+4.79719
+1.4284,+4.91702
+1.4288,+5.0847
+1.4291,+5.62677
+1.4298,+5.98676
+1.4303,+6.20005
+1.4305,+6.49952
+1.431,+6.77842
+1.4313,+6.89522
+1.4318,+7.18332
+1.4323,+7.05223
+1.4325,+7.45443
+1.4328,+7.5583
+1.4332,+7.64283
+1.4335,+7.53892
+1.4339,+7.57166
+1.4344,+7.76273
+1.4348,+7.85475
+1.4352,+8.36455
+1.4355,+8.75607
+1.4359,+9.38977
+1.4364,+8.90056
+1.4368,+9.43821
+1.4372,+9.1689
+1.4375,+9.24388
+1.4379,+8.93582
+1.4384,+8.69045
+1.4389,+8.45924
+1.4392,+8.13227
+1.4395,+8.05731
+1.4399,+7.70957
+1.4404,+8.06144
+1.4408,+7.33493
+1.4411,+7.25748
+1.4415,+7.48939
+1.4419,+8.09027
+1.4423,+8.43196
+1.4428,+8.29956
+1.4431,+7.89511
+1.4435,+7.26337
+1.4439,+7.47703
+1.4443,+6.98453
+1.4448,+6.9046
+1.4451,+7.32534
+1.4455,+7.0149
+1.4459,+6.99003
+1.4463,+6.20054
+1.4468,+6.60264
+1.4472,+6.62744
+1.4475,+6.62885
+1.4479,+6.4891
+1.4484,+6.3878
+1.4488,+6.91479
+1.4492,+6.3952
+1.4495,+6.54657
+1.4499,+5.71428
+1.4504,+5.66487
+1.4516,+5.00589
+1.4518,+4.72231
+1.4521,+4.55004
+1.4525,+3.92039
+1.4529,+3.84213
+1.4533,+3.58825
+1.4535,+3.47079
+1.4539,+2.77909
+1.4543,+3.03284
+1.4548,+3.12547
+1.4552,+2.98229
+1.4555,+2.88515
+1.4559,+2.72267
+1.4563,+2.63666
+1.4568,+2.49711
+1.4571,+1.96194
+1.4575,+1.73147
+1.4579,+1.49688
+1.4583,+1.1376
+1.4588,+0.628424
+1.4591,+0.425825
+1.4595,+0.220619
+1.4599,+0.184744
+1.4603,-0.0393183
+1.4608,-0.304865
+1.4611,-0.300377
+1.4615,-0.462503
+1.4619,-0.577077
+1.4623,-0.835215
+1.4628,-0.875799
+1.4632,-0.759549
+1.4635,-0.938973
+1.4639,-1.23878
+1.4643,-1.39206
+1.4648,-1.42211
+1.4652,-1.64293
+1.4655,-1.78298
+1.4659,-1.87373
+1.4663,-1.91671
+1.4668,-2.15336
+1.4672,-2.71265
+1.4675,-2.74732
+1.4679,-2.73013
+1.4683,-2.80801
+1.4688,-3.05629
+1.4694,-3.39037
+1.4696,-3.62803
+1.4699,-3.97539
+1.4704,-4.20281
+1.4708,-4.26735
+1.4712,-4.22664
+1.4715,-4.55299
+1.4719,-5.09195
+1.4723,-5.22849
+1.4728,-5.27521
+1.4732,-5.41789
+1.4735,-5.39398
+1.4739,-5.51995
+1.4743,-5.75057
+1.4748,-5.92914
+1.4751,-6.05838
+1.4756,-6.12208
+1.4759,-6.09362
+1.4763,-6.35727
+1.4768,-6.58725
+1.4771,-6.77625
+1.4775,-6.96048
+1.4779,-6.96968
+1.4783,-7.0593
+1.4788,-7.13463
+1.4791,-7.34601
+1.4796,-7.54371
+1.4799,-7.76393
+1.4804,-7.90592
+1.4808,-8.03357
+1.4812,-8.25718
+1.4815,-8.40165
+1.4819,-8.52896
+1.4824,-8.65605
+1.4828,-8.82863
+1.4831,-9.02211
+1.4836,-9.02966
+1.4839,-8.99327
+1.4843,-9.11539
+1.4848,-9.32379
+1.4851,-9.34658
+1.4855,-9.4589
+1.4859,-9.50959
+1.4863,-9.65716
+1.4868,-9.88833
+1.4872,-9.89247
+1.4875,-9.9938
+1.4879,-10.0432
+1.4883,-10.0935
+1.4888,-10.1221
+1.4891,-10.1642
+1.4895,-10.3181
+1.4899,-10.3382
+1.4904,-10.3278
+1.4908,-10.1891
+1.4912,-10.2016
+1.4915,-10.2841
+1.4919,-10.4212
+1.4923,-10.3809
+1.4928,-10.2973
+1.4932,-10.4276
+1.4935,-10.4109
+1.4939,-10.4311
+1.4943,-10.5099
+1.4948,-10.3988
+1.4952,-10.3831
+1.4955,-10.1544
+1.4959,-10.1266
+1.4965,-10.1086
+1.4968,-10.1715
+1.4971,-10.0274
+1.4975,-9.9278
+1.4979,-10.0074
+1.4983,-9.94528
+1.4988,-10.2024
+1.4992,-10.0892
+1.4995,-10.2957
+1.4999,-10.2322
+1.5003,-10.236
+1.5008,-10.3357
+1.5012,-10.2349
+1.5015,-10.1938
+1.5019,-10.0514
+1.5023,-10.1285
+1.5028,-9.93964
+1.5032,-9.94001
+1.5037,-9.8163
+1.5039,-9.78438
+1.5043,-9.70342
+1.5048,-9.47507
+1.5052,-9.41091
+1.5055,-9.25972
+1.5059,-9.29956
+1.5063,-9.11767
+1.5068,-9.05635
+1.5071,-9.09795
+1.5075,-9.19364
+1.5079,-9.0914
+1.5083,-9.0264
+1.5088,-8.96708
+1.5092,-8.91014
+1.5096,-9.07461
+1.5099,-8.91425
+1.5103,-8.7307
+1.5108,-8.70746
+1.5112,-8.50995
+1.5116,-8.24311
+1.5119,-8.10069
+1.5123,-8.00201
+1.5128,-7.85577
+1.5132,-7.61404
+1.5136,-7.39002
+1.5141,-7.20255
+1.5144,-7.08435
+1.5148,-6.75934
+1.5152,-6.66186
+1.5156,-6.50315
+1.5159,-6.37364
+1.5164,-6.18436
+1.5168,-6.15762
+1.5172,-6.17885
+1.5176,-6.07907
+1.5179,-5.92403
+1.5183,-5.86006
+1.5188,-5.87761
+1.5192,-5.84414
+1.5196,-5.71571
+1.5199,-5.58801
+1.5206,-5.66576
+1.5208,-5.43565
+1.5214,-5.37424
+1.5218,-5.21596
+1.522,-5.25463
+1.5223,-5.0706
+1.5228,-5.13775
+1.5232,-4.99293
+1.5236,-4.99655
+1.5239,-5.01399
+1.5243,-4.81812
+1.5248,-4.79367
+1.5254,-4.88101
+1.5257,-4.96811
+1.526,-5.0469
+1.5263,-5.0737
+1.5268,-5.06715
+1.5272,-4.99645
+1.5276,-4.96562
+1.528,-5.04348
+1.5283,-5.15911
+1.5288,-5.14702
+1.5292,-5.08105
+1.5296,-4.99486
+1.5299,-4.96132
+1.5303,-4.95269
+1.5308,-4.85637
+1.5312,-5.05169
+1.5316,-4.89437
+1.5319,-4.7187
+1.5323,-4.48296
+1.5328,-4.46765
+1.5332,-4.32065
+1.5336,-4.10753
+1.5341,-4.10464
+1.5344,-4.18653
+1.5348,-4.0859
+1.5352,-3.97171
+1.5357,-4.15216
+1.5359,-4.14383
+1.5363,-4.28271
+1.5368,-4.11965
+1.5372,-4.23511
+1.5376,-4.34603
+1.538,-4.29682
+1.5383,-4.32404
+1.5388,-4.32707
+1.5392,-4.35199
+1.5396,-4.31018
+1.54,-4.27809
+1.5403,-4.1323
+1.5408,-4.19092
+1.5412,-4.02907
+1.5415,-4.05392
+1.5419,-3.65282
+1.5423,-3.53367
+1.543,-3.46729
+1.5432,-3.25723
+1.5436,-3.14062
+1.544,-3.11178
+1.5443,-3.09852
+1.5448,-3.09007
+1.5453,-2.94481
+1.5456,-2.82702
+1.546,-2.98187
+1.5463,-2.97495
+1.5468,-2.78793
+1.5472,-2.68887
+1.5476,-2.6891
+1.5479,-2.64733
+1.5483,-2.60342
+1.5488,-2.59704
+1.5492,-2.64778
+1.5496,-2.38746
+1.5499,-2.49623
+1.5503,-2.41932
+1.5508,-2.48886
+1.5512,-2.41955
+1.5516,-2.34405
+1.552,-2.11133
+1.5523,-2.06881
+1.5528,-1.87285
+1.554,-1.75767
+1.5542,-1.88381
+1.5545,-1.80332
+1.5548,-1.64581
+1.5552,-1.49782
+1.5556,-1.58896
+1.556,-1.43723
+1.5563,-1.57792
+1.5568,-1.43751
+1.5572,-1.39763
+1.5576,-1.39856
+1.5579,-1.37199
+1.5583,-1.20892
+1.5588,-1.265
+1.5592,-1.34038
+1.5596,-1.24668
+1.56,-1.18897
+1.5603,-1.07133
+1.5608,-1.12237
+1.5612,-1.14576
+1.5616,-1.06375
+1.562,-0.940524
+1.5627,-0.803922
+1.5628,-0.610314
+1.5632,-0.475528
+1.5636,-0.215938
+1.5639,-0.106267
+1.5644,+0.0747367
+1.5648,+0.145204
+1.5652,+0.325472
+1.5656,+0.458279
+1.5659,+0.569924
+1.5663,+0.698519
+1.5668,+0.763921
+1.5672,+0.820588
+1.5676,+0.856719
+1.5679,+0.953549
+1.5683,+1.00643
+1.5688,+1.27592
+1.5692,+1.4998
+1.5695,+1.63667
+1.5699,+1.79349
+1.5703,+1.88751
+1.5708,+2.03308
+1.5712,+2.32954
+1.5715,+2.50156
+1.5719,+2.60382
+1.5723,+2.69159
+1.5728,+2.80744
+1.5732,+2.85382
+1.5735,+3.02211
+1.5739,+3.11748
+1.5743,+3.16803
+1.5749,+3.2343
+1.5752,+3.19584
+1.5755,+3.10398
+1.5759,+3.19282
+1.5763,+3.30799
+1.5768,+3.24303
+1.5772,+3.17602
+1.5775,+3.17227
+1.5779,+3.31784
+1.5784,+3.38423
+1.5788,+3.49034
+1.5792,+3.69157
+1.5795,+3.91489
+1.5799,+3.90831
+1.5803,+3.98403
+1.5808,+4.21931
+1.5812,+4.36086
+1.5817,+4.39404
+1.5819,+4.39026
+1.5823,+4.41723
+1.5828,+4.51404
+1.5832,+4.52627
+1.5835,+4.47444
+1.5839,+4.4834
+1.5843,+4.50701
+1.5848,+4.39683
+1.5852,+4.47137
+1.5855,+4.61441
+1.5859,+4.58923
+1.5863,+4.72809
+1.5868,+4.67046
+1.5872,+4.59781
+1.5875,+4.60259
+1.5879,+4.71891
+1.5883,+4.63262
+1.5888,+4.70417
+1.5894,+4.76663
+1.5897,+4.72583
+1.5901,+4.62978
+1.5904,+4.63407
+1.5908,+4.61566
+1.5912,+4.63954
+1.5915,+4.67107
+1.5919,+4.69269
+1.5923,+4.76976
+1.5928,+4.72246
+1.5932,+4.64368
+1.5935,+4.6285
+1.5939,+4.63746
+1.5943,+4.56615
+1.5948,+4.59597
+1.5952,+4.5773
+1.5955,+4.54428
+1.5959,+4.41971
+1.5963,+4.4143
+1.5968,+4.47888
+1.5972,+4.35948
+1.5975,+4.2833
+1.5979,+4.35731
+1.5983,+4.39413
+1.5988,+4.38363
+1.5992,+4.44427
+1.5995,+4.48374
+1.5999,+4.55101
+1.6003,+4.63717
+1.6008,+4.52164
+1.6012,+4.85153
+1.6015,+4.83219
+1.6019,+4.89423
+1.6023,+4.70753
+1.6028,+4.69876
+1.6032,+4.73649
+1.6035,+4.5953
+1.6039,+4.63522
+1.6043,+4.52458
+1.6047,+4.53637
+1.6053,+4.21343
+1.6056,+4.20818
+1.6059,+4.18014
+1.6063,+4.26845
+1.6068,+4.2692
+1.6074,+4.40117
+1.6076,+4.39008
+1.6079,+4.35232
+1.6083,+4.88919
+1.6088,+4.95858
+1.6092,+5.27579
+1.6095,+5.55471
+1.6099,+5.41612
+1.6103,+5.40624
+1.6108,+5.36274
+1.6112,+5.07953
+1.6115,+5.33652
+1.6119,+5.29238
+1.6123,+5.19487
+1.6128,+5.17934
+1.6132,+4.89595
+1.6135,+4.50916
+1.6139,+4.48068
+1.6143,+4.46703
+1.6148,+4.58684
+1.6152,+4.74452
+1.6156,+4.43877
+1.616,+4.39918
+1.6163,+4.59399
+1.6168,+4.69617
+1.6172,+4.71649
+1.6175,+4.54581
+1.6179,+4.52863
+1.6183,+4.34212
+1.6188,+4.38953
+1.6192,+4.11284
+1.6195,+4.11674
+1.6199,+3.92569
+1.6203,+3.63382
+1.6207,+3.24664
+1.6212,+3.0334
+1.6215,+3.04904
+1.6219,+2.89056
+1.6223,+2.8813
+1.6228,+2.50766
+1.6232,+2.37697
+1.6235,+2.13503
+1.6239,+2.27962
+1.6243,+2.06451
+1.6247,+2.01635
+1.6252,+1.91311
+1.6255,+1.84611
+1.6259,+1.81249
+1.6263,+1.72932
+1.6267,+1.56562
+1.6272,+1.43841
+1.6275,+1.41128
+1.6279,+1.10347
+1.6283,+0.989336
+1.6287,+0.83161
+1.6292,+0.717207
+1.6295,+0.581579
+1.63,+0.295166
+1.6304,+0.344337
+1.6308,+0.213843
+1.6312,+0.121799
+1.6315,-0.099793
+1.6319,-0.171897
+1.6323,-0.191741
+1.6327,-0.262636
+1.6332,-0.445515
+1.6335,-0.401298
+1.6339,-0.410758
+1.6343,-0.76908
+1.6348,-0.804669
+1.6352,-0.852529
+1.6355,-0.835241
+1.6362,-0.942034
+1.6365,-1.08326
+1.6368,-1.01731
+1.6372,-1.18014
+1.6375,-1.47241
+1.6379,-1.59627
+1.6383,-1.60622
+1.6388,-1.79818
+1.6392,-1.83031
+1.6395,-1.93563
+1.6399,-1.91389
+1.6403,-1.98414
+1.6408,-2.18187
+1.6412,-2.18315
+1.6415,-2.13204
+1.6419,-2.11506
+1.6423,-2.24006
+1.6428,-2.20262
+1.6432,-2.35621
+1.6435,-2.42104
+1.6439,-2.63962
+1.6443,-2.67286
+1.6447,-2.87154
+1.6452,-2.87002
+1.6455,-2.9491
+1.6459,-3.07985
+1.6463,-3.17847
+1.6468,-3.37708
+1.6472,-3.4602
+1.6475,-3.56082
+1.6479,-3.80073
+1.6484,-3.88483
+1.6488,-3.99687
+1.6492,-4.06694
+1.6495,-4.26148
+1.6499,-4.50489
+1.6503,-4.79425
+1.6508,-4.86671
+1.6512,-5.04315
+1.6516,-5.25997
+1.6519,-5.24174
+1.6523,-5.41775
+1.6527,-5.57604
+1.6532,-5.82414
+1.6536,-5.86411
+1.6539,-6.03445
+1.6543,-6.19492
+1.6548,-6.50181
+1.6552,-6.66389
+1.6564,-6.96717
+1.6566,-7.24746
+1.657,-7.58418
+1.6572,-7.80945
+1.6575,-8.12427
+1.6579,-8.51863
+1.6583,-8.58529
+1.6588,-8.66391
+1.6592,-8.70436
+1.6595,-8.79231
+1.6599,-8.78419
+1.6603,-8.94402
+1.6607,-8.92544
+1.6612,-8.97761
+1.6615,-9.0544
+1.6619,-9.02557
+1.6623,-9.08399
+1.6627,-9.04997
+1.6632,-9.32405
+1.6635,-9.55618
+1.6639,-9.63573
+1.6643,-9.63588
+1.6649,-9.83332
+1.6652,-9.992
+1.6656,-10.0133
+1.6659,-10.3153
+1.6663,-10.4181
+1.6668,-10.4541
+1.6672,-10.449
+1.6675,-10.4905
+1.6679,-10.6687
+1.6683,-10.8626
+1.6687,-10.8738
+1.6692,-10.8541
+1.6695,-10.9784
+1.6699,-10.888
+1.6703,-10.9884
+1.6708,-11.2768
+1.6712,-11.3279
+1.6715,-11.3605
+1.6719,-11.3751
+1.6723,-11.3623
+1.6728,-11.3896
+1.6732,-11.5407
+1.6735,-11.6128
+1.6739,-11.7574
+1.6743,-11.9457
+1.6747,-11.9911
+1.6752,-12.0228
+1.6755,-12.136
+1.6759,-12.2585
+1.6763,-12.386
+1.6767,-12.4984
+1.6772,-12.5931
+1.6775,-12.7219
+1.6779,-12.7988
+1.6783,-12.7408
+1.6787,-12.8086
+1.6792,-12.9861
+1.6795,-13.0943
+1.6799,-13.2364
+1.6803,-13.2734
+1.6807,-13.4667
+1.6812,-13.6038
+1.6815,-13.7359
+1.6819,-13.8076
+1.6823,-14.0092
+1.6827,-14.2516
+1.6832,-14.4115
+1.6837,-14.7234
+1.684,-14.8883
+1.6843,-15.1682
+1.6847,-15.3802
+1.6852,-15.5624
+1.6855,-15.6638
+1.686,-15.9773
+1.6863,-16.1276
+1.6868,-16.2447
+1.6872,-16.2958
+1.6875,-16.1649
+1.6879,-16.1953
+1.6883,-16.2405
+1.6888,-16.4028
+1.6892,-16.4032
+1.6895,-16.4967
+1.6899,-16.4728
+1.6903,-16.5801
+1.6907,-16.7006
+1.6912,-16.7985
+1.6915,-17.0205
+1.6919,-17.1592
+1.6923,-17.2429
+1.6927,-17.202
+1.6932,-17.325
+1.6935,-17.5027
+1.6939,-17.6867
+1.6943,-17.8904
+1.6947,-17.9444
+1.6952,-18.1391
+1.6955,-18.3138
+1.6959,-18.4205
+1.6963,-18.5453
+1.6968,-18.7909
+1.6972,-18.9498
+1.6975,-19.0394
+1.6979,-19.0978
+1.6983,-19.116
+1.6987,-19.2335
+1.6992,-19.325
+1.6995,-19.5123
+1.6999,-19.5858
+1.7003,-19.8153
+1.7007,-19.8406
+1.7012,-20.0194
+1.7015,-20.2276
+1.7019,-20.3091
+1.7023,-20.4697
+1.7027,-20.4798
+1.7032,-20.5681
+1.7035,-20.5895
+1.7039,-20.6986
+1.7043,-20.7244
+1.7047,-20.8484
+1.7052,-20.8187
+1.7055,-20.8011
+1.7059,-21.0986
+1.7063,-21.2125
+1.7068,-21.4561
+1.7074,-21.5284
+1.7076,-21.6757
+1.7079,-21.8384
+1.7083,-21.9888
+1.7087,-22.083
+1.7092,-22.2275
+1.7096,-22.3723
+1.7101,-22.4803
+1.7104,-22.4405
+1.7109,-22.5717
+1.7113,-22.8322
+1.7116,-22.9333
+1.7119,-22.9516
+1.7124,-22.9897
+1.7127,-23.1035
+1.7132,-23.2708
+1.7135,-23.3672
+1.7139,-23.4026
+1.7143,-23.6915
+1.7147,-23.8078
+1.7152,-23.738
+1.7155,-23.7964
+1.7159,-23.9071
+1.7164,-24.1922
+1.7167,-24.4732
+1.7172,-24.4208
+1.7176,-24.481
+1.7179,-24.5624
+1.7183,-24.6292
+1.7187,-24.573
+1.7192,-24.8683
+1.7195,-24.8906
+1.7199,-24.9777
+1.7203,-24.8539
+1.7207,-24.5869
+1.7212,-24.7223
+1.7215,-24.6596
+1.7219,-24.6321
+1.7223,-24.6455
+1.7227,-24.7631
+1.7232,-24.7541
+1.7235,-24.9708
+1.7239,-25.0249
+1.7243,-25.1423
+1.7247,-25.3693
+1.7252,-25.4214
+1.7255,-25.6476
+1.7259,-25.7267
+1.7263,-25.5947
+1.7268,-25.6278
+1.7272,-25.529
+1.7275,-25.3842
+1.7279,-25.3412
+1.7283,-25.3875
+1.7287,-25.2996
+1.7292,-25.279
+1.7295,-25.3154
+1.7299,-25.2969
+1.7303,-25.4187
+1.7308,-25.3571
+1.7312,-25.3366
+1.7315,-25.4553
+1.732,-25.5476
+1.7323,-25.4537
+1.7327,-25.4919
+1.7332,-25.5918
+1.7335,-25.6522
+1.7339,-25.6517
+1.7343,-25.9375
+1.7347,-26.0737
+1.7352,-26.0468
+1.7355,-25.9538
+1.7359,-26.0148
+1.7363,-26.085
+1.7367,-26.2477
+1.7372,-26.2329
+1.7375,-26.1614
+1.7379,-26.1938
+1.7383,-26.0775
+1.7387,-26.1555
+1.7392,-26.2836
+1.7395,-26.3689
+1.74,-26.4025
+1.7404,-26.3483
+1.7407,-26.1915
+1.7412,-26.1772
+1.7415,-26.189
+1.7419,-26.2264
+1.7423,-26.1327
+1.7427,-26.0253
+1.7432,-26.0418
+1.7435,-25.8734
+1.7439,-25.8011
+1.7443,-25.8448
+1.7447,-25.7679
+1.7452,-25.8222
+1.7455,-25.7367
+1.7459,-25.5802
+1.7463,-25.505
+1.7468,-25.5006
+1.7472,-25.3418
+1.7475,-25.3484
+1.7479,-25.2582
+1.7483,-25.1613
+1.7487,-25.1901
+1.7492,-25.0735
+1.7496,-24.9168
+1.7499,-24.8853
+1.7503,-24.7775
+1.7507,-24.5847
+1.7512,-24.5021
+1.7515,-24.5157
+1.7519,-24.4428
+1.7523,-24.2967
+1.7527,-24.1177
+1.7532,-23.9593
+1.7536,-23.9994
+1.7539,-23.8829
+1.7543,-23.8151
+1.7547,-23.7018
+1.7552,-23.5807
+1.7555,-23.4176
+1.756,-23.3345
+1.7563,-23.2489
+1.7567,-23.255
+1.7573,-23.0349
+1.7578,-22.8486
+1.7588,-22.7857
+1.7589,-22.5623
+1.7593,-22.4062
+1.7596,-22.3755
+1.7599,-22.2033
+1.7603,-21.9871
+1.7607,-21.8865
+1.7612,-21.7448
+1.7615,-21.8029
+1.7619,-21.7182
+1.7623,-21.6303
+1.7627,-21.6032
+1.7632,-21.5962
+1.7635,-21.5868
+1.7639,-21.5963
+1.7643,-21.6923
+1.7647,-21.6266
+1.7652,-21.5272
+1.7655,-21.4261
+1.7659,-21.3945
+1.7663,-21.2096
+1.7667,-21.2555
+1.7672,-21.1151
+1.7675,-20.8983
+1.7679,-20.821
+1.7683,-20.6785
+1.7687,-20.612
+1.7692,-20.588
+1.7695,-20.5569
+1.7699,-20.4479
+1.7703,-20.4791
+1.7707,-20.2322
+1.7712,-20.314
+1.7715,-20.3906
+1.7719,-20.3586
+1.7723,-20.2444
+1.7727,-20.1728
+1.7732,-20.0445
+1.7735,-20.0105
+1.7739,-19.9428
+1.7743,-19.8189
+1.7747,-19.8892
+1.7752,-19.7119
+1.7758,-19.6025
+1.776,-19.4243
+1.7763,-19.2996
+1.7767,-19.1332
+1.7772,-19.1384
+1.7775,-18.973
+1.778,-18.9623
+1.7783,-18.8898
+1.7787,-18.8159
+1.7792,-18.8117
+1.7795,-18.7269
+1.7799,-18.6097
+1.7803,-18.5306
+1.7807,-18.5314
+1.7812,-18.4165
+1.7815,-18.3225
+1.7819,-18.0958
+1.7823,-18.0969
+1.7827,-18.0767
+1.7832,-17.9631
+1.7835,-17.8308
+1.7839,-17.8114
+1.7843,-17.8586
+1.7847,-17.8471
+1.7852,-17.8001
+1.7855,-17.7454
+1.7859,-17.7597
+1.7863,-17.6045
+1.7867,-17.4843
+1.7872,-17.3375
+1.7875,-17.2869
+1.7879,-17.1654
+1.7883,-17.0247
+1.7887,-16.8849
+1.7892,-16.8838
+1.7895,-16.8419
+1.7899,-16.7208
+1.7903,-16.7576
+1.7907,-16.579
+1.7912,-16.5662
+1.7915,-16.5658
+1.7919,-16.634
+1.7923,-16.6429
+1.7927,-16.5489
+1.7932,-16.378
+1.7935,-16.286
+1.7939,-16.2018
+1.7943,-16.1148
+1.7947,-16.005
+1.7952,-15.9573
+1.7955,-15.6926
+1.7959,-15.5512
+1.7963,-15.3587
+1.7967,-15.3523
+1.7972,-15.2905
+1.7975,-15.2424
+1.7979,-15.2389
+1.7983,-15.1158
+1.7987,-15.1661
+1.7994,-15.1186
+1.7996,-15.167
+1.7999,-15.2017
+1.8003,-15.21
+1.8007,-15.172
+1.8012,-15.0695
+1.8015,-14.9552
+1.8019,-14.8605
+1.8023,-14.8203
+1.8027,-14.7626
+1.8032,-14.675
+1.8035,-14.6781
+1.804,-14.5662
+1.8043,-14.4707
+1.8047,-14.3532
+1.8052,-14.3055
+1.8056,-14.3261
+1.8061,-14.3011
+1.8063,-14.3536
+1.8067,-14.3063
+1.8072,-14.2695
+1.8076,-14.2526
+1.8079,-14.1793
+1.8083,-14.1938
+1.8089,-14.2642
+1.8092,-14.3596
+1.8095,-14.35
+1.8099,-14.3896
+1.8103,-14.3817
+1.8107,-14.3639
+1.8112,-14.4239
+1.8115,-14.4978
+1.8119,-14.5912
+1.8123,-14.573
+1.8127,-14.6326
+1.8132,-14.6082
+1.8136,-14.6572
+1.8139,-14.6206
+1.8143,-14.6058
+1.8147,-14.663
+1.8152,-14.6848
+1.8155,-14.6128
+1.8159,-14.6411
+1.8163,-14.7541
+1.8167,-14.8327
+1.8172,-14.971
+1.8175,-15.0637
+1.8179,-15.1906
+1.8183,-15.2544
+1.8187,-15.3461
+1.8192,-15.3406
+1.8195,-15.4378
+1.8199,-15.4089
+1.8203,-15.5517
+1.8207,-15.4363
+1.8212,-15.3743
+1.8215,-15.2645
+1.8219,-15.3296
+1.8223,-15.3445
+1.8227,-15.2586
+1.8232,-15.1844
+1.8235,-15.1894
+1.8239,-15.2436
+1.8243,-15.1282
+1.8247,-15.1054
+1.8252,-15.1462
+1.8255,-15.1817
+1.8262,-15.1123
+1.8264,-15.0926
+1.8267,-15.193
+1.8272,-15.274
+1.8275,-15.3368
+1.8279,-15.2656
+1.8283,-15.2948
+1.8287,-15.3849
+1.8292,-15.3803
+1.8295,-15.4193
+1.8299,-15.3704
+1.8303,-15.2236
+1.8307,-15.1053
+1.8312,-15.1758
+1.8315,-15.1569
+1.8319,-15.1571
+1.8323,-15.0872
+1.8327,-15.0738
+1.8332,-14.9778
+1.8337,-14.9857
+1.8339,-14.9568
+1.8343,-14.9817
+1.8347,-14.9823
+1.8352,-14.8749
+1.8355,-14.7517
+1.8359,-14.7185
+1.8363,-14.611
+1.8367,-14.4965
+1.8372,-14.5029
+1.8375,-14.4059
+1.8379,-14.3682
+1.8384,-14.3304
+1.8387,-14.3715
+1.8392,-14.4384
+1.8395,-14.3701
+1.8399,-14.3051
+1.8403,-14.4424
+1.8407,-14.5056
+1.8412,-14.4585
+1.8415,-14.3771
+1.8419,-14.4171
+1.8423,-14.3851
+1.8427,-14.3341
+1.8432,-14.2153
+1.8435,-14.1802
+1.8439,-14.2253
+1.8443,-14.098
+1.8447,-13.9975
+1.8452,-13.9686
+1.8455,-13.9719
+1.8459,-13.9144
+1.8463,-13.8623
+1.8467,-13.7633
+1.8472,-13.7291
+1.8476,-13.6275
+1.8479,-13.6665
+1.8483,-13.6058
+1.8487,-13.5946
+1.8492,-13.5239
+1.8495,-13.5405
+1.8499,-13.4927
+1.8503,-13.542
+1.8508,-13.5369
+1.8512,-13.495
+1.8517,-13.5198
+1.8519,-13.3757
+1.8523,-13.3822
+1.8527,-13.347
+1.8532,-13.3865
+1.8535,-13.2852
+1.8539,-13.3152
+1.8543,-13.1801
+1.8547,-13.2125
+1.8552,-13.1974
+1.8556,-13.1187
+1.8561,-13.2334
+1.8563,-13.2881
+1.8567,-13.3348
+1.8572,-13.3208
+1.8575,-13.3009
+1.8579,-13.1527
+1.8583,-13.2275
+1.8587,-13.1777
+1.8592,-13.1963
+1.8596,-13.1936
+1.8599,-13.1625
+1.8612,-13.0873
+1.8615,-12.999
+1.8617,-12.9237
+1.8619,-12.911
+1.8623,-13.0951
+1.8627,-13.1014
+1.8632,-13.1819
+1.8636,-13.0724
+1.8639,-13.0677
+1.8643,-12.8403
+1.8647,-12.7222
+1.8652,-12.7646
+1.8655,-12.7522
+1.8659,-12.7262
+1.8663,-12.4342
+1.8667,-12.3237
+1.8672,-12.1221
+1.8676,-12.1575
+1.8679,-12.2122
+1.8684,-12.398
+1.8687,-12.4046
+1.8692,-12.3145
+1.8695,-12.3487
+1.8699,-12.2546
+1.8703,-12.2902
+1.8707,-12.3368
+1.8712,-12.3428
+1.8716,-12.3439
+1.8719,-12.2747
+1.8723,-12.1183
+1.8727,-12.1262
+1.8732,-11.9455
+1.8735,-11.8963
+1.8739,-11.8157
+1.8743,-11.7244
+1.8747,-11.6231
+1.8752,-11.6374
+1.8755,-11.5602
+1.8759,-11.4651
+1.8763,-11.286
+1.8767,-11.2193
+1.8772,-11.2675
+1.8776,-11.0575
+1.8779,-11.2291
+1.8783,-11.25
+1.8787,-11.1529
+1.8792,-10.9803
+1.8795,-10.906
+1.8799,-10.9817
+1.8803,-11.1426
+1.8807,-11.0785
+1.8812,-11.0675
+1.8816,-11.065
+1.8819,-10.9414
+1.8823,-10.9963
+1.8827,-11.015
+1.8832,-10.9514
+1.8835,-10.8329
+1.8839,-10.6906
+1.8844,-10.5458
+1.8847,-10.42
+1.885,-10.385
+1.8856,-10.3042
+1.8859,-10.2304
+1.8863,-10.0932
+1.8867,-10.0387
+1.887,-10.1313
+1.888,-10.2346
+1.8882,-10.2174
+1.8886,-10.1923
+1.8888,-10.1797
+1.8892,-10.0118
+1.8896,-10.0411
+1.8899,-9.99419
+1.8903,-10.0099
+1.8907,-9.99107
+1.8913,-9.85737
+1.8915,-9.68965
+1.8919,-9.64046
+1.8923,-9.6849
+1.8927,-9.80021
+1.8932,-9.84618
+1.8936,-9.84586
+1.8939,-9.86544
+1.8943,-9.75699
+1.8947,-9.83726
+1.8952,-9.86217
+1.8956,-9.86269
+1.8962,-9.86206
+1.8964,-9.87154
+1.8967,-9.69016
+1.8972,-9.77505
+1.8976,-9.78758
+1.8979,-9.7455
+1.8986,-9.80932
+1.8988,-9.65175
+1.8994,-9.65061
+1.8996,-9.70375
+1.8999,-9.74217
+1.9003,-9.64151
+1.9007,-9.66048
+1.9012,-9.59911
+1.9016,-9.55417
+1.9019,-9.64615
+1.9023,-9.63225
+1.9027,-9.77111
+1.9032,-9.82067
+1.9036,-9.78357
+1.9039,-9.80771
+1.9043,-9.79534
+1.9047,-9.79558
+1.9052,-9.74638
+1.9057,-9.85489
+1.9059,-9.69068
+1.9063,-9.71198
+1.9067,-9.50791
+1.9072,-9.49992
+1.9076,-9.56336
+1.9079,-9.47026
+1.9083,-9.45254
+1.9087,-9.51488
+1.9092,-9.62565
+1.9096,-9.58532
+1.9099,-9.65277
+1.9103,-9.62701
+1.9107,-9.85482
+1.9112,-9.85643
+1.9116,-9.74185
+1.9119,-9.80979
+1.9123,-9.90369
+1.9127,-9.95474
+1.9132,-9.8634
+1.9136,-9.77766
+1.9139,-9.8057
+1.9143,-9.8231
+1.9147,-9.68238
+1.9152,-9.61831
+1.9156,-9.63411
+1.9159,-9.47554
+1.9163,-9.52065
+1.9167,-9.37935
+1.9172,-9.41228
+1.9175,-9.39218
+1.9179,-9.44814
+1.9183,-9.47633
+1.9187,-9.46926
+1.9192,-9.46721
+1.9196,-9.49509
+1.9199,-9.62561
+1.9203,-9.50058
+1.9207,-9.58628
+1.9212,-9.58101
+1.9216,-9.6418
+1.9219,-9.49187
+1.9223,-9.542
+1.9227,-9.56715
+1.9232,-9.56111
+1.9236,-9.57001
+1.9239,-9.4921
+1.9243,-9.56653
+1.9247,-9.5255
+1.9252,-9.46313
+1.9256,-9.4654
+1.9259,-9.4509
+1.9263,-9.38943
+1.9267,-9.38103
+1.9271,-9.37733
+1.9276,-9.26215
+1.9279,-9.35627
+1.9283,-9.2308
+1.9287,-9.31333
+1.9292,-9.31619
+1.9296,-9.27077
+1.9299,-9.32327
+1.9303,-9.26691
+1.9307,-9.196
+1.9312,-9.15975
+1.9316,-9.24701
+1.9319,-9.0239
+1.9323,-9.07265
+1.9327,-8.96848
+1.9331,-8.9203
+1.9337,-8.81011
+1.9339,-8.74097
+1.9349,-8.72655
+1.9351,-8.70843
+1.9353,-8.71183
+1.9356,-8.76855
+1.9359,-8.81069
+1.9363,-8.73679
+1.9367,-8.83521
+1.9374,-8.83948
+1.9376,-8.96211
+1.9379,-8.97456
+1.9383,-8.95427
+1.9387,-8.98861
+1.939,-8.95697
+1.9397,-8.83828
+1.9399,-8.82203
+1.9403,-8.80071
+1.9407,-8.70926
+1.9411,-8.68554
+1.943,-8.67559
+1.9432,-8.62536
+1.9436,-8.50052
+1.9439,-8.55132
+1.9443,-8.55796
+1.9447,-8.40558
+1.9452,-8.41876
+1.9456,-8.40818
+1.9459,-8.3458
+1.9463,-8.26313
+1.9467,-8.05234
+1.947,-8.06009
+1.9476,-8.08497
+1.9479,-8.04121
+1.9483,-8.05522
+1.9487,-8.30061
+1.9491,-8.28878
+1.9496,-8.36674
+1.9499,-8.37133
+1.9503,-8.4757
+1.9507,-8.63202
+1.9511,-8.68585
+1.9516,-8.7832
+1.9519,-8.74636
+1.9523,-8.79888
+1.9527,-8.6299
+1.9531,-8.51932
+1.9536,-8.44137
+1.9539,-8.53081
+1.9543,-8.44862
+1.9547,-8.41199
+1.9551,-8.36949
+1.9556,-8.29871
+1.9559,-8.32931
+1.9563,-8.27723
+1.9567,-8.37867
+1.9571,-8.38278
+1.9576,-8.36849
+1.9579,-8.31039
+1.9584,-8.43512
+1.9587,-8.45536
+1.959,-8.45305
+1.9596,-8.45724
+1.9599,-8.32001
+1.9603,-8.27975
+1.9607,-8.29688
+1.9611,-8.48096
+1.9616,-8.42732
+1.9619,-8.33714
+1.9624,-8.13311
+1.9627,-8.00407
+1.9636,-7.83903
+1.9638,-7.75959
+1.964,-7.80553
+1.9643,-7.71429
+1.9647,-7.65404
+1.965,-7.53783
+1.9656,-7.47012
+1.9659,-7.43678
+1.9663,-7.43802
+1.9667,-7.39381
+1.9671,-7.47239
+1.9676,-7.45754
+1.9679,-7.37716
+1.9683,-7.35805
+1.9687,-7.25313
+1.9691,-7.22821
+1.9696,-7.19614
+1.9701,-7.11938
+1.9703,-7.08063
+1.9707,-7.22348
+1.9711,-7.31237
+1.9716,-7.27456
+1.9719,-7.26645
+1.9723,-7.11362
+1.9727,-7.10279
+1.9732,-7.03199
+1.9736,-7.11991
+1.9739,-7.18159
+1.9743,-7.18988
+1.9747,-7.08825
+1.9751,-7.00725
+1.9756,-6.93933
+1.9759,-7.04529
+1.9763,-7.21488
+1.9767,-7.1846
+1.9771,-7.22853
+1.9776,-7.1981
+1.9779,-7.14577
+1.9783,-7.20938
+1.9787,-7.23146
+1.9792,-7.15989
+1.9797,-7.21952
+1.9799,-7.13823
+1.9803,-7.09222
+1.981,-7.10234
+1.9814,-7.06064
+1.9816,-7.03334
+1.9819,-7.02046
+1.9823,-6.94493
+1.9827,-6.88647
+1.983,-6.91162
+1.9835,-6.91848
+1.9839,-6.87619
+1.9843,-6.82575
+1.9847,-6.61553
+1.9851,-6.62269
+1.9856,-6.59464
+1.9859,-6.56767
+1.9863,-6.48224
+1.9867,-6.3677
+1.9871,-6.28403
+1.9876,-6.27
+1.9879,-6.26584
+1.9883,-6.32252
+1.9887,-6.50881
+1.9893,-6.49391
+1.9896,-6.49843
+1.99,-6.34642
+1.9904,-6.45395
+1.9909,-6.51808
+1.9912,-6.51133
+1.9916,-6.41889
+1.992,-6.38339
+1.9923,-6.14064
+1.9927,-6.06354
+1.9931,-6.01777
+1.9936,-6.03074
+1.9939,-6.13404
+1.9943,-6.07446
+1.9947,-6.04096
+1.9951,-5.90578
+1.9956,-5.87018
+1.9959,-5.91341
+1.9963,-6.18858
+1.9967,-6.32024
+1.9971,-6.28114
+1.9976,-6.20426
+1.9979,-6.19803
+1.9983,-6.14672
+1.9987,-6.13532
+1.9991,-5.65019
+1.9996,-5.09237
+1.9999,-4.40507
+2.0003,-3.66899
