+0,+7.05618
+0.00038,+8.54355
+0.00075,+10.0608
+0.00112,+11.5666
+0.00162,+12.9332
+0.002,+14.3954
+0.00238,+14.5284
+0.00275,+14.4593
+0.00313,+14.8143
+0.00363,+14.8687
+0.004,+15.0399
+0.00437,+15.1126
+0.00475,+15.1501
+0.00513,+15.2054
+0.00562,+15.3913
+0.006,+15.5927
+0.00637,+15.6799
+0.00674,+15.9036
+0.00713,+15.8532
+0.00762,+16.1437
+0.00799,+16.4214
+0.00838,+16.6836
+0.00875,+16.8822
+0.00912,+17.1671
+0.00962,+17.3176
+0.01001,+17.5665
+0.01037,+17.7693
+0.011,+18.0098
+0.01129,+18.1265
+0.01175,+18.1805
+0.01203,+18.3354
+0.0125,+18.4053
+0.01287,+18.6016
+0.01314,+18.5605
+0.01363,+18.831
+0.014,+18.7688
+0.01437,+18.8982
+0.01474,+19.0772
+0.01513,+19.294
+0.01562,+19.354
+0.016,+19.4097
+0.01637,+19.5336
+0.01675,+19.6753
+0.01713,+19.8841
+0.01762,+19.9848
+0.01801,+20.2373
+0.01838,+20.3966
+0.01875,+20.6069
+0.01913,+20.576
+0.01963,+20.7257
+0.02001,+20.8737
+0.02038,+21.0859
+0.02075,+21.1514
+0.02114,+21.3489
+0.0215,+21.3191
+0.022,+21.4731
+0.02238,+21.4072
+0.02275,+21.348
+0.02313,+21.5144
+0.02362,+21.6116
+0.024,+21.7045
+0.02438,+21.7693
+0.02475,+21.9377
+0.02512,+21.9861
+0.02549,+22.1502
+0.026,+22.0924
+0.02637,+22.2976
+0.02674,+22.4452
+0.02715,+22.5453
+0.02752,+22.7417
+0.028,+22.9231
+0.02837,+22.9465
+0.02875,+22.8889
+0.02912,+23.1578
+0.0295,+23.1737
+0.03003,+23.3366
+0.03038,+23.4027
+0.03075,+23.3863
+0.03113,+23.5315
+0.03149,+23.5998
+0.032,+23.5035
+0.03238,+23.5579
+0.03288,+23.7513
+0.03315,+23.7277
+0.03363,+24.0769
+0.034,+24.1376
+0.03602,+24.2403
+0.03635,+24.0823
+0.03663,+23.7328
+0.03682,+23.316
+0.03714,+23.0841
+0.03763,+23.3149
+0.038,+22.9506
+0.03838,+23.0498
+0.03875,+22.6411
+0.03914,+22.7406
+0.03963,+22.7718
+0.04001,+23.2808
+0.04038,+23.7928
+0.04076,+24.2903
+0.04113,+24.7577
+0.0415,+24.2919
+0.042,+24.7397
+0.04238,+24.1134
+0.04275,+24.4921
+0.04313,+24.1695
+0.0435,+24.1885
+0.044,+23.6388
+0.04438,+23.1109
+0.04475,+22.6392
+0.04512,+22.1705
+0.04549,+22.4631
+0.046,+21.963
+0.04638,+22.143
+0.04675,+22.0603
+0.04713,+22.3947
+0.04749,+22.3432
+0.048,+22.6692
+0.04838,+22.6579
+0.04875,+23.1428
+0.04912,+23.0951
+0.04949,+22.7235
+0.05002,+23.2013
+0.05038,+23.4042
+0.05076,+22.777
+0.05113,+22.2268
+0.0515,+21.8575
+0.052,+21.8479
+0.05237,+22.1974
+0.05275,+22.001
+0.05313,+21.8907
+0.05349,+22.0136
+0.05401,+21.8638
+0.05439,+21.8592
+0.05475,+21.905
+0.05515,+22.1955
+0.0555,+22.1886
+0.05601,+22.0266
+0.05638,+21.8047
+0.05675,+21.6323
+0.05713,+21.498
+0.05749,+21.1708
+0.05801,+21.0051
+0.05898,+20.378
+0.05916,+20.6248
+0.0595,+20.5903
+0.06001,+20.6754
+0.06037,+20.4782
+0.06075,+20.3194
+0.06112,+19.804
+0.06149,+19.9756
+0.062,+20.1573
+0.06238,+19.9521
+0.06275,+20.115
+0.06313,+19.907
+0.0635,+19.6579
+0.064,+19.3434
+0.06438,+19.0002
+0.06475,+18.7602
+0.06513,+18.9469
+0.0655,+18.7371
+0.066,+18.4869
+0.06638,+18.1442
+0.06675,+18.0045
+0.06714,+17.7412
+0.0675,+17.4823
+0.068,+17.107
+0.06837,+17.0035
+0.06875,+16.8012
+0.06914,+16.5053
+0.06963,+15.9346
+0.07001,+15.6737
+0.07038,+15.5064
+0.07075,+14.9497
+0.07114,+14.7924
+0.0715,+14.4988
+0.072,+14.4377
+0.07238,+14.1872
+0.07275,+13.7476
+0.07313,+13.4818
+0.0735,+13.3854
+0.074,+13.2679
+0.07438,+12.9575
+0.07475,+13.0571
+0.07513,+12.5357
+0.0755,+11.9546
+0.076,+11.4446
+0.07638,+11.3346
+0.07676,+11.2965
+0.07713,+11.0139
+0.0775,+10.7946
+0.078,+10.1796
+0.07838,+9.93587
+0.07876,+9.65737
+0.07913,+9.74778
+0.0795,+9.86725
+0.08002,+9.79724
+0.08038,+9.5532
+0.08076,+9.3695
+0.08114,+9.16434
+0.0815,+8.95762
+0.08201,+8.81841
+0.08238,+8.57818
+0.08275,+8.24112
+0.08312,+7.73422
+0.0835,+7.50192
+0.084,+7.26708
+0.08437,+6.65312
+0.08475,+6.28117
+0.08512,+6.08645
+0.0855,+5.99448
+0.086,+5.80054
+0.08638,+5.47409
+0.08675,+5.3006
+0.08713,+5.07374
+0.0875,+4.41032
+0.088,+3.92196
+0.08838,+3.72331
+0.08888,+3.43296
+0.08914,+2.97268
+0.0895,+2.68437
+0.09001,+2.37349
+0.09038,+1.89968
+0.09075,+1.43864
+0.09113,+1.19514
+0.0915,+0.988564
+0.092,+0.649719
+0.09238,+0.456099
+0.09275,+0.166074
+0.09313,-0.0285066
+0.0935,-0.395294
+0.094,-0.808382
+0.09438,-0.831302
+0.09475,-1.06273
+0.09513,-1.46029
+0.0955,-1.64274
+0.09601,-1.68603
+0.09638,-1.92818
+0.09675,-2.25873
+0.09713,-2.5288
+0.0975,-2.85225
+0.098,-2.95078
+0.09838,-3.25367
+0.09875,-3.54596
+0.09913,-3.79639
+0.09963,-3.9221
+0.10001,-4.34894
+0.10038,-4.87407
+0.10076,-5.2256
+0.10113,-5.63601
+0.1015,-5.99721
+0.10201,-6.50184
+0.10238,-6.86539
+0.10276,-7.15569
+0.10315,-7.32974
+0.1035,-7.67813
+0.10401,-7.82891
+0.10439,-7.92719
+0.10476,-8.13639
+0.10512,-8.33133
+0.1055,-8.42054
+0.10601,-8.45475
+0.10638,-8.7534
+0.10675,-9.05169
+0.10713,-9.38225
+0.1075,-9.63053
+0.108,-10.002
+0.10837,-10.3119
+0.10875,-10.4495
+0.10912,-10.7708
+0.1095,-11.0784
+0.11001,-11.3527
+0.11038,-11.5046
+0.11075,-11.7436
+0.11114,-11.9719
+0.1115,-12.2394
+0.112,-12.3328
+0.11238,-12.59
+0.11276,-12.944
+0.11313,-12.9148
+0.1135,-13.0237
+0.114,-13.2858
+0.11438,-13.409
+0.11475,-13.508
+0.11514,-13.6087
+0.1155,-13.7966
+0.116,-14.083
+0.11638,-14.1694
+0.11676,-14.2331
+0.11714,-14.4864
+0.11751,-14.8161
+0.118,-14.9648
+0.11838,-15.1079
+0.11875,-15.1497
+0.11926,-15.2565
+0.11952,-15.2824
+0.12002,-15.4255
+0.12038,-15.5943
+0.12076,-15.7764
+0.12113,-15.8667
+0.1215,-15.9382
+0.12201,-15.9434
+0.1224,-16.2094
+0.12276,-16.4256
+0.12314,-16.6523
+0.1235,-16.8419
+0.12401,-16.8384
+0.12438,-16.799
+0.12476,-16.9456
+0.12514,-17.0065
+0.12551,-17.0083
+0.12601,-17.1775
+0.12638,-17.2034
+0.12676,-17.3029
+0.12714,-17.31
+0.12751,-17.4545
+0.12801,-17.5689
+0.12839,-17.763
+0.12876,-17.8715
+0.12915,-18.0927
+0.1295,-18.366
+0.13002,-18.4819
+0.13039,-18.5347
+0.13075,-18.7228
+0.13113,-18.8313
+0.1315,-18.7744
+0.132,-18.773
+0.13238,-18.7519
+0.13275,-18.7655
+0.13313,-18.7066
+0.1335,-18.6483
+0.134,-18.6011
+0.13438,-18.5689
+0.13475,-18.5333
+0.13515,-18.4705
+0.1355,-18.4582
+0.136,-18.3121
+0.13638,-18.1858
+0.13676,-18.1003
+0.13713,-18.1107
+0.1375,-17.9124
+0.138,-17.9221
+0.13838,-17.8246
+0.13876,-17.6909
+0.13915,-17.7274
+0.13951,-17.5831
+0.14002,-17.6096
+0.14038,-17.6296
+0.14076,-17.4342
+0.14114,-17.3386
+0.14151,-17.4161
+0.14201,-17.2372
+0.14238,-17.2168
+0.14277,-16.8411
+0.14314,-16.5589
+0.14363,-16.5079
+0.144,-16.2635
+0.14439,-16.1667
+0.14476,-15.9886
+0.14514,-15.8239
+0.14551,-15.5153
+0.14601,-15.3405
+0.14638,-15.1917
+0.14676,-15.2473
+0.14714,-15.2264
+0.14751,-15.1218
+0.14801,-15.0983
+0.14839,-14.7762
+0.14876,-14.6936
+0.14913,-14.5429
+0.14963,-14.3999
+0.15002,-14.373
+0.15039,-14.2469
+0.15076,-14.1651
+0.15116,-13.954
+0.15151,-13.9219
+0.15201,-13.8944
+0.15239,-13.859
+0.15276,-13.6977
+0.15315,-13.4794
+0.1535,-13.4082
+0.154,-13.2678
+0.15438,-13.0732
+0.15476,-12.9231
+0.15515,-12.7939
+0.1555,-12.4663
+0.15607,-12.2631
+0.15638,-12.1567
+0.15676,-12.0074
+0.15714,-11.9859
+0.15751,-11.7241
+0.158,-11.4768
+0.15839,-11.1537
+0.15876,-10.9453
+0.15914,-10.6795
+0.15951,-10.6405
+0.16014,-10.3798
+0.16042,-10.2324
+0.16138,-10.0812
+0.16156,-9.89599
+0.162,-9.8799
+0.16238,-9.63952
+0.16275,-9.72788
+0.16313,-9.57611
+0.1635,-9.6088
+0.16401,-9.30066
+0.16438,-9.17249
+0.16476,-8.93453
+0.16514,-8.88723
+0.16551,-8.61523
+0.16601,-8.38359
+0.16638,-8.27147
+0.16675,-8.05517
+0.16713,-7.99208
+0.1675,-7.80344
+0.16801,-7.65193
+0.16839,-7.59973
+0.16876,-7.35802
+0.16913,-7.03342
+0.1695,-6.88758
+0.17002,-6.77154
+0.17038,-6.53567
+0.17075,-6.32201
+0.17114,-5.85911
+0.17151,-5.68333
+0.17201,-5.58701
+0.17238,-5.30626
+0.17276,-5.07998
+0.17313,-4.98563
+0.17351,-4.82979
+0.174,-4.68563
+0.17438,-4.45332
+0.17476,-4.1992
+0.17514,-4.21097
+0.1755,-4.00883
+0.17602,-3.85668
+0.17639,-3.78452
+0.17676,-3.76177
+0.17713,-3.44876
+0.1775,-3.32382
+0.17801,-3.11526
+0.17838,-3.15054
+0.17876,-2.91409
+0.17914,-2.8058
+0.1795,-2.63867
+0.18002,-2.47964
+0.18038,-2.24598
+0.18075,-2.10735
+0.18114,-2.11443
+0.18151,-1.8488
+0.182,-1.69093
+0.18239,-1.46642
+0.18276,-1.46991
+0.18314,-1.3931
+0.1835,-1.1875
+0.18401,-0.968862
+0.18439,-0.852226
+0.18476,-0.693455
+0.18513,-0.546665
+0.1855,-0.394683
+0.18601,-0.223822
+0.18638,-0.141176
+0.18675,+0.096886
+0.18715,+0.442188
+0.18751,+0.43179
+0.18801,+0.518324
+0.1884,+0.469863
+0.18876,+0.55115
+0.18914,+0.707339
+0.18951,+0.801957
+0.19001,+0.822849
+0.19038,+1.11341
+0.19075,+1.16931
+0.19113,+1.14972
+0.1915,+1.2928
+0.192,+1.3919
+0.19239,+1.69483
+0.19276,+1.8782
+0.19313,+1.92038
+0.19351,+1.89276
+0.19401,+2.0668
+0.19439,+1.92264
+0.19477,+1.94859
+0.19514,+2.04096
+0.19551,+2.0574
+0.19602,+2.23254
+0.19639,+2.34036
+0.19676,+2.19103
+0.19713,+2.28305
+0.19751,+2.28957
+0.19801,+2.30727
+0.19838,+2.33624
+0.19876,+2.38817
+0.19914,+2.48662
+0.19951,+2.58894
+0.20001,+2.78337
+0.20038,+2.85098
+0.20076,+3.01291
+0.20113,+3.0951
+0.2015,+3.20731
+0.20201,+1.52853
+0.20239,+1.53156
+0.20276,+1.56484
+0.20314,+1.51904
+0.20351,+1.85526
+0.20401,+1.53693
+0.20439,+1.70554
+0.20476,+1.7647
+0.20513,+1.74425
+0.2055,+1.76253
+0.20601,+1.85821
+0.20638,+1.89801
+0.20677,+2.00131
+0.20714,+2.15969
+0.20751,+1.82796
+0.20801,+1.81437
+0.20838,+1.58038
+0.20876,+1.78659
+0.20914,+1.96282
+0.20951,+2.1184
+0.21001,+2.03814
+0.21039,+2.38732
+0.21076,+2.42271
+0.21114,+2.5321
+0.21151,+2.60956
+0.21202,+2.52062
+0.21239,+2.76628
+0.21276,+2.46219
+0.21313,+2.4991
+0.21351,+2.35764
+0.21402,+2.34662
+0.21439,+2.0096
+0.21476,+1.87257
+0.21514,+1.59274
+0.21552,+1.75009
+0.21601,+2.10658
+0.21638,+1.82977
+0.21676,+1.88716
+0.21714,+1.92279
+0.21751,+1.83765
+0.21802,+1.82796
+0.21839,+1.84978
+0.21876,+2.04043
+0.21914,+2.06947
+0.21951,+2.19358
+0.22003,+2.17175
+0.22038,+2.20077
+0.22076,+2.12428
+0.22114,+1.97785
+0.22152,+2.00958
+0.22201,+2.01635
+0.22239,+1.98423
+0.22276,+1.65791
+0.22314,+1.78746
+0.22351,+1.72175
+0.22401,+1.388
+0.22439,+1.22129
+0.22476,+1.21331
+0.22514,+0.99059
+0.22551,+1.12191
+0.22602,+0.986609
+0.22639,+0.91705
+0.22676,+0.900219
+0.22714,+0.576264
+0.22751,+0.374296
+0.22802,+0.543131
+0.22839,+0.512058
+0.22876,+0.542569
+0.22914,+0.526222
+0.22952,+0.357715
+0.23002,+0.572712
+0.23039,+0.581587
+0.23076,+0.585171
+0.23115,+0.513558
+0.23151,+0.489825
+0.23201,+0.158477
+0.23239,+0.151129
+0.23277,-0.0581553
+0.23314,+0.0591313
+0.23351,+0.207065
+0.23401,+0.0327853
+0.23438,-0.0659223
+0.23476,+0.18251
+0.23514,+0.338699
+0.23552,+0.262591
+0.23601,+0.259067
+0.23638,+0.119608
+0.23676,+0.188069
+0.23714,-0.0507499
+0.23751,-0.325768
+0.23801,-0.425309
+0.2384,-0.426891
+0.23877,-0.53585
+0.23914,-0.762186
+0.23951,-0.772676
+0.24002,-0.646284
+0.24039,-0.53055
+0.24077,-0.686055
+0.24114,-0.888663
+0.24151,-1.0279
+0.24202,-0.87883
+0.24239,-0.944064
+0.24277,-1.05277
+0.24314,-1.08442
+0.24352,-1.10989
+0.24401,-1.14411
+0.24439,-1.11344
+0.24476,-1.11921
+0.24514,-0.999636
+0.24551,-1.03432
+0.24601,-1.32312
+0.24639,-1.44888
+0.24676,-1.79307
+0.24714,-1.82262
+0.24752,-1.86447
+0.24801,-2.13872
+0.24839,-2.21086
+0.24876,-2.28111
+0.24914,-2.33836
+0.24951,-2.23385
+0.25002,-2.30734
+0.25038,-2.26645
+0.25076,-2.18097
+0.25127,-2.27321
+0.25153,-2.53909
+0.25201,-2.6607
+0.25239,-2.83911
+0.25277,-2.78818
+0.25314,-2.77939
+0.25352,-2.88664
+0.25402,-2.83657
+0.25439,-2.96764
+0.25476,-3.05055
+0.25514,-2.83788
+0.25552,-2.67683
+0.25602,-2.39524
+0.25639,-2.46492
+0.25676,-2.50346
+0.25713,-2.58516
+0.25751,-2.70544
+0.25801,-2.80395
+0.25846,-2.68832
+0.25877,-2.67845
+0.25914,-2.90901
+0.25953,-3.01578
+0.26002,-3.15898
+0.26039,-3.24792
+0.26077,-3.25647
+0.26114,-3.28012
+0.26152,-3.20724
+0.26201,-3.2626
+0.26239,-3.35513
+0.26276,-3.26635
+0.26378,-3.28678
+0.26396,-3.1058
+0.26418,-3.13327
+0.26443,-3.00716
+0.26476,-2.9784
+0.26514,-2.90187
+0.26551,-2.88253
+0.26601,-2.66937
+0.26639,-2.51149
+0.26676,-2.41549
+0.26714,-2.38705
+0.26752,-2.59341
+0.26801,-2.58998
+0.26839,-2.52267
+0.26876,-2.51714
+0.26914,-2.57804
+0.26951,-2.64433
+0.27002,-2.7737
+0.27039,-2.91209
+0.27076,-2.98981
+0.27127,-2.94955
+0.27153,-2.71386
+0.27201,-2.55046
+0.27239,-2.47393
+0.27276,-2.40232
+0.27314,-2.36117
+0.27352,-2.24246
+0.27402,-2.27846
+0.27439,-2.15089
+0.27476,-2.08231
+0.27513,-2.04581
+0.27552,-2.29567
+0.27601,-2.19578
+0.27639,-2.15506
+0.27676,-2.04306
+0.27714,-1.70997
+0.27751,-1.57509
+0.27801,-1.31973
+0.27839,-1.07688
+0.27877,-0.736811
+0.27914,-0.550169
+0.27951,-0.245904
+0.28003,-0.238713
+0.28039,-0.115625
+0.28076,-0.143665
+0.28114,-0.337523
+0.28152,-0.120991
+0.28202,+0.102948
+0.28239,+0.0879335
+0.28276,-0.0251683
+0.28315,+0.0169281
+0.28351,+0.0616157
+0.28401,+0.302241
+0.28438,+0.505099
+0.28476,+0.844583
+0.28513,+1.14895
+0.28552,+1.13758
+0.28601,+1.15674
+0.28639,+1.17862
+0.28677,+1.22837
+0.28714,+1.45571
+0.28752,+1.4921
+0.28802,+1.60781
+0.28839,+1.63176
+0.28876,+1.77509
+0.28913,+1.89712
+0.28952,+2.07381
+0.29002,+2.22006
+0.29039,+2.48018
+0.29077,+2.83004
+0.29114,+3.00176
+0.29151,+3.24546
+0.29215,+3.44736
+0.29241,+3.68043
+0.29276,+3.70852
+0.29314,+3.93756
+0.29352,+4.09839
+0.29389,+4.24362
+0.29439,+4.42861
+0.29476,+4.40176
+0.29514,+4.5139
+0.29552,+4.66082
+0.29589,+4.7029
+0.29639,+4.80658
+0.29676,+5.04033
+0.29714,+5.14835
+0.29752,+5.5767
+0.29789,+5.76125
+0.29839,+5.77594
+0.29877,+6.05479
+0.29915,+6.25389
+0.29951,+6.3884
+0.29988,+6.49558
+0.30039,+6.6389
+0.30077,+6.67809
+0.30114,+6.653
+0.30164,+6.48759
+0.30202,+6.52793
+0.30239,+6.69678
+0.30276,+6.67796
+0.30315,+6.7285
+0.30352,+6.94812
+0.30389,+7.12044
+0.30439,+7.19522
+0.30477,+7.51439
+0.30514,+7.72706
+0.30552,+7.80015
+0.30602,+7.91444
+0.30639,+7.98713
+0.30676,+8.14347
+0.30715,+8.15532
+0.30753,+8.20136
+0.30789,+8.25404
+0.30839,+8.32399
+0.30876,+8.10167
+0.30914,+8.22526
+0.30952,+8.21041
+0.30989,+8.6776
+0.3104,+8.72412
+0.31076,+8.73888
+0.31115,+8.79516
+0.31152,+9.01467
+0.31201,+8.97274
+0.31239,+8.91745
+0.31277,+8.99719
+0.31315,+8.86275
+0.31352,+9.06126
+0.31388,+8.69387
+0.3144,+8.71375
+0.31477,+9.06671
+0.31514,+9.08453
+0.31552,+9.20008
+0.31602,+9.55939
+0.31639,+9.57818
+0.31677,+9.67843
+0.31714,+10.1243
+0.31752,+10.2936
+0.31789,+10.6071
+0.31839,+11.0684
+0.31876,+10.9698
+0.31915,+11.3755
+0.31953,+11.3804
+0.32003,+10.9698
+0.32039,+11.2316
+0.32076,+11.0814
+0.32115,+10.9453
+0.32152,+10.9493
+0.32189,+10.8484
+0.3224,+10.6633
+0.32277,+10.6467
+0.32315,+10.4809
+0.32352,+10.3298
+0.32389,+10.5679
+0.3244,+10.365
+0.32477,+10.5492
+0.32514,+10.4927
+0.32552,+10.2558
+0.32589,+10.1288
+0.3264,+9.93986
+0.32677,+9.64866
+0.32715,+9.56235
+0.32751,+9.3439
+0.32789,+9.09479
+0.3284,+9.02596
+0.32877,+8.83556
+0.32914,+8.41066
+0.32952,+8.21549
+0.32989,+8.01921
+0.33039,+7.82387
+0.33076,+7.72754
+0.33115,+7.26195
+0.33152,+7.06977
+0.33202,+7.10663
+0.33239,+6.88241
+0.33276,+6.65093
+0.33315,+6.61467
+0.33353,+6.34887
+0.33389,+6.00662
+0.33439,+5.60876
+0.33477,+5.40512
+0.33515,+5.29768
+0.33552,+5.07231
+0.33589,+4.59238
+0.33639,+4.35498
+0.33677,+4.1898
+0.33715,+3.88696
+0.33752,+3.67773
+0.33789,+3.48021
+0.33839,+3.4653
+0.33877,+3.17734
+0.33915,+2.98835
+0.33952,+2.66845
+0.33989,+2.43079
+0.34039,+2.26172
+0.34077,+1.90054
+0.34114,+1.55816
+0.34151,+1.32467
+0.34189,+1.04534
+0.34252,+0.573506
+0.34278,+0.249037
+0.34314,-0.140981
+0.34353,-0.423282
+0.34388,-0.790146
+0.3444,-1.22079
+0.34478,-1.47508
+0.34515,-1.62359
+0.34553,-2.07243
+0.34603,-2.3305
+0.34639,-2.47226
+0.34677,-2.81611
+0.34715,-3.05536
+0.34752,-3.4354
+0.34789,-3.55074
+0.34839,-3.74247
+0.34877,-3.86101
+0.34914,-4.11165
+0.34952,-4.17624
+0.3499,-4.32346
+0.3504,-4.48657
+0.35077,-4.64764
+0.35115,-4.81923
+0.35153,-4.9186
+0.35189,-4.99548
+0.3524,-4.95881
+0.35277,-5.1911
+0.35314,-5.25284
+0.35351,-5.42894
+0.3539,-5.62604
+0.3544,-5.77685
+0.35478,-5.86386
+0.35516,-5.73765
+0.35553,-5.73215
+0.35592,-5.92234
+0.35639,-6.08705
+0.35676,-6.1768
+0.35715,-6.28911
+0.35752,-6.15863
+0.3579,-6.1009
+0.3584,-6.08138
+0.35877,-6.05978
+0.35915,-6.23487
+0.35952,-6.10299
+0.35989,-6.12281
+0.36041,-6.09893
+0.36077,-5.88538
+0.36116,-5.84045
+0.36153,-6.02189
+0.3619,-6.19097
+0.3624,-6.22154
+0.36277,-6.01359
+0.36315,-6.08251
+0.36352,-6.11095
+0.36389,-6.00073
+0.36439,-6.02822
+0.36477,-6.16574
+0.36515,-5.99835
+0.36618,-5.90236
+0.36645,-5.50785
+0.36666,-5.43866
+0.36685,-5.51526
+0.36715,-5.2709
+0.36752,-5.23776
+0.36801,-5.00579
+0.3684,-4.8721
+0.36877,-4.45148
+0.36914,-4.31514
+0.36951,-4.03361
+0.36989,-3.96657
+0.37039,-3.61608
+0.37077,-3.39777
+0.37114,-2.94707
+0.37151,-2.39623
+0.37188,-2.20193
+0.37239,-1.89811
+0.37289,-1.94802
+0.37315,-1.84179
+0.37352,-1.49525
+0.37389,-1.05736
+0.37438,-0.676315
+0.37476,-0.269753
+0.37514,-0.229964
+0.37551,-0.0272187
+0.37588,+0.176122
+0.3764,+0.449238
+0.37677,+0.752244
+0.37714,+1.3586
+0.37752,+1.75288
+0.37789,+2.17453
+0.3784,+2.50892
+0.37877,+2.71499
+0.37914,+3.03759
+0.37952,+3.36522
+0.37988,+3.66244
+0.38041,+3.82646
+0.38077,+4.10984
+0.38114,+4.34411
+0.38152,+4.64533
+0.38189,+4.77825
+0.38239,+5.06032
+0.38276,+5.59204
+0.38315,+5.96106
+0.38352,+5.77494
+0.38389,+6.15989
+0.38439,+6.60249
+0.38477,+6.99795
+0.38514,+7.17652
+0.38551,+7.3926
+0.38588,+7.60888
+0.38639,+7.78284
+0.38677,+7.7555
+0.38716,+7.83696
+0.38752,+8.37659
+0.38789,+8.49183
+0.3884,+8.79022
+0.38877,+9.02332
+0.38914,+9.10782
+0.38951,+9.12066
+0.38989,+9.15233
+0.39039,+9.18897
+0.39077,+9.41947
+0.39115,+9.55474
+0.39153,+9.5796
+0.39189,+9.67665
+0.39239,+9.72984
+0.39277,+9.76244
+0.39314,+9.89122
+0.39352,+9.94238
+0.39389,+9.91126
+0.39439,+9.89383
+0.39476,+9.8247
+0.39518,+9.82954
+0.39555,+9.82381
+0.39591,+9.8983
+0.39639,+9.82095
+0.39677,+9.79453
+0.39714,+9.6769
+0.39752,+9.65931
+0.39789,+9.61689
+0.39839,+9.57997
+0.39876,+9.52897
+0.39915,+9.5792
+0.39952,+9.60349
+0.39989,+9.44732
+0.4004,+9.36471
+0.40077,+9.14524
+0.40114,+9.05447
+0.40153,+8.97205
+0.40189,-0.231026
+0.40239,-0.0940039
+0.40276,+0.0737899
+0.40314,+0.309556
+0.40353,+0.608643
+0.40389,+0.890129
+0.40439,+1.07675
+0.40476,+1.16441
+0.40515,+1.21837
+0.40552,+1.40304
+0.40589,+1.72694
+0.4064,+1.88115
+0.40677,+1.91697
+0.40714,+1.78976
+0.40753,+1.92833
+0.40789,+1.92537
+0.4084,+1.96864
+0.40877,+2.2137
+0.40915,+2.25686
+0.40952,+2.1419
+0.40989,+2.07003
+0.41039,+2.42324
+0.41077,+2.47771
+0.41115,+2.7578
+0.41152,+2.77954
+0.41189,+2.95873
+0.4124,+3.07161
+0.41277,+2.83298
+0.41315,+2.98038
+0.41352,+3.18612
+0.4139,+3.3192
+0.41439,+3.06425
+0.41477,+3.09296
+0.41518,+3.07761
+0.41553,+2.96284
+0.41589,+2.81365
+0.41639,+2.94325
+0.41676,+3.28108
+0.41715,+3.16625
+0.41753,+3.11043
+0.41789,+2.954
+0.4184,+2.88752
+0.41877,+2.89423
+0.41915,+2.77386
+0.41952,+2.79978
+0.41989,+2.63655
+0.4204,+2.21326
+0.42077,+1.94428
+0.42114,+1.72556
+0.42152,+1.52513
+0.4219,+1.39468
+0.42239,+1.24252
+0.42277,+0.875305
+0.42315,+0.555808
+0.42365,+0.237969
+0.42391,+0.18635
+0.4244,+0.0934237
+0.42477,-0.191248
+0.42515,-0.410692
+0.42552,-0.597871
+0.4259,-0.76071
+0.4264,-1.01448
+0.42677,-1.39272
+0.42714,-1.49361
+0.42753,-1.75844
+0.42789,-1.93171
+0.42839,-2.30684
+0.42877,-2.59372
+0.42915,-2.83901
+0.42952,-3.2154
+0.42989,-3.742
+0.4304,-4.08338
+0.43077,-4.1968
+0.43115,-4.64028
+0.43153,-4.99361
+0.4319,-5.47707
+0.4324,-5.75755
+0.43277,-6.04257
+0.43314,-6.38069
+0.43353,-6.53978
+0.43389,-6.87228
+0.43439,-7.01667
+0.43477,-7.25817
+0.43515,-7.47655
+0.43552,-7.79921
+0.4359,-8.15308
+0.4364,-8.31706
+0.43677,-8.55712
+0.43715,-8.81373
+0.43752,-9.2192
+0.4379,-9.32523
+0.43839,-9.6187
+0.43878,-9.85838
+0.43915,-10.0077
+0.43952,-10.0685
+0.43989,-10.1294
+0.4404,-10.3614
+0.44077,-10.5624
+0.44115,-10.6142
+0.44153,-10.7179
+0.4419,-10.8727
+0.4424,-10.8981
+0.44277,-10.8056
+0.44315,-11.0422
+0.44353,-11.1049
+0.44389,-11.0164
+0.4444,-11.197
+0.44478,-11.1425
+0.44515,-11.0419
+0.44552,-11.055
+0.44589,-10.8818
+0.4464,-10.8265
+0.44678,-10.9226
+0.44715,-10.6078
+0.44752,-10.3676
+0.4479,-10.4072
+0.4484,-10.0848
+0.44878,-9.95378
+0.44915,-9.85943
+0.44953,-9.50411
+0.4499,-9.35122
+0.4504,-9.00099
+0.45077,-8.54972
+0.45115,-8.41659
+0.45152,-8.11781
+0.4519,-7.70294
+0.45239,-7.3941
+0.45277,-6.97813
+0.45315,-6.60467
+0.45365,-6.17005
+0.45393,-5.71841
+0.45439,-5.40148
+0.45477,-5.1066
+0.45515,-4.46408
+0.45552,-3.92818
+0.4559,-3.49094
+0.4564,-2.802
+0.45677,-2.23734
+0.45714,-1.61925
+0.45753,-0.973965
+0.4579,-0.231417
+0.4584,+0.324728
+0.45878,+1.17557
+0.45915,+1.72766
+0.45952,+2.41263
+0.4599,+3.18589
+0.4604,+3.87308
+0.46077,+4.52555
+0.46115,+5.22703
+0.46153,+5.85079
+0.4619,+6.30871
+0.46239,+7.19566
+0.46278,+7.93016
+0.46316,+8.88518
+0.46354,+9.64195
+0.46389,+10.2308
+0.46443,+10.9899
+0.46478,+11.9911
+0.46515,+12.4667
+0.46553,+13.3692
+0.4659,+14.4413
+0.4664,+15.3135
+0.46677,+16.039
+0.46715,+16.7305
+0.46752,+17.3691
+0.46858,+17.9745
+0.46875,+18.82
+0.46898,+18.9375
+0.46919,+19.7352
+0.46953,+19.9357
+0.46989,+20.1216
+0.47039,+20.2038
+0.47077,+20.7643
+0.47115,+20.8188
+0.47152,+20.8468
+0.4719,+21.2801
+0.4724,+21.2811
+0.47277,+21.7389
+0.47315,+22.3135
+0.47353,+22.7345
+0.4739,+23.3256
+0.4744,+23.6229
+0.47477,+23.3464
+0.47515,+23.5386
+0.47553,+23.9162
+0.47589,+24.0459
+0.4764,+24.2808
+0.47677,+24.4657
+0.47714,+24.1278
+0.47752,+23.95
+0.4779,+23.6868
+0.4784,+23.586
+0.47877,+23.4233
+0.47918,+23.3105
+0.47953,+22.8837
+0.4799,+22.7054
+0.4804,+22.1964
+0.48077,+21.7835
+0.48115,+21.4814
+0.48153,+21.1695
+0.4819,+20.5988
+0.4824,+19.8767
+0.48277,+19.4233
+0.48316,+18.9964
+0.48353,+18.5262
+0.48402,+17.7246
+0.4844,+17.0404
+0.48477,+16.2352
+0.48515,+15.2836
+0.48553,+14.4565
+0.4859,+13.6696
+0.4864,+13.0417
+0.48678,+12.151
+0.48716,+11.2067
+0.48753,+10.4667
+0.4879,+9.72525
+0.48841,+8.77344
+0.48878,+7.76294
+0.48915,+6.86528
+0.48952,+5.89212
+0.4899,+4.87827
+0.4904,+4.06369
+0.49077,+3.24276
+0.49115,+2.25047
+0.49152,+1.21986
+0.4919,+0.288689
+0.4924,-0.637311
+0.49277,-1.33329
+0.49315,-2.26675
+0.49353,-3.08541
+0.4939,-3.71253
+0.4944,-4.54655
+0.49477,-5.49486
+0.49528,-6.36099
+0.49554,-7.18488
+0.49589,-7.83039
+0.49641,-8.42517
+0.49678,-9.09999
+0.49715,-9.73039
+0.49752,-10.2935
+0.4979,-11.0277
+0.4984,-11.8126
+0.49877,-12.3696
+0.49916,-12.8238
+0.49953,-13.2647
+0.49991,-13.8973
+0.5004,-14.384
+0.50078,-14.8669
+0.50115,-15.0496
+0.50152,-15.4896
+0.5019,-16.1111
+0.5024,-16.3975
+0.50278,-16.8254
+0.50315,-17.121
+0.50352,-17.5109
+0.50391,-17.9687
+0.50441,-18.3428
+0.50477,-18.5692
+0.50515,-18.876
+0.50553,-19.1106
+0.5059,-18.9736
+0.5064,-19.1499
+0.50677,-18.9381
+0.50716,-18.8525
+0.50753,-18.789
+0.50791,-18.6438
+0.5084,-18.2478
+0.50878,-17.9208
+0.50915,-17.5808
+0.50952,-17.1524
+0.5099,-16.8723
+0.5104,-16.3587
+0.51078,-15.9556
+0.51115,-15.4628
+0.51153,-14.8213
+0.51191,-14.1875
+0.51227,-13.595
+0.51278,-13.0347
+0.51315,-12.4714
+0.51353,-11.8344
+0.5139,-10.9398
+0.5144,-10.0926
+0.51477,-9.2491
+0.51516,-8.26971
+0.51553,-7.43687
+0.5159,-6.42955
+0.5164,-5.58965
+0.51678,-4.66818
+0.51715,-3.78128
+0.51753,-2.72565
+0.5179,-2.08656
+0.51841,-1.26442
+0.51877,-0.353019
+0.51916,+0.413372
+0.51952,+1.2812
+0.51991,+2.10801
+0.52041,+2.81295
+0.52077,+3.63531
+0.52115,+4.62923
+0.52153,+5.30013
+0.52191,+6.08898
+0.5224,+6.79178
+0.52277,+7.43298
+0.52316,+8.03902
+0.52352,+8.56797
+0.52391,+9.16185
+0.52427,+9.7346
+0.52491,+10.2628
+0.52517,+10.7243
+0.52553,+11.2437
+0.52591,+11.9022
+0.52641,+12.3445
+0.52678,+12.6835
+0.52715,+13.1699
+0.52752,+13.6741
+0.52791,+13.9396
+0.52827,+14.2168
+0.52878,+14.3783
+0.52915,+14.3139
+0.52953,+14.3245
+0.52991,+14.2003
+0.5304,+14.1838
+0.53077,+14.1023
+0.53116,+13.7111
+0.53153,+13.3256
+0.53191,+12.9847
+0.5324,+12.7708
+0.53277,+12.4177
+0.53315,+12.2143
+0.53353,+11.8161
+0.53391,+11.3736
+0.53428,+11.1133
+0.53478,+10.5058
+0.53516,+9.91858
+0.53552,+9.32442
+0.53591,+8.92003
+0.53628,+8.03209
+0.53678,+7.44472
+0.53716,+6.57333
+0.53753,+5.65066
+0.53791,+4.93642
+0.53827,+3.77437
+0.53879,+2.98876
+0.53916,+2.12711
+0.53953,+1.29059
+0.53991,+0.193948
+0.54041,-0.665884
+0.54078,-1.64538
+0.54115,-2.6503
+0.54152,-3.5639
+0.54191,-4.49331
+0.54228,-5.44993
+0.54278,-6.23276
+0.54315,-7.07656
+0.54353,-7.94077
+0.54391,-8.60882
+0.54427,-9.38285
+0.54478,-10.41
+0.54516,-10.9967
+0.54553,-11.7842
+0.5459,-12.4607
+0.54627,-13.086
+0.54677,-13.8966
+0.54716,-14.7949
+0.54753,-15.5735
+0.54791,-16.4888
+0.54828,-17.0757
+0.54878,-17.8132
+0.54929,-18.925
+0.54957,-19.4762
+0.54991,-20.3195
+0.55041,-20.9369
+0.55078,-21.8998
+0.55115,-22.2703
+0.55153,-23.1035
+0.55191,-23.8029
+0.55227,-24.6992
+0.55279,-25.1942
+0.55316,-25.4916
+0.55354,-26.0915
+0.55391,-26.6953
+0.55427,-27.2777
+0.55491,-27.6775
+0.55517,-28.2602
+0.55553,-28.5355
+0.5559,-28.7853
+0.55627,-28.8263
+0.55678,-28.9313
+0.55715,-29.2059
+0.55753,-29.3974
+0.5579,-29.4531
+0.55828,-29.527
+0.55878,-29.2062
+0.55916,-29.1015
+0.55953,-28.8212
+0.55991,-28.7309
+0.56041,-28.614
+0.56079,-28.3599
+0.56115,-28.0457
+0.56153,-27.6945
+0.5619,-27.33
+0.56227,-26.9901
+0.56279,-26.7057
+0.56316,-26.2141
+0.56353,-25.8273
+0.56391,-25.1528
+0.56428,-24.5926
+0.56478,-24.0404
+0.56515,-23.2833
+0.56553,-22.6673
+0.56592,-21.9383
+0.56641,-21.0717
+0.56679,-20.3947
+0.56717,-19.7444
+0.56753,-18.8421
+0.56791,-18.2254
+0.56827,-17.5993
+0.56878,-16.6466
+0.56916,-15.9212
+0.56953,-14.8404
+0.56991,-13.9031
+0.57098,-13.2372
+0.57124,-12.1751
+0.57148,-11.2141
+0.5717,-10.3188
+0.57191,-9.20194
+0.57227,-7.89667
+0.57279,-7.07273
+0.57316,-5.86126
+0.57353,-4.91726
+0.5739,-4.0404
+0.57427,-2.8789
+0.57478,-2.08407
+0.57516,-0.926465
+0.57553,-0.0385104
+0.5759,+0.980381
+0.57628,+1.71824
+0.57678,+2.69513
+0.57715,+3.35578
+0.57753,+4.04695
+0.5779,+4.98558
+0.57828,+5.8736
+0.57878,+6.88117
+0.57915,+7.53366
+0.57954,+8.51016
+0.57991,+9.28186
+0.58041,+10.0264
+0.58078,+10.5511
+0.58116,+11.2344
+0.58153,+11.8714
+0.5819,+12.4406
+0.58227,+12.8288
+0.58279,+13.3254
+0.58316,+13.7712
+0.58353,+13.9871
+0.58391,+14.4073
+0.58428,+14.9238
+0.58478,+15.4963
+0.58517,+15.7658
+0.58567,+16.2504
+0.58593,+16.4522
+0.58628,+16.8497
+0.58678,+16.9868
+0.58715,+16.9989
+0.58753,+17.1334
+0.58791,+17.061
+0.58828,+16.8333
+0.58878,+16.3645
+0.58916,+15.9953
+0.58953,+15.6542
+0.58991,+15.4262
+0.5904,+14.9589
+0.59078,+14.5508
+0.59116,+14.279
+0.59153,+13.7827
+0.59191,+13.1247
+0.59228,+12.5656
+0.59278,+12.0347
+0.59315,+11.7716
+0.59353,+11.0477
+0.59391,+10.238
+0.59427,+9.36586
+0.59478,+8.60453
+0.59516,+7.85221
+0.59667,+6.99887
+0.59684,+6.14143
+0.59705,+5.47539
+0.59729,+4.77643
+0.59754,+3.97737
+0.59792,+3.20775
+0.5983,+2.57797
+0.59879,+2.096
+0.59916,+1.37851
+0.59954,+0.635519
+0.59991,+0.0939929
+0.60042,-0.466816
+0.60078,-1.31541
+0.60116,-2.02537
+0.60166,-2.75708
+0.60192,-3.33837
+0.60228,-4.53246
+0.60279,-5.18457
+0.60316,-5.97661
+0.60353,-6.57106
+0.60391,-7.20719
+0.60428,-7.86492
+0.60479,-8.49898
+0.60516,-9.0564
+0.60553,-9.63891
+0.6059,-10.2596
+0.60628,-10.7707
+0.60679,-11.4068
+0.60716,-11.943
+0.60753,-12.3735
+0.60792,-12.8639
+0.60828,-13.2945
+0.60879,-13.6443
+0.60916,-14.1204
+0.60954,-14.7022
+0.60992,-15.2128
+0.61041,-15.7951
+0.61078,-16.2268
+0.61116,-16.4208
+0.61154,-16.8
+0.61191,-16.9393
+0.61228,-17.2799
+0.61278,-17.4644
+0.61315,-17.5028
+0.61354,-17.4937
+0.61391,-17.4606
+0.61428,-17.4262
+0.61479,-17.3526
+0.61516,-17.2905
+0.61553,-17.2752
+0.61591,-17.4674
+0.61628,-17.5735
+0.61691,-17.4622
+0.61717,-17.4975
+0.61753,-17.4166
+0.61791,-17.3429
+0.61829,-17.1956
+0.61878,-17.1161
+0.61916,-16.9956
+0.61953,-16.9214
+0.61992,-16.6918
+0.6204,-16.3585
+0.62079,-16.1811
+0.62116,-15.9023
+0.62153,-15.7081
+0.62191,-15.3909
+0.62229,-15.151
+0.62279,-14.8013
+0.62316,-14.4444
+0.62353,-14.0281
+0.62392,-13.5488
+0.62428,-13.0756
+0.62478,-12.7521
+0.62516,-12.2112
+0.62554,-11.7575
+0.62591,-11.1701
+0.62628,-10.7352
+0.62678,-10.1917
+0.62717,-9.84162
+0.62754,-9.34531
+0.62791,-8.90322
+0.62828,-8.41474
+0.62879,-7.91006
+0.62916,-7.6425
+0.62954,-7.19944
+0.62992,-6.72718
+0.63041,-6.04368
+0.63079,-5.46178
+0.63116,-4.93413
+0.63153,-4.39051
+0.63191,-3.77147
+0.63229,-3.0887
+0.63278,-2.62381
+0.63317,-1.83633
+0.63354,-1.18309
+0.63392,-0.720236
+0.63428,-0.211921
+0.63479,+0.43846
+0.63517,+0.842484
+0.63554,+1.52725
+0.63592,+2.15485
+0.63628,+2.71039
+0.63679,+3.47051
+0.63717,+3.89115
+0.63753,+4.40889
+0.63791,+4.87699
+0.63829,+5.49547
+0.63879,+5.66942
+0.63917,+6.60882
+0.63954,+7.04093
+0.63992,+7.44339
+0.64042,+7.72798
+0.64079,+8.22327
+0.64116,+8.71172
+0.64153,+8.81945
+0.64191,+9.21236
+0.64228,+9.58134
+0.64279,+10.1647
+0.64317,+10.2997
+0.64354,+10.1828
+0.64391,+10.0282
+0.64428,+9.82209
+0.64479,+9.75412
+0.64516,+9.95719
+0.64553,+10.424
+0.64592,+10.4995
+0.64629,+10.4855
+0.64679,+10.3454
+0.64717,+10.4575
+0.64767,+10.4059
+0.64793,+10.3995
+0.64828,+11.0525
+0.64878,+10.8419
+0.64916,+10.273
+0.64954,+10.1908
+0.64992,+9.62067
+0.65028,+9.43945
+0.65079,+9.44148
+0.65117,+8.83531
+0.65155,+9.05922
+0.65191,+9.03545
+0.65229,+8.27856
+0.65279,+8.00007
+0.65316,+7.83416
+0.65354,+7.15191
+0.65392,+7.29441
+0.65429,+7.10221
+0.65478,+6.51374
+0.65517,+6.40779
+0.65554,+5.95584
+0.65591,+5.46572
+0.65628,+5.34377
+0.65679,+4.83735
+0.65716,+4.64582
+0.65754,+4.26129
+0.65791,+3.52413
+0.65829,+2.47496
+0.65879,+1.83508
+0.65916,+1.27436
+0.65953,+0.829903
+0.65992,+0.330752
+0.66029,-0.262974
+0.66079,-0.602596
+0.66116,-1.3004
+0.66154,-1.95737
+0.66191,-2.51544
+0.66229,-2.70168
+0.66278,-2.98255
+0.66316,-3.57929
+0.66353,-4.50533
+0.66391,-5.05882
+0.66429,-5.9075
+0.66478,-6.37599
+0.66517,-7.0012
+0.66554,-7.21088
+0.66592,-7.71574
+0.66642,-8.51156
+0.66679,-9.34987
+0.66717,-10.0109
+0.66754,-10.4518
+0.66791,-10.8378
+0.6683,-11.2623
+0.66879,-12.082
+0.66916,-12.7333
+0.66954,-13.5337
+0.66992,-13.9917
+0.67028,-14.2463
+0.67079,-14.4421
+0.67118,-14.7819
+0.67154,-15.1183
+0.67191,-15.6731
+0.67228,-16.0953
+0.67338,-16.2699
+0.67358,-16.3878
+0.67391,-16.3765
+0.67428,-16.5508
+0.67479,-16.8572
+0.67516,-17.194
+0.67553,-17.3958
+0.67591,-17.6249
+0.67628,-17.9709
+0.67678,-17.9429
+0.67717,-18.0578
+0.67754,-18.0634
+0.67804,-18.4627
+0.6783,-18.7709
+0.67879,-19.0615
+0.67917,-19.135
+0.67954,-19.2099
+0.67991,-19.3383
+0.68028,-19.3296
+0.68079,-19.4875
+0.68116,-19.6199
+0.68154,-19.7565
+0.68191,-19.5096
+0.68228,-19.3846
+0.68278,-19.3445
+0.68317,-19.2459
+0.68354,-19.1235
+0.68391,-19.0693
+0.68428,-18.9884
+0.68479,-18.8282
+0.68516,-18.6639
+0.68553,-18.5157
+0.68592,-18.5196
+0.68629,-18.1889
+0.68679,-17.9229
+0.68716,-17.8026
+0.68753,-17.7994
+0.68792,-17.5679
+0.68828,-17.2262
+0.68878,-17.0878
+0.68916,-16.9521
+0.68954,-16.689
+0.68991,-16.3041
+0.69028,-16.1103
+0.69079,-15.8715
+0.69159,-15.5973
+0.69183,-15.2572
+0.69205,-14.9454
+0.69242,-14.7163
+0.69279,-14.3489
+0.69316,-13.7765
+0.69353,-13.4868
+0.69392,-13.1966
+0.69429,-12.8404
+0.69478,-12.4553
+0.69517,-12.0264
+0.69554,-11.5285
+0.69591,-11.0922
+0.69629,-10.6676
+0.69679,-10.3171
+0.69716,-9.9618
+0.69754,-9.69988
+0.69792,-9.29789
+0.69828,-9.14213
+0.69879,-8.85115
+0.69917,-8.6729
+0.69953,-8.52411
+0.69992,-8.1601
+0.70029,-7.90952
+0.70079,-7.65281
+0.70116,-7.41223
+0.70154,-7.1787
+0.70191,-7.09304
+0.70229,-6.73186
+0.70279,-6.24659
+0.70317,-5.91467
+0.70354,-5.62209
+0.70391,-5.55913
+0.70429,-5.10256
+0.70479,-4.65991
+0.70517,-4.35589
+0.70554,-4.02957
+0.70591,-3.58871
+0.7063,-3.18769
+0.70679,-3.05861
+0.70717,-2.69364
+0.70754,-2.4542
+0.70791,-2.04845
+0.70854,-2.02359
+0.70881,-2.20141
+0.70917,-2.38216
+0.70954,-2.29262
+0.70991,-2.27477
+0.71029,-2.32354
+0.7108,-2.15609
+0.71117,-2.13533
+0.71154,-1.98395
+0.71191,-2.22926
+0.7123,-2.23352
+0.71279,-2.19304
+0.71316,-2.0057
+0.71353,-1.87939
+0.71392,-2.02579
+0.71429,-2.1409
+0.71479,-2.45762
+0.71517,-2.493
+0.71554,-2.82824
+0.71592,-2.66666
+0.71629,-2.62348
+0.71679,-2.66556
+0.71717,-2.86983
+0.71754,-3.18092
+0.71791,-3.20247
+0.7183,-3.30127
+0.71879,-3.31941
+0.71917,-3.60245
+0.71955,-3.62667
+0.71992,-3.80548
+0.72029,-4.12209
+0.72079,-4.31465
+0.72116,-4.73059
+0.72154,-4.895
+0.72191,-5.18997
+0.7223,-5.50442
+0.72279,-5.92636
+0.72317,-6.31906
+0.72354,-6.61529
+0.72392,-7.09841
+0.72429,-7.28323
+0.72479,-7.47561
+0.72516,-7.44857
+0.72554,-7.79285
+0.72591,-8.22566
+0.72629,-8.47685
+0.72678,-8.74597
+0.72717,-8.84556
+0.72754,-9.15486
+0.72791,-9.35739
+0.72842,-9.80092
+0.72879,-10.3754
+0.72917,-10.8165
+0.72954,-11.1106
+0.72992,-11.3638
+0.73029,-11.642
+0.73079,-11.8845
+0.73117,-12.4761
+0.73154,-12.8801
+0.73191,-13.3443
+0.7323,-13.7957
+0.73279,-14.0701
+0.73316,-14.2643
+0.73355,-14.6531
+0.73392,-14.8483
+0.7343,-15.2852
+0.73479,-15.675
+0.73517,-15.882
+0.73554,-16.1813
+0.73592,-16.2934
+0.7363,-16.4679
+0.7368,-16.7015
+0.73716,-17.196
+0.73754,-17.2315
+0.73791,-17.6024
+0.7383,-17.9599
+0.7388,-18.0791
+0.73917,-18.2885
+0.73954,-18.4128
+0.73992,-18.8408
+0.74029,-19.0485
+0.74079,-19.2028
+0.74116,-19.344
+0.74154,-19.8462
+0.74192,-20.0989
+0.7423,-20.1963
+0.74279,-20.5289
+0.74317,-20.8133
+0.74354,-21.232
+0.74391,-21.403
+0.74432,-21.7269
+0.74479,-22.031
+0.74517,-22.3822
+0.74554,-22.5453
+0.74591,-22.7036
+0.7463,-23.1117
+0.74679,-23.3779
+0.74717,-23.7484
+0.74755,-23.8595
+0.74792,-24.0627
+0.7483,-24.2833
+0.74879,-24.5215
+0.74916,-24.7283
+0.74954,-25.0091
+0.74992,-25.5193
+0.75029,-25.5467
+0.75079,-25.774
+0.75117,-25.9186
+0.75154,-26.064
+0.75192,-26.3038
+0.7523,-26.4711
+0.75279,-26.689
+0.75317,-26.7753
+0.75354,-27.0446
+0.75393,-26.9965
+0.75431,-27.1737
+0.7548,-27.2611
+0.75517,-27.3937
+0.75554,-27.6515
+0.75592,-27.7204
+0.7563,-27.7896
+0.75679,-28.0595
+0.75716,-28.1815
+0.75758,-28.0945
+0.75792,-28.3948
+0.7583,-28.7616
+0.7588,-28.9069
+0.75918,-29.0452
+0.75955,-29.1176
+0.75992,-29.42
+0.76029,-29.7679
+0.76079,-29.8648
+0.76116,-30.0114
+0.76154,-30.0884
+0.76192,-30.186
+0.7623,-30.1488
+0.7628,-30.295
+0.76317,-30.4742
+0.76354,-30.5418
+0.76392,-30.5282
+0.7643,-30.4809
+0.7648,-30.382
+0.76517,-30.4096
+0.76556,-30.7229
+0.76592,-30.6548
+0.7663,-30.6425
+0.7668,-30.6187
+0.76718,-30.5745
+0.76754,-30.5683
+0.76793,-30.5804
+0.7683,-30.66
+0.76879,-30.7729
+0.76917,-30.9001
+0.76955,-30.7682
+0.76992,-30.8405
+0.77029,-30.7663
+0.77081,-30.6832
+0.77117,-30.5753
+0.77155,-30.5645
+0.77192,-30.4267
+0.7723,-30.2565
+0.77267,-30.0256
+0.77317,-29.8992
+0.77355,-29.5973
+0.77391,-29.5133
+0.7743,-29.2836
+0.7748,-29.1818
+0.77578,-29.0036
+0.77596,-28.7593
+0.7763,-28.619
+0.77666,-28.3802
+0.77719,-28.2171
+0.77755,-27.6498
+0.77792,-27.5497
+0.77829,-27.1493
+0.77866,-26.9543
+0.77918,-26.7287
+0.77955,-26.5559
+0.77992,-26.3968
+0.78029,-26.1788
+0.7808,-25.9058
+0.78117,-25.6044
+0.78154,-25.4497
+0.78192,-25.0303
+0.78229,-24.569
+0.78266,-24.2581
+0.78317,-23.8071
+0.78354,-23.4312
+0.78391,-23.0265
+0.7843,-22.6435
+0.78467,-22.2717
+0.78517,-21.7556
+0.78554,-21.4644
+0.78592,-21.1883
+0.7863,-20.9656
+0.78679,-20.8595
+0.78717,-20.5731
+0.78754,-20.2097
+0.78792,-19.9441
+0.78829,-19.7238
+0.78879,-19.598
+0.78916,-19.5996
+0.78957,-19.2294
+0.78993,-18.9542
+0.79029,-18.6006
+0.7908,-18.0784
+0.79118,-17.8341
+0.79154,-17.4328
+0.79192,-16.9075
+0.79229,-16.3196
+0.7928,-15.7195
+0.79317,-15.2535
+0.79354,-14.9072
+0.79392,-14.3607
+0.7943,-13.9581
+0.79466,-13.4765
+0.79517,-12.9127
+0.79554,-12.6429
+0.79591,-12.2651
+0.7963,-11.8509
+0.79667,-11.5231
+0.79717,-10.9206
+0.79754,-10.5704
+0.79791,-10.2851
+0.7983,-9.9141
+0.79867,-9.56786
+0.7993,-9.41912
+0.79957,-8.88306
+0.79993,-8.79966
+0.80032,-8.73256
+0.80079,-8.46446
+0.80118,-8.45382
+0.80156,-8.16503
+0.80192,-7.96965
+0.80229,-7.64525
+0.8028,-7.5292
+0.80318,+15.444
+0.80355,+15.5414
+0.80392,+15.3075
+0.8043,+15.2167
+0.80467,+14.9024
+0.80517,+14.578
+0.80555,+14.3703
+0.80592,+14.1235
+0.80631,+13.8175
+0.8068,+13.3931
+0.80717,+13.3115
+0.80754,+12.9096
+0.80793,+12.6145
+0.8083,+12.2482
+0.80867,+12.2684
+0.80917,+11.978
+0.80955,+11.7024
+0.80992,+11.468
+0.81031,+11.164
+0.8108,+11.214
+0.81117,+10.8065
+0.81155,+10.7098
+0.81192,+10.6233
+0.8123,+10.4515
+0.81266,+10.1049
+0.81317,+9.87839
+0.81355,+9.7447
+0.81392,+9.53973
+0.8143,+9.58673
+0.81466,+9.26364
+0.81518,+9.04467
+0.81555,+8.6846
+0.81592,+8.24772
+0.8163,+7.97264
+0.81667,+7.94305
+0.81717,+7.8818
+0.81754,+7.7671
+0.81792,+7.77439
+0.81831,+7.38332
+0.8188,+7.22833
+0.81918,+7.28695
+0.81954,+6.98929
+0.81993,+6.94456
+0.8203,+6.75595
+0.82067,+6.45697
+0.82117,+6.17887
+0.82155,+5.98785
+0.82193,+5.74948
+0.8223,+5.87332
+0.82267,+5.72632
+0.82318,+5.61026
+0.82355,+5.91168
+0.82392,+5.88641
+0.8243,+6.0532
+0.82467,+5.98933
+0.82517,+5.91829
+0.82555,+5.76888
+0.82592,+5.73618
+0.8263,+5.79762
+0.82666,+5.77648
+0.82718,+5.8305
+0.82755,+5.70966
+0.82792,+5.82174
+0.8283,+5.85933
+0.82867,+6.05781
+0.82917,+6.41698
+0.82954,+6.59885
+0.83017,+6.73029
+0.83044,+6.66258
+0.8307,+6.7955
+0.83118,+6.62368
+0.83155,+6.72117
+0.83193,+6.84169
+0.8323,+6.84496
+0.83267,+6.72229
+0.83317,+6.72716
+0.83354,+7.03227
+0.83393,+7.1331
+0.8343,+7.24252
+0.83467,+7.3873
+0.83517,+7.5615
+0.83555,+7.675
+0.83593,+7.65661
+0.8363,+7.65324
+0.83667,+7.84077
+0.83717,+7.80381
+0.83755,+7.83306
+0.83792,+8.0398
+0.8383,+8.07726
+0.83867,+8.3005
+0.83918,+8.4654
+0.83954,+8.63574
+0.83992,+8.98097
+0.8403,+9.37244
+0.84067,+9.77569
+0.84118,+10.0967
+0.84155,+10.294
+0.84192,+10.5759
+0.8423,+10.8104
+0.84266,+11.1029
+0.84321,+11.4251
+0.84359,+11.6204
+0.84392,+11.7578
+0.8443,+11.9056
+0.84468,+11.8366
+0.84518,+12.0483
+0.84555,+12.1281
+0.84592,+12.2359
+0.84631,+12.5956
+0.84667,+12.7914
+0.84718,+13.0389
+0.84755,+13.5783
+0.84793,+14.0244
+0.8483,+14.2766
+0.84867,+15.0367
+0.84918,+15.4037
+0.84956,+15.7738
+0.84993,+16.0084
+0.8503,+16.4613
+0.85067,+16.7837
+0.85119,+17.0354
+0.85156,+17.255
+0.85193,+17.3572
+0.8523,+17.7921
+0.85267,+17.944
+0.85318,+18.2676
+0.85355,+18.6646
+0.85393,+18.9417
+0.8543,+19
+0.85467,+18.9912
+0.85518,+19.371
+0.85555,+19.2896
+0.85592,+19.4009
+0.85631,+19.6014
+0.85667,+19.6135
+0.85717,+19.5246
+0.85755,+19.5074
+0.85792,+19.9523
+0.8583,+20.0614
+0.85868,+20.3023
+0.85918,+20.1495
+0.85956,+20.2793
+0.85993,+20.4498
+0.86068,+20.3923
+0.86086,+20.365
+0.86117,+20.4895
+0.86155,+20.6296
+0.86193,+20.7619
+0.86231,+21.1526
+0.86267,+21.0806
+0.86318,+21.3499
+0.86356,+21.5006
+0.86393,+21.5304
+0.8643,+21.4642
+0.86467,+21.5138
+0.86518,+21.5703
+0.86556,+21.5693
+0.86592,+21.1907
+0.8663,+20.9503
+0.86668,+21.0841
+0.86718,+21.1126
+0.86755,+21.1786
+0.86793,+21.2376
+0.8683,+21.2174
+0.86868,+21.2055
+0.86917,+21.3217
+0.86955,+21.6501
+0.86993,+22.1614
+0.87043,+21.9581
+0.8708,+21.7998
+0.87118,+21.6551
+0.87156,+21.5853
+0.87193,+21.576
+0.8723,+21.4621
+0.87267,+21.4687
+0.87319,+21.3441
+0.87355,+21.0374
+0.87393,+20.4635
+0.87431,+20.4983
+0.87467,+20.4917
+0.87522,+20.361
+0.87559,+20.1188
+0.87597,+19.7909
+0.87633,+19.8362
+0.87671,+19.7645
+0.87724,+19.7423
+0.87818,+19.5427
+0.87841,+19.2841
+0.87861,+19.0274
+0.87883,+18.8358
+0.87921,+18.7007
+0.87958,+18.5599
+0.87996,+18.416
+0.88033,+18.4564
+0.8807,+18.2012
+0.88122,+17.8076
+0.88159,+17.6034
+0.88197,+17.5009
+0.88233,+17.4085
+0.88271,+17.1877
+0.88321,+17.1312
+0.88359,+17.1351
+0.88397,+17.0008
+0.88434,+16.5783
+0.8847,+16.3797
+0.88523,+16.3244
+0.88559,+16.0846
+0.88596,+15.9944
+0.88633,+15.8857
+0.8867,+15.9319
+0.88722,+15.8174
+0.88757,+15.5799
+0.88794,+15.788
+0.88831,+15.7703
+0.88868,+15.6867
+0.88921,+15.8057
+0.88957,+15.7267
+0.88997,+15.7701
+0.89034,+15.7135
+0.89071,+15.6594
+0.89123,+15.4772
+0.89158,+15.3963
+0.89196,+15.1981
+0.89233,+15.2647
+0.8927,+15.2386
+0.89323,+15.0001
+0.89359,+15.0871
+0.89396,+15.0023
+0.89434,+14.931
+0.89471,+14.8791
+0.89522,+14.8313
+0.89559,+14.8027
+0.89596,+14.615
+0.89635,+14.5279
+0.89668,+14.4976
+0.8972,+14.4807
+0.89756,+14.476
+0.89794,+14.3161
+0.89834,+14.2368
+0.8987,+14.2739
+0.89922,+14.3647
+0.89958,+14.53
+0.89995,+14.8131
+0.90033,+14.8455
+0.90084,+15.0746
+0.90121,+15.0947
+0.90159,+15.1698
+0.90196,+15.5165
+0.90234,+15.7662
+0.9027,+15.8941
+0.90322,+15.9736
+0.90358,+16.164
+0.90396,+16.0392
+0.90434,+16.0895
+0.90472,+16.1149
+0.90522,+16.2886
+0.90559,+16.4219
+0.90596,+16.2997
+0.90635,+16.6609
+0.90672,+16.7535
+0.90722,+16.9164
+0.90759,+16.8554
+0.90795,+17.0762
+0.90833,+17.3788
+0.90869,+17.464
+0.9092,+17.5826
+0.90956,+17.6519
+0.90996,+17.9892
+0.91034,+17.8125
+0.9107,+17.8716
+0.91135,+17.7973
+0.91158,+18.1079
+0.91196,+18.4433
+0.91233,+18.2983
+0.9127,+18.2696
+0.91322,+18.4595
+0.91359,+18.3184
+0.91397,+18.306
+0.91432,+18.3094
+0.91472,+18.3512
+0.91521,+18.7267
+0.91559,+18.4377
+0.91597,+18.2319
+0.91635,+18.2999
+0.91671,+18.2686
+0.91722,+18.0897
+0.91759,+18.2764
+0.91796,+17.9982
+0.91835,+18.0583
+0.91872,+18.0132
+0.91922,+17.6409
+0.91957,+17.8259
+0.91994,+17.4993
+0.92033,+17.5245
+0.92069,+17.6871
+0.92122,+17.6852
+0.92158,+17.4767
+0.92196,+17.5523
+0.92234,+17.2339
+0.92271,+16.9881
+0.92321,+17.1168
+0.92358,+16.8396
+0.92396,+16.9364
+0.92434,+16.7316
+0.9247,+16.3969
+0.92522,+15.9355
+0.92559,+15.6437
+0.92595,+15.3232
+0.92634,+14.951
+0.92673,+14.7559
+0.92722,+14.2919
+0.92758,+13.8471
+0.92796,+13.3693
+0.92835,+12.9068
+0.92872,+12.4951
+0.92922,+12.3765
+0.92958,+12.0229
+0.92996,+11.6078
+0.93031,+11.4132
+0.93069,+10.9266
+0.9312,+10.3323
+0.93158,+9.91857
+0.93196,+9.59192
+0.93233,+9.17406
+0.9327,+8.88008
+0.93318,+8.33162
+0.93356,+7.87421
+0.93393,+7.62401
+0.9343,+7.27937
+0.93468,+6.81229
+0.93519,+6.57555
+0.93555,+6.15995
+0.93592,+5.57283
+0.93631,+4.936
+0.93668,+4.29874
+0.93718,+3.6527
+0.93755,+3.05483
+0.93793,+2.31279
+0.93831,+1.50336
+0.93868,+0.953137
+0.93919,+0.18167
+0.93956,-0.488947
+0.93993,-1.05437
+0.9403,-1.68976
+0.94067,-2.3615
+0.94118,-2.85118
+0.94155,-3.24846
+0.94193,-3.85084
+0.9423,-4.40429
+0.94268,-5.0676
+0.94318,-5.52221
+0.94355,-6.10285
+0.94393,-6.76817
+0.94431,-7.34055
+0.94468,-7.83397
+0.94518,-8.56772
+0.94556,-9.36103
+0.94593,-10.0192
+0.9463,-10.4542
+0.94667,-10.9103
+0.94719,-11.528
+0.94755,-12.1823
+0.94793,-12.5692
+0.9483,-13.2168
+0.94868,-13.9408
+0.94918,-14.399
+0.94956,-14.9514
+0.94994,-15.5889
+0.95031,-16.2218
+0.95068,-16.7069
+0.95118,-17.3938
+0.95155,-17.8345
+0.95193,-18.4759
+0.95231,-18.7417
+0.95268,-19.1482
+0.95318,-19.6829
+0.95355,-19.9856
+0.95393,-20.3393
+0.95431,-20.8881
+0.95468,-21.54
+0.95519,-21.7847
+0.95556,-22.3285
+0.95593,-22.8083
+0.9563,-23.4619
+0.95669,-23.9118
+0.95718,-24.2493
+0.95757,-24.8418
+0.95793,-25.2452
+0.95831,-25.7235
+0.95868,-26.0115
+0.95918,-26.5525
+0.95956,-26.7313
+0.95993,-27.0021
+0.96031,-27.2361
+0.96068,-27.4451
+0.96118,-27.8417
+0.96155,-28.0527
+0.96193,-28.4805
+0.9623,-28.4459
+0.96268,-29.0693
+0.96319,-29.0198
+0.96356,-29.1147
+0.96393,-29.1309
+0.96431,-29.2695
+0.96468,-29.4405
+0.96519,-29.455
+0.96556,-29.4203
+0.96593,-29.2399
+0.96631,-29.3577
+0.96669,-29.0556
+0.96719,-29.3118
+0.96756,-29.3842
+0.96793,-29.4478
+0.9683,-29.3753
+0.96869,-29.2398
+0.96918,-29.0247
+0.96955,-28.8304
+0.96994,-28.4947
+0.97033,-28.3067
+0.97068,-27.8353
+0.97119,-27.626
+0.97156,-27.4195
+0.97194,-27.1255
+0.97231,-27.1108
+0.97268,-26.9836
+0.97318,-27.0093
+0.97355,-27.1605
+0.97393,-27.1233
+0.9743,-27.0799
+0.97467,-26.9071
+0.97527,-26.679
+0.97556,-26.5754
+0.97593,-26.6684
+0.9763,-26.3427
+0.97667,-26.0854
+0.97719,-25.8734
+0.97756,-25.6805
+0.97794,-25.5124
+0.97831,-25.2458
+0.97869,-24.9759
+0.97919,-24.7975
+0.97956,-24.6818
+0.98058,-24.0799
+0.98078,-23.835
+0.98118,-23.3316
+0.98156,-22.8065
+0.98193,-22.3213
+0.98231,-22.0514
+0.98268,-21.7818
+0.98321,-21.7572
+0.98356,-21.0437
+0.98393,-20.3348
+0.9843,-20.2949
+0.98467,-19.9378
+0.98518,-19.867
+0.98556,-19.816
+0.98593,-19.5997
+0.9863,-19.3871
+0.98669,-19.2238
+0.98719,-18.7451
+0.98756,-18.9787
+0.98793,-19.0338
+0.98831,-18.6639
+0.98869,-18.3517
+0.98918,-18.1041
+0.98955,-17.8427
+0.98993,-17.4941
+0.99031,-17.0549
+0.99068,-16.5735
+0.99118,-16.4385
+0.99155,-15.9633
+0.99194,-15.6276
+0.99231,-15.4171
+0.99268,-14.9843
+0.99319,-14.7643
+0.99356,-14.4208
+0.99393,-14.2173
+0.99433,-14.2944
+0.99469,-14.0581
+0.99519,-13.7983
+0.99556,-13.6066
+0.99593,-13.2648
+0.9963,-13.025
+0.9967,-12.7819
+0.99719,-12.697
+0.99755,-12.502
+0.99793,-12.1224
+0.99831,-11.6635
+0.99868,-11.415
+0.99919,-11.1402
+0.99956,-10.792
+0.99993,-10.712
+1.00031,-10.5584
+1.00067,-10.4065
+1.00118,-9.87231
+1.00156,-9.58362
+1.00193,-9.36761
+1.00244,-9.08622
+1.0027,-8.60294
+1.00318,-8.30651
+1.00356,+0.28157
+1.00394,-0.330267
+1.00431,-0.834201
+1.00468,-1.14546
+1.00519,-1.40732
+1.00556,-1.73078
+1.00593,-1.9433
+1.00631,-2.18121
+1.00668,-2.41408
+1.00719,-2.73493
+1.00756,-3.0718
+1.00793,-3.23769
+1.0083,-3.59174
+1.00868,-4.01569
+1.00919,-4.52302
+1.00955,-4.96676
+1.00994,-5.51353
+1.01031,-6.25814
+1.01069,-6.46177
+1.01106,-6.95309
+1.01156,-7.29887
+1.01193,-7.60689
+1.01231,-7.86045
+1.01269,-8.19571
+1.01319,-8.42872
+1.01369,-8.71131
+1.01418,-8.98052
+1.01444,-8.93621
+1.01495,-9.2955
+1.01531,-9.44997
+1.0156,-9.67836
+1.01594,-9.85795
+1.01631,-10.0548
+1.01668,-10.2046
+1.01718,-10.2239
+1.01755,-10.3049
+1.01794,-10.4703
+1.01831,-10.8226
+1.01869,-11.1915
+1.01918,-11.3154
+1.01956,-11.3207
+1.01993,-11.5947
+1.02031,-11.6692
+1.02068,-11.7846
+1.02106,-11.916
+1.02156,-12.1405
+1.02193,-12.0262
+1.02232,-12.0382
+1.02269,-12.0587
+1.02319,-12.148
+1.02356,-12.1636
+1.02394,-12.0262
+1.02431,-12.1353
+1.02468,-12.0199
+1.02518,-11.8747
+1.02556,-11.6526
+1.02594,-11.7231
+1.02631,-11.4739
+1.02668,-11.0808
+1.02705,-10.6579
+1.02756,-10.6384
+1.02794,-10.3812
+1.02831,-10.0164
+1.02868,-10.0091
+1.02919,-9.94908
+1.02956,-9.79598
+1.02993,-9.74652
+1.03031,-9.78946
+1.03069,-9.75142
+1.03108,-9.61373
+1.03156,-9.40896
+1.03194,-9.43165
+1.03231,-9.23522
+1.03295,-8.70132
+1.03322,-8.30474
+1.03357,-8.07821
+1.03394,-7.52674
+1.03431,-7.13216
+1.03468,-6.66518
+1.0352,-6.39265
+1.03556,-5.94426
+1.03593,-5.49467
+1.03631,-4.97158
+1.03668,-4.46939
+1.03719,-4.0623
+1.03756,-3.64963
+1.03793,-3.27917
+1.03831,-2.74592
+1.03869,-2.30344
+1.03919,-1.62762
+1.03956,-1.23186
+1.03993,-0.543815
+1.04031,-0.0703974
+1.04069,+0.195354
+1.04106,+0.496137
+1.04157,+0.927785
+1.04194,+1.26746
+1.04231,+1.68219
+1.04269,+1.92451
+1.04319,+2.15494
+1.04356,+2.67915
+1.04394,+2.80549
+1.04431,+3.05183
+1.04469,+3.21913
+1.04506,+3.66053
+1.04556,+3.90271
+1.04594,+4.51136
+1.04631,+4.91201
+1.04669,+5.41461
+1.04707,+5.75065
+1.04756,+5.96377
+1.04793,+6.08058
+1.04831,+6.15619
+1.04869,+6.45505
+1.04906,+6.5574
+1.04956,+6.67706
+1.04994,+6.68017
+1.05031,+6.70052
+1.05069,+6.6028
+1.05106,+6.60089
+1.05156,+6.58946
+1.05194,+7.01146
+1.05231,+7.18462
+1.05281,+7.43882
+1.05318,+7.52918
+1.05357,+7.63434
+1.05394,+7.69496
+1.05431,+7.84673
+1.05469,+8.01841
+1.05507,+8.15891
+1.05556,+8.22998
+1.05594,+8.21792
+1.05631,+8.44744
+1.05668,+8.49127
+1.05719,+8.65982
+1.05756,+8.91942
+1.05793,+9.01812
+1.05831,+9.25058
+1.05869,+9.43481
+1.0592,+9.53579
+1.05956,+9.57538
+1.05993,+9.38315
+1.06032,+9.15571
+1.06069,+9.12551
+1.0612,+9.03727
+1.06156,+9.07823
+1.06194,+9.06995
+1.06232,+8.68366
+1.06269,+8.42324
+1.06319,+8.20425
+1.06356,+8.08552
+1.06395,+8.2045
+1.06431,+8.13101
+1.06468,+8.00716
+1.06518,+7.77803
+1.06557,+7.49801
+1.06594,+7.27509
+1.06631,+7.29105
+1.06669,+7.23485
+1.06707,+7.15813
+1.06757,+7.21891
+1.06794,+7.12328
+1.06831,+6.99528
+1.06869,+6.91036
+1.06906,+6.86816
+1.06956,+6.65101
+1.06994,+6.52868
+1.07031,+6.22737
+1.07069,+6.15085
+1.07107,+6.01937
+1.07156,+5.80304
+1.07193,+5.54105
+1.07231,+5.39503
+1.07268,+5.08816
+1.07319,+4.84045
+1.07357,+4.77594
+1.07394,+4.64371
+1.07431,+4.7235
+1.07469,+4.61945
+1.07506,+4.39035
+1.07557,+4.30189
+1.07594,+4.31315
+1.07631,+4.24058
+1.07669,+4.14914
+1.07707,+4.24588
+1.07757,+4.18145
+1.07794,+4.03086
+1.07832,+3.92236
+1.0787,+3.62454
+1.07907,+3.49243
+1.07957,+3.27589
+1.07994,+3.13021
+1.08032,+2.85486
+1.08069,+2.77838
+1.08119,+2.55169
+1.08156,+2.35124
+1.08194,+2.24977
+1.08298,+2.04513
+1.08323,+1.94171
+1.08341,+1.82109
+1.08364,+1.69788
+1.08393,+1.29525
+1.0843,+1.20765
+1.08469,+0.980448
+1.08505,+0.670023
+1.08555,+0.694329
+1.08594,+0.527367
+1.08631,+0.226065
+1.08669,+0.151401
+1.08707,+0.0357613
+1.08756,-0.172169
+1.08793,-0.296105
+1.08831,-0.41959
+1.08868,-0.483954
+1.08918,-0.596059
+1.08956,-1.093
+1.08993,-1.34342
+1.09031,-1.35375
+1.09069,-1.64023
+1.09106,-1.73577
+1.09157,-1.83425
+1.09194,-1.98657
+1.09231,-2.06575
+1.09268,-2.30422
+1.09305,-2.39905
+1.09369,-2.41165
+1.09395,-2.46587
+1.09431,-2.79899
+1.09469,-3.02845
+1.09506,-3.42898
+1.09556,-3.72461
+1.09593,-3.94651
+1.0963,-4.13357
+1.09668,-4.30304
+1.09719,-4.51066
+1.09756,-4.71992
+1.09794,-5.08626
+1.09831,-5.35288
+1.09869,-5.58182
+1.09906,-5.839
+1.09957,-6.06275
+1.09993,-6.22419
+1.10031,-6.37078
+1.10068,-6.57447
+1.10106,-6.73255
+1.10156,-7.03525
+1.10193,-6.97931
+1.10231,-7.03972
+1.10269,-6.99131
+1.10306,-7.03919
+1.10356,-7.03795
+1.10394,-7.21996
+1.10431,-7.4669
+1.10469,-7.71434
+1.10519,-7.83911
+1.10556,-7.74232
+1.10593,-8.00442
+1.10632,-8.05768
+1.10669,-8.18628
+1.10706,-8.13369
+1.10756,-8.23065
+1.10794,-8.2898
+1.10831,-8.26273
+1.10869,-8.11873
+1.10906,-8.35195
+1.10956,-8.6208
+1.10994,-8.69307
+1.11031,-8.89455
+1.11068,-8.99791
+1.11107,-9.07281
+1.11157,-8.93514
+1.11194,-8.60724
+1.11231,-8.74573
+1.11268,-8.80273
+1.11306,-8.59815
+1.11356,-8.45706
+1.11394,-8.05192
+1.11431,-7.72022
+1.11469,-7.38432
+1.11506,-7.26394
+1.11556,-7.27143
+1.11594,-7.35963
+1.11632,-7.05679
+1.11669,-6.65054
+1.11706,-6.40185
+1.11757,-5.9795
+1.11794,-5.77841
+1.11831,-5.27147
+1.11869,-5.09666
+1.11907,-4.76525
+1.11956,-4.23464
+1.11994,-3.86634
+1.12031,-3.59938
+1.12069,-3.52659
+1.12107,-3.30829
+1.12156,-3.05509
+1.12193,-2.82499
+1.12232,-2.66503
+1.12269,-2.01787
+1.12306,-1.40247
+1.12369,-1.1104
+1.12396,-0.727577
+1.12431,-0.136092
+1.12469,+0.256032
+1.12506,+0.960317
+1.12556,+1.41804
+1.12594,+1.9343
+1.12631,+2.27564
+1.12668,+2.51769
+1.12707,+2.80092
+1.12756,+3.10812
+1.12794,+3.73479
+1.12831,+4.20978
+1.12869,+4.88879
+1.12906,+5.38568
+1.12966,+6.02355
+1.12995,+6.37713
+1.13031,+6.91823
+1.1307,+7.35092
+1.13107,+7.87118
+1.13157,+8.52661
+1.13194,+8.81022
+1.13231,+9.04983
+1.1327,+9.44093
+1.13307,+10.1537
+1.13356,+10.494
+1.13393,+11.1428
+1.13432,+11.7273
+1.1347,+12.1338
+1.13507,+12.4678
+1.13556,+12.8827
+1.13594,+13.5825
+1.13632,+14.3381
+1.13668,+14.9253
+1.13718,+15.2279
+1.13757,+15.5993
+1.13794,+16.0974
+1.13834,+16.7097
+1.13868,+17.3924
+1.13907,+18.0925
+1.13957,+18.6322
+1.13994,+19.0243
+1.14032,+19.2881
+1.14069,+19.9152
+1.14106,+20.2465
+1.14156,+20.751
+1.14194,+20.9052
+1.14232,+21.3108
+1.1427,+21.6824
+1.14306,+22.1179
+1.14357,+22.526
+1.14395,+22.9389
+1.14431,+23.4936
+1.14469,+23.6548
+1.14506,+24.0457
+1.14557,+24.4326
+1.14594,+25.0002
+1.14631,+25.0385
+1.1467,+25.1562
+1.14707,+25.4204
+1.14757,+25.3421
+1.14794,+25.5974
+1.14832,+25.7474
+1.14869,+26.1182
+1.14906,+26.3731
+1.14956,+26.5865
+1.14996,+26.2289
+1.15032,+26.1625
+1.15069,+26.3729
+1.15106,+26.103
+1.15157,+26.4363
+1.15194,+25.9626
+1.15232,+25.9972
+1.15268,+25.4609
+1.15307,+25.2652
+1.15357,+25.3847
+1.15393,+25.6159
+1.15445,+25.9642
+1.15471,+25.578
+1.15507,+25.6838
+1.15556,+25.2345
+1.15594,+25.2411
+1.15632,+24.8184
+1.1567,+24.8005
+1.15706,+24.3944
+1.15756,+23.6518
+1.15794,+23.3187
+1.15832,+22.6196
+1.15869,+22.5987
+1.15907,+22.1073
+1.15957,+21.782
+1.15995,+21.8613
+1.16032,+21.5203
+1.16069,+21.1546
+1.16107,+20.8777
+1.16157,+20.663
+1.16194,+20.3825
+1.16231,+20.4466
+1.1627,+19.8281
+1.16307,+19.5566
+1.16357,+19.324
+1.16394,+18.595
+1.16432,+18.3985
+1.16469,+18.0255
+1.16506,+17.4541
+1.16556,+17.028
+1.16594,+16.5965
+1.16632,+15.7532
+1.16669,+15.2925
+1.16707,+14.6096
+1.16757,+14.0324
+1.16795,+13.5094
+1.16831,+12.5579
+1.16869,+11.8847
+1.16907,+11.1917
+1.16957,+10.3687
+1.16995,+9.61714
+1.17032,+8.88829
+1.17069,+8.23337
+1.17108,+7.78034
+1.17156,+7.22545
+1.17194,+6.54146
+1.17232,+6.1294
+1.17269,+5.64552
+1.17306,+5.26967
+1.17356,+4.78659
+1.17394,+4.17442
+1.17432,+3.67398
+1.1747,+2.97574
+1.17507,+2.14979
+1.17557,+1.4
+1.17595,+0.868363
+1.17632,+0.0474488
+1.1767,-0.523823
+1.17707,-1.17383
+1.17756,-1.74205
+1.17794,-2.11265
+1.17831,-2.73584
+1.17871,-3.14646
+1.17907,-3.46438
+1.17957,-3.82122
+1.17996,-4.41655
+1.18032,-4.50264
+1.18069,-4.96266
+1.18106,-5.34648
+1.18156,-5.61225
+1.18194,-6.05659
+1.18232,-6.23148
+1.1827,-6.56866
+1.18307,-6.99421
+1.18357,-7.46608
+1.18394,-7.68923
+1.18432,-8.11939
+1.18538,-8.57669
+1.18558,-8.94931
+1.1858,-9.39057
+1.18605,-9.8921
+1.18632,-10.2359
+1.18669,-10.406
+1.18707,-10.4191
+1.18758,-10.5211
+1.18795,-10.6862
+1.18832,-10.8537
+1.1887,-10.873
+1.18907,-11.0068
+1.18957,-10.9876
+1.18995,-10.9664
+1.19032,-10.9578
+1.1907,-11.0341
+1.19109,-11.0518
+1.19157,-11.173
+1.19195,-11.087
+1.19232,-11.1886
+1.1927,-11.086
+1.19306,-10.7046
+1.19357,-10.6515
+1.19394,-10.4405
+1.19432,-10.4076
+1.19469,-10.2669
+1.19508,-10.201
+1.19557,-9.84032
+1.19594,-9.5979
+1.19632,-9.10707
+1.1967,-8.84715
+1.19707,-8.60965
+1.19757,-8.19113
+1.19795,-8.09892
+1.19832,-7.65041
+1.1987,-7.37926
+1.19908,-7.2628
+1.19957,-7.09317
+1.19996,-6.79046
+1.20032,-6.61958
+1.2007,-6.48691
+1.20107,-6.45775
+1.20157,-6.22614
+1.20194,-5.77789
+1.20231,-5.73482
+1.2027,-5.39789
+1.20308,-5.10346
+1.20357,-19.7878
+1.20395,-19.6647
+1.20432,-19.4848
+1.20482,-19.3071
+1.20508,-19.1418
+1.20557,-18.9814
+1.20595,-18.8775
+1.20632,-18.6695
+1.2067,-18.6915
+1.20708,-18.6338
+1.20757,-18.5596
+1.20794,-18.5797
+1.20832,-18.6516
+1.2087,-18.4906
+1.20906,-18.3593
+1.20957,-18.5573
+1.20995,-18.5133
+1.21031,-18.4123
+1.2107,-18.2323
+1.21108,-18.3002
+1.21157,-18.0477
+1.21195,-18.0816
+1.21232,-18.029
+1.21269,-18.1959
+1.21308,-18.3193
+1.21356,-18.187
+1.21395,-18.2845
+1.21432,-18.2864
+1.2147,-18.4871
+1.21508,-18.4897
+1.21557,-18.7956
+1.21594,-18.8037
+1.21632,-18.9567
+1.21671,-18.9833
+1.21707,-19.0297
+1.21757,-19.1671
+1.21794,-19.1915
+1.21833,-19.4927
+1.2187,-19.7876
+1.21908,-19.9776
+1.21957,-20.0327
+1.21996,-20.3028
+1.22032,-20.5802
+1.2207,-20.9927
+1.22107,-21.3901
+1.22157,-21.8265
+1.22195,-22.0263
+1.22232,-22.3958
+1.2227,-22.4568
+1.22307,-22.8516
+1.22357,-23.3852
+1.22395,-23.6914
+1.22432,-24.0459
+1.2247,-24.4047
+1.22507,-24.8611
+1.22557,-25.1478
+1.22595,-25.7883
+1.22633,-26.1402
+1.2267,-26.5413
+1.22707,-26.9108
+1.22757,-27.0364
+1.22794,-27.4529
+1.22832,-27.7638
+1.2287,-27.9309
+1.22907,-28.3007
+1.22958,-28.7297
+1.22996,-29.1069
+1.23032,-29.5591
+1.2307,-29.997
+1.23107,-30.3304
+1.23158,-30.9835
+1.23195,-31.2404
+1.23232,-31.639
+1.23271,-32.076
+1.23308,-32.1438
+1.23357,-32.4167
+1.23394,-32.7381
+1.23433,-32.9888
+1.2347,-33.4439
+1.2352,-34.061
+1.23557,-34.5794
+1.23595,-35.1065
+1.23632,-35.4836
+1.2367,-35.9322
+1.23707,-36.4919
+1.23757,-36.8814
+1.23795,-37.2938
+1.23832,-37.8625
+1.2387,-38.1057
+1.23907,-38.1236
+1.23958,-38.1427
+1.23996,-38.3997
+1.24032,-38.7128
+1.2407,-38.9847
+1.24107,-39.0874
+1.24157,-39.3539
+1.24195,-39.3983
+1.24233,-39.4388
+1.2427,-39.7502
+1.24308,-39.8568
+1.24358,-40.0953
+1.24395,-40.2318
+1.24432,-40.2996
+1.2447,-40.3321
+1.24508,-40.5432
+1.24558,-40.5626
+1.24595,-40.7529
+1.24633,-41.0019
+1.2467,-41.1103
+1.24708,-41.2316
+1.24758,-41.3665
+1.24795,-41.7414
+1.24832,-42.0231
+1.2487,-42.406
+1.24907,-42.7655
+1.24958,-43.0183
+1.24995,-43.3416
+1.25032,-43.2269
+1.2507,-43.1415
+1.25108,-43.1868
+1.25157,-42.9763
+1.25195,-42.5658
+1.25233,-42.3839
+1.2527,-41.918
+1.25308,-41.3651
+1.25357,-41.0568
+1.25395,-40.5764
+1.25433,-40.2006
+1.25469,-39.801
+1.25509,-39.4966
+1.25558,-39.098
+1.25595,-38.7269
+1.25632,-38.3349
+1.2567,-37.8293
+1.25708,-37.3988
+1.25757,-36.7903
+1.25795,-36.2882
+1.25832,-35.7831
+1.2587,-35.2595
+1.25909,-34.8795
+1.25957,-34.47
+1.25996,-33.8602
+1.26032,-33.1969
+1.2607,-32.7318
+1.26108,-32.0435
+1.26157,-31.4617
+1.26195,-30.8676
+1.26232,-30.2907
+1.2627,-29.773
+1.26309,-28.9004
+1.26357,-28.2125
+1.26395,-27.5868
+1.26433,-26.7789
+1.2647,-26.0014
+1.26507,-25.4206
+1.26557,-24.5739
+1.26596,-23.668
+1.26633,-22.8476
+1.2667,-21.7067
+1.26709,-20.7187
+1.26758,-19.6215
+1.26795,-18.6162
+1.26832,-17.5403
+1.2687,-16.3291
+1.26909,-15.1586
+1.26958,-13.9636
+1.26996,-12.9292
+1.27032,-11.6107
+1.27069,-10.2035
+1.27109,-8.8259
+1.27145,-7.71887
+1.27195,-6.19928
+1.27232,-4.92447
+1.2727,-3.75604
+1.27308,-2.5241
+1.27357,-1.34608
+1.27395,+0.000347838
+1.27432,+1.23506
+1.2747,+2.21098
+1.27509,+3.08011
+1.27558,+4.29119
+1.27595,+5.21075
+1.27632,+6.28649
+1.27671,+7.45023
+1.27708,+8.62696
+1.27757,+10.0289
+1.27795,+11.0887
+1.27832,+12.0603
+1.2787,+13.3628
+1.27908,+14.7345
+1.27957,+15.5831
+1.27996,+17.1404
+1.28033,+17.9587
+1.28071,+19.2894
+1.28107,+20.7159
+1.28158,+21.5985
+1.28195,+21.9402
+1.28233,+22.7995
+1.28271,+23.1416
+1.28309,+23.1316
+1.28346,+24.4241
+1.28396,+24.0124
+1.28433,+24.5012
+1.2847,+24.5554
+1.28509,+24.5137
+1.28557,+24.8644
+1.28595,+25.8588
+1.28633,+26.0798
+1.2867,+26.2465
+1.28778,+26.892
+1.28795,+26.6396
+1.28817,+27.1584
+1.2884,+27.4699
+1.2887,+27.5688
+1.28908,+27.3844
+1.28957,+27.0337
+1.28995,+26.8366
+1.29032,+26.8136
+1.2907,+26.9706
+1.29108,+27.2922
+1.29145,+27.4937
+1.29194,+27.5893
+1.29232,+27.5578
+1.29283,+27.4928
+1.29309,+27.9384
+1.29357,+28.1114
+1.29395,+28.2287
+1.29433,+28.4172
+1.2947,+27.9673
+1.29508,+27.8908
+1.29544,+27.5672
+1.29595,+27.7132
+1.29632,+27.2254
+1.2967,+27.3432
+1.29707,+27.0293
+1.29745,+26.2592
+1.29795,+25.8028
+1.29832,+25.0165
+1.2987,+25.203
+1.29909,+24.5372
+1.29945,+23.9926
+1.29997,+23.1845
+1.30033,+22.8707
+1.3007,+21.9379
+1.30108,+21.1602
+1.30144,+21.0223
+1.30195,+20.5733
+1.30233,+20.3052
+1.3027,+19.6903
+1.30308,+19.069
+1.30345,+18.7522
+1.30395,+18.3745
+1.30433,+17.8759
+1.3047,+17.49
+1.30508,+17.0759
+1.30545,+16.4925
+1.30607,+16.0849
+1.30645,+15.8374
+1.30672,+15.36
+1.30709,+15.0259
+1.30745,+14.6985
+1.30795,+14.2526
+1.30833,+13.8874
+1.30869,+13.4632
+1.30908,+12.8872
+1.30945,+12.3965
+1.30997,+12.0025
+1.31033,+11.1328
+1.3107,+10.704
+1.31108,+10.263
+1.31144,+9.74119
+1.31195,+9.25041
+1.31233,+8.99935
+1.3127,+8.5564
+1.31308,+8.21803
+1.31345,+7.89829
+1.31396,+7.51231
+1.31433,+7.39592
+1.3147,+6.95576
+1.31509,+6.61619
+1.31545,+6.21191
+1.31595,+5.76879
+1.31633,+5.44731
+1.31671,+4.9299
+1.31708,+4.54286
+1.31745,+4.30604
+1.31795,+3.85357
+1.31833,+3.52808
+1.3187,+3.19191
+1.31909,+2.68624
+1.31945,+2.38023
+1.31997,+2.23858
+1.32033,+1.7629
+1.3207,+1.5854
+1.32108,+1.37577
+1.32145,+0.809281
+1.32196,+0.443961
+1.32233,+0.122305
+1.3227,-0.238213
+1.32308,-0.426362
+1.32345,-0.90008
+1.32395,-1.50145
+1.32432,-1.80525
+1.3247,-2.17203
+1.32508,-2.39643
+1.32545,-2.50738
+1.32595,-2.63449
+1.32634,-2.82078
+1.3267,-3.01617
+1.32709,-3.31299
+1.32745,-3.4224
+1.32795,-3.37164
+1.32833,-3.45304
+1.32871,-3.41327
+1.32908,-3.78096
+1.32957,-3.91193
+1.32996,-4.14895
+1.33033,-4.23515
+1.3307,-4.39384
+1.33108,-4.37343
+1.33144,-4.47301
+1.33196,-4.65685
+1.33233,-4.75295
+1.3327,-5.11697
+1.33309,-4.86153
+1.33346,-4.90913
+1.33395,-4.95328
+1.33445,-4.94157
+1.33473,-4.79221
+1.33509,-4.92718
+1.33545,-4.89235
+1.33595,-4.91596
+1.33632,-4.81897
+1.33684,-4.4972
+1.3371,-4.78373
+1.33746,-4.79242
+1.33796,-4.84052
+1.33833,-5.09641
+1.3387,-5.35021
+1.33908,-5.20226
+1.33958,-5.38741
+1.33996,-5.3447
+1.34033,-5.43178
+1.3407,-5.53291
+1.34108,-5.34517
+1.34146,-5.40978
+1.34196,-5.20972
+1.34233,-4.81198
+1.3427,-4.44911
+1.34309,-4.25132
+1.34345,-3.97789
+1.34395,-3.95991
+1.34433,-3.87747
+1.3447,-3.80025
+1.34508,-3.47202
+1.34545,-3.03348
+1.34595,-2.92099
+1.34632,-2.89403
+1.34671,-2.78512
+1.34708,-2.745
+1.34758,-2.59166
+1.34796,-2.2962
+1.34833,-1.95769
+1.3487,-1.5215
+1.34908,-1.63578
+1.34946,-1.46062
+1.34996,-1.28793
+1.35033,-1.3488
+1.3507,-1.20371
+1.35109,-0.973337
+1.35145,-0.610972
+1.35195,-0.281145
+1.35233,-0.117987
+1.35271,-0.0956339
+1.35308,+0.243916
+1.35345,+0.499145
+1.35395,+0.881355
+1.35433,+1.48716
+1.35471,+1.72983
+1.35509,+2.11678
+1.35545,+2.32693
+1.35595,+2.60421
+1.35634,+2.86327
+1.35671,+3.25114
+1.35708,+3.84618
+1.35745,+4.01546
+1.35796,+4.58684
+1.35833,+5.12889
+1.35871,+5.50425
+1.35908,+5.86911
+1.35946,+6.35343
+1.35997,+7.02338
+1.36033,+7.73545
+1.36071,+8.35141
+1.36108,+8.71723
+1.36146,+9.10285
+1.36196,+9.5319
+1.36233,+9.47499
+1.36271,+10.1723
+1.36309,+10.4969
+1.36346,+10.9203
+1.36396,+11.1501
+1.36433,+11.3627
+1.36471,+11.9191
+1.36508,+12.2801
+1.36545,+13.0766
+1.36595,+13.4167
+1.36633,+14.1836
+1.3667,+14.316
+1.36721,+14.9408
+1.36759,+15.1917
+1.36796,+15.4281
+1.36834,+15.7583
+1.36872,+15.8315
+1.36909,+16.0841
+1.36946,+16.1199
+1.36996,+16.1824
+1.37033,+16.4332
+1.37071,+16.9612
+1.37108,+17.228
+1.37145,+17.6387
+1.37196,+17.9549
+1.37234,+18.321
+1.37271,+18.528
+1.37308,+18.91
+1.37345,+19.4514
+1.37396,+19.8864
+1.37433,+19.9307
+1.37471,+20.0034
+1.37509,+20.188
+1.37545,+20.4096
+1.37596,+20.6615
+1.37633,+20.9087
+1.3767,+21.366
+1.37709,+21.6318
+1.37746,+21.717
+1.37796,+22.4447
+1.37833,+22.9264
+1.37871,+23.3511
+1.37909,+23.4821
+1.37946,+23.686
+1.37998,+23.9288
+1.38034,+24.1298
+1.38071,+24.1869
+1.38109,+24.3466
+1.38145,+24.248
+1.38196,+23.8999
+1.38234,+23.9869
+1.38271,+23.8184
+1.38309,+23.8833
+1.38345,+24.0264
+1.38397,+24.2258
+1.38434,+24.3369
+1.38471,+24.4252
+1.3851,+24.4716
+1.38546,+24.8523
+1.38596,+24.8089
+1.38633,+24.9178
+1.38671,+25.1179
+1.38721,+25.0776
+1.38747,+25.0681
+1.38795,+24.9785
+1.38834,+24.617
+1.38871,+24.4844
+1.38909,+24.2498
+1.39018,+24.0494
+1.39037,+23.7911
+1.39071,+23.5308
+1.39109,+23.3895
+1.39145,+23.3898
+1.39196,+23.3108
+1.39233,+23.0927
+1.39271,+23.048
+1.39309,+22.8429
+1.39345,+22.8049
+1.39396,+22.6972
+1.39433,+22.7
+1.39471,+22.5037
+1.3951,+22.2023
+1.39546,+22.1367
+1.39595,+21.8314
+1.39633,+21.9372
+1.39671,+22.0011
+1.39709,+21.8905
+1.39745,+21.858
+1.39796,+21.763
+1.39833,+21.6271
+1.3987,+21.4254
+1.39915,+21.3018
+1.39948,+20.8387
+1.39999,+20.6086
+1.40033,+20.2043
+1.40071,+19.7927
+1.40109,+19.6449
+1.40145,+19.355
+1.40196,+19.0935
+1.40233,+18.7033
+1.4027,+18.3247
+1.40309,+17.6966
+1.40345,+17.0367
+1.40397,+15.2268
+1.40434,+14.9113
+1.40471,+14.4679
+1.40509,+14.3409
+1.40545,+14.121
+1.40596,+13.5654
+1.40634,+13.3773
+1.40671,+13.2522
+1.40708,+13.3833
+1.40746,+13.4711
+1.40796,+12.8977
+1.40833,+12.3392
+1.40871,+12.3464
+1.40909,+11.8414
+1.40945,+11.1918
+1.40996,+10.7059
+1.41034,+10.1407
+1.41071,+9.90271
+1.41109,+9.57002
+1.41145,+9.34693
+1.41196,+9.23602
+1.41234,+8.9897
+1.41271,+8.55418
+1.41308,+8.00028
+1.41345,+7.67383
+1.41396,+7.66535
+1.41433,+7.78092
+1.41471,+7.33118
+1.41509,+7.09097
+1.41545,+6.71749
+1.41596,+6.40191
+1.41634,+6.32199
+1.41671,+6.05613
+1.41709,+5.94063
+1.41759,+5.80354
+1.41797,+5.80549
+1.41834,+5.39246
+1.4187,+5.21365
+1.41909,+4.82872
+1.41946,+4.75907
+1.41997,+4.3868
+1.42033,+4.32782
+1.42071,+4.0685
+1.42109,+3.82101
+1.42145,+3.53583
+1.42196,+2.95635
+1.42234,+2.78188
+1.42271,+2.7388
+1.42309,+2.4882
+1.42346,+2.43197
+1.42397,+2.38716
+1.42434,+2.04627
+1.42471,+1.81036
+1.4251,+1.78163
+1.42546,+1.64202
+1.42596,+1.74905
+1.42633,+1.66164
+1.42671,+1.56913
+1.42709,+1.64153
+1.42746,+1.36955
+1.42809,+1.36263
+1.42836,+1.3353
+1.42871,+1.38517
+1.42909,+1.10257
+1.42946,+1.12911
+1.42997,+0.873242
+1.43034,+0.531241
+1.43071,+0.220757
+1.43109,+0.117229
+1.43147,+0.0681298
+1.43196,-0.164014
+1.43233,-0.352759
+1.43271,-0.401908
+1.43309,-0.371976
+1.43346,-0.446325
+1.43396,-0.439629
+1.43433,-0.219912
+1.43472,-0.0798631
+1.43509,-0.0715688
+1.43546,-0.043242
+1.43596,+0.022375
+1.43633,-0.0510281
+1.43671,-0.0487302
+1.43709,-0.0400871
+1.43746,-0.162659
+1.43796,-0.054163
+1.43834,-0.068647
+1.43871,-0.0910513
+1.43909,-0.100096
+1.43945,-0.167777
+1.43997,-0.193248
+1.44033,+0.0141481
+1.44071,-0.0872613
+1.44109,+0.0501568
+1.44146,+0.163181
+1.44196,+0.315653
+1.44234,+0.243558
+1.44271,+0.173324
+1.44309,+0.205692
+1.44346,+0.158956
+1.44397,+0.221046
+1.44434,+0.0848191
+1.44472,+0.340832
+1.44508,+0.416304
+1.44546,+0.396381
+1.44596,+0.302717
+1.44633,+0.468671
+1.44671,+0.553071
+1.4471,+0.542783
+1.44746,+0.725498
+1.44797,+0.86276
+1.44834,+1.03096
+1.44871,+0.962693
+1.44909,+1.04929
+1.44946,+1.25697
+1.44997,+1.20732
+1.45034,+1.08351
+1.45071,+1.34667
+1.45109,+1.36652
+1.45146,+1.45791
+1.45197,+1.58752
+1.45234,+1.63998
+1.45272,+1.85497
+1.45309,+1.94238
+1.45346,+2.2079
+1.45396,+2.39093
+1.45434,+2.86513
+1.45471,+2.96931
+1.45509,+3.21859
+1.45546,+3.45147
+1.45597,+3.38164
+1.45634,+3.6831
+1.45671,+3.8623
+1.45708,+3.96011
+1.45747,+3.86339
+1.45796,+4.13207
+1.45834,+4.06899
+1.45872,+4.13413
+1.45909,+4.34987
+1.45946,+4.49195
+1.45997,+4.74279
+1.46034,+4.84493
+1.46071,+4.92132
+1.46109,+5.17441
+1.46147,+5.47917
+1.46196,+5.52978
+1.46233,+5.65636
+1.46272,+5.6498
+1.46309,+5.86339
+1.46346,+5.91237
+1.46396,+6.0214
+1.46434,+6.09402
+1.46472,+6.17108
+1.46509,+6.38813
+1.46546,+6.48294
+1.46597,+6.74375
+1.46634,+6.95806
+1.46671,+7.40056
+1.46709,+7.37944
+1.46747,+7.56946
+1.46797,+7.90915
+1.46834,+8.18887
+1.46871,+8.3109
+1.46909,+8.25949
+1.46946,+8.362
+1.46997,+8.46088
+1.47035,+8.69962
+1.47072,+8.81586
+1.4711,+9.00952
+1.47146,+9.10601
+1.47197,+9.05291
+1.47234,+9.23264
+1.47271,+9.44134
+1.4731,+9.70065
+1.47346,+10.0401
+1.47396,+10.3032
+1.47434,+10.386
+1.47471,+10.5461
+1.4751,+10.7628
+1.47547,+10.9825
+1.47597,+11.2535
+1.47634,+11.3925
+1.47672,+11.6235
+1.47709,+11.8473
+1.47746,+11.896
+1.47796,+11.9776
+1.47834,+12.2527
+1.47872,+12.1867
+1.47909,+12.362
+1.47946,+12.5692
+1.47998,+12.695
+1.48034,+12.668
+1.48072,+12.8179
+1.48109,+12.9246
+1.48147,+13.1981
+1.48197,+13.2882
+1.48234,+13.3772
+1.48271,+13.7357
+1.48309,+13.8433
+1.48346,+14.0132
+1.48396,+14.2491
+1.48434,+14.4909
+1.48471,+14.6485
+1.4851,+14.8463
+1.48547,+15.0989
+1.48596,+15.4142
+1.48634,+15.6775
+1.48672,+15.8611
+1.48709,+15.9613
+1.48747,+16.066
+1.48797,+16.3913
+1.48834,+16.5688
+1.48872,+16.8453
+1.48909,+16.9744
+1.48947,+16.984
+1.48997,+17.0462
+1.49034,+17.3243
+1.49071,+17.563
+1.49109,+17.8291
+1.49146,+18.0076
+1.49258,+18.0277
+1.4928,+18.1558
+1.49309,+18.339
+1.49348,+18.5335
+1.49397,+18.792
+1.49434,+19.0114
+1.49471,+19.0105
+1.49509,+19.1548
+1.4956,+19.4293
+1.49597,+19.6309
+1.49634,+19.9098
+1.49671,+20.275
+1.49709,+20.4976
+1.49747,+20.7162
+1.49796,+20.7481
+1.49834,+20.922
+1.49871,+18.9477
+1.4991,+16.9013
+1.49946,+14.8119
+1.49997,+12.7917
