+0,+2.76625
+0.0003,+3.31054
+0.0007,+3.47395
+0.0011,+3.6514
+0.0015,+4.22341
+0.002,+5.158
+0.0023,+5.07921
+0.0027,+5.11208
+0.0031,+4.93845
+0.0035,+5.33903
+0.004,+5.35773
+0.0043,+4.98287
+0.0047,+5.3525
+0.0051,+5.6383
+0.0055,+5.80576
+0.006,+5.40992
+0.0063,+5.12138
+0.0067,+4.25585
+0.0071,+3.84431
+0.0075,+3.33402
+0.008,-0.379147
+0.0083,-0.293831
+0.0087,-0.642818
+0.0091,-0.530013
+0.0095,-1.02559
+0.01,-0.915159
+0.0103,-0.92936
+0.0107,-0.0321141
+0.0111,+0.351476
+0.0115,+0.499571
+0.012,+4.19088
+0.0125,+3.71738
+0.0127,+4.14881
+0.0131,+4.12175
+0.0135,+4.54111
+0.014,+4.5477
+0.0143,+4.81631
+0.0147,+4.38271
+0.0151,+4.52416
+0.0155,+4.54363
+0.016,+4.60473
+0.0163,+5.42556
+0.0167,+5.39757
+0.0171,+5.48546
+0.0175,+4.98195
+0.018,+1.62538
+0.0183,+1.75656
+0.0187,+2.20009
+0.0191,+1.78762
+0.0195,+2.06682
+0.02,+1.89751
+0.0203,+1.85697
+0.0207,+2.01512
+0.0211,+1.20482
+0.0215,+1.74906
+0.022,+4.56254
+0.0223,+4.58765
+0.0227,+4.5227
+0.0231,+4.38959
+0.0235,+4.50774
+0.024,+4.53518
+0.0243,+4.44937
+0.0247,+4.23682
+0.0251,+4.52641
+0.0262,+4.29081
+0.0264,+4.44899
+0.0267,+4.49316
+0.0269,+4.59537
+0.0271,+4.25739
+0.0275,+4.21135
+0.028,+4.19832
+0.0283,+4.26964
+0.0287,+4.37376
+0.0291,+4.85977
+0.0295,+5.05052
+0.03,+5.79553
+0.0303,+5.72323
+0.0307,+4.78134
+0.0311,+5.57214
+0.0315,+5.5207
+0.032,+5.49851
+0.0323,+5.47054
+0.0327,+5.32295
+0.0331,+4.47041
+0.0335,+4.50976
+0.034,+4.02908
+0.0343,+3.9957
+0.0347,+4.87871
+0.0351,+4.85908
+0.0355,+4.9142
+0.036,+4.89701
+0.0363,+5.07781
+0.0369,+5.21032
+0.0371,+5.14612
+0.0375,+5.02064
+0.038,+5.15453
+0.0383,+5.07732
+0.0387,+5.07313
+0.0391,+5.09267
+0.0395,+4.68082
+0.04,+4.29648
+0.0403,+3.72911
+0.0407,+3.83834
+0.0411,+4.72934
+0.0415,+4.75182
+0.042,+4.51863
+0.0423,+4.57332
+0.0427,+4.50382
+0.0431,+4.5157
+0.0435,+3.98059
+0.044,+3.70452
+0.0443,+3.33834
+0.0447,+2.43272
+0.0451,+2.38732
+0.0455,+2.37106
+0.046,+2.52347
+0.0463,+2.50436
+0.0467,+2.57273
+0.0471,+2.605
+0.0475,+3.09142
+0.048,+3.29738
+0.0483,+4.07054
+0.0487,+4.86239
+0.0491,+4.07006
+0.0495,+4.06332
+0.05,+3.55514
+0.0503,+3.7158
+0.0507,+3.66314
+0.0511,+0.368434
+0.0515,-0.032564
+0.052,+0.114525
+0.0523,+0.199564
+0.0527,-0.266046
+0.0531,+0.598014
+0.0535,+0.512866
+0.054,+1.08213
+0.0543,+1.05426
+0.0548,+1.03868
+0.0551,+4.35056
+0.0555,+5.16803
+0.056,+4.54216
+0.0563,+3.63833
+0.0567,+3.2508
+0.0571,+2.80275
+0.0575,+2.06822
+0.058,+1.93693
+0.0583,+1.7756
+0.0587,+1.38518
+0.0591,+0.886232
+0.0595,+0.0179629
+0.06,+0.962865
+0.0603,+1.45974
+0.0607,+2.3168
+0.0611,+2.30801
+0.0615,+2.77233
+0.062,+1.97403
+0.0623,+1.62685
+0.0627,+1.17918
+0.0631,+1.50254
+0.0635,+1.92237
+0.064,+1.93378
+0.0643,+2.14877
+0.0647,+1.98186
+0.0651,+2.24318
+0.0655,+2.64419
+0.066,+3.47508
+0.0663,+3.86153
+0.0667,+4.31309
+0.0671,+4.50451
+0.0675,+5.01977
+0.068,+4.15621
+0.0683,+4.35918
+0.0687,+4.56392
+0.0691,+3.94771
+0.0695,+3.42107
+0.07,+3.09789
+0.0703,+2.75804
+0.0707,+3.20014
+0.0711,+2.36638
+0.0715,+2.4057
+0.072,+3.32537
+0.0723,+3.39547
+0.0727,+3.33724
+0.0732,+4.22022
+0.0735,+4.69834
+0.074,+5.09645
+0.0743,+5.57117
+0.0747,+5.50284
+0.0751,+5.96005
+0.0755,+5.86452
+0.076,+4.93732
+0.0763,+4.79888
+0.0767,+4.70307
+0.0771,+4.26792
+0.0775,+4.33402
+0.078,+4.29398
+0.0783,+4.17165
+0.0787,+4.21471
+0.0791,+4.63008
+0.0795,+4.64465
+0.08,+5.21181
+0.0804,+5.32695
+0.0807,+5.47208
+0.0811,+5.81576
+0.0815,+4.92416
+0.082,+4.16795
+0.0823,+3.4443
+0.0827,+3.09778
+0.0831,-0.605539
+0.0835,-1.04888
+0.084,-1.05945
+0.0843,-1.11497
+0.0847,-1.62287
+0.0851,-1.55608
+0.0855,-0.665741
+0.086,-0.771111
+0.0863,-0.956213
+0.0867,-1.4674
+0.0871,+2.11629
+0.0875,+2.15524
+0.088,+1.71338
+0.0883,+1.65499
+0.0887,+2.20272
+0.0891,+1.35764
+0.0895,+0.953204
+0.09,+1.4212
+0.0903,+2.39804
+0.0907,+2.94215
+0.0911,+2.13706
+0.0915,+2.11828
+0.092,+2.44637
+0.0923,+1.73514
+0.0927,+0.816355
+0.0931,+1.59745
+0.0935,+1.5295
+0.094,+1.60759
+0.0943,+0.780588
+0.0947,+1.13879
+0.0951,+1.93273
+0.0955,+2.37883
+0.096,+2.4385
+0.0964,-0.124298
+0.0967,+0.706252
+0.0971,+0.317245
+0.0975,+0.725156
+0.098,+0.21392
+0.0983,+1.05681
+0.0987,+1.02684
+0.0991,+0.740725
+0.0995,+1.14206
+0.1,+1.62251
+0.1003,+4.16193
+0.1007,+4.19617
+0.1017,+4.2597
+0.1019,+3.38524
+0.1021,+4.23468
+0.1024,+3.25216
+0.1027,+3.26906
+0.1031,+3.59836
+0.1037,+2.86626
+0.104,+2.48341
+0.1043,+3.20456
+0.1047,+3.20175
+0.1051,+3.55169
+0.1055,+4.35702
+0.106,+3.46439
+0.1063,+4.4897
+0.1067,+3.50459
+0.1071,+3.46034
+0.1075,+3.22617
+0.108,+2.698
+0.1083,+2.6409
+0.1087,+2.14647
+0.1091,+2.03991
+0.1095,+1.99506
+0.1098,+2.54321
+0.1103,+2.39671
+0.1107,+3.38426
+0.1111,+2.91486
+0.1115,+3.52524
+0.112,+4.26779
+0.1123,+4.03471
+0.1127,+4.4008
+0.1131,+3.58412
+0.1135,+3.19781
+0.114,+3.93427
+0.1143,+3.94548
+0.1147,+3.93341
+0.1151,+4.14827
+0.1155,+4.5901
+0.1159,+4.66619
+0.1163,+4.98078
+0.1167,+4.12995
+0.1171,+4.17627
+0.1175,+4.77052
+0.118,+4.41561
+0.1184,+3.60811
+0.1188,+3.55537
+0.1191,+2.98316
+0.1195,+2.43721
+0.12,+2.51793
+0.1203,+1.72784
+0.1207,-0.664838
+0.1211,-0.689187
+0.1215,-1.7736
+0.122,-1.86441
+0.1223,-1.03208
+0.1227,-1.09257
+0.1231,-0.269602
+0.1236,-0.698955
+0.124,-0.781497
+0.1244,-0.00918178
+0.1247,+3.22086
+0.1251,+3.17753
+0.1255,+3.27972
+0.126,-0.376969
+0.1264,-1.27647
+0.1267,-1.21239
+0.1271,-1.68299
+0.1275,-1.69119
+0.128,-1.72442
+0.1283,-2.62227
+0.1287,-2.97681
+0.1291,-2.02067
+0.1295,-1.11905
+0.13,+2.44368
+0.1304,+2.48031
+0.1307,+2.41871
+0.1311,-0.740374
+0.1315,-1.09232
+0.132,-1.04433
+0.1323,-0.126509
+0.1327,-0.0629093
+0.1331,-0.0207241
+0.1335,+0.0601248
+0.134,+0.227134
+0.1344,+0.251703
+0.1347,-0.423505
+0.1351,+3.23364
+0.1355,+4.06375
+0.136,+3.67848
+0.1364,+3.34049
+0.1367,+3.73323
+0.1371,+3.3333
+0.1375,+2.46344
+0.138,+2.33767
+0.1383,+3.30074
+0.1387,+3.24385
+0.1391,+2.79972
+0.1395,+2.89365
+0.1398,+2.50351
+0.1404,+1.98014
+0.1407,+1.25214
+0.1411,+1.2078
+0.1415,+1.21689
+0.142,+1.28633
+0.1423,+0.736402
+0.1427,+1.49857
+0.1431,+1.92324
+0.1435,+1.29997
+0.144,+1.33594
+0.1444,+1.72937
+0.1447,+1.62863
+0.1451,+2.00069
+0.1455,+2.26385
+0.146,+2.25391
+0.1464,+2.80372
+0.1467,+2.87226
+0.1471,+2.87249
+0.1475,+2.87375
+0.148,+3.56893
+0.1483,+4.04599
+0.1487,+4.87708
+0.1491,+5.24758
+0.1495,+5.77753
+0.15,+5.78317
+0.1504,+4.97045
+0.1507,+5.03694
+0.1511,+4.80731
+0.1515,+4.52129
+0.152,+4.59568
+0.1524,+4.64439
+0.1527,+4.63581
+0.1531,+3.37957
+0.1535,+3.3717
+0.154,+2.85351
+0.1544,+3.58019
+0.1547,+3.04906
+0.1551,+3.24583
+0.1555,+4.10551
+0.156,+4.12775
+0.1564,+3.68651
+0.1567,+3.24305
+0.1571,+4.11526
+0.1575,+4.09746
+0.158,+4.75506
+0.1584,+3.8906
+0.1587,+4.3138
+0.1591,+4.37696
+0.1595,+4.34481
+0.1598,+3.86062
+0.1603,+3.38482
+0.1607,+3.77377
+0.1611,+3.70466
+0.1615,+3.72545
+0.1619,+3.59363
+0.1624,+3.59781
+0.1627,+0.257478
+0.1631,-3.45822
+0.1635,-3.50061
+0.164,-2.98574
+0.1643,-2.06379
+0.1647,-1.96511
+0.1651,-2.33576
+0.1655,-2.79162
+0.166,-2.84513
+0.1664,-2.06484
+0.1667,+1.07144
+0.1671,+4.63323
+0.1675,+4.46525
+0.168,+4.30743
+0.1683,+4.16329
+0.1687,+4.09719
+0.1691,+4.13764
+0.1695,+4.21255
+0.1699,+4.1702
+0.1704,+4.36097
+0.1707,+4.14917
+0.1711,+3.8167
+0.1715,+3.96716
+0.1719,+3.62598
+0.1724,+3.73431
+0.1727,+2.94414
+0.1731,+2.90889
+0.1735,+3.22921
+0.1739,+3.01149
+0.1744,+2.95266
+0.1747,+3.42576
+0.1751,+3.94496
+0.1755,+3.96638
+0.176,+4.36017
+0.1763,+3.39232
+0.1767,+4.14918
+0.1771,+3.63977
+0.1775,+2.92798
+0.178,+3.22562
+0.1784,+2.68186
+0.1787,+2.62029
+0.1791,+2.61399
+0.1795,+1.77091
+0.1799,+1.38949
+0.1804,+2.23369
+0.1807,+1.89482
+0.1811,+2.90517
+0.1815,+3.21901
+0.1819,+3.25097
+0.1824,+3.19459
+0.1827,+2.78798
+0.1831,+2.7984
+0.1835,+3.72943
+0.1838,+4.14598
+0.1844,+3.81957
+0.1847,+3.77242
+0.1851,+3.75738
+0.1855,+3.40277
+0.1858,+2.56571
+0.1864,+2.24102
+0.1867,+1.80746
+0.1871,+1.78359
+0.1875,+1.76051
+0.1879,+0.932274
+0.1884,+1.4666
+0.1887,+1.82897
+0.1891,+1.79689
+0.1895,+2.21116
+0.1899,+2.54918
+0.1904,+2.53811
+0.1907,+3.31408
+0.1911,+2.40159
+0.1915,+2.38865
+0.1919,+3.28928
+0.1924,+2.36417
+0.1927,+2.19648
+0.1931,+2.10473
+0.1935,+2.54316
+0.1939,+2.62748
+0.1945,+3.11163
+0.1948,+3.24292
+0.1951,+4.16413
+0.1955,+3.23817
+0.1959,+2.66549
+0.1964,+3.38293
+0.1967,+3.65033
+0.1971,+3.79115
+0.1975,+3.29186
+0.1979,+4.12878
+0.1984,+4.02455
+0.1988,+4.04826
+0.1991,+3.99766
+0.1995,+4.03658
+0.1999,-8.5847
+0.2004,-7.94816
+0.2007,-7.96839
+0.2011,-7.95743
+0.2015,-7.61182
+0.2019,-6.41527
+0.2024,-6.92652
+0.2027,-6.0275
+0.2031,-5.66695
+0.2041,-5.89864
+0.2044,-5.23349
+0.2046,-2.88452
+0.2048,-2.49934
+0.2051,-1.64571
+0.2055,-2.02893
+0.2059,-2.10384
+0.2064,-2.13236
+0.2067,-2.26961
+0.2071,-2.6772
+0.2075,-3.09439
+0.2079,-3.47926
+0.2084,-5.69004
+0.2087,-5.79439
+0.2091,-6.49213
+0.2095,-6.80101
+0.2099,-7.58762
+0.2104,-7.38452
+0.2107,-8.06841
+0.2111,-8.03636
+0.2115,-7.66147
+0.2119,-7.90627
+0.2124,-8.62728
+0.2127,-9.40397
+0.2131,-9.54499
+0.2135,-8.73619
+0.2139,-8.4165
+0.2144,-8.0617
+0.2147,-8.01915
+0.2151,-8.03353
+0.2155,-8.04489
+0.2159,-8.09552
+0.2164,-7.72046
+0.2167,-6.86789
+0.2171,-6.85315
+0.2175,-7.32959
+0.2179,-6.84706
+0.2184,-7.66201
+0.2187,-7.38057
+0.2191,-6.9483
+0.2195,-6.85055
+0.2199,-6.77943
+0.2204,-6.46635
+0.2207,-6.1771
+0.2211,-5.71195
+0.2215,-6.03538
+0.2219,-6.80672
+0.2224,-6.21463
+0.2227,-6.59324
+0.2231,-6.29744
+0.2235,-7.114
+0.2239,-7.16373
+0.2244,-7.09755
+0.2247,-7.85956
+0.2252,-8.19953
+0.2255,-7.46559
+0.2259,-7.4941
+0.2264,-7.75003
+0.2267,-6.95813
+0.2271,-7.51626
+0.2275,-6.74844
+0.2279,-7.11033
+0.2284,-7.11656
+0.2287,-3.98009
+0.2291,-3.6965
+0.2295,-3.68171
+0.2299,-3.62014
+0.2304,-3.21828
+0.2307,-3.12599
+0.2311,-2.99159
+0.2315,-3.41331
+0.2319,-2.96015
+0.2324,-3.74822
+0.2327,-7.17889
+0.2331,-6.80339
+0.2335,-7.57193
+0.2339,-7.60863
+0.2344,-7.16666
+0.2347,-7.96413
+0.2351,-8.2833
+0.2355,-7.4756
+0.2359,-7.74915
+0.2364,-7.72013
+0.2367,-7.3677
+0.2371,-8.1688
+0.2375,-8.129
+0.2379,-8.0988
+0.2384,-8.81712
+0.2387,-8.0894
+0.2391,-7.24865
+0.2395,-7.92859
+0.2399,-7.64429
+0.2404,-6.8503
+0.2407,-6.84785
+0.2411,-6.38858
+0.2415,-5.62684
+0.2419,-5.18535
+0.2424,-4.4829
+0.2427,-5.1728
+0.2431,-5.96789
+0.2435,-5.33703
+0.244,-5.2806
+0.2444,-6.0904
+0.2447,-5.65762
+0.2451,-2.89622
+0.2455,-2.86279
+0.2459,-3.39313
+0.2464,-3.74481
+0.2467,-2.99965
+0.2471,-3.1939
+0.2475,-3.96907
+0.2479,-3.73556
+0.2484,-2.91583
+0.2487,-2.88551
+0.2491,-6.00111
+0.2495,-6.04444
+0.2499,-6.00993
+0.2504,-5.63345
+0.2507,-5.61789
+0.2511,-4.90542
+0.2515,-4.17323
+0.2519,-4.60542
+0.2524,-5.05168
+0.2527,-4.55244
+0.2531,-4.2098
+0.2535,-4.67146
+0.2539,-3.76291
+0.2544,-3.73027
+0.2547,-4.50616
+0.2551,-5.322
+0.2556,-5.58834
+0.256,-4.78489
+0.2564,-5.0683
+0.2567,-6.01143
+0.2571,-5.65458
+0.2575,-5.96498
+0.2579,-6.97314
+0.2584,-6.99355
+0.2587,-7.02944
+0.2591,-5.94166
+0.2595,-6.33672
+0.2599,-7.13794
+0.2604,-6.84574
+0.2607,-6.72174
+0.2611,-7.43015
+0.2615,-7.43853
+0.2619,-6.52293
+0.2624,-7.2981
+0.2627,-7.26423
+0.2631,-7.36009
+0.2635,-7.42224
+0.2639,-6.91606
+0.2644,-6.92402
+0.2647,-6.80998
+0.2651,-6.33425
+0.2655,-6.27777
+0.2659,-7.02957
+0.2664,-6.57098
+0.2667,-3.23962
+0.2671,-3.19987
+0.2675,-3.077
+0.2679,-3.56534
+0.2684,-3.1177
+0.2688,-3.30852
+0.2691,-3.09436
+0.2695,-2.47969
+0.2699,-2.13355
+0.2704,-2.61243
+0.2707,-5.27285
+0.2711,-5.11831
+0.2715,-4.49096
+0.2719,-3.70486
+0.2724,-4.51626
+0.2727,-4.48187
+0.2731,-5.15572
+0.2735,-4.53598
+0.2739,-4.86938
+0.2744,-4.50584
+0.2747,-4.7959
+0.2751,-4.90798
+0.2756,-5.28329
+0.2759,-5.59133
+0.2764,-5.49408
+0.2767,-5.48302
+0.2771,-5.04453
+0.2775,-6.14292
+0.2779,-5.66595
+0.2784,-6.01123
+0.2787,-6.27718
+0.2791,-7.06154
+0.2795,-7.33807
+0.2799,-7.3364
+0.2804,-7.39173
+0.2807,-7.34062
+0.2811,-7.46087
+0.2815,-7.63597
+0.2819,-8.03557
+0.2824,-7.47776
+0.2827,-7.54671
+0.2831,-7.59887
+0.2835,-6.7378
+0.2839,-6.74559
+0.2844,-6.6821
+0.2848,-6.27745
+0.2851,-6.13689
+0.2855,-6.01369
+0.2859,-6.17384
+0.2864,-6.66486
+0.2867,-6.72683
+0.2872,-6.56757
+0.2876,-6.67563
+0.2879,-6.69556
+0.2884,-5.99703
+0.2888,-5.53922
+0.2891,-5.21222
+0.2895,-4.36359
+0.2899,-3.4553
+0.2904,-3.07358
+0.2907,-2.21153
+0.2911,-1.4772
+0.2915,-1.68288
+0.2919,-2.06738
+0.2924,-2.90486
+0.2927,-3.0788
+0.2931,-3.11412
+0.2935,-3.6094
+0.2939,-4.04324
+0.2944,-3.64435
+0.2947,-4.47329
+0.2951,-4.37913
+0.2955,-4.48898
+0.2959,-4.41693
+0.2964,-4.40654
+0.2967,-4.70619
+0.2971,-4.93696
+0.2975,-4.65281
+0.2979,-4.90085
+0.2984,-5.65101
+0.2987,-4.8737
+0.2991,-5.0262
+0.2995,-4.62466
+0.2999,-3.94068
+0.3004,-3.07614
+0.3007,-2.70628
+0.3012,-3.15622
+0.3015,-3.75719
+0.3019,-3.14941
+0.3024,+0.0981779
+0.3027,-0.601585
+0.3031,-1.25965
+0.3035,-1.35475
+0.3039,-2.04896
+0.3044,+0.340162
+0.3047,-0.0208131
+0.3051,+3.35068
+0.3055,+3.23853
+0.3065,+2.92467
+0.3067,+0.418804
+0.3068,+0.823513
+0.3071,+0.857356
+0.3075,+0.161583
+0.3079,+0.237098
+0.3084,-2.47503
+0.3088,-2.90467
+0.3091,-6.19828
+0.3095,-6.17027
+0.3099,-6.46319
+0.3104,-6.45206
+0.3107,-6.75324
+0.3111,-6.85578
+0.3115,-6.0844
+0.3119,-2.80196
+0.3124,-2.79306
+0.3128,-2.73775
+0.3131,-2.29742
+0.3135,-2.24068
+0.3139,-1.46951
+0.3144,-2.22648
+0.3148,-1.87444
+0.3151,-1.85462
+0.3155,-2.5143
+0.3159,-5.83089
+0.3164,-5.87247
+0.3168,-5.10737
+0.3171,-5.44987
+0.3175,-5.06466
+0.3179,-5.0436
+0.3184,-4.64009
+0.3188,-4.44339
+0.3191,-4.01394
+0.3195,-3.39765
+0.3199,-2.70434
+0.3204,-3.06727
+0.3208,-3.38685
+0.3211,-2.75167
+0.3215,-2.34696
+0.3219,-2.99024
+0.3224,-3.46013
+0.3228,-4.09697
+0.3231,-3.57479
+0.3235,-3.66241
+0.3239,-3.59877
+0.3244,-3.60446
+0.3248,-3.30448
+0.3251,-3.2188
+0.3255,-3.14353
+0.3259,-2.5624
+0.3264,-1.74902
+0.3267,-1.54564
+0.3271,-1.55357
+0.3275,-2.17056
+0.3279,-2.20222
+0.3284,-1.40328
+0.3288,-2.0952
+0.3291,-2.22268
+0.3295,-2.39547
+0.3299,-2.36627
+0.3304,-2.31521
+0.3308,-2.55423
+0.3311,-3.45898
+0.3315,-2.65147
+0.3319,-3.09097
+0.3324,-3.88289
+0.3328,-3.92303
+0.3331,-3.98543
+0.3335,-3.86521
+0.3339,-4.38741
+0.3344,-4.39157
+0.3348,-4.72203
+0.3351,-4.71356
+0.3355,-5.53269
+0.3359,-4.95293
+0.3364,-4.41196
+0.3368,-3.71025
+0.3371,-4.30935
+0.3375,-5.09849
+0.3379,-4.44769
+0.3384,-5.10482
+0.3388,-3.9872
+0.3391,-3.56858
+0.3395,-3.21864
+0.3399,-3.2949
+0.3404,-3.67751
+0.3408,-3.51304
+0.3411,-3.46207
+0.3415,-3.35635
+0.3419,-3.4847
+0.3424,-3.10263
+0.3428,-3.02356
+0.3431,-2.56309
+0.3435,-2.02603
+0.3439,-2.46869
+0.3444,-2.59761
+0.3448,-3.37257
+0.3451,-2.6745
+0.3455,-2.06867
+0.3459,-2.7919
+0.3464,-3.1808
+0.3468,-3.15558
+0.3471,-3.13672
+0.3475,-3.60996
+0.3479,-3.02583
+0.3484,+0.0638393
+0.3488,+0.211885
+0.3491,-0.117353
+0.3495,-0.743744
+0.3499,-0.109634
+0.3504,+3.19875
+0.3508,+2.82205
+0.3511,+2.43784
+0.3515,+2.16766
+0.3519,+4.65683
+0.3524,+1.73818
+0.3528,+1.70243
+0.3531,+1.33263
+0.3535,+1.81251
+0.3539,+1.91885
+0.3544,-1.40966
+0.3548,-1.59251
+0.3551,-1.50816
+0.3555,-0.711633
+0.3559,-3.30341
+0.3564,-2.96861
+0.3568,-2.30574
+0.3571,-1.64331
+0.3575,-1.34261
+0.3579,-2.03803
+0.3584,-1.19629
+0.3588,-1.31943
+0.3591,-0.999809
+0.3595,-1.04124
+0.3599,-1.86667
+0.3604,-1.48445
+0.3608,-1.53864
+0.3611,-1.44493
+0.3615,-1.85326
+0.3619,-1.20452
+0.3624,-0.981751
+0.3628,-1.04217
+0.3631,-1.73536
+0.3635,-1.62349
+0.3639,-0.55412
+0.3644,-1.23525
+0.3648,-1.39672
+0.3651,-2.06171
+0.3655,-2.34626
+0.3659,-2.26355
+0.3664,-2.41241
+0.3668,-2.06734
+0.3671,-1.35268
+0.3675,-2.2149
+0.3679,-3.11797
+0.3684,-2.47337
+0.3688,-2.19073
+0.3691,-1.87923
+0.3695,-1.57541
+0.3699,-1.63171
+0.3704,-1.82997
+0.3708,-1.75692
+0.3711,-1.68344
+0.3715,-1.54306
+0.3719,-1.08591
+0.3724,-1.80603
+0.3728,-1.77492
+0.3731,-1.32276
+0.3735,-1.04099
+0.3739,-1.22163
+0.3743,-1.03005
+0.3748,-0.545498
+0.3751,-0.977279
+0.3755,-0.330246
+0.3759,+0.0504521
+0.3764,+0.563953
+0.3768,+0.629621
+0.3771,+0.00283939
+0.3775,-0.0989132
+0.3779,+0.225291
+0.3784,-0.510202
+0.3788,-1.4025
+0.3791,-1.76278
+0.3795,-2.15445
+0.3799,-2.23152
+0.3804,-2.29467
+0.3808,-2.31494
+0.3811,-1.6671
+0.3815,-1.38478
+0.3819,-1.34741
+0.3824,-0.733211
+0.3828,-0.635353
+0.3831,-0.607374
+0.3835,-0.173232
+0.3839,-0.253777
+0.3844,-1.00859
+0.3848,-1.47294
+0.3851,-1.51259
+0.3855,-1.52139
+0.3859,-1.51531
+0.3864,-1.87472
+0.3868,-1.11159
+0.3871,-1.03666
+0.3875,-1.33861
+0.3879,-1.13051
+0.3884,-0.0536353
+0.3888,-0.011147
+0.3891,-0.0300049
+0.3895,-0.684672
+0.3899,-1.02623
+0.3903,-0.950592
+0.3908,-1.36823
+0.3911,-1.47929
+0.3915,-1.87991
+0.3919,-2.65007
+0.3923,-2.91465
+0.3928,-3.32414
+0.3931,-3.65655
+0.3935,-2.9573
+0.3939,-3.30878
+0.3943,-2.91511
+0.3948,-2.17986
+0.3951,-1.82288
+0.3955,-1.01165
+0.3959,-0.673038
+0.3964,-0.403535
+0.3968,+0.0746926
+0.3971,+0.453441
+0.3975,-0.195318
+0.3979,+0.499224
+0.3984,-0.357679
+0.3988,-1.08263
+0.3991,-0.192352
+0.3995,-0.389852
+0.3999,+7.37095
+0.4004,+7.57558
+0.4008,+7.62498
+0.4011,+7.47221
+0.4015,+7.48899
+0.4019,+7.31243
+0.4023,+7.24546
+0.4028,+7.12889
+0.4031,+7.27822
+0.4036,+7.13476
+0.4039,+7.05316
+0.4044,+6.79722
+0.4048,+6.83493
+0.4051,+6.94991
+0.4055,+6.88685
+0.4059,+7.13562
+0.4063,+7.08402
+0.4068,+7.15555
+0.4071,+7.18675
+0.4076,+7.35766
+0.4079,+7.62926
+0.4089,+7.57165
+0.4091,+7.5263
+0.4094,+7.37521
+0.4096,+7.55742
+0.4099,+7.53447
+0.4102,+7.49702
+0.4107,+7.48561
+0.4111,+7.47815
+0.4115,+7.32562
+0.4119,+7.2991
+0.4122,+7.4591
+0.4128,+7.56838
+0.4131,+7.64346
+0.4135,+7.42751
+0.4139,+7.18401
+0.4142,+7.31152
+0.4147,+7.39174
+0.4151,+7.41689
+0.4155,+7.42775
+0.4159,+7.32003
+0.4162,+7.36281
+0.4167,+7.35949
+0.4171,+7.40786
+0.4175,+7.55665
+0.4179,+7.62407
+0.4184,+7.5647
+0.4187,+7.57756
+0.4191,+7.69442
+0.4195,+7.7523
+0.4199,+7.92928
+0.4202,+7.92147
+0.4208,+7.93698
+0.4211,+7.93401
+0.4215,+7.80747
+0.4219,+7.80906
+0.4222,+7.82433
+0.4228,+7.79631
+0.4231,+7.66837
+0.4235,+7.42952
+0.4239,+7.23495
+0.4242,+7.02665
+0.4248,+6.80958
+0.4251,+6.81125
+0.4255,+6.76028
+0.4259,+6.63345
+0.4262,+6.62502
+0.4267,+6.57056
+0.4271,+6.6099
+0.4275,+6.8593
+0.4279,+6.87987
+0.4284,+7.08632
+0.4287,+7.17293
+0.4291,+7.15747
+0.4295,+7.37038
+0.4299,+7.65821
+0.4304,+7.87181
+0.4308,+7.8223
+0.4311,+7.95382
+0.4315,+7.9308
+0.4319,+8.00662
+0.4323,+8.02583
+0.4328,+7.96236
+0.4331,+8.06955
+0.4335,+7.96083
+0.4339,+7.73763
+0.4342,+7.33579
+0.4347,+7.53324
+0.4351,+7.40882
+0.4355,+7.38817
+0.4359,+7.45675
+0.4364,+7.28366
+0.4367,+7.41233
+0.4371,+7.2751
+0.4375,+7.24376
+0.4381,+7.34945
+0.4384,+7.43968
+0.4388,+7.32427
+0.4391,+7.39364
+0.4395,+7.36949
+0.4399,+7.30006
+0.4403,+7.45966
+0.4408,+7.33966
+0.4411,+7.50418
+0.4415,+7.7419
+0.4419,+7.88132
+0.4422,+8.01796
+0.4427,+8.07721
+0.4431,+8.05648
+0.4435,+8.09869
+0.4439,+8.02762
+0.4442,+8.00512
+0.4448,+8.21288
+0.4451,+8.11413
+0.4455,+7.95053
+0.4459,+7.89631
+0.4463,+7.92727
+0.4468,+7.81245
+0.4471,+7.78722
+0.4475,+7.73325
+0.4479,+7.73955
+0.4484,+7.84899
+0.4488,+7.50676
+0.4491,+7.43363
+0.4495,+7.43468
+0.4499,+7.42112
+0.4502,+7.29973
+0.4508,+7.2078
+0.4511,+7.28414
+0.4515,+7.25823
+0.4519,+7.22833
+0.4523,+6.99973
+0.4528,+7.33859
+0.4531,+7.37102
+0.4535,+7.27546
+0.4539,+7.42428
+0.4543,+7.52426
+0.4548,+7.60976
+0.4551,+7.45783
+0.4555,+7.70298
+0.4559,+7.80494
+0.4562,+7.75999
+0.4568,+7.61712
+0.4571,+7.58359
+0.4575,+7.81762
+0.458,+7.61524
+0.4584,+7.48707
+0.4588,+7.63004
+0.4591,+7.83902
+0.4595,+7.70182
+0.4599,+7.66592
+0.4602,+7.68182
+0.4608,+7.62859
+0.4611,+7.60188
+0.4615,+7.43354
+0.4619,+7.53589
+0.4623,+7.58971
+0.4628,+7.58614
+0.4631,+7.56289
+0.4635,+7.51703
+0.4639,+7.61179
+0.4642,+7.63552
+0.4648,+7.78718
+0.4651,+7.92826
+0.4655,+7.95684
+0.4659,+7.8665
+0.4663,+7.84964
+0.4668,+7.69284
+0.4671,+7.59095
+0.4675,+7.55536
+0.4679,+7.26391
+0.4684,+7.36816
+0.4688,+7.12933
+0.4691,+7.10179
+0.4695,+7.03103
+0.4699,+7.14977
+0.4703,+7.14041
+0.4708,+7.11934
+0.4711,+7.19167
+0.4715,+6.90138
+0.4719,+6.95803
+0.4722,+6.87064
+0.4728,+6.88472
+0.4731,+6.83329
+0.4735,+6.81794
+0.4739,+6.5951
+0.4743,+6.47169
+0.4748,+6.40029
+0.4751,+6.2634
+0.4755,+6.41637
+0.4759,+6.35687
+0.4762,+6.35497
+0.4768,+6.3179
+0.4771,+6.29337
+0.4775,+6.34621
+0.4779,+6.29846
+0.4784,+6.24232
+0.4788,+6.19285
+0.4791,+6.18299
+0.4795,+6.29115
+0.4799,+6.34921
+0.4803,+6.26627
+0.4808,+6.39339
+0.4811,+6.14233
+0.4815,+5.95072
+0.4819,+5.84222
+0.4823,+6.09469
+0.4828,+6.21361
+0.4831,+5.92901
+0.4835,+5.87861
+0.4839,+5.74025
+0.4843,+5.7695
+0.4848,+5.63175
+0.4851,+5.69856
+0.4855,+5.55315
+0.4859,+5.56965
+0.4863,+5.29426
+0.4867,+5.0341
+0.4871,+5.11145
+0.4875,+5.08338
+0.4879,+5.08055
+0.4884,+5.00343
+0.4888,+4.89983
+0.4891,+4.9327
+0.4895,+4.86614
+0.4899,+4.75786
+0.4903,+4.78274
+0.4908,+4.85188
+0.4911,+4.79226
+0.4915,+4.8369
+0.4919,+4.80905
+0.4923,+4.86433
+0.4928,+4.81826
+0.4931,+4.81071
+0.4935,+5.008
+0.4939,+5.04596
+0.4943,+4.89383
+0.4948,+4.93824
+0.4951,+4.94053
+0.4955,+4.74262
+0.4959,+4.72733
+0.4963,+4.52601
+0.4968,+4.48781
+0.4971,+4.40454
+0.4975,+4.26494
+0.4979,+4.18751
+0.4984,+4.10387
+0.4988,+4.01174
+0.4991,+3.88733
+0.4995,+3.7421
+0.4999,+3.51619
+0.5004,+3.39304
+0.5008,+3.29624
+0.5011,+3.16152
+0.5015,+3.15684
+0.5019,+3.15285
+0.5023,+3.22754
+0.5028,+3.1486
+0.5031,+3.01685
+0.5035,+2.91883
+0.5039,+2.80865
+0.5043,+2.76773
+0.5048,+2.61923
+0.5051,+2.49544
+0.5055,+2.24486
+0.5059,+2.16407
+0.5063,+1.97635
+0.5068,+1.68184
+0.5071,+1.60806
+0.5075,+1.45144
+0.5079,+1.35832
+0.5084,+1.20544
+0.5088,+1.22831
+0.5091,+1.14045
+0.5095,+0.923266
+0.5099,+0.680031
+0.5103,+0.463423
+0.5113,+0.43135
+0.5115,+0.32715
+0.5117,+0.278302
+0.5119,+0.174381
+0.5123,+0.071855
+0.5128,-0.0145127
+0.5131,-0.245968
+0.5135,-0.209046
+0.5139,-0.351578
+0.5143,-0.475342
+0.5148,-0.618592
+0.5151,-0.621969
+0.5155,-0.763466
+0.5159,-0.819654
+0.5163,-0.992003
+0.5168,-1.27638
+0.5171,-1.22812
+0.5175,-1.31952
+0.5179,-1.3547
+0.5184,-1.54092
+0.5188,-1.62831
+0.5191,-1.86211
+0.5196,-1.96596
+0.5199,-2.08703
+0.5203,-2.08274
+0.5208,-2.22692
+0.5211,-2.41554
+0.5215,-2.54931
+0.5219,-2.83005
+0.5223,-2.86813
+0.5228,-2.96682
+0.5231,-3.0698
+0.5235,-3.18265
+0.5239,-3.21916
+0.5243,-3.36713
+0.5248,-3.29855
+0.5251,-3.49724
+0.5255,-3.59153
+0.5259,-3.50558
+0.5263,-3.61188
+0.5268,-3.8018
+0.5271,-4.0034
+0.5275,-4.24391
+0.5279,-4.36637
+0.5284,-4.4958
+0.5288,-4.70287
+0.5291,-4.67597
+0.5295,-4.79319
+0.5299,-5.1017
+0.5303,-5.14171
+0.5308,-5.12533
+0.5311,-5.18514
+0.5315,-5.09147
+0.5319,-5.18532
+0.5323,-5.33873
+0.5328,-5.56516
+0.5331,-5.88883
+0.5335,-6.0483
+0.5339,-6.08677
+0.5343,-6.32289
+0.5348,-6.53258
+0.5351,-6.56187
+0.5355,-6.75411
+0.5359,-6.92416
+0.5363,-6.926
+0.5368,-7.0898
+0.5371,-6.95996
+0.5375,-6.93627
+0.5379,-7.05496
+0.5383,-7.09178
+0.5388,-7.15752
+0.5391,-7.26004
+0.5395,-7.24898
+0.5399,-7.42441
+0.5403,-7.54647
+0.5408,-7.66056
+0.5411,-7.8717
+0.5415,-8.10927
+0.5419,-8.20772
+0.5423,-8.148
+0.5428,-8.22171
+0.5431,-8.41126
+0.5435,-8.7242
+0.5439,-8.81086
+0.5443,-8.85277
+0.5448,-8.75096
+0.5451,-8.88377
+0.5455,-9.0706
+0.5459,-9.02107
+0.5463,-9.25377
+0.5468,-9.33842
+0.5471,-9.23582
+0.5475,-9.03437
+0.5479,-9.00072
+0.5483,-9.29122
+0.5488,-9.3011
+0.5491,-9.28038
+0.5495,-9.29941
+0.5499,-9.44559
+0.5503,-9.54097
+0.5508,-9.54585
+0.5511,-9.70475
+0.5515,-9.90741
+0.5519,-10.0014
+0.5523,-9.88516
+0.5528,-9.96952
+0.5531,-10.0498
+0.5535,-9.97065
+0.5539,-9.97643
+0.5543,-9.81364
+0.5548,-9.83849
+0.5551,-9.68988
+0.5555,-9.68551
+0.5559,-9.73153
+0.5563,-9.73691
+0.5566,-9.65093
+0.5572,-9.7653
+0.5575,-9.69106
+0.5579,-9.77712
+0.5583,-9.91711
+0.5588,-10.0137
+0.5592,-10.126
+0.5595,-9.96882
+0.5599,-10.0314
+0.5603,-10.1655
+0.5608,-10.5721
+0.5612,-10.4752
+0.5615,-10.6219
+0.5619,-10.5104
+0.5623,-10.6319
+0.5628,-10.7989
+0.5631,-10.9825
+0.5635,-11.1795
+0.5639,-11.0961
+0.5643,-10.9582
+0.5648,-10.672
+0.5651,-10.6788
+0.5655,-10.7032
+0.5659,-10.6934
+0.5663,-10.524
+0.5668,-10.3512
+0.5672,-10.4509
+0.5675,-10.501
+0.5679,-10.6051
+0.5683,-10.7654
+0.5688,-10.7765
+0.5691,-10.928
+0.5695,-11.0472
+0.5699,-11.1568
+0.5703,-11.191
+0.5708,-11.1722
+0.5712,-11.161
+0.5715,-11.1092
+0.5719,-11.0403
+0.5723,-11.0788
+0.5728,-11.258
+0.5731,-11.0972
+0.5735,-10.833
+0.5739,-10.799
+0.5743,-10.893
+0.5748,-10.9264
+0.5752,-10.6411
+0.5755,-10.7118
+0.5759,-10.7284
+0.5763,-10.5956
+0.5768,-10.4803
+0.5771,-10.4627
+0.5775,-10.6707
+0.5779,-10.6697
+0.5783,-10.5912
+0.5788,-10.6021
+0.5791,-10.6545
+0.5795,-10.5653
+0.5799,-10.6566
+0.5803,-10.8132
+0.5808,-10.7531
+0.5811,-10.6685
+0.5815,-10.4608
+0.5819,-10.4939
+0.5823,-10.5375
+0.5828,-10.6235
+0.5831,-10.6955
+0.5835,-10.7442
+0.5839,-10.6553
+0.5843,-10.5689
+0.5848,-10.6264
+0.5852,-10.631
+0.5855,-10.7959
+0.5859,-10.87
+0.5863,-10.7363
+0.5868,-10.5594
+0.5871,-10.4421
+0.5875,-10.4433
+0.5879,-10.4769
+0.5883,-10.3882
+0.5888,-10.3321
+0.5891,-10.5009
+0.5895,-10.3312
+0.5899,-10.1688
+0.5903,-10.3318
+0.5908,-10.4589
+0.5912,-10.6097
+0.5915,-10.5697
+0.5919,-10.3905
+0.5923,-10.3443
+0.5928,-10.1646
+0.5932,-9.8976
+0.5935,-9.97125
+0.5939,-9.94006
+0.5943,-9.76564
+0.5948,-9.69036
+0.5952,-9.70908
+0.5955,-9.75477
+0.5959,-9.85619
+0.5963,-9.81089
+0.5968,-9.95956
+0.5971,-10.2762
+0.5975,-10.2464
+0.5979,-10.2312
+0.5983,-10.2328
+0.5988,-10.1793
+0.5992,-10.1468
+0.5995,-10.0758
+0.6,-11.0906
+0.6003,-11.2155
+0.6008,-11.3149
+0.6011,-11.1256
+0.6015,-11.2854
+0.6019,-11.3276
+0.6023,-11.3391
+0.6028,-11.3564
+0.6031,-11.3021
+0.6035,-11.301
+0.6039,-11.413
+0.6043,-11.3922
+0.6048,-11.4564
+0.6051,-11.5239
+0.6055,-11.4818
+0.6059,-11.4566
+0.6063,-11.4376
+0.6068,-11.5301
+0.6072,-11.5994
+0.6075,-11.4717
+0.6079,-11.2358
+0.6083,-11.271
+0.6088,-11.1772
+0.6092,-11.0915
+0.6095,-10.9029
+0.6099,-10.9787
+0.6103,-10.9332
+0.6108,-10.7994
+0.6112,-10.7896
+0.6115,-10.7213
+0.6119,-10.8386
+0.6123,-10.9613
+0.6128,-10.9861
+0.6137,-10.7585
+0.6139,-10.6942
+0.614,-10.7044
+0.6143,-10.6342
+0.6148,-10.637
+0.6152,-10.4634
+0.6155,-10.6967
+0.6159,-10.7193
+0.6163,-10.4992
+0.6168,-10.2804
+0.6172,-10.497
+0.6175,-10.6525
+0.6179,-10.6
+0.6183,-10.7652
+0.6188,-10.7179
+0.6191,-10.7941
+0.6195,-10.7581
+0.6199,-10.7687
+0.6203,-10.7307
+0.6208,-10.8349
+0.6211,-10.833
+0.6215,-10.7478
+0.6219,-10.4731
+0.6223,-10.2457
+0.6228,-10.2245
+0.6232,-10.213
+0.6235,-10.0632
+0.6239,-10.1412
+0.6243,-10.0621
+0.6248,-10.0789
+0.6252,-9.93395
+0.6255,-9.89077
+0.6259,-10.0453
+0.6263,-10.1471
+0.6268,-10.0698
+0.6272,-9.9135
+0.6275,-9.79254
+0.6279,-9.52025
+0.6283,-9.60339
+0.6288,-9.52711
+0.6291,-9.58929
+0.6295,-9.56491
+0.6299,-9.43607
+0.6304,-9.42252
+0.6308,-9.41952
+0.6312,-9.32556
+0.6315,-9.20518
+0.6319,-9.28459
+0.6323,-9.22657
+0.6328,-9.14974
+0.6332,-8.87949
+0.6335,-8.74968
+0.6339,-8.88052
+0.6343,-8.88477
+0.6348,-8.67583
+0.6352,-8.64179
+0.6355,-8.80964
+0.6359,-8.77246
+0.6363,-8.6358
+0.6368,-8.63494
+0.6371,-8.81235
+0.6375,-8.79804
+0.6379,-8.51785
+0.6383,-8.31005
+0.6388,-8.50828
+0.6392,-8.38276
+0.6395,-8.25533
+0.6399,-8.02401
+0.6403,-7.991
+0.6408,-7.96938
+0.6411,-7.69901
+0.6415,-7.54971
+0.6419,-7.58096
+0.6423,-7.68331
+0.6428,-7.54881
+0.6432,-7.59492
+0.6435,-7.53075
+0.6439,-7.49742
+0.6443,-7.24386
+0.6448,-6.9461
+0.6451,-6.86585
+0.6455,-6.74367
+0.6459,-6.5743
+0.6463,-6.2497
+0.6468,-5.94706
+0.6472,-5.83232
+0.6475,-5.59505
+0.6479,-5.5576
+0.6483,-5.69525
+0.6488,-5.7188
+0.6492,-5.66299
+0.6495,-5.70208
+0.6499,-5.58845
+0.6503,-5.5267
+0.6508,-5.58006
+0.6512,-5.44484
+0.6515,-5.51844
+0.6519,-5.28624
+0.6523,-4.97482
+0.6528,-4.81374
+0.6532,-4.70781
+0.6535,-4.60804
+0.6539,-4.73699
+0.6543,-4.71851
+0.6548,-4.65557
+0.6552,-4.70233
+0.6555,-4.64175
+0.6559,-4.75426
+0.6563,-4.83313
+0.6568,-4.81928
+0.6571,-4.85504
+0.6575,-4.82806
+0.6579,-4.68077
+0.6583,-4.6857
+0.6588,-4.65234
+0.6592,-4.43019
+0.6595,-4.33135
+0.6599,-4.13495
+0.6603,-4.07134
+0.6608,-4.12729
+0.6612,-3.96553
+0.6616,-3.80142
+0.6619,-3.73917
+0.6623,-3.5047
+0.6626,-3.43957
+0.6632,-3.40629
+0.6635,-3.35507
+0.6639,-3.38696
+0.6643,-3.26713
+0.6648,-3.24914
+0.6652,-3.34056
+0.6655,-3.34846
+0.6659,-3.08723
+0.6663,-3.19251
+0.6668,-2.83971
+0.6672,-2.75259
+0.6675,-2.60245
+0.6679,-2.56624
+0.6683,-2.52102
+0.6688,-2.17304
+0.6692,-2.07691
+0.6695,-2.07902
+0.6699,-2.2
+0.6703,-2.11868
+0.6708,-2.35554
+0.6712,-2.35177
+0.6715,-2.30133
+0.6719,-2.13518
+0.6723,-2.31431
+0.6727,-2.49195
+0.6732,-2.58332
+0.6735,-2.52984
+0.6739,-2.47184
+0.6743,-2.33746
+0.6746,-2.28675
+0.6752,-2.15937
+0.6755,-2.02423
+0.6759,-2.06505
+0.6763,-1.92908
+0.6767,-1.88637
+0.6772,-1.7898
+0.6776,-1.6595
+0.6779,-1.5484
+0.6783,-1.60661
+0.6788,-1.52112
+0.6792,-1.43495
+0.6795,-1.51741
+0.6799,-1.3946
+0.6803,-1.1455
+0.6808,-1.13528
+0.6812,-0.987221
+0.6815,-0.936059
+0.6819,-1.12228
+0.6823,-1.06208
+0.6827,-1.02858
+0.6832,-1.15565
+0.6835,-1.05156
+0.6839,-1.17518
+0.6843,-1.20547
+0.6847,-1.05353
+0.6852,-0.92338
+0.6855,-0.782937
+0.6859,-0.622249
+0.6863,-0.527643
+0.6868,-0.294145
+0.6872,-0.382745
+0.6875,-0.352852
+0.6879,-0.330429
+0.6883,-0.324743
+0.6887,-0.0752711
+0.6892,+0.0386596
+0.6895,-0.0124684
+0.6899,+0.0666437
+0.6903,+0.183343
+0.6906,+0.0444794
+0.6912,+0.388558
+0.6915,+0.460916
+0.6919,+0.794513
+0.6923,+1.11457
+0.6927,+1.14023
+0.6932,+1.09471
+0.6935,+1.26906
+0.6939,+1.46993
+0.6943,+1.72097
+0.6947,+1.84199
+0.6952,+1.77581
+0.6955,+1.9005
+0.6959,+1.7536
+0.6963,+1.65615
+0.6967,+1.55158
+0.6972,+1.63751
+0.6975,+1.68788
+0.6979,+1.84793
+0.6983,+1.76692
+0.6988,+1.92043
+0.6992,+1.96128
+0.6997,+1.96118
+0.7002,+2.06369
+0.7005,+2.0799
+0.7009,+2.24891
+0.7013,+2.24301
+0.7016,+2.08872
+0.7019,+2.00035
+0.7023,+1.9133
+0.7026,+1.97852
+0.7032,+2.18133
+0.7035,+2.20117
+0.7039,+2.23467
+0.7043,+2.31002
+0.7047,+2.26132
+0.7052,+2.32885
+0.7055,+2.43137
+0.7059,+2.27927
+0.7063,+2.31372
+0.7067,+2.21468
+0.7072,+2.03632
+0.7075,+2.01705
+0.7079,+2.08752
+0.7083,+1.89103
+0.7088,+1.81585
+0.7092,+1.85798
+0.7095,+1.75842
+0.7099,+1.98553
+0.7103,+1.77003
+0.7107,+1.62123
+0.7112,+1.65809
+0.7115,+1.52381
+0.7119,+1.39259
+0.7123,+1.52323
+0.7127,+1.55803
+0.7132,+1.21174
+0.7135,+1.20443
+0.7139,+0.982814
+0.7143,+0.94049
+0.7147,+0.952464
+0.7152,+0.76435
+0.7161,+0.607836
+0.7163,+0.553233
+0.7165,+0.425753
+0.7168,+0.419261
+0.7172,+0.382297
+0.7175,+0.296768
+0.7179,+0.30637
+0.7183,+0.391746
+0.7187,+0.232031
+0.7192,+0.113956
+0.7195,+0.128308
+0.7199,+0.0251954
+0.7203,-0.0633766
+0.7207,-0.229595
+0.7212,-0.233149
+0.7215,-0.323274
+0.7219,-0.514676
+0.7223,-0.720185
+0.7226,-0.799062
+0.7231,-0.921265
+0.7235,-0.98493
+0.7239,-1.19696
+0.7243,-1.36347
+0.7246,-1.60315
+0.7252,-1.56401
+0.7255,-1.7174
+0.7259,-1.77833
+0.7263,-1.7637
+0.7266,-1.81996
+0.7272,-1.782
+0.7275,-1.97703
+0.7279,-2.03874
+0.7283,-2.08259
+0.7286,-2.06292
+0.7292,-2.09434
+0.7295,-2.07092
+0.7299,-2.11702
+0.7303,-2.16166
+0.7306,-2.06655
+0.7311,-2.00809
+0.7315,-1.93588
+0.7319,-1.80022
+0.7323,-1.85262
+0.7326,-1.81953
+0.7332,-1.81047
+0.7335,-1.94361
+0.7339,-2.08256
+0.7343,-2.18444
+0.7347,-2.26758
+0.7352,-2.40342
+0.7355,-2.33917
+0.7359,-2.32088
+0.7363,-2.2343
+0.7366,-2.21473
+0.7372,-2.36042
+0.7375,-2.32733
+0.7379,-2.29382
+0.7383,-2.19555
+0.7386,-2.29617
+0.7392,-2.25444
+0.7395,-2.17504
+0.7399,-2.17852
+0.7403,-2.2605
+0.7407,-2.078
+0.7412,-1.91068
+0.7415,-1.78012
+0.7419,-1.45654
+0.7423,-1.49803
+0.7427,-1.37974
+0.7432,-1.20738
+0.7435,-1.23854
+0.7439,-1.17738
+0.7443,-0.888361
+0.7447,-1.00123
+0.7452,-0.936029
+0.7455,-0.912695
+0.7459,-0.897457
+0.7463,-0.90222
+0.7466,-0.781002
+0.7472,-0.940703
+0.7475,-0.680638
+0.7479,-0.575115
+0.7483,-0.4835
+0.7487,-0.253512
+0.7492,-0.293603
+0.7495,-0.193435
+0.7499,-0.169106
+0.7503,+0.120567
+0.7506,+0.158218
+0.7512,+0.542505
+0.7515,+0.418366
+0.7532,+0.476024
+0.7534,+0.664608
+0.7537,+0.67464
+0.7539,+0.882056
+0.7543,+0.928971
+0.7546,+0.885889
+0.7552,+0.951631
+0.7555,+1.13302
+0.7559,+1.1876
+0.7563,+1.44469
+0.7567,+1.58897
+0.7572,+1.39506
+0.7575,+1.31008
+0.7579,+1.27677
+0.7583,+1.26776
+0.7587,+1.48032
+0.7592,+1.45376
+0.7595,+1.30934
+0.7599,+1.28966
+0.7603,+1.18374
+0.7607,+0.952147
+0.7612,+0.927766
+0.7615,+1.05415
+0.7619,+0.87104
+0.7623,+0.946519
+0.7626,+0.902864
+0.7632,+1.06583
+0.7637,+1.22185
+0.764,+1.30544
+0.7643,+1.33019
+0.7647,+1.42234
+0.7652,+1.62101
+0.7655,+1.64049
+0.7659,+1.82861
+0.7663,+1.74965
+0.7667,+1.70265
+0.7672,+1.70768
+0.7675,+1.67107
+0.7679,+1.54536
+0.7683,+1.65262
+0.7686,+1.80941
+0.7692,+1.7333
+0.7695,+1.70744
+0.7699,+1.48622
+0.7703,+1.56208
+0.7707,+1.513
+0.7712,+1.41859
+0.7715,+1.45094
+0.7719,+1.32934
+0.7723,+1.12646
+0.7727,+1.09792
+0.7732,+1.01096
+0.7735,+0.907642
+0.7739,+1.32962
+0.7743,+1.5746
+0.7747,+1.66162
+0.7752,+1.62205
+0.7755,+1.71983
+0.7759,+1.79812
+0.7763,+1.9155
+0.7767,+1.75868
+0.7772,+1.67729
+0.7775,+1.70354
+0.7779,+1.42574
+0.7783,+1.32577
+0.7787,+1.3525
+0.7792,+1.47122
+0.7795,+1.2379
+0.7799,+1.24401
+0.7803,+1.2534
+0.7807,+1.2471
+0.7812,+1.28464
+0.7816,+1.33376
+0.782,+1.27038
+0.7823,+1.12965
+0.7827,+0.922003
+0.7832,+0.719112
+0.7835,+0.707513
+0.7839,+0.681674
+0.7843,+0.680911
+0.7847,+0.747546
+0.7852,+0.602363
+0.7855,+0.547645
+0.7859,+0.617827
+0.7863,+0.713574
+0.7867,+0.510662
+0.7872,+0.410843
+0.7877,+0.443699
+0.7879,+0.476425
+0.7883,+0.262369
+0.7887,+0.274926
+0.7892,+0.348246
+0.7895,+0.324509
+0.7899,+0.218393
+0.7903,+0.0952896
+0.7907,+0.335451
+0.7912,+0.392035
+0.7915,+0.312713
+0.7919,+0.16352
+0.7923,+0.298852
+0.7927,+0.263923
+0.7932,+0.426454
+0.7935,+0.312439
+0.7939,+0.367239
+0.7943,+0.369334
+0.7947,+0.242049
+0.7952,+0.189011
+0.7955,+0.165639
+0.7959,+0.179591
+0.7963,-0.0203334
+0.7967,-0.167266
+0.7972,-0.454951
+0.7975,-0.330598
+0.7979,-0.328381
+0.7983,-0.624195
+0.7987,-0.704697
+0.7992,-0.781875
+0.7995,-0.760419
+0.7999,-0.709931
+0.8003,-0.691128
+0.8007,-0.837582
+0.8012,-0.738948
+0.8015,-0.813704
+0.8019,-0.807076
+0.8023,-0.659019
+0.8027,-0.517203
+0.8032,-0.377774
+0.8035,-0.580044
+0.8039,-0.653159
+0.8043,-0.764356
+0.8047,-0.810226
+0.8052,-0.835058
+0.8055,-0.983003
+0.8059,-0.820462
+0.8063,-0.726846
+0.8067,-0.768323
+0.8072,-0.866473
+0.8075,-0.648435
+0.8079,-0.502904
+0.8083,-0.340721
+0.8087,-0.263127
+0.8092,-0.316759
+0.8095,-0.181294
+0.8099,-0.432802
+0.8103,-0.594269
+0.8107,-0.621353
+0.8112,-0.514613
+0.8115,-0.768002
+0.8119,-1.01319
+0.8123,-1.00374
+0.8127,-0.939881
+0.8132,-0.980105
+0.8135,-1.15445
+0.8139,-1.07339
+0.8144,-0.959957
+0.8147,-0.844049
+0.8152,-0.783958
+0.8155,-0.555196
+0.8159,-0.433009
+0.8163,-0.548748
+0.8167,-0.521946
+0.8172,-0.393962
+0.8175,-0.345073
+0.8185,-0.504837
+0.8187,-0.596918
+0.8189,-0.747773
+0.8192,-0.841277
+0.8195,-0.832182
+0.8199,-0.94742
+0.8203,-0.988147
+0.8207,-1.04922
+0.8212,-1.22387
+0.8215,-1.29496
+0.8219,-1.28608
+0.8223,-1.18909
+0.8227,-1.14906
+0.8232,-1.1139
+0.8235,-1.09831
+0.8239,-1.05258
+0.8243,-1.17646
+0.8247,-1.19874
+0.8252,-1.11146
+0.8255,-1.12191
+0.8259,-1.13438
+0.8263,-1.18779
+0.8267,-1.31246
+0.8272,-1.36463
+0.8275,-1.52979
+0.8279,-1.53973
+0.8283,-1.35903
+0.8287,-1.3547
+0.8292,-1.5933
+0.8295,-1.5353
+0.8299,-1.50645
+0.8303,-1.70495
+0.8307,-1.7227
+0.8312,-1.80961
+0.8315,-1.58809
+0.8319,-1.63627
+0.8323,-1.80081
+0.8327,-2.01292
+0.8332,-1.8354
+0.8335,-1.76513
+0.8339,-1.79609
+0.8343,-1.75638
+0.8347,-1.5968
+0.8352,-1.71985
+0.8355,-2.09772
+0.8359,-2.06681
+0.8363,-1.96431
+0.8367,-1.83299
+0.8372,-2.02456
+0.8375,-2.18644
+0.8379,-2.10105
+0.8383,-1.98318
+0.8387,-2.31448
+0.8392,-2.21738
+0.8395,-2.12447
+0.8399,-2.16685
+0.8403,-2.37436
+0.8407,-2.67164
+0.8412,-2.75516
+0.8415,-2.95028
+0.8419,-3.07448
+0.8423,-3.09961
+0.8427,-3.15859
+0.8432,-3.32287
+0.8435,-3.27907
+0.8439,-3.28766
+0.8444,-2.91709
+0.8447,-2.88508
+0.8452,-3.05659
+0.8455,-2.62475
+0.8459,-2.90143
+0.8463,-3.17366
+0.8467,-2.92752
+0.8472,-3.05154
+0.8475,-3.3836
+0.8479,-3.77847
+0.8483,-4.36075
+0.8487,-4.32853
+0.8492,-4.0803
+0.8495,-4.577
+0.8499,-4.51437
+0.8503,-4.61418
+0.8507,-4.76588
+0.8512,-4.63446
+0.8515,-4.5998
+0.8519,-4.42761
+0.8523,-4.19394
+0.8527,-4.48067
+0.8532,-4.65795
+0.8536,-4.80981
+0.8539,-4.95688
+0.8543,-5.03392
+0.8547,-5.37736
+0.8552,-5.7276
+0.8555,-6.01563
+0.8559,-6.21545
+0.8564,-6.67938
+0.8569,-6.84523
+0.8572,-7.12827
+0.8575,-7.26313
+0.8579,-7.36201
+0.8583,-7.32903
+0.8587,-7.46553
+0.8592,-7.50622
+0.8595,-6.99145
+0.8599,-7.21485
+0.8603,-7.20802
+0.8607,-7.10737
+0.8612,-7.01956
+0.8615,-7.24061
+0.8619,-7.36077
+0.8623,-7.6544
+0.8627,-7.79255
+0.8632,-7.98617
+0.8635,-8.7546
+0.8639,-8.71366
+0.8643,-8.88008
+0.8647,-9.23247
+0.8652,-9.42893
+0.8655,-9.42118
+0.8659,-9.39472
+0.8663,-9.55311
+0.8667,-9.54754
+0.8672,-9.56167
+0.8675,-9.39175
+0.8679,-9.70951
+0.8683,-9.92481
+0.8687,-9.83211
+0.8692,-10.0141
+0.8695,-9.91113
+0.8699,-10.1853
+0.8703,-10.3496
+0.8707,-10.4467
+0.8712,-10.3411
+0.8715,-10.6036
+0.8719,-10.5755
+0.8723,-10.4987
+0.8727,-10.4546
+0.873,-10.2183
+0.8735,-10.385
+0.8739,-10.0497
+0.8743,-9.92639
+0.8748,-9.94526
+0.8752,-10.1627
+0.8755,-10.1135
+0.8759,-10.1802
+0.8763,-10.0293
+0.8767,-10.2786
+0.8772,-10.5449
+0.8775,-10.781
+0.8779,-11.0006
+0.8783,-10.8363
+0.8787,-10.7844
+0.8792,-10.736
+0.8795,-10.8552
+0.8799,-10.9104
+0.8803,-10.9782
+0.8807,-10.6566
+0.8812,-10.6285
+0.8815,-10.3228
+0.8819,-10.2463
+0.8823,-9.98124
+0.8827,-10.0598
+0.8832,-10.0304
+0.8835,-10.0564
+0.8839,-9.70089
+0.8843,-9.50713
+0.8847,-9.70307
+0.8852,-9.57916
+0.8855,-9.42197
+0.8859,-9.627
+0.8863,-10.0291
+0.8867,-10.0253
+0.8872,-9.98421
+0.8875,-9.835
+0.8879,-9.97883
+0.8883,-10.0707
+0.8887,-9.84877
+0.8892,-9.65991
+0.8895,-9.83915
+0.8899,-9.73879
+0.8903,-9.7511
+0.8907,-9.53877
+0.891,-9.61153
+0.8915,-9.33222
+0.8919,-9.1201
+0.8923,-9.20898
+0.8927,-9.23618
+0.8932,-9.34388
+0.8935,-9.10565
+0.8939,-8.79392
+0.8943,-8.88428
+0.8947,-8.97191
+0.8952,-8.79186
+0.8955,-8.84853
+0.8959,-8.78107
+0.8963,-8.72711
+0.8967,-8.81531
+0.8972,-8.73261
+0.8975,-8.91886
+0.8979,-9.08467
+0.8983,-8.99036
+0.8987,-8.96248
+0.899,-9.15755
+0.8995,-9.13562
+0.8999,-9.35073
+0.9003,-9.40129
+0.9007,-9.20591
+0.9012,-9.17575
+0.9015,-9.30691
+0.9019,-9.0625
+0.9023,-8.74372
+0.9027,-8.71424
+0.903,-8.46967
+0.9035,-8.42307
+0.9039,-8.44325
+0.9043,-8.22144
+0.9047,-8.21424
+0.9052,-8.09322
+0.9055,-7.78262
+0.9059,-8.17923
+0.9063,-8.24376
+0.9067,-8.20237
+0.907,-8.05554
+0.9075,-8.11414
+0.9079,-7.89977
+0.9083,-7.87357
+0.9087,-7.9804
+0.909,-8.16654
+0.9095,-8.13423
+0.9099,-7.87272
+0.9103,-7.80367
+0.9107,-7.68794
+0.911,-7.70025
+0.9115,-7.38894
+0.9119,-7.36989
+0.9123,-7.27405
+0.9127,-7.08078
+0.913,-7.00883
+0.9135,-7.16059
+0.9139,-7.12079
+0.9143,-7.13122
+0.9147,-7.00328
+0.915,-6.93688
+0.9157,-7.05546
+0.9159,-7.0354
+0.9163,-6.86693
+0.9167,-6.97744
+0.9172,-6.77314
+0.9175,-6.32854
+0.9179,-6.35493
+0.9183,-6.33328
+0.9187,-6.19363
+0.919,-6.24246
+0.9195,-6.30641
+0.9199,-6.37213
+0.9209,-6.62094
+0.9211,-6.62102
+0.9215,-6.41912
+0.9219,-6.59888
+0.9223,-6.57064
+0.9227,-6.24126
+0.923,-6.23603
+0.9235,-6.07056
+0.9239,-5.69963
+0.9243,-5.42149
+0.9247,-5.28195
+0.925,-5.04921
+0.9255,-5.22667
+0.9259,-5.12351
+0.9263,-5.06889
+0.9267,-5.0376
+0.927,-4.85204
+0.9275,-4.75476
+0.9279,-4.71823
+0.9283,-4.17781
+0.9287,-3.94968
+0.9291,-3.91556
+0.9295,-3.79571
+0.9299,-3.56739
+0.9303,-3.28264
+0.9307,-3.29876
+0.931,-3.41553
+0.9315,-3.36124
+0.9319,-3.42479
+0.9323,-3.84137
+0.9327,-3.74647
+0.933,-3.55093
+0.9335,-3.41121
+0.9339,-3.49253
+0.9343,-3.46983
+0.9347,-3.19899
+0.935,-2.9213
+0.9356,-2.8915
+0.9359,-2.49319
+0.9363,-2.1505
+0.9367,-1.99835
+0.9371,-1.73314
+0.9376,-1.73694
+0.9379,-1.47209
+0.9383,-1.24551
+0.9387,-0.986863
+0.939,-0.852428
+0.9395,-0.653505
+0.9399,-0.70711
+0.9403,-0.745006
+0.9407,-0.823928
+0.941,-0.874361
+0.9415,-0.741543
+0.9419,-0.336742
+0.9423,-0.0288669
+0.9427,-0.110163
+0.943,-0.139219
+0.9435,-0.0283229
+0.9439,+0.0970987
+0.9443,+0.213263
+0.9447,+0.626286
+0.945,+0.749627
+0.9457,+0.896521
+0.9459,+0.84819
+0.9463,+0.839052
+0.9467,+0.931308
+0.947,+1.3337
+0.9476,+1.56104
+0.9479,+1.70621
+0.9483,+1.82651
+0.9487,+1.83205
+0.9491,+2.15367
+0.9496,+2.47519
+0.9499,+2.43438
+0.9503,+2.51857
+0.9507,+2.76701
+0.9511,+2.67256
+0.9516,+2.77493
+0.9519,+2.77783
+0.9523,+2.72593
+0.9527,+2.77372
+0.9531,+2.65721
+0.9536,+2.61899
+0.954,+2.67837
+0.9543,+2.73091
+0.9547,+2.47645
+0.9551,+2.62962
+0.9556,+2.68441
+0.956,+2.93301
+0.9563,+3.13638
+0.9567,+3.25444
+0.9571,+3.33617
+0.9576,+3.33308
+0.9579,+3.72299
+0.9583,+3.75895
+0.9587,+3.86781
+0.9591,+3.81686
+0.9596,+3.60497
+0.96,+3.51376
+0.9603,+3.62007
+0.9607,+3.57573
+0.9611,+3.61823
+0.9616,+3.58933
+0.962,+3.11582
+0.9623,+3.05282
+0.9627,+3.17509
+0.9631,+3.04587
+0.9636,+3.07821
+0.964,+2.95362
+0.9643,+2.92397
+0.9648,+2.97355
+0.9651,+2.9499
+0.9656,+2.91042
+0.9659,+2.98943
+0.9663,+3.14714
+0.9667,+3.12431
+0.9671,+3.23485
+0.9676,+3.27329
+0.968,+3.27237
+0.9683,+3.27398
+0.9688,+3.14618
+0.9691,+3.08924
+0.9696,+3.17233
+0.97,+3.05667
+0.9703,+2.79088
+0.9707,+2.71296
+0.9711,+2.5812
+0.9716,+2.47668
+0.972,+2.48482
+0.9723,+2.19124
+0.9728,+2.25
+0.9731,+2.02997
+0.9736,+1.9058
+0.974,+1.90486
+0.9743,+1.79169
+0.9747,+1.79376
+0.9751,+1.68578
+0.9756,+1.62745
+0.976,+1.36124
+0.9765,+1.52877
+0.9767,+1.17397
+0.9771,+1.09405
+0.9776,+0.898661
+0.9779,+1.09498
+0.9783,+1.05626
+0.9787,+0.678893
+0.9791,+0.583684
+0.9796,+0.522469
+0.98,+0.588297
+0.9803,+0.399308
+0.9807,+0.460487
+0.9811,+0.325986
+0.9816,+0.30823
+0.982,-0.0821165
+0.9823,-0.125014
+0.9827,-0.249067
+0.9831,-0.31457
+0.9836,-0.384557
+0.984,-0.615842
+0.9843,-0.841006
+0.9848,-0.936758
+0.9851,-0.75072
+0.9856,-0.954386
+0.986,-1.10299
+0.9863,-1.21076
+0.9867,-1.08156
+0.9871,-1.35246
+0.9876,-1.59957
+0.988,-1.61454
+0.9883,-1.72557
+0.9887,-1.83355
+0.9891,-1.95472
+0.9896,-2.04506
+0.99,-2.04262
+0.9903,-2.09678
+0.9907,-2.30959
+0.9911,-2.32591
+0.9916,-2.204
+0.992,-2.22749
+0.9923,-2.06463
+0.9927,-1.97297
+0.9931,-2.3133
+0.9936,-2.15604
+0.994,-2.24817
+0.9944,-2.26999
+0.9947,-2.2531
+0.9951,-2.16273
+0.9956,-2.29387
+0.996,-2.37841
+0.9964,-2.64734
+0.9967,-3.10169
+0.9971,-2.93802
+0.9976,-2.96612
+0.998,-2.82453
+0.9983,-2.95527
+0.9987,-3.07166
+0.9991,-3.18746
+0.9996,-3.51559
+1,-3.77027
+1.0003,-3.98583
+1.0007,-4.01024
+1.0011,-5.66281
+1.0016,-5.95707
+1.002,-6.35732
+1.0023,-6.33293
+1.0027,-6.3381
+1.0031,-6.50785
+1.0036,-6.54846
+1.004,-6.4014
+1.0043,-6.35506
+1.0048,-6.35319
+1.0051,-6.73018
+1.0056,-6.97077
+1.006,-7.12944
+1.0063,-7.40604
+1.0068,-7.63634
+1.0072,-7.61276
+1.0076,-7.52952
+1.008,-7.81403
+1.0083,-7.86931
+1.0087,-7.92111
+1.0091,-7.98004
+1.0096,-8.08049
+1.01,-8.22709
+1.0103,-8.3621
+1.0107,-8.55977
+1.011,-8.79122
+1.0116,-9.02939
+1.0119,-9.20069
+1.0123,-9.34985
+1.0127,-9.68647
+1.0131,-9.80129
+1.0136,-9.69517
+1.0139,-9.61741
+1.0143,-10.075
+1.0147,-10.2108
+1.015,-10.5328
+1.0156,-10.6187
+1.0159,-10.62
+1.0163,-10.5766
+1.0167,-10.5072
+1.0171,-10.4967
+1.0176,-10.8452
+1.018,-11.1465
+1.0183,-10.9796
+1.0187,-11.0075
+1.0191,-10.93
+1.0196,-11.1266
+1.0199,-11.2265
+1.0203,-11.5148
+1.0207,-11.6444
+1.0211,-11.712
+1.0216,-11.702
+1.0219,-11.7068
+1.0223,-11.6524
+1.0233,-11.6289
+1.0235,-11.6937
+1.0237,-11.5275
+1.0239,-11.4232
+1.0243,-11.5241
+1.0247,-11.7354
+1.0251,-11.9522
+1.0256,-11.9044
+1.0259,-11.9131
+1.0263,-11.9969
+1.0268,-11.9691
+1.0271,-11.9063
+1.0276,-12.1674
+1.0279,-12.4896
+1.0283,-12.4165
+1.0287,-12.4658
+1.0291,-12.5735
+1.0296,-12.5732
+1.0299,-12.3533
+1.0303,-12.2938
+1.0307,-12.4137
+1.0311,-12.5159
+1.0316,-12.5045
+1.0319,-12.2676
+1.0323,-12.3095
+1.0327,-11.8053
+1.0331,-11.4549
+1.0336,-11.2902
+1.0339,-11.3388
+1.0343,-11.2177
+1.0347,-11.0826
+1.0351,-10.6409
+1.0356,-10.4512
+1.0359,-10.3381
+1.0363,-9.95943
+1.0367,-9.90672
+1.0372,-9.74399
+1.0376,-9.72183
+1.0379,-9.57961
+1.0383,-9.33445
+1.0387,-9.17215
+1.0391,-9.1356
+1.0396,-8.87728
+1.0399,-8.62391
+1.0403,-8.25548
+1.0407,-8.09281
+1.0411,-7.88443
+1.0416,-7.38606
+1.0419,-7.19293
+1.0423,-7.11888
+1.0427,-6.80541
+1.0431,-6.48156
+1.0436,-6.16274
+1.0439,-5.99418
+1.0443,-6.06549
+1.0447,-5.96716
+1.0451,-5.8384
+1.0456,-5.88721
+1.0459,-5.61389
+1.0463,-5.12925
+1.0467,-4.78153
+1.0472,-4.48995
+1.0476,-4.20897
+1.0479,-3.98067
+1.0483,-3.74817
+1.0487,-3.63574
+1.0491,-3.49241
+1.0496,-3.29696
+1.0499,-3.3446
+1.0503,-3.70818
+1.0507,-3.95769
+1.0511,-4.25762
+1.0516,-4.39993
+1.0519,-4.41384
+1.0523,-4.43009
+1.0527,-4.39986
+1.0531,-4.41
+1.0536,-4.36581
+1.0539,-4.19654
+1.0543,-3.79064
+1.0547,-3.75781
+1.0552,-3.63254
+1.0556,-3.68569
+1.0559,-3.8431
+1.0563,-4.0255
+1.0567,-4.13185
+1.0571,-3.91261
+1.0576,-4.18679
+1.0579,-4.00476
+1.0583,-4.2999
+1.0587,-4.1007
+1.0591,-4.14822
+1.0596,-4.12714
+1.0599,-4.09725
+1.0603,-4.10747
+1.0607,-4.36114
+1.0611,-4.57761
+1.0616,-4.61791
+1.0619,-5.02668
+1.0623,-4.98457
+1.0627,-5.07961
+1.0631,-5.308
+1.0636,-5.49022
+1.0639,-5.73689
+1.0643,-5.90072
+1.0647,-5.69596
+1.0651,-5.92511
+1.0656,-5.98249
+1.0659,-6.14046
+1.0663,-6.20341
+1.0667,-6.58008
+1.0671,-6.72977
+1.0676,-6.51667
+1.0679,-6.61948
+1.0683,-6.61143
+1.0687,-6.71563
+1.0691,-6.80504
+1.0696,-6.41972
+1.0699,-6.48627
+1.0703,-6.84572
+1.0707,-6.68497
+1.0711,-6.59528
+1.0716,-6.82866
+1.0719,-6.56594
+1.0723,-6.46913
+1.0727,-6.35754
+1.0731,-6.17802
+1.0736,-6.54607
+1.0739,-6.59893
+1.0743,-6.42473
+1.0747,-6.45175
+1.0751,-6.33604
+1.0756,-6.04062
+1.0759,-5.95818
+1.0763,-5.96086
+1.0767,-5.89568
+1.0771,-5.94602
+1.0776,-5.62016
+1.0779,-5.40373
+1.0783,-5.33233
+1.0787,-4.95164
+1.0791,-4.68754
+1.0796,-4.88794
+1.0799,-4.93331
+1.0803,-4.75046
+1.0807,-4.60667
+1.0811,-4.38097
+1.0816,-4.45177
+1.0819,-4.27018
+1.0823,-4.25586
+1.0827,-4.45068
+1.0831,-4.60449
+1.0836,-4.40312
+1.0839,-4.28992
+1.0843,-4.27179
+1.0847,-4.20209
+1.0851,-4.31263
+1.0856,-4.38967
+1.0859,-4.34093
+1.0863,-4.21393
+1.0867,-4.18567
+1.0871,-3.73166
+1.0876,-3.69319
+1.0879,-3.58897
+1.0883,-3.43081
+1.0887,-3.52371
+1.0891,-3.00453
+1.0896,-2.86022
+1.0899,-2.8774
+1.0903,-2.73716
+1.0907,-2.71916
+1.0911,-3.18373
+1.0916,-3.20623
+1.0919,-3.01477
+1.0923,-3.07856
+1.0927,-3.07024
+1.0931,-3.28241
+1.0936,-3.3588
+1.0939,-3.48864
+1.0943,-3.54537
+1.0947,-3.45474
+1.0951,-3.24924
+1.0956,-3.12237
+1.0959,-3.245
+1.0963,-3.29378
+1.0967,-3.20375
+1.0971,-3.24808
+1.0976,-3.15408
+1.0979,-2.8801
+1.0983,-2.77331
+1.0987,-2.65052
+1.0991,-2.72709
+1.0996,-2.74664
+1.0999,-2.85784
+1.1003,-2.87596
+1.1007,-2.75661
+1.1011,-2.69188
+1.1016,-2.47702
+1.1019,-2.24494
+1.1023,-2.03115
+1.1027,-1.83174
+1.1031,-1.53934
+1.1036,-1.22058
+1.1039,-0.631289
+1.1043,-0.478209
+1.1047,-0.338155
+1.1051,-0.226438
+1.1056,-0.0392705
+1.1059,-0.0584081
+1.1063,+0.185429
+1.1067,+0.255872
+1.1071,+0.366586
+1.1076,+0.543644
+1.1079,+0.317012
+1.1083,+0.876863
+1.1087,+1.1867
+1.1091,+1.36901
+1.1096,+1.47359
+1.1099,+1.4487
+1.1103,+1.63884
+1.1107,+2.08765
+1.1111,+2.36528
+1.1116,+2.16312
+1.1119,+2.37142
+1.1123,+2.09367
+1.1127,+2.09613
+1.1131,+2.06137
+1.1136,+2.27294
+1.1139,+2.25831
+1.1143,+1.92688
+1.1147,+1.33258
+1.1151,+1.18694
+1.1154,+1.17473
+1.1159,+0.944045
+1.1163,+0.939247
+1.1167,+0.786007
+1.1171,+0.644617
+1.1176,+0.129583
+1.1179,+0.237163
+1.1183,+0.25069
+1.1188,+0.427402
+1.1191,+0.217003
+1.1196,-0.0725874
+1.1199,-0.00357569
+1.1204,-0.0352048
+1.1207,-0.308531
+1.1211,-0.340532
+1.1216,-0.208369
+1.1219,-0.305957
+1.1223,-0.390592
+1.1227,-0.450285
+1.1231,-0.582932
+1.1236,-0.348327
+1.1239,-0.51042
+1.1243,-0.667602
+1.1247,-0.715609
+1.1257,-0.850254
+1.1259,-1.00104
+1.1261,-1.14158
+1.1264,-1.50616
+1.1267,-1.71332
+1.1271,-1.8857
+1.1276,-2.17465
+1.1279,-2.30982
+1.1283,-2.57756
+1.1287,-2.72917
+1.1291,-2.97585
+1.1296,-3.0919
+1.1299,-3.11996
+1.1303,-3.00923
+1.1307,-3.09854
+1.1311,-3.03463
+1.1316,-2.94155
+1.1319,-3.13001
+1.1323,-3.08045
+1.1327,-3.13963
+1.1331,-3.08161
+1.1336,-3.07598
+1.1339,-3.18995
+1.1343,-3.19357
+1.1347,-3.40184
+1.1351,-3.72799
+1.1356,-3.9624
+1.1359,-3.97667
+1.1363,-4.12382
+1.1367,-4.25906
+1.1371,-4.46904
+1.1376,-4.67148
+1.1379,-4.97726
+1.1383,-5.23494
+1.1387,-5.19293
+1.1391,-5.12301
+1.1396,-5.14315
+1.1399,-5.37756
+1.1403,-5.49468
+1.1407,-5.62589
+1.1411,-5.74641
+1.1416,-5.92151
+1.1419,-5.75029
+1.1423,-5.92314
+1.1427,-6.04735
+1.1431,-6.07935
+1.1436,-6.09913
+1.1439,-6.15392
+1.1443,-6.27552
+1.1447,-6.39008
+1.1451,-6.43817
+1.1456,-6.69998
+1.1459,-7.06986
+1.1463,-7.23033
+1.1467,-7.43799
+1.1471,-7.88452
+1.1476,-8.13833
+1.1479,-8.10803
+1.1483,-8.14935
+1.1487,-8.1609
+1.1491,-7.98301
+1.1496,-7.67225
+1.1499,-7.63024
+1.1503,-7.64125
+1.1507,-7.78683
+1.1511,-7.54781
+1.1516,-7.58633
+1.1519,-7.55408
+1.1523,-7.49758
+1.1527,-7.29828
+1.1531,-7.27
+1.1536,-7.56623
+1.1539,-7.44842
+1.1543,-7.30555
+1.1547,-7.06228
+1.1551,-6.82315
+1.1556,-6.74188
+1.1559,-6.59206
+1.1563,-6.53077
+1.1567,-6.67684
+1.1571,-6.67517
+1.1576,-6.49102
+1.1579,-6.42336
+1.1583,-6.35587
+1.1587,-6.34735
+1.1591,-6.44163
+1.1596,-6.08447
+1.1599,-6.02764
+1.1603,-5.95337
+1.1607,-5.68378
+1.1611,-5.63894
+1.1616,-5.2922
+1.1619,-5.13069
+1.1623,-4.8401
+1.1627,-4.64256
+1.1631,-4.43459
+1.1634,-4.34122
+1.1639,-4.39086
+1.1643,-4.19151
+1.1647,-3.97659
+1.1651,-3.78413
+1.1656,-3.73938
+1.1659,-3.53965
+1.1663,-3.48478
+1.1667,-3.35908
+1.1671,-3.25888
+1.1676,-3.23608
+1.1679,-2.80108
+1.1683,-2.48875
+1.1688,-2.45806
+1.1691,-2.32818
+1.1696,-2.21301
+1.1699,-2.01545
+1.1703,-1.79529
+1.1707,-1.62799
+1.1711,-1.44304
+1.1714,-1.16163
+1.1719,-1.01721
+1.1723,-0.97525
+1.1727,-0.605549
+1.1731,-0.404531
+1.1734,-0.179092
+1.1739,-0.100543
+1.1743,+0.0643546
+1.1747,+0.520787
+1.1751,+0.823361
+1.1754,+1.00416
+1.1759,+1.0463
+1.1763,+1.01712
+1.1767,+0.961366
+1.1771,+1.23556
+1.1776,+1.43793
+1.1779,+1.53642
+1.1783,+1.7978
+1.1787,+1.81276
+1.1791,+1.75682
+1.1796,+1.66456
+1.18,+1.94358
+1.1803,+2.27605
+1.1807,+2.47381
+1.1811,+2.48107
+1.1814,+2.53602
+1.1819,+2.79276
+1.1823,+2.77385
+1.1827,+2.71286
+1.1831,+2.95186
+1.1834,+3.19211
+1.1839,+3.21022
+1.1843,+3.27865
+1.1847,+3.3139
+1.1851,+3.42728
+1.1856,+3.37822
+1.1859,+3.24491
+1.1863,+3.11186
+1.1867,+3.36373
+1.1871,+3.31363
+1.1874,+3.38093
+1.1879,+3.27697
+1.1883,+3.37801
+1.1887,+3.41281
+1.1891,+3.39692
+1.1896,+3.37115
+1.1899,+3.41517
+1.1903,+3.46248
+1.1907,+3.18626
+1.1911,+2.97816
+1.1914,+2.62285
+1.1919,+2.49604
+1.1923,+2.17584
+1.1927,+2.07401
+1.1931,+1.8584
+1.1934,+1.89656
+1.1939,+1.85081
+1.1943,+1.67291
+1.1947,+1.48706
+1.1951,+1.48482
+1.1954,+1.46484
+1.1959,+1.16642
+1.1963,+1.10766
+1.1967,+0.79334
+1.1971,+0.510264
+1.1976,+0.0684126
+1.1979,-0.171515
+1.1983,-0.332282
+1.1987,-0.401311
+1.1992,-0.612418
+1.1996,-0.748148
+1.1999,-0.72973
+1.2003,-1.01039
+1.2007,-1.00138
+1.2011,+3.05401
+1.2015,+3.08072
+1.2019,+2.99667
+1.2023,+3.02702
+1.2027,+2.98957
+1.2031,+2.92421
+1.2034,+3.07637
+1.2039,+3.03275
+1.2043,+3.04675
+1.2047,+2.98857
+1.2051,+3.25315
+1.2054,+3.42753
+1.2059,+3.40298
+1.2063,+3.38083
+1.2067,+3.50179
+1.2071,+3.84138
+1.2074,+3.59663
+1.2079,+3.53957
+1.2083,+3.68303
+1.2087,+3.72318
+1.2091,+3.75793
+1.2094,+3.27455
+1.2099,+3.32752
+1.2103,+2.95603
+1.2107,+2.80774
+1.2111,+2.55067
+1.2114,+2.63969
+1.2119,+3.21854
+1.2123,+3.27804
+1.2127,+3.3
+1.2131,+3.44741
+1.2134,+3.95843
+1.2139,+4.08658
+1.2143,+4.57106
+1.2147,+4.79705
+1.2151,+5.07399
+1.2154,+5.01775
+1.2159,+4.77664
+1.2163,+4.93845
+1.2167,+5.14361
+1.2171,+5.30247
+1.2174,+5.60368
+1.2179,+5.82049
+1.2183,+5.8965
+1.2187,+5.98168
+1.2191,+5.74432
+1.2196,+6.20073
+1.2199,+6.19177
+1.2203,+6.33085
+1.2207,+6.57097
+1.2211,+6.71755
+1.2214,+6.62116
+1.2219,+6.78506
+1.2223,+7.33359
+1.2228,+7.64275
+1.2231,+8.15126
+1.2234,+8.31965
+1.2239,+8.52407
+1.2243,+8.58698
+1.2247,+8.37569
+1.2251,+8.51005
+1.2254,+8.56462
+1.2259,+8.32764
+1.2263,+8.20099
+1.2267,+8.15003
+1.2271,+8.23439
+1.2281,+8.22641
+1.2284,+8.4949
+1.2285,+8.54131
+1.2288,+8.8217
+1.2291,+8.78174
+1.2296,+8.81439
+1.2299,+9.17239
+1.2303,+9.06369
+1.2307,+9.10085
+1.2311,+8.60382
+1.2314,+8.50734
+1.2319,+8.39028
+1.2323,+8.31501
+1.2327,+8.22708
+1.2331,+8.1121
+1.2334,+8.06288
+1.2339,+8.23327
+1.2343,+7.90696
+1.2347,+7.74954
+1.2351,+7.71401
+1.2354,+7.6315
+1.2359,+7.49643
+1.2363,+7.37765
+1.2367,+7.22184
+1.2371,+7.1026
+1.2374,+7.03833
+1.2379,+6.66674
+1.2383,+6.7227
+1.2387,+6.60654
+1.2391,+6.82735
+1.2394,+7.03719
+1.2401,+6.84455
+1.2403,+6.6731
+1.2407,+6.61068
+1.2411,+6.17719
+1.2414,+6.29815
+1.2419,+6.10797
+1.2423,+5.90223
+1.2427,+5.54591
+1.2431,+5.00109
+1.2434,+4.63495
+1.2439,+4.59507
+1.2444,+4.49719
+1.2447,+4.36455
+1.2451,+4.54382
+1.2454,+4.04768
+1.2459,+3.64977
+1.2463,+3.53226
+1.2467,+3.81114
+1.2471,+3.63477
+1.2474,+3.34003
+1.2479,+3.1644
+1.2483,+3.1172
+1.2487,+2.9769
+1.2491,+2.8175
+1.2494,+2.73163
+1.2499,+2.93286
+1.2503,+2.95488
+1.2507,+2.66483
+1.2511,+2.81893
+1.2514,+2.87817
+1.2519,+2.95643
+1.2523,+2.85226
+1.2527,+2.99131
+1.2531,+3.2452
+1.2534,+3.33464
+1.2539,+3.39118
+1.2543,+3.37826
+1.2547,+3.4474
+1.2551,+3.74437
+1.2554,+3.78172
+1.2559,+3.78326
+1.2563,+3.85931
+1.2567,+3.65065
+1.2571,+3.55446
+1.2574,+3.62243
+1.2579,+3.90888
+1.2583,+4.10502
+1.2587,+4.24769
+1.2591,+4.40848
+1.2594,+4.78695
+1.26,+5.13791
+1.2603,+5.4662
+1.2607,+5.63059
+1.2611,+6.01191
+1.2614,+6.3121
+1.2619,+6.1572
+1.2623,+6.25705
+1.2627,+6.36265
+1.2631,+6.51355
+1.2634,+6.39823
+1.2639,+6.30134
+1.2643,+6.56387
+1.2647,+7.02374
+1.2651,+6.98959
+1.2654,+7.15156
+1.2659,+7.50845
+1.2663,+7.75032
+1.2667,+7.94288
+1.2671,+8.02295
+1.2674,+8.08544
+1.268,+8.39467
+1.2683,+8.12021
+1.2687,+8.13308
+1.2691,+8.22153
+1.2694,+8.2338
+1.2699,+8.04671
+1.2704,+8.17809
+1.2707,+8.43319
+1.2711,+8.35616
+1.2714,+8.59163
+1.2719,+8.60873
+1.2723,+9.00022
+1.2727,+9.1194
+1.2731,+9.20121
+1.2734,+9.40857
+1.2739,+10.0029
+1.2743,+9.68427
+1.2747,+9.28924
+1.2751,+9.74339
+1.2754,+9.84364
+1.276,+9.78941
+1.2763,+9.75319
+1.2767,+9.67899
+1.2771,+9.79291
+1.2774,+9.76195
+1.278,+9.54786
+1.2783,+9.6058
+1.2787,+10.0132
+1.2791,+9.87266
+1.2794,+9.67058
+1.2799,+9.65042
+1.2803,+9.58333
+1.2807,+9.61707
+1.2811,+9.55557
+1.2814,+9.38333
+1.2819,+9.34386
+1.2823,+9.45511
+1.2827,+9.2577
+1.2831,+9.01862
+1.2834,+9.07467
+1.2839,+9.10508
+1.2843,+9.09966
+1.2848,+8.94547
+1.2851,+8.82002
+1.2854,+8.49485
+1.2859,+8.31838
+1.2863,+8.26231
+1.2867,+8.1727
+1.2871,+7.89916
+1.2874,+7.95265
+1.2882,+5.71967
+1.2884,+5.17803
+1.2888,+4.58475
+1.2891,+4.11093
+1.2895,+3.96046
+1.2899,+1.75036
+1.2903,-0.479183
+1.2907,-0.373697
+1.2911,-0.578613
+1.2914,-1.05389
+1.292,-1.11674
+1.2923,-1.15788
+1.2927,-1.15658
+1.2931,-1.48235
+1.2934,-3.27101
+1.2939,-3.28059
+1.2943,-1.39633
+1.2947,-1.99493
+1.2951,-1.87838
+1.2954,-1.89725
+1.2959,-1.80249
+1.2963,-1.42256
+1.2967,-1.23174
+1.2971,-0.876485
+1.2974,+0.861371
+1.298,+2.69244
+1.2983,+0.970394
+1.2987,+1.05616
+1.2991,+0.960781
+1.2994,-0.854065
+1.2999,+0.698811
+1.3003,+0.323587
+1.3007,-1.44218
+1.3011,-1.49722
+1.3014,-1.45211
+1.3019,-1.58419
+1.3023,-0.0260181
+1.3027,-0.0707433
+1.3031,-0.173091
+1.3035,+1.48061
+1.304,+1.26793
+1.3043,+1.1576
+1.3047,+2.69766
+1.3051,+2.70898
+1.3055,+2.42783
+1.3059,+2.51062
+1.3063,+2.52108
+1.3067,+2.49899
+1.3071,+2.59554
+1.3075,+2.66584
+1.308,+2.79721
+1.3083,+2.36522
+1.3088,+2.22893
+1.3091,+1.95825
+1.3095,+2.20923
+1.3099,+2.21708
+1.3103,+1.94109
+1.3107,+1.76576
+1.3111,+1.10243
+1.3114,-1.20078
+1.3119,-1.23627
+1.3123,-2.97242
+1.3127,-3.12153
+1.3131,-3.29054
+1.3134,-3.81107
+1.314,-4.35654
+1.3143,-4.54206
+1.3147,-6.76238
+1.3151,-6.61054
+1.3155,-6.54621
+1.316,-6.91905
+1.3163,-5.31492
+1.3167,-5.55379
+1.3171,-5.7656
+1.3175,-6.22041
+1.318,-6.48182
+1.3183,-6.68975
+1.3187,-5.0583
+1.3191,-5.32018
+1.3194,-4.09811
+1.3199,-4.36435
+1.3203,-4.59732
+1.3207,-4.85525
+1.3211,-5.18827
+1.3214,-5.18842
+1.3219,-5.14717
+1.3223,-5.40518
+1.3227,-5.52641
+1.3231,-5.7001
+1.3234,-7.34144
+1.324,-7.36398
+1.3243,-7.59239
+1.3247,-7.9204
+1.3251,-7.96574
+1.3255,-8.19724
+1.326,-10.1833
+1.3263,-10.3587
+1.3267,-10.4862
+1.3271,-10.3248
+1.3274,-8.6389
+1.328,-8.93142
+1.3283,-9.04342
+1.3287,-8.99922
+1.3291,-9.26236
+1.3295,-9.26272
+1.3305,-7.69546
+1.3307,-7.65414
+1.3309,-7.69861
+1.3312,-8.32713
+1.3315,-10.1528
+1.332,-11.8095
+1.3323,-11.7706
+1.3327,-13.624
+1.3331,-13.2873
+1.3335,-13.3375
+1.334,-13.5589
+1.3343,-13.5847
+1.3347,-13.7102
+1.3351,-13.1431
+1.3354,-11.2987
+1.336,-9.75655
+1.3363,-9.87927
+1.3367,-8.01133
+1.3371,-8.20612
+1.3375,-8.37687
+1.338,-8.1891
+1.3383,-8.25163
+1.3387,-8.14187
+1.3391,-10.0433
+1.3395,-10.4256
+1.34,-10.3976
+1.3403,-10.1277
+1.3407,-11.7579
+1.3411,-11.8081
+1.3415,-11.7025
+1.342,-11.5925
+1.3423,-11.6054
+1.3427,-13.3165
+1.3431,-13.4244
+1.3435,-13.3209
+1.344,-13.3236
+1.3443,-13.5681
+1.3447,-13.7201
+1.3451,-13.8318
+1.3455,-14.0962
+1.346,-15.9671
+1.3463,-16.0385
+1.3467,-14.5007
+1.3471,-13.063
+1.3475,-13.0094
+1.348,-13.073
+1.3483,-13.1947
+1.3487,-11.6345
+1.3491,-11.278
+1.3495,-10.6142
+1.35,-9.0789
+1.3503,-10.798
+1.3507,-11.0178
+1.3512,-10.7552
+1.3515,-10.8402
+1.352,-11.0282
+1.3523,-10.8445
+1.3527,-10.5871
+1.3531,-11.0554
+1.3535,-11.091
+1.354,-11.139
+1.3543,-9.70128
+1.3547,-11.2233
+1.3551,-11.6307
+1.3555,-11.9133
+1.356,-12.0263
+1.3563,-12.3349
+1.3567,-12.3705
+1.3571,-13.7258
+1.3575,-14.0487
+1.358,-14.0836
+1.3583,-13.5064
+1.3587,-11.9416
+1.3591,-11.5772
+1.3595,-11.4657
+1.36,-12.9958
+1.3603,-12.9789
+1.3607,-14.9093
+1.3611,-15.2929
+1.3615,-15.5603
+1.362,-15.575
+1.3623,-15.5813
+1.3627,-15.555
+1.3631,-17.3236
+1.3635,-17.3151
+1.364,-15.3157
+1.3643,-16.7838
+1.3647,-14.7949
+1.3651,-13.0805
+1.3655,-12.7296
+1.366,-12.2509
+1.3663,-12.1731
+1.3667,-11.9661
+1.3671,-10.3542
+1.3675,-10.1255
+1.368,-9.83798
+1.3683,-7.64325
+1.3687,-7.72366
+1.3691,-6.81844
+1.3695,-8.50376
+1.37,-8.5621
+1.3703,-8.90957
+1.3707,-8.79239
+1.3711,-10.3143
+1.3715,-10.3344
+1.372,-10.8173
+1.3723,-11.1752
+1.3727,-10.9512
+1.3731,-11.1689
+1.3735,-9.5684
+1.374,-9.60794
+1.3743,-9.56645
+1.3747,-9.11428
+1.3751,-8.95656
+1.3755,-8.63781
+1.376,-8.41923
+1.3763,-8.12407
+1.3767,-7.85633
+1.3771,-7.75902
+1.3775,-7.44665
+1.378,-7.40524
+1.3784,-7.13885
+1.3787,-7.70168
+1.3791,-5.73226
+1.3795,-6.06399
+1.38,-5.71035
+1.3803,-6.02172
+1.3807,-6.5247
+1.3811,-7.14687
+1.3816,-6.96266
+1.382,-7.01749
+1.3823,-6.81554
+1.3827,-7.03907
+1.3831,-7.52313
+1.3835,-7.21979
+1.384,-7.54947
+1.3843,-7.29454
+1.3847,-6.84842
+1.3851,-6.7242
+1.3855,-6.91013
+1.386,-7.11132
+1.3863,-9.2974
+1.3867,-8.78173
+1.3871,-8.49936
+1.3875,-8.72786
+1.388,-9.14771
+1.3883,-9.69361
+1.3887,-10.168
+1.3891,-12.0833
+1.3895,-12.6149
+1.39,-12.3863
+1.3903,-10.8714
+1.3907,-10.9428
+1.3911,-11.5873
+1.3915,-11.9994
+1.392,-11.7895
+1.3923,-11.4881
+1.3928,-11.8517
+1.3931,-9.92384
+1.3935,-10.0466
+1.394,-10.0756
+1.3943,-10.142
+1.3947,-10.6567
+1.3951,-10.2672
+1.3955,-10.3488
+1.396,-10.7774
+1.3963,-10.7713
+1.3967,-10.9496
+1.3971,-11.6754
+1.3975,-11.4821
+1.398,-13.7002
+1.3983,-13.9512
+1.3987,-14.0304
+1.3991,-14.4716
+1.3995,-14.3924
+1.4,-14.4378
+1.4003,-15.1039
+1.4007,-14.6494
+1.4011,-15.1742
+1.4015,-15.2284
+1.402,-14.0089
+1.4023,-13.7697
+1.4027,-13.5015
+1.4031,-13.5418
+1.4035,-13.6526
+1.404,-13.4272
+1.4043,-13.4005
+1.4047,-13.5156
+1.4051,-13.5942
+1.4055,-13.9942
+1.406,-14.0782
+1.4063,-14.4247
+1.4067,-14.5131
+1.4071,-14.1189
+1.4075,-14.2204
+1.408,-14.4432
+1.4083,-14.4174
+1.4087,-14.5685
+1.4091,-14.3572
+1.4095,-14.2824
+1.4098,-14.2119
+1.4103,-13.7229
+1.4107,-14.0587
+1.4111,-14.0388
+1.4115,-14.0038
+1.4121,-13.9859
+1.4124,-13.6523
+1.4127,-13.5803
+1.4131,-13.7347
+1.4135,-13.2771
+1.414,-13.1623
+1.4143,-13.626
+1.4147,-13.4536
+1.4151,-13.4374
+1.4155,-13.5039
+1.416,-13.4755
+1.4163,-15.0161
+1.4167,-15.2017
+1.4171,-15.0301
+1.4175,-15.381
+1.418,-15.2764
+1.4183,-15.0705
+1.4187,-15.0135
+1.4191,-15.3129
+1.4195,-14.9259
+1.4198,-14.8673
+1.4203,-13.5507
+1.4207,-13.4752
+1.4211,-13.3029
+1.4215,-13.2481
+1.4218,-13.3243
+1.4223,-13.2403
+1.4227,-12.8644
+1.4231,-12.8977
+1.4235,-12.7976
+1.424,-12.667
+1.4243,-12.5229
+1.4247,-12.0282
+1.4251,-12.2594
+1.4255,-12.1384
+1.426,-11.6228
+1.4263,-11.332
+1.4267,-11.2894
+1.4271,-10.9967
+1.4275,-11.0132
+1.4278,-10.9287
+1.4283,-10.9735
+1.4287,-11.5385
+1.4291,-11.1039
+1.4295,-11.2264
+1.4298,-11.4563
+1.4303,-11.8037
+1.4307,-11.9296
+1.4311,-11.9973
+1.4315,-12.1809
+1.432,-12.0187
+1.4329,-11.6465
+1.4331,-11.2966
+1.4333,-11.2608
+1.4336,-10.769
+1.4338,-10.5702
+1.4343,-10.523
+1.4347,-10.55
+1.4351,-10.2081
+1.4355,-9.79048
+1.436,-9.50652
+1.4363,-9.61368
+1.4367,-9.243
+1.4371,-9.05688
+1.4375,-9.32091
+1.4378,-9.29581
+1.4383,-8.94933
+1.4387,-9.0335
+1.4391,-9.39869
+1.4395,-9.66089
+1.44,-9.78808
+1.4403,-9.66974
+1.4407,-10.0268
+1.4411,-10.3587
+1.4415,-9.93153
+1.4418,-10.1755
+1.4423,-10.3276
+1.4427,-9.87366
+1.4431,-9.45614
+1.4435,-9.10044
+1.4438,-9.23533
+1.4443,-8.90511
+1.4447,-8.73688
+1.4451,-8.26154
+1.4455,-8.177
+1.4458,-7.69421
+1.4463,-7.14004
+1.4467,-7.06303
+1.4471,-6.79222
+1.4475,-6.7151
+1.448,-6.54192
+1.4483,-6.81261
+1.4487,-6.51249
+1.4491,-6.76345
+1.4495,-6.8456
+1.4498,-7.15081
+1.4503,-7.14734
+1.4507,-7.38746
+1.4511,-7.22327
+1.4515,-7.06509
+1.4518,-7.00208
+1.4523,-6.74776
+1.4528,-6.75765
+1.4531,-6.55491
+1.4535,-6.50447
+1.4538,-5.94126
+1.4543,-6.10222
+1.4547,-5.82608
+1.4551,-5.78189
+1.4555,-5.5047
+1.456,-5.00667
+1.4563,-5.07348
+1.4567,-5.06265
+1.4571,-4.66713
+1.4575,-4.63299
+1.4578,-4.52515
+1.4583,-4.28464
+1.4587,-4.34143
+1.4592,-4.13259
+1.4595,-4.06462
+1.46,-4.29127
+1.4603,-4.07816
+1.4607,-3.60453
+1.4611,-3.91026
+1.4615,-3.7906
+1.4618,-3.70172
+1.4623,-3.70858
+1.4627,-3.42166
+1.4631,-3.44425
+1.4635,-3.74922
+1.464,-3.63595
+1.4643,-3.23018
+1.4647,-3.41833
+1.4651,-3.08433
+1.4655,-3.01269
+1.4658,-3.31665
+1.4663,-3.22531
+1.4667,-2.87118
+1.4671,-2.98457
+1.4675,-2.73473
+1.4678,-2.69818
+1.4683,-2.56978
+1.4687,-2.47799
+1.4691,-2.20388
+1.4695,-2.07595
+1.4698,-1.48737
+1.4703,-1.46813
+1.4707,-1.64922
+1.4711,-1.63733
+1.4715,-1.62157
+1.472,-1.29918
+1.4723,-1.58487
+1.4727,-1.5106
+1.4731,-1.79262
+1.4735,-1.71591
+1.4738,-1.92569
+1.4743,-1.39871
+1.4747,-0.947573
+1.4751,-0.603501
+1.4755,-0.439394
+1.4758,-0.464103
+1.4763,-0.412702
+1.4767,-0.337821
+1.4771,-0.0262951
+1.4775,+0.426226
+1.4778,+0.388801
+1.4784,+0.569002
+1.4787,+0.241208
+1.4791,+0.335643
+1.4795,+0.327097
+1.4798,+0.629442
+1.4803,+0.834008
+1.4808,+1.01716
+1.4811,+1.4454
+1.4815,+1.33387
+1.4818,+1.3956
+1.4823,+1.0107
+1.4827,+1.0246
+1.4831,+0.94237
+1.4835,+1.36654
+1.4838,+1.26648
+1.4843,+1.75721
+1.4847,+1.85384
+1.4851,+1.44036
+1.4855,+1.51441
+1.4858,+0.322812
+1.4864,+0.530693
+1.4867,+0.744729
+1.4871,+0.993214
+1.4875,+0.849998
+1.488,+0.803365
+1.4883,+0.444104
+1.4887,+0.515704
+1.4891,+1.03887
+1.4895,+1.12747
+1.4898,+2.49178
+1.4903,+2.55085
+1.4907,+2.59538
+1.4911,+2.94679
+1.4915,+3.18533
+1.4918,+3.57199
+1.4923,+3.7569
+1.4927,+3.90009
+1.4931,+4.13275
+1.4935,+4.57944
+1.4938,+4.69505
+1.4944,+5.02736
+1.4947,+5.12375
+1.4951,+4.82615
+1.4955,+4.70269
+1.4958,+4.64551
+1.4964,+4.63308
+1.4967,+4.6478
+1.4971,+4.31248
+1.4975,+3.96307
+1.4978,+4.72877
+1.4983,+4.62196
+1.4987,+4.83884
+1.4991,+5.40099
+1.4995,+5.55157
+1.5,+5.69711
+1.5004,+5.97336
+1.5007,+6.1574
+1.5011,+6.10481
+1.5015,+6.38298
+1.5018,+6.17548
+1.5024,+6.2719
+1.5027,+6.74884
+1.5032,+6.33295
+1.5035,+6.88238
+1.504,+7.13682
+1.5043,+7.14339
+1.5047,+7.20992
+1.5051,+7.85496
+1.5055,+7.65777
+1.5058,+7.7841
+1.5063,+8.25695
+1.5067,+7.87097
+1.5071,+7.9186
+1.5075,+7.34779
+1.5079,+6.91947
+1.5084,+6.97035
+1.5087,+7.02387
+1.5091,+6.53596
+1.5095,+7.2971
+1.5098,+7.08118
+1.5103,+6.75038
+1.5107,+7.17754
+1.5111,+7.80027
+1.5115,+8.03782
+1.5118,+8.43056
+1.5123,+8.80995
+1.5127,+8.82442
+1.5131,+8.96857
+1.5135,+8.6942
+1.5138,+9.09542
+1.5143,+9.12965
+1.5147,+8.96886
+1.5151,+8.49647
+1.5155,+8.98071
+1.5158,+8.93397
+1.5164,+8.79963
+1.5167,+9.29513
+1.5171,+9.60354
+1.5175,+9.2825
+1.5178,+8.96179
+1.5183,+9.18796
+1.5187,+9.08473
+1.5191,+9.1986
+1.5195,+9.20722
+1.5198,+9.75898
+1.5203,+9.67683
+1.5207,+9.59295
+1.5211,+9.38319
+1.5215,+9.82416
+1.5218,+9.88977
+1.5224,+10.2639
+1.5227,+10.2054
+1.5231,+10.3617
+1.5235,+8.46403
+1.5238,+8.4568
+1.5243,+8.44699
+1.5247,+8.18991
+1.5251,+8.18655
+1.5255,+8.19613
+1.5258,+8.25274
+1.5264,+7.77353
+1.5267,+7.90982
+1.5271,+8.0317
+1.5275,+9.60798
+1.5278,+9.14095
+1.5283,+9.11079
+1.5287,+9.17003
+1.5291,+9.1814
+1.5295,+8.95628
+1.5298,+8.88803
+1.5304,+7.46795
+1.5307,+7.46939
+1.5311,+7.18393
+1.5315,+7.12933
+1.5318,+7.16334
+1.5323,+7.24572
+1.5327,+7.26475
+1.5331,+7.26558
+1.5336,+7.40798
+1.5339,+7.46145
+1.5344,+9.06245
+1.5353,+9.18698
+1.5355,+9.24974
+1.5357,+9.34265
+1.536,+9.6266
+1.5363,+9.69188
+1.5367,+9.66867
+1.5371,+9.71119
+1.5375,+9.61723
+1.5378,+9.69505
+1.5383,+9.93136
+1.5387,+9.84423
+1.5391,+9.82456
+1.5395,+9.95659
+1.5398,+9.86859
+1.5403,+9.88178
+1.5407,+9.89177
+1.5411,+10.0806
+1.5415,+10.1611
+1.5418,+10.14
+1.5423,+9.82338
+1.5427,+9.88052
+1.5431,+10.1092
+1.5435,+10.0623
+1.5438,+10.0302
+1.5443,+10.0627
+1.5447,+10.1762
+1.5451,+10.0921
+1.5455,+10.3547
+1.5458,+10.3185
+1.5463,+10.5411
+1.5467,+10.6572
+1.5471,+10.4495
+1.5475,+8.96252
+1.5478,+8.75037
+1.5483,+8.65013
+1.5487,+8.602
+1.5491,+8.92757
+1.5495,+8.66143
+1.5498,+8.76435
+1.5503,+8.96823
+1.5507,+8.81551
+1.5511,+8.90149
+1.5515,+10.337
+1.5518,+10.6537
+1.5523,+10.6193
+1.5527,+11.0726
+1.5531,+10.7116
+1.5535,+10.6339
+1.5538,+10.8356
+1.5543,+10.4641
+1.5547,+10.4186
+1.5551,+10.4018
+1.5555,+10.3559
+1.5558,+10.1436
+1.5563,+10.2887
+1.5567,+9.76403
+1.5571,+9.55835
+1.5575,+9.6993
+1.5578,+9.38703
+1.5583,+9.37404
+1.5587,+9.6863
+1.5591,+9.55053
+1.5595,+9.64564
+1.5598,+9.45695
+1.5604,+9.51635
+1.5607,+9.63502
+1.5611,+9.76639
+1.5615,+9.67487
+1.5618,+10.1995
+1.5623,+10.1436
+1.5627,+9.91999
+1.5631,+10.151
+1.5635,+10.1624
+1.564,+10.4158
+1.5643,+10.3753
+1.5647,+10.3828
+1.5651,+10.668
+1.5655,+11.0749
+1.5658,+11.0142
+1.5663,+11.2874
+1.5667,+11.2556
+1.5671,+11.508
+1.5675,+11.435
+1.5678,+11.4311
+1.5683,+11.4396
+1.5687,+11.3586
+1.5691,+11.0735
+1.5695,+10.7109
+1.5698,+10.2577
+1.5703,+10.0161
+1.5707,+10.1815
+1.5711,+9.57924
+1.5715,+9.53175
+1.5718,+9.72686
+1.5723,+9.74181
+1.5727,+9.76743
+1.5731,+9.74448
+1.5735,+9.78271
+1.5738,+9.84191
+1.5743,+9.79382
+1.5747,+9.60636
+1.5751,+10.0701
+1.5755,+10.1266
+1.5758,+9.91012
+1.5763,+10.1349
+1.5767,+10.0869
+1.5771,+10.039
+1.5775,+9.90018
+1.5778,+10.2834
+1.5783,+10.2803
+1.5787,+10.2724
+1.5791,+10.042
+1.5795,+10.0554
+1.5798,+10.0374
+1.5803,+9.91206
+1.5807,+10.3999
+1.5811,+10.7515
+1.5815,+10.802
+1.5818,+10.4956
+1.5823,+10.6954
+1.5827,+10.99
+1.5832,+10.8781
+1.5835,+10.7744
+1.5838,+10.7296
+1.5843,+10.4024
+1.5847,+9.88234
+1.5851,+9.6134
+1.5855,+9.79829
+1.5858,+9.59573
+1.5863,+9.44085
+1.5867,+9.01373
+1.5871,+9.40396
+1.5875,+9.51871
+1.5878,+9.56958
+1.5883,+9.84483
+1.5887,+9.67792
+1.5891,+9.5885
+1.5895,+9.77401
+1.5898,+9.69165
+1.5903,+9.60121
+1.5907,+9.43731
+1.5911,+9.04037
+1.5915,+8.93458
+1.5918,+8.51558
+1.5923,+8.32558
+1.5927,+8.88751
+1.5931,+8.78323
+1.5935,+8.50544
+1.5938,+8.51712
+1.5943,+8.4084
+1.5947,+8.47611
+1.5951,+8.42365
+1.5955,+8.335
+1.5958,+8.99746
+1.5963,+8.76406
+1.5967,+8.28684
+1.5971,+8.75804
+1.5975,+8.57533
+1.5978,+8.64982
+1.5983,+9.11375
+1.5987,+9.13045
+1.5991,+9.69329
+1.5995,+9.6701
+1.5998,+9.29364
+1.6003,+9.28603
+1.6007,+9.21514
+1.6011,+8.36171
+1.6015,+8.38053
+1.6018,+8.29772
+1.6023,+7.80408
+1.6027,+7.86471
+1.6031,+7.48126
+1.6035,+7.46555
+1.6038,+7.58641
+1.6043,+7.73672
+1.6047,+7.76701
+1.6051,+7.76345
+1.6055,+8.1171
+1.6059,+8.18823
+1.6063,+8.2155
+1.6067,+8.18678
+1.6071,+8.09537
+1.6075,+8.19889
+1.6078,+8.02266
+1.6083,+7.9754
+1.6087,+8.33495
+1.6091,+8.13167
+1.6095,+7.58748
+1.6098,+7.44822
+1.6103,+7.67836
+1.6107,+8.1137
+1.6111,+7.96907
+1.6115,+7.83778
+1.6118,+7.73499
+1.6123,+7.66492
+1.6127,+7.70846
+1.6131,+7.86224
+1.6135,+7.82698
+1.6138,+7.78544
+1.6143,+7.83704
+1.6147,+7.79586
+1.6151,+7.4647
+1.6155,+7.40157
+1.6159,+7.31836
+1.6163,+7.26266
+1.6167,+7.16328
+1.6171,+7.09556
+1.6175,+7.16459
+1.6178,+7.46088
+1.6183,+7.3115
+1.6187,+6.61231
+1.6191,+7.11489
+1.6195,+7.09608
+1.6198,+7.42398
+1.6203,+8.00638
+1.6207,+7.61382
+1.6211,+7.83447
+1.6215,+7.79694
+1.6218,+7.4647
+1.6223,+7.22783
+1.6227,+7.09102
+1.6231,+6.79469
+1.6235,+7.26783
+1.6238,+7.49412
+1.6243,+6.67777
+1.6247,+6.5977
+1.6251,+6.81384
+1.6255,+6.77896
+1.6258,+6.74877
+1.6263,+6.82796
+1.6267,+7.53592
+1.6271,+7.49763
+1.6275,+7.08831
+1.6279,+6.56981
+1.6283,+7.14921
+1.6287,+7.6031
+1.6291,+7.12309
+1.6295,+7.12209
+1.6298,+7.50267
+1.6304,+7.37147
+1.6307,+7.40746
+1.6311,+7.88844
+1.6315,+8.02035
+1.6318,+8.00621
+1.6324,+8.05564
+1.6327,+7.65847
+1.6331,+8.15014
+1.6335,+8.15579
+1.6338,+7.8002
+1.6343,+7.95378
+1.6347,+7.69326
+1.6351,+7.13898
+1.6355,+7.06407
+1.6358,+7.50516
+1.6363,+7.11172
+1.6367,+7.11966
+1.6377,+7.11828
+1.6379,+7.14542
+1.6383,+7.04741
+1.6387,+6.91361
+1.6391,+6.90443
+1.6395,+7.26916
+1.6398,+7.01808
+1.6403,+6.64352
+1.6407,+5.3511
+1.6411,+5.70402
+1.6415,+5.18448
+1.6418,+5.30687
+1.6422,+5.78339
+1.6427,+5.6926
+1.6431,+5.50716
+1.6435,+5.06632
+1.6438,+5.11441
+1.6443,+5.45214
+1.6447,+7.05683
+1.6451,+7.11924
+1.6455,+7.08271
+1.6458,+6.77166
+1.6463,+6.28448
+1.6467,+6.61613
+1.6471,+6.48303
+1.6475,+6.74335
+1.6478,+6.90622
+1.6483,+6.60952
+1.6487,+6.40958
+1.6491,+5.85207
+1.6495,+6.267
+1.6498,+6.47319
+1.6503,+6.65976
+1.6507,+6.64939
+1.6511,+6.66214
+1.6515,+6.65152
+1.6518,+6.63105
+1.6523,+6.61712
+1.6527,+6.38591
+1.6531,+6.64746
+1.6535,+6.27392
+1.6538,+6.57768
+1.6543,+6.37256
+1.6547,+6.39429
+1.6551,+6.74192
+1.6555,+7.01631
+1.6558,+7.20264
+1.6563,+7.05432
+1.6567,+7.01295
+1.6571,+6.65476
+1.6575,+6.98052
+1.6578,+6.85993
+1.6583,+7.36637
+1.6587,+7.39354
+1.6591,+7.49816
+1.6595,+6.98268
+1.6598,+6.82895
+1.6603,+6.71984
+1.6607,+7.11919
+1.6611,+7.6721
+1.6615,+7.5744
+1.6618,+7.72448
+1.6622,+7.68925
+1.6627,+7.22293
+1.6631,+7.35585
+1.6635,+7.79478
+1.6639,+7.62172
+1.6642,+8.1058
+1.6647,+7.63587
+1.6651,+7.30129
+1.6656,+7.46688
+1.6659,+7.37062
+1.6663,+7.03372
+1.6667,+7.07734
+1.6671,+6.74876
+1.6675,+6.7336
+1.6678,+6.62717
+1.6683,+6.61104
+1.6687,+6.90464
+1.6691,+6.62843
+1.6695,+6.54573
+1.6698,+6.36955
+1.6703,+6.37426
+1.6707,+6.76333
+1.6711,+6.89123
+1.6715,+6.64652
+1.6718,+7.02885
+1.6723,+6.8193
+1.6727,+7.02838
+1.6731,+7.57057
+1.6735,+7.15131
+1.6738,+6.88723
+1.6742,+7.12325
+1.6747,+7.10341
+1.6751,+7.08067
+1.6755,+6.87112
+1.6758,+7.15165
+1.6763,+7.38093
+1.6767,+7.41733
+1.6771,+6.97275
+1.6775,+7.49513
+1.6778,+7.53846
+1.6783,+7.58454
+1.6787,+7.58821
+1.6791,+7.34712
+1.6795,+7.42724
+1.6798,+7.21301
+1.6802,+6.68793
+1.6807,+6.51275
+1.6811,+6.92364
+1.6815,+6.50202
+1.6819,+6.93422
+1.6822,+6.89049
+1.6827,+6.90415
+1.6831,+7.24208
+1.6835,+7.5895
+1.6838,+7.60615
+1.6843,+7.81758
+1.6847,+7.99833
+1.6851,+7.6338
+1.6855,+7.64919
+1.6858,+7.60963
+1.6863,+7.36854
+1.6867,+7.3568
+1.6871,+7.3075
+1.6875,+6.94122
+1.6878,+6.91887
+1.6883,+7.23786
+1.6887,+7.07584
+1.6891,+7.01306
+1.6895,+7.37365
+1.6898,+7.19984
+1.6902,+7.58432
+1.6907,+7.36891
+1.6911,+7.36169
+1.6915,+7.72434
+1.6918,+7.48122
+1.6922,+7.33594
+1.6927,+7.55895
+1.6931,+7.73349
+1.6935,+7.72211
+1.6938,+7.51927
+1.6942,+7.35326
+1.6947,+7.40119
+1.6951,+7.3772
+1.6955,+7.48981
+1.6961,+7.65456
+1.6964,+7.42802
+1.6967,+7.08002
+1.6971,+7.17373
+1.6975,+7.20438
+1.6978,+7.32658
+1.6983,+7.43358
+1.6987,+7.6603
+1.6991,+7.74342
+1.6995,+7.32989
+1.6998,+7.38297
+1.7002,+7.77254
+1.7007,+8.04025
+1.7011,+8.25123
+1.7017,+7.76543
+1.702,+7.67072
+1.7025,+7.6039
+1.7028,+7.32117
+1.7032,+6.95986
+1.7036,+7.5826
+1.7039,+7.22345
+1.7042,+6.76213
+1.7047,+6.85848
+1.7051,+6.38755
+1.7055,+6.41044
+1.7058,+6.86161
+1.7063,+6.8882
+1.7067,+7.18922
+1.7071,+7.33812
+1.7075,+6.84399
+1.7078,+6.99656
+1.7083,+7.37403
+1.7087,+7.25888
+1.7091,+7.67214
+1.7095,+8.02316
+1.7098,+7.99258
+1.7102,+7.9809
+1.7107,+7.99363
+1.7111,+8.211
+1.7115,+8.44501
+1.7118,+8.78894
+1.7122,+8.85859
+1.7127,+9.0624
+1.7131,+9.12689
+1.7135,+9.2605
+1.7138,+9.27028
+1.7142,+9.59551
+1.7147,+9.64394
+1.7151,+9.49182
+1.7155,+9.47801
+1.716,+9.49525
+1.7163,+9.36759
+1.7167,+9.18597
+1.7171,+9.19262
+1.7175,+9.2162
+1.7178,+9.2129
+1.7183,+9.04421
+1.7187,+9.07277
+1.7191,+8.8417
+1.7195,+9.22392
+1.7198,+9.21908
+1.7202,+9.33305
+1.7207,+9.49862
+1.7211,+9.54147
+1.7215,+9.35473
+1.7218,+9.41282
+1.7222,+9.28395
+1.7227,+9.41007
+1.7231,+9.93599
+1.7235,+9.17604
+1.7239,+9.12889
+1.7242,+9.32356
+1.7247,+9.18325
+1.7251,+8.93201
+1.7255,+9.15185
+1.7259,+9.06645
+1.7264,+8.96631
+1.7267,+8.7448
+1.7271,+8.66679
+1.7275,+8.78379
+1.7278,+8.8381
+1.7283,+8.63546
+1.7287,+8.45069
+1.7291,+8.70463
+1.7295,+8.75549
+1.7298,+8.83308
+1.7302,+8.76449
+1.7307,+8.88752
+1.7311,+9.04875
+1.7315,+9.00983
+1.7319,+9.03718
+1.7322,+9.10789
+1.7327,+9.60198
+1.7331,+9.5832
+1.7335,+9.56956
+1.7339,+9.49909
+1.7342,+9.72771
+1.7348,+9.61446
+1.7351,+9.74364
+1.7355,+10.1732
+1.7358,+10.1738
+1.7362,+10.2061
+1.7367,+9.87731
+1.7371,+9.78081
+1.7375,+9.94444
+1.7378,+9.91362
+1.7383,+9.78072
+1.7387,+9.8663
+1.7391,+9.57706
+1.7401,+9.34162
+1.7403,+9.13472
+1.7407,+9.08506
+1.7411,+9.01516
+1.7415,+9.13324
+1.7419,+8.6539
+1.7422,+8.2685
+1.7427,+8.46314
+1.7431,+8.44222
+1.7435,+8.13034
+1.7439,+8.41759
+1.7442,+8.78418
+1.7447,+8.79936
+1.7451,+8.94583
+1.7455,+8.92723
+1.7458,+9.13791
+1.7464,+9.67895
+1.7467,+9.68599
+1.7471,+9.59699
+1.7475,+9.85393
+1.7479,+9.85918
+1.7483,+9.68071
+1.7487,+9.64257
+1.7491,+9.67208
+1.7495,+9.71465
+1.7499,+9.76243
+1.7502,+9.70944
+1.7507,+9.73305
+1.7511,+9.62663
+1.7515,+9.61714
+1.7519,+9.55646
+1.7522,+9.60721
+1.7527,+9.67534
+1.7531,+9.38979
+1.7535,+9.43836
+1.7539,+9.47587
+1.7542,+9.50523
+1.7547,+9.39246
+1.7551,+9.60199
+1.7555,+9.5569
+1.7559,+9.49632
+1.7562,+9.42269
+1.7581,+9.46471
+1.7583,+9.81454
+1.7585,+9.8303
+1.7588,+9.85245
+1.7591,+9.77481
+1.7595,+9.58887
+1.7599,+9.34717
+1.7602,+9.46063
+1.7607,+9.51776
+1.7611,+9.54653
+1.7615,+9.59164
+1.7619,+9.54258
+1.7622,+9.34437
+1.7627,+9.28387
+1.7631,+9.28693
+1.7635,+9.55099
+1.7639,+9.84515
+1.7642,+9.90186
+1.7647,+9.88454
+1.7651,+9.79365
+1.7655,+9.70724
+1.7658,+9.69534
+1.7662,+9.82194
+1.7667,+9.84901
+1.7671,+9.93245
+1.7675,+9.96778
+1.7679,+9.85736
+1.7683,+9.91038
+1.7687,+10.0048
+1.7691,+9.93784
+1.7695,+10.0218
+1.7699,+9.69946
+1.7702,+9.54901
+1.7707,+9.56986
+1.7711,+9.30615
+1.7715,+8.90147
+1.7719,+9.16223
+1.7722,+9.19478
+1.7727,+9.1262
+1.7731,+9.27153
+1.7735,+9.21793
+1.7739,+9.5616
+1.7742,+9.5419
+1.7747,+9.51787
+1.7751,+9.44887
+1.7755,+9.70671
+1.7759,+9.56348
+1.7762,+9.18294
+1.7767,+9.14291
+1.7771,+9.12581
+1.7775,+9.34274
+1.7778,+9.05969
+1.7784,+9.49364
+1.7787,+9.42456
+1.7791,+9.72982
+1.7795,+9.74518
+1.7798,+9.67495
+1.7802,+9.63201
+1.7807,+9.63771
+1.7813,+9.58499
+1.7815,+9.08926
+1.7819,+9.3597
+1.7822,+9.08795
+1.7827,+9.06836
+1.7831,+8.94444
+1.7835,+8.93235
+1.7839,+9.15999
+1.7842,+9.41267
+1.7847,+9.33927
+1.7851,+9.38392
+1.7855,+9.69494
+1.7859,+9.56607
+1.7862,+9.8451
+1.7867,+9.85774
+1.7871,+9.96379
+1.7875,+9.99879
+1.7879,+9.73341
+1.7886,+9.66165
+1.7888,+9.74421
+1.7892,+9.77393
+1.7895,+9.67558
+1.7899,+9.67181
+1.7902,+9.07477
+1.7907,+9.10071
+1.7911,+9.04913
+1.7915,+8.8159
+1.7919,+8.78659
+1.7922,+8.77948
+1.7927,+8.69997
+1.7931,+8.55401
+1.7935,+8.76352
+1.7939,+8.76181
+1.7942,+9.05479
+1.7947,+9.24791
+1.7951,+9.47538
+1.7955,+9.63862
+1.7959,+9.70539
+1.7962,+9.70354
+1.7967,+9.52411
+1.7971,+9.52237
+1.7975,+9.26582
+1.7979,+9.20045
+1.7982,+9.02259
+1.7987,+8.99201
+1.7991,+8.74666
+1.7995,+8.73605
+1.7999,+8.60073
+1.8002,+8.64338
+1.8007,+8.85306
+1.8011,+8.86694
+1.8015,+8.84799
+1.8018,+9.10849
+1.8022,+9.29231
+1.8027,+10.9548
+1.8031,+10.8563
+1.8035,+11.1088
+1.8039,+11.1152
+1.8042,+11.0911
+1.8047,+11.061
+1.8051,+11.0364
+1.8055,+11.2945
+1.8059,+10.9691
+1.8062,+10.8375
+1.8067,+11.1122
+1.8071,+11.0273
+1.8075,+10.5917
+1.8079,+10.4946
+1.8084,+10.3642
+1.8087,+10.3332
+1.8091,+10.1721
+1.8095,+9.89442
+1.8099,+10.2174
+1.8102,+10.2294
+1.8107,+9.98187
+1.8111,+10.2622
+1.8115,+10.3555
+1.8119,+10.4161
+1.8122,+10.3337
+1.8127,+10.1826
+1.8131,+10.0164
+1.8135,+10.3415
+1.8139,+9.84092
+1.8142,+9.7911
+1.8147,+9.71458
+1.8151,+9.54722
+1.8155,+9.57419
+1.8159,+9.58558
+1.8162,+9.53776
+1.8167,+9.59269
+1.8171,+9.77959
+1.8175,+9.65927
+1.8179,+9.76559
+1.8182,+9.78903
+1.8187,+9.68816
+1.8191,+9.49559
+1.8196,+9.8668
+1.8199,+9.74904
+1.8202,+9.82864
+1.8207,+9.76979
+1.8211,+9.8557
+1.8215,+9.57395
+1.8219,+9.53949
+1.8222,+9.22112
+1.8227,+9.20483
+1.8231,+9.22679
+1.8235,+8.81932
+1.8239,+8.64194
+1.8242,+8.48565
+1.8247,+8.50321
+1.8251,+8.50288
+1.8255,+8.42532
+1.8259,+8.40457
+1.8262,+8.64098
+1.8267,+8.97362
+1.8271,+8.69264
+1.8275,+8.58074
+1.8279,+8.63486
+1.8282,+8.67508
+1.8287,+8.46393
+1.8291,+8.39371
+1.8295,+8.43105
+1.8299,+8.72657
+1.8302,+8.70173
+1.8307,+8.31505
+1.8311,+8.22726
+1.8315,+8.21352
+1.8319,+8.20746
+1.8322,+8.23206
+1.8327,+8.21632
+1.8331,+8.10631
+1.8335,+7.96748
+1.8339,+7.51903
+1.8342,+7.41898
+1.8347,+7.40823
+1.8351,+7.51999
+1.8355,+7.5339
+1.8359,+7.56384
+1.8362,+7.90047
+1.8367,+8.08252
+1.8372,+8.14256
+1.8375,+8.16977
+1.8379,+8.5324
+1.8382,+8.65361
+1.8387,+8.64573
+1.8391,+8.79596
+1.8395,+8.75704
+1.8399,+8.73652
+1.8402,+8.25555
+1.8407,+8.30331
+1.8411,+8.55857
+1.8415,+8.41136
+1.8425,+8.02731
+1.8427,+7.8304
+1.843,+8.03455
+1.8432,+7.87624
+1.8435,+7.61497
+1.8439,+7.47876
+1.8442,+7.39909
+1.8447,+7.19662
+1.8451,+6.77366
+1.8455,+6.68709
+1.8459,+6.62754
+1.8462,+6.3274
+1.8467,+6.06685
+1.8471,+5.81685
+1.8475,+5.95802
+1.8479,+5.9704
+1.8482,+6.04827
+1.8487,+5.95762
+1.8491,+6.23119
+1.8495,+6.48896
+1.8499,+6.59727
+1.8502,+6.96422
+1.8507,+6.92034
+1.8511,+7.22814
+1.8515,+7.11525
+1.8519,+7.46374
+1.8522,+7.48004
+1.8527,+7.49272
+1.8531,+7.18115
+1.8535,+7.04585
+1.8539,+6.91193
+1.8542,+6.76464
+1.8547,+6.73839
+1.8551,+6.7069
+1.8555,+6.82017
+1.8559,+6.51536
+1.8562,+6.42565
+1.8567,+6.39833
+1.8571,+6.43213
+1.8575,+6.48825
+1.8579,+6.45637
+1.8582,+6.46501
+1.8587,+6.43767
+1.8591,+6.38531
+1.8595,+6.34339
+1.8599,+6.28343
+1.8602,+6.32265
+1.8607,+6.3751
+1.8611,+6.37954
+1.8615,+6.33207
+1.8619,+6.38151
+1.8622,+6.38805
+1.8627,+6.42312
+1.8631,+6.45861
+1.8635,+6.44648
+1.8639,+6.3691
+1.8642,+6.34255
+1.8647,+6.41046
+1.8651,+6.36495
+1.8655,+6.38544
+1.8659,+6.29339
+1.8662,+6.27953
+1.8667,+6.22206
+1.8671,+6.24894
+1.8675,+6.50656
+1.8679,+6.50081
+1.8682,+6.69771
+1.8687,+6.41729
+1.8691,+6.31109
+1.8696,+6.31382
+1.8699,+6.32593
+1.8702,+6.35932
+1.8707,+6.37748
+1.8711,+6.35442
+1.8715,+6.08003
+1.8719,+6.12688
+1.8723,+5.80574
+1.8727,+5.89689
+1.8731,+5.91003
+1.8735,+5.81758
+1.8739,+5.87368
+1.8742,+5.74989
+1.8747,+6.03441
+1.8751,+6.02257
+1.8755,+5.8792
+1.8759,+5.89178
+1.8762,+5.96289
+1.8767,+6.04497
+1.8771,+5.97492
+1.8775,+5.98891
+1.8779,+5.97374
+1.8782,+6.07444
+1.8787,+5.949
+1.8791,+5.84577
+1.8795,+5.9383
+1.8799,+5.86938
+1.8802,+5.90314
+1.8807,+5.8636
+1.8811,+5.72391
+1.8815,+5.71048
+1.8819,+5.63618
+1.8822,+5.55655
+1.8827,+5.3432
+1.8831,+5.36226
+1.8835,+5.38763
+1.8839,+5.37372
+1.8842,+5.64849
+1.8847,+5.22518
+1.8851,+5.37525
+1.8855,+5.4639
+1.8859,+3.88912
+1.8877,+2.50736
+1.8879,+2.47526
+1.8882,+0.889931
+1.8887,+0.819379
+1.8891,-0.821156
+1.8895,-1.21276
+1.8899,-2.47867
+1.8902,-3.96586
+1.8907,-5.32038
+1.8911,-5.34574
+1.8915,-5.27063
+1.8919,-6.94666
+1.8922,-7.05485
+1.8926,-8.67212
+1.8931,-5.86062
+1.8935,-7.16299
+1.8939,-7.23769
+1.8942,-7.304
+1.8947,-7.74682
+1.8951,-7.4828
+1.8955,-7.74942
+1.8959,-7.70636
+1.8962,-7.31661
+1.8967,-5.7891
+1.8971,-5.7959
+1.8975,-5.76816
+1.8979,-5.40337
+1.8982,-3.79392
+1.8987,-3.70085
+1.8991,-2.36808
+1.8995,-0.792966
+1.8999,+1.96459
+1.9002,+1.7473
+1.9006,+0.234286
+1.9011,-2.51878
+1.9015,-0.00420495
+1.9019,+0.0161474
+1.9022,-1.52296
+1.9027,+0.131464
+1.9031,-1.25568
+1.9035,-2.91106
+1.9039,-4.03152
+1.9042,-3.92083
+1.9047,-3.9445
+1.9051,-4.06306
+1.9055,-6.89966
+1.9059,-7.18823
+1.9062,-6.99108
+1.9066,-8.75476
+1.9071,-8.83425
+1.9075,-8.81881
+1.9079,-10.2413
+1.9082,-10.493
+1.9086,-10.495
+1.9091,-10.4488
+1.9095,-10.4991
+1.9099,-10.5275
+1.9103,-10.8736
+1.9107,-10.5962
+1.9111,-9.16286
+1.9115,-6.41206
+1.9119,-6.71288
+1.9123,-4.93433
+1.9126,-2.25592
+1.9131,-2.34613
+1.9135,-2.00429
+1.9139,-0.425929
+1.9142,+2.3956
+1.9146,+2.10625
+1.9151,+0.491977
+1.9155,-2.25053
+1.9159,-2.21784
+1.9162,-3.97605
+1.9166,-6.63524
+1.9171,-6.49616
+1.9175,-6.81286
+1.9179,-6.75152
+1.9182,-9.54979
+1.9186,-6.7689
+1.9191,-6.64194
+1.9195,-3.83601
+1.92,-2.20366
+1.9203,-0.645842
+1.9206,-0.682316
+1.9211,+2.02478
+1.9215,+2.07766
+1.9219,+0.443428
+1.9222,+2.09807
+1.9226,-0.611564
+1.9231,-0.481997
+1.9235,-3.21632
+1.9239,-4.58884
+1.9242,-6.1571
+1.9246,-4.58609
+1.9251,-7.32582
+1.9255,-7.35303
+1.9259,-7.39709
+1.9263,-8.85258
+1.9266,-7.3406
+1.9271,-7.66664
+1.9275,-7.34289
+1.9279,-7.60383
+1.9282,-7.39595
+1.9288,-6.2442
+1.9291,-6.28577
+1.9295,-6.33271
+1.9299,-3.52714
+1.9302,-3.70892
+1.9307,-5.28718
+1.9311,-4.88723
+1.9315,-5.17927
+1.9319,-5.1118
+1.9322,-5.34185
+1.9326,-8.05951
+1.9331,-8.08466
+1.9335,-8.06224
+1.9339,-10.4788
+1.9342,-8.92215
+1.9346,-8.80553
+1.9351,-9.10263
+1.9355,-9.45577
+1.9359,-9.34268
+1.9362,-9.32076
+1.9366,-9.03071
+1.9371,-9.06732
+1.9375,-7.79577
+1.9379,-6.4567
+1.9382,-8.03866
+1.9386,-8.11298
+1.9391,-8.08211
+1.9396,-4.95721
+1.9399,-5.08378
+1.9403,-5.10943
+1.9406,-5.45962
+1.9411,-5.29726
+1.9415,-6.44495
+1.9419,-7.77926
+1.9422,-7.87236
+1.9426,-7.73461
+1.9431,-6.16123
+1.9435,-7.46843
+1.9439,-7.54298
+1.9449,-7.4988
+1.9451,-5.77963
+1.9453,-5.73352
+1.9455,-5.8435
+1.9459,-3.70529
+1.9463,-3.52532
+1.9466,-3.67302
+1.9471,-5.33933
+1.9475,-6.85965
+1.9479,-4.18388
+1.9483,-2.71345
+1.9486,-4.38154
+1.9491,-4.55874
+1.9495,-4.60938
+1.9499,-5.5908
+1.9504,-5.68025
+1.9508,-5.35363
+1.9511,-5.3781
+1.9515,-5.46153
+1.9519,-8.04935
+1.9522,-9.63682
+1.9526,-9.35314
+1.9531,-6.83292
+1.9535,-6.76642
+1.9539,-5.56006
+1.9543,-5.57975
+1.9546,-5.83198
+1.9551,-4.57138
+1.9555,-4.47621
+1.9559,-1.79766
+1.9563,-1.69875
+1.9566,-1.92419
+1.9571,-4.18375
+1.9575,-4.14261
+1.9579,-5.25067
+1.9583,-4.9438
+1.9586,-2.21998
+1.9591,-1.86648
+1.9595,-1.88183
+1.9599,-2.97844
+1.9603,-3.01378
+1.9606,-2.82343
+1.9611,-3.01419
+1.9615,-2.82182
+1.9619,-4.3875
+1.9623,-4.38087
+1.9626,-5.69137
+1.9631,-5.37646
+1.9635,-3.78993
+1.9639,-3.83124
+1.9643,-2.21479
+1.9646,-0.856433
+1.9651,+1.02269
+1.9655,+2.29913
+1.9659,+4.14266
+1.9663,+5.40396
+1.9666,+5.82278
+1.9671,+5.55832
+1.9675,+5.48099
+1.9679,+5.4005
+1.9683,+5.11243
+1.9686,+5.10856
+1.9691,+4.76072
+1.9695,+4.81289
+1.9699,+4.57722
+1.9703,+4.96948
+1.9706,+4.70591
+1.9711,+4.75697
+1.9715,+4.75832
+1.9719,+4.95386
+1.9723,+5.21865
+1.9726,+5.3197
+1.9731,+5.37702
+1.9735,+5.19677
+1.9739,+4.74471
+1.9743,+4.43035
+1.9746,+4.36448
+1.9751,+3.98612
+1.9755,+4.01033
+1.9759,+3.92898
+1.9762,+3.95374
+1.9766,+3.494
+1.9771,+3.48451
+1.9775,+3.67802
+1.9779,+4.05731
+1.9783,+3.78738
+1.9786,+3.83966
+1.9791,+4.22321
+1.9795,+4.20416
+1.9799,+4.00626
+1.9803,+4.03574
+1.9808,+4.16482
+1.9811,+4.15707
+1.9815,+4.05015
+1.9819,+4.04192
+1.9823,+4.29569
+1.9826,+3.96196
+1.9831,+3.96184
+1.9835,+3.97371
+1.9839,+3.87596
+1.9843,+3.80482
+1.9846,+4.16018
+1.9851,+4.08666
+1.9855,+3.90772
+1.9859,+3.956
+1.9863,+3.95934
+1.9866,+4.31257
+1.9871,+4.28515
+1.9875,+4.27975
+1.9879,+4.57071
+1.9883,+4.58645
+1.9886,+4.39645
+1.9891,+4.50029
+1.9895,+4.77488
+1.9899,+4.79891
+1.9903,+4.43958
+1.9906,+3.74655
+1.9912,+3.14272
+1.9915,+3.17144
+1.9919,+3.1469
+1.9923,+3.16139
+1.9926,+3.20829
+1.9931,+3.16575
+1.9935,+3.18929
+1.9939,+2.8171
+1.9943,+3.09166
+1.9946,+4.08646
+1.9951,+4.54737
+1.9955,+4.50322
+1.9959,+4.4475
+1.9963,+4.43784
+1.9966,+4.47839
+1.9971,+4.49474
+1.9975,+4.45497
+1.9979,+4.83319
+1.9982,+4.86309
+1.9986,+4.03334
+1.9991,+3.65014
+1.9995,+3.21139
+1.9999,+2.80173
