+0,-1.47204
+0.0005,-1.71074
+0.0009,-2.01528
+0.0013,-2.38358
+0.0016,-2.56467
+0.002,-2.72451
+0.0025,-2.79053
+0.0029,-2.66942
+0.0033,-2.66718
+0.0037,-2.65109
+0.004,-2.62963
+0.0044,-2.65695
+0.0049,-2.61288
+0.0053,-2.5459
+0.0057,-2.6417
+0.006,-2.7593
+0.0065,-2.71525
+0.0069,-2.81594
+0.0073,-2.78534
+0.0077,-2.77226
+0.008,-2.77187
+0.0085,-2.84562
+0.0089,-2.84171
+0.0093,-2.8438
+0.0096,-2.80346
+0.01,-2.75602
+0.0105,-2.95328
+0.0109,-2.92028
+0.0113,-2.96693
+0.0117,-2.95582
+0.012,-2.9826
+0.0125,-2.9062
+0.0129,-2.93098
+0.0133,-2.85184
+0.0137,-2.85623
+0.014,-2.95135
+0.0145,-2.76035
+0.0149,-2.8478
+0.0153,-2.87588
+0.0157,-2.95467
+0.016,-2.94106
+0.0165,-2.97258
+0.0169,-2.9459
+0.0173,-3.04047
+0.0178,-3.14795
+0.018,-2.997
+0.0185,-3.02631
+0.0189,-2.96803
+0.0193,-2.88127
+0.0196,-2.80949
+0.02,-2.75767
+0.0205,-2.7239
+0.0209,-2.68533
+0.0213,-2.63151
+0.022,-2.62344
+0.0222,-2.71212
+0.0225,-2.65074
+0.0229,-2.63329
+0.0233,-2.57562
+0.0237,-2.62663
+0.024,-2.74225
+0.0244,-2.79983
+0.0249,-2.90417
+0.0253,-2.92122
+0.0257,-2.80409
+0.026,-2.74517
+0.0265,-2.75383
+0.0269,-2.73785
+0.0273,-2.79558
+0.0277,-2.6703
+0.028,-2.53901
+0.0285,-2.4916
+0.0289,-2.42857
+0.0293,-2.37789
+0.0297,-2.2444
+0.03,-2.27858
+0.0305,-2.22554
+0.0309,-2.12768
+0.0313,-2.18238
+0.0317,-2.19062
+0.032,-2.20716
+0.0324,-2.14473
+0.0329,-2.20384
+0.0333,-2.11971
+0.0336,-2.23609
+0.034,-2.18121
+0.0344,-2.24649
+0.0349,-2.17815
+0.0353,-2.02383
+0.0357,-2.08418
+0.036,-2.02271
+0.0364,-2.02642
+0.0369,-1.98894
+0.0373,-2.12093
+0.0378,-2.14998
+0.038,-2.18058
+0.0384,-2.05714
+0.0389,-2.11671
+0.0393,-2.19569
+0.0397,-1.9892
+0.04,-2.01276
+0.0405,-2.01608
+0.0409,-1.91808
+0.042,-1.73232
+0.0423,-1.65374
+0.0425,-1.64318
+0.0429,-1.69595
+0.0433,-1.6561
+0.0437,-1.6451
+0.044,-1.75912
+0.0445,-1.66412
+0.0449,-1.5762
+0.0453,-1.55653
+0.0457,-1.589
+0.046,-1.53199
+0.0464,-1.42896
+0.0469,-1.39039
+0.0473,-1.386
+0.0477,-1.20919
+0.048,-1.09247
+0.0485,-1.15056
+0.0489,-1.13501
+0.0493,-1.03704
+0.0497,-1.09289
+0.05,-1.07829
+0.0505,-1.00074
+0.0509,-1.01544
+0.0513,-0.977923
+0.0517,-0.982643
+0.052,-0.995098
+0.0524,-0.876943
+0.0529,-0.863827
+0.0533,-0.82182
+0.0537,-0.680897
+0.054,-0.500523
+0.0544,-0.530385
+0.0549,-0.460791
+0.0553,-0.435484
+0.0557,-0.470682
+0.056,-0.456383
+0.0564,-0.50604
+0.0569,-0.491695
+0.0573,-0.597971
+0.0577,-0.561495
+0.058,-0.578398
+0.0585,-0.505138
+0.0589,-0.487409
+0.0593,-0.478025
+0.0597,-0.486338
+0.06,-0.500722
+0.0605,-0.389992
+0.0609,-0.257472
+0.0613,-0.0546615
+0.0617,-0.0232624
+0.062,-0.0173475
+0.0624,-0.00444596
+0.0629,+0.142962
+0.0633,+0.245474
+0.0637,+0.438884
+0.064,+0.633166
+0.0644,+0.589008
+0.0649,+0.585159
+0.0653,+0.600941
+0.0657,+0.574527
+0.066,+0.505042
+0.0664,+0.614192
+0.0669,+0.597686
+0.0673,+0.646662
+0.0677,+0.641377
+0.0682,+0.628501
+0.0685,+0.753511
+0.0689,+0.877666
+0.0693,+0.956232
+0.0697,+1.09238
+0.07,+1.17067
+0.0705,+1.16237
+0.0709,+1.29258
+0.0713,+1.43134
+0.0717,+1.53249
+0.072,+1.60586
+0.0724,+1.70646
+0.0729,+1.83063
+0.0733,+1.89102
+0.0737,+2.05021
+0.074,+2.11293
+0.0744,+2.08931
+0.0749,+2.17428
+0.0753,+2.19114
+0.0757,+2.25146
+0.076,+2.30919
+0.0764,+2.42676
+0.0769,+2.39623
+0.0773,+2.52228
+0.0777,+2.53554
+0.078,+2.59078
+0.0785,+2.78904
+0.0789,+2.82711
+0.0793,+2.95611
+0.0797,+3.03445
+0.08,+3.07754
+0.0805,+3.17435
+0.0809,+3.31438
+0.0813,+3.2663
+0.0817,+3.33879
+0.082,+3.49313
+0.0824,+3.50427
+0.0829,+3.47636
+0.0833,+3.37093
+0.0837,+3.40627
+0.084,+3.58762
+0.0844,+3.58301
+0.0849,+3.53852
+0.0853,+3.70869
+0.0857,+3.71193
+0.086,+3.691
+0.0864,+3.81873
+0.0869,+3.94777
+0.0873,+4.29064
+0.0877,+4.23773
+0.088,+4.26569
+0.0885,+4.44532
+0.0889,+4.64203
+0.0893,+4.71098
+0.0897,+4.88399
+0.09,+5.03987
+0.0905,+5.15656
+0.0909,+5.16904
+0.0913,+5.09169
+0.0917,+5.337
+0.092,+5.33015
+0.0924,+5.36099
+0.0929,+5.48512
+0.0933,+5.56995
+0.0937,+5.45631
+0.094,+5.48143
+0.0944,+5.36251
+0.0949,+5.4575
+0.0953,+5.40433
+0.0957,+5.3004
+0.0961,+5.32214
+0.0964,+5.35713
+0.0969,+5.26771
+0.0973,+5.3153
+0.0977,+5.43576
+0.098,+5.64687
+0.0985,+6.0004
+0.0989,+6.03653
+0.0993,+6.05393
+0.0997,+6.26818
+0.1,+6.39843
+0.1013,+6.52841
+0.1016,+6.72158
+0.1018,+6.66188
+0.1021,+6.89605
+0.1024,+6.88409
+0.1029,+6.64934
+0.1033,+6.90993
+0.1037,+7.11237
+0.104,+7.00406
+0.1044,+7.14251
+0.1049,+7.13435
+0.1053,+7.01065
+0.1057,+6.97586
+0.106,+6.85782
+0.1064,+6.91665
+0.1069,+7.16253
+0.1073,+7.00335
+0.1079,+6.99413
+0.1082,+7.26493
+0.1089,+7.1935
+0.1091,+7.05788
+0.1094,+7.0237
+0.1098,+7.14885
+0.11,+7.25742
+0.1105,+7.13609
+0.1109,+7.18711
+0.1113,+7.27997
+0.1117,+7.29787
+0.112,+7.14547
+0.1124,+7.10595
+0.1129,+7.09836
+0.1133,+7.20175
+0.1137,+7.17205
+0.114,+7.11554
+0.1144,+7.15153
+0.1149,+6.89381
+0.1153,+6.98139
+0.1157,+6.87896
+0.116,+6.94069
+0.1164,+7.08214
+0.1169,+7.10929
+0.1173,+7.0544
+0.1177,+6.97781
+0.118,+6.87305
+0.1184,+6.86053
+0.1189,+6.98646
+0.1193,+6.73101
+0.1197,+6.79844
+0.12,+6.78279
+0.1205,+6.72688
+0.1209,+6.65359
+0.1213,+6.65412
+0.1217,+6.6651
+0.122,+6.76072
+0.1224,+6.85349
+0.1229,+6.79917
+0.1233,+6.79492
+0.1237,+6.93212
+0.124,+6.94714
+0.1244,+6.95783
+0.1249,+7.02341
+0.1253,+6.96514
+0.1257,+7.00028
+0.126,+6.89811
+0.1264,+6.84112
+0.1269,+6.70842
+0.1273,+6.70961
+0.1277,+6.40122
+0.128,+6.19721
+0.1284,+5.98042
+0.1289,+5.98582
+0.1307,+5.9044
+0.1309,+5.76044
+0.1311,+5.77735
+0.1314,+5.60439
+0.1317,+5.62944
+0.132,+5.50016
+0.1324,+5.48759
+0.1329,+5.41971
+0.1333,+5.47909
+0.1337,+5.31753
+0.134,+5.32933
+0.1344,+5.32641
+0.1349,+5.19046
+0.1353,+5.10665
+0.1357,+4.91832
+0.136,+4.97658
+0.1364,+4.92597
+0.1369,+4.83774
+0.1373,+4.70366
+0.1377,+4.78523
+0.138,+4.79349
+0.1384,+4.87041
+0.1389,+4.77856
+0.1393,+4.6976
+0.1397,+4.71844
+0.14,+4.66402
+0.1405,+4.59084
+0.1409,+4.52961
+0.1413,+4.33532
+0.1417,+4.15176
+0.142,+3.88115
+0.1424,+3.66634
+0.1429,+3.59554
+0.1433,+3.52646
+0.1437,+3.44124
+0.1442,+3.34222
+0.1445,+3.2232
+0.1449,+3.12583
+0.1453,+3.2514
+0.1457,+3.15223
+0.146,+3.15311
+0.1464,+3.01748
+0.1469,+2.9403
+0.1473,+2.93961
+0.1477,+2.87071
+0.148,+2.76714
+0.1484,+2.6816
+0.1489,+2.79809
+0.1493,+2.53518
+0.1497,+2.4812
+0.15,+2.33497
+0.1505,+2.43116
+0.1509,+2.32011
+0.1513,+2.21306
+0.1517,+2.17312
+0.152,+1.98012
+0.1525,+1.98953
+0.1529,+1.71012
+0.1533,+1.73623
+0.1537,+1.60276
+0.154,+1.62539
+0.1544,+1.31145
+0.1549,+1.21733
+0.1553,+1.04859
+0.1557,+0.873919
+0.156,+0.808578
+0.1564,+0.809094
+0.1569,+0.704403
+0.1573,+0.560928
+0.1577,+0.497605
+0.158,+0.232199
+0.1584,+0.273704
+0.1589,+0.204153
+0.1593,+0.123593
+0.1597,+0.190847
+0.16,+0.11616
+0.1604,-0.0192728
+0.1609,+0.0386919
+0.1613,-0.0388092
+0.1617,-0.112227
+0.162,-0.0959291
+0.1624,-0.197375
+0.1629,-0.269837
+0.1633,-0.494103
+0.1637,-0.764993
+0.164,-0.787322
+0.1644,-0.959905
+0.1649,-1.14582
+0.1653,-1.26954
+0.1657,-1.44506
+0.166,-1.51789
+0.1664,-1.59947
+0.1669,-1.61671
+0.1673,-1.46421
+0.1677,-1.43373
+0.168,-1.52728
+0.1684,-1.54795
+0.1689,-1.60995
+0.1693,-1.58628
+0.1697,-1.58216
+0.17,-1.61303
+0.1704,-1.63025
+0.1709,-1.68016
+0.1713,-1.70477
+0.1717,-1.77323
+0.172,-1.78855
+0.1724,-1.84745
+0.1729,-1.87013
+0.1733,-1.88656
+0.1737,-1.9165
+0.174,-1.96707
+0.1744,-2.03999
+0.1749,-2.20819
+0.1753,-2.3126
+0.1757,-2.34777
+0.176,-2.36104
+0.1764,-2.38096
+0.1769,-2.41074
+0.1773,-2.44425
+0.1777,-2.41819
+0.178,-2.42949
+0.1784,-2.42744
+0.1789,-2.35508
+0.1793,-2.3569
+0.1797,-2.39573
+0.18,-2.46456
+0.1804,-2.50715
+0.1809,-2.48775
+0.1813,-2.56606
+0.1817,-2.62108
+0.182,-2.56417
+0.1828,-2.56985
+0.183,-2.63308
+0.1833,-2.64742
+0.1837,-2.67333
+0.184,-2.67449
+0.1844,-2.69488
+0.1849,-2.68415
+0.1853,-2.64819
+0.1857,-2.67688
+0.186,-2.72917
+0.1864,-2.72396
+0.1869,-2.72209
+0.1873,-2.70368
+0.1877,-2.58852
+0.188,-2.56039
+0.1884,-2.50816
+0.1889,-2.49259
+0.1893,-2.44275
+0.1897,-2.4523
+0.19,-2.40778
+0.1904,-2.40747
+0.1909,-2.32655
+0.1913,-2.24644
+0.1917,-2.26262
+0.192,-2.22552
+0.1924,-2.04781
+0.1932,-2.04382
+0.1934,-2.02044
+0.1937,-1.94013
+0.194,-1.86351
+0.1944,-1.87889
+0.1948,-1.83543
+0.1953,-1.87912
+0.1957,-1.82367
+0.196,-1.71634
+0.1964,-1.7935
+0.1968,-1.80001
+0.1973,-1.64808
+0.1977,-1.57832
+0.198,-1.59141
+0.1984,-1.57384
+0.1988,-1.54471
+0.1993,-1.4122
+0.1997,-1.42009
+0.2,-1.58155
+0.2005,-1.57042
+0.2009,-1.4955
+0.2013,-1.6048
+0.2017,-1.24973
+0.202,-1.213
+0.2024,-1.12543
+0.2037,-0.943932
+0.2039,-0.938685
+0.2042,-0.88037
+0.2045,-0.74039
+0.2049,-0.657893
+0.2053,-0.556395
+0.2057,-0.523062
+0.206,-0.421235
+0.2064,-0.473999
+0.2069,-0.501956
+0.2073,-0.64224
+0.2077,-0.586018
+0.208,-0.576788
+0.2084,-0.424937
+0.2089,-0.506349
+0.2093,-0.373184
+0.2097,-0.380365
+0.21,-0.321291
+0.2104,-0.338011
+0.2109,-0.236774
+0.2113,-0.239035
+0.2118,-0.221851
+0.2121,-0.131817
+0.2124,-0.258291
+0.2129,-0.171776
+0.2133,-0.174793
+0.2137,-0.0687913
+0.214,-0.219214
+0.2144,-0.187375
+0.2149,-0.154777
+0.2153,-0.010278
+0.2157,-0.0409938
+0.216,-0.0576176
+0.2164,-0.0180262
+0.2169,-0.0394056
+0.2173,-0.0486135
+0.2177,-0.0712589
+0.218,+0.0929263
+0.2184,+0.131913
+0.2189,+0.0872548
+0.2193,+0.157244
+0.2197,+0.230649
+0.22,+0.226045
+0.2204,+0.234061
+0.2209,+0.279593
+0.2213,+0.289821
+0.2217,+0.231591
+0.222,+0.273575
+0.2224,+0.365522
+0.2229,+0.424096
+0.2233,+0.318204
+0.2237,+0.402959
+0.224,+0.372528
+0.2244,+0.376238
+0.2249,+0.373102
+0.2253,+0.33897
+0.2257,+0.380522
+0.226,+0.377892
+0.2264,+0.405405
+0.2269,+0.424823
+0.2273,+0.52107
+0.2277,+0.39143
+0.228,+0.520205
+0.2284,+0.672611
+0.2289,+0.706298
+0.2293,+0.749527
+0.2297,+0.843917
+0.23,+0.819001
+0.2304,+0.713815
+0.2309,+0.666116
+0.2313,+0.667219
+0.2317,+0.678416
+0.232,+0.578847
+0.2324,+0.479518
+0.2329,+0.450635
+0.2333,+0.476269
+0.2337,+0.50734
+0.234,+0.499038
+0.2344,+0.607561
+0.2349,+0.763733
+0.2353,+0.774428
+0.2357,+0.896395
+0.236,+1.01351
+0.2364,+1.04176
+0.2368,+1.1439
+0.2373,+1.15136
+0.2377,+1.20015
+0.238,+1.28554
+0.2384,+1.17826
+0.2389,+1.17249
+0.2393,+1.16557
+0.2397,+1.1309
+0.24,+1.15432
+0.2404,+1.23964
+0.2409,+1.30504
+0.2413,+1.33184
+0.2417,+1.26884
+0.2422,+1.30715
+0.2424,+1.44187
+0.2429,+1.41198
+0.2433,+1.49327
+0.2437,+1.442
+0.244,+1.38202
+0.2444,+1.25505
+0.2449,+1.11217
+0.2453,+1.06841
+0.2457,+1.11277
+0.246,+1.05679
+0.2464,+1.04804
+0.2469,+1.01488
+0.2473,+1.03941
+0.2477,+1.09802
+0.248,+1.2365
+0.2484,+1.33636
+0.2492,+1.34055
+0.2494,+1.32901
+0.2497,+1.29256
+0.25,+1.33937
+0.2504,+1.28157
+0.2509,+1.31328
+0.2513,+1.21899
+0.2517,+1.24918
+0.252,+1.08558
+0.2524,+1.05475
+0.2529,+1.09676
+0.2533,+1.24215
+0.2537,+1.26285
+0.254,+1.18592
+0.2544,+1.18313
+0.2548,+1.12171
+0.2553,+1.2284
+0.2557,+1.18149
+0.256,+1.27811
+0.2564,+1.29745
+0.2569,+1.35572
+0.2573,+1.21653
+0.2577,+1.2061
+0.258,+1.28124
+0.2584,+1.25288
+0.2588,+1.35402
+0.2593,+1.31643
+0.2597,+1.27371
+0.2601,+1.19862
+0.2605,+1.16301
+0.2609,+1.07804
+0.2613,+1.10229
+0.2617,+1.13531
+0.262,+1.04588
+0.2624,+1.18078
+0.2629,+1.03039
+0.2633,+1.0445
+0.2637,+1.08196
+0.264,+1.06516
+0.2644,+1.08336
+0.2649,+1.0887
+0.2653,+1.06723
+0.2657,+1.04812
+0.266,+1.02422
+0.2664,+0.922941
+0.2669,+0.904404
+0.2673,+0.875607
+0.2677,+0.852192
+0.268,+0.851191
+0.2684,+0.664241
+0.2688,+0.642519
+0.2693,+0.605967
+0.2697,+0.510751
+0.27,+0.477379
+0.2704,+0.414859
+0.2709,+0.408447
+0.2713,+0.145881
+0.2717,+0.081158
+0.272,+0.0188351
+0.2727,+0.0915209
+0.2729,+0.00805712
+0.2733,-0.104189
+0.2737,-0.0788428
+0.274,-0.139536
+0.2744,-0.163952
+0.2749,-0.196663
+0.2753,-0.188245
+0.2757,-0.257605
+0.276,-0.270325
+0.2764,-0.337451
+0.2769,-0.315378
+0.2773,-0.320879
+0.2777,-0.51838
+0.278,-0.570939
+0.2784,-0.602664
+0.2789,-0.691311
+0.2793,-0.713094
+0.2797,-0.711264
+0.28,-0.742503
+0.2804,-0.852036
+0.2809,-0.865525
+0.2813,-0.906989
+0.2817,-1.03127
+0.282,-1.07109
+0.2824,-1.1564
+0.2829,-1.13029
+0.2833,-1.13472
+0.2837,-1.17391
+0.284,-1.27972
+0.2844,-1.29938
+0.2848,-1.45464
+0.2853,-1.4534
+0.2857,-1.33332
+0.286,-1.34342
+0.2864,-1.47389
+0.2869,-1.63086
+0.2873,-1.61015
+0.2877,-1.68882
+0.288,-1.75412
+0.2884,-1.7227
+0.2888,-1.67802
+0.2893,-1.69221
+0.2897,-1.71231
+0.29,-1.74343
+0.2904,-1.67992
+0.2908,-1.60245
+0.2913,-1.54189
+0.2917,-1.5266
+0.292,-1.39413
+0.2926,-1.43359
+0.2928,-1.33561
+0.2933,-1.39518
+0.2937,-1.31059
+0.294,-1.24533
+0.2944,-1.21699
+0.2948,-1.1489
+0.2953,-1.16044
+0.2957,-1.15227
+0.296,-1.10946
+0.2967,-0.990693
+0.2969,-1.16337
+0.2973,-1.07332
+0.2977,-1.03832
+0.2981,-1.01463
+0.2984,-0.90213
+0.2988,-0.879154
+0.2993,-0.885571
+0.2997,-0.75543
+0.3,-0.714053
+0.3006,-0.606505
+0.3009,-0.397267
+0.3013,-0.321401
+0.3017,-0.266439
+0.302,-0.1619
+0.3024,-0.156092
+0.3029,-0.0242554
+0.3033,+0.130449
+0.3037,+0.202053
+0.304,+0.190875
+0.3044,+0.246381
+0.3048,+0.311892
+0.3061,+0.375678
+0.3063,+0.461636
+0.3066,+0.586415
+0.3068,+0.791205
+0.3073,+0.914695
+0.3077,+1.01629
+0.308,+1.05777
+0.3084,+1.20292
+0.3088,+1.19538
+0.3093,+1.3169
+0.3097,+1.40545
+0.31,+1.45963
+0.3104,+1.50452
+0.3109,+1.6015
+0.3113,+1.67734
+0.3117,+1.64859
+0.312,+1.86773
+0.3124,+2.02527
+0.3129,+2.15585
+0.3133,+2.18262
+0.3137,+2.35787
+0.314,+2.50032
+0.3144,+2.59801
+0.3148,+2.5649
+0.3153,+2.6083
+0.3157,+2.81758
+0.3161,+2.77955
+0.3164,+2.65854
+0.3168,+2.79592
+0.3173,+2.85473
+0.3177,+2.98218
+0.318,+3.01472
+0.3184,+3.08402
+0.3188,+3.1489
+0.3193,+3.16601
+0.3197,+3.15819
+0.32,+3.27846
+0.3204,+3.43065
+0.3208,+3.45542
+0.3213,+3.57116
+0.3217,+3.52741
+0.322,+3.49654
+0.3224,+3.44931
+0.3229,+3.48649
+0.3233,+3.48298
+0.3237,+3.45272
+0.324,+3.35652
+0.3244,+3.36163
+0.3248,+3.23714
+0.3253,+3.19341
+0.3257,+3.13099
+0.3261,+3.19878
+0.3264,+3.19676
+0.3268,+3.29454
+0.3273,+3.37752
+0.3277,+3.36379
+0.328,+3.40359
+0.3284,+3.40123
+0.3288,+3.47462
+0.3293,+3.497
+0.3297,+3.53578
+0.33,+3.49523
+0.3304,+3.47483
+0.3308,+3.31029
+0.3313,+3.18978
+0.3317,+3.11875
+0.3323,+3.06269
+0.3325,+2.96501
+0.3329,+2.85869
+0.3333,+2.70596
+0.3337,+2.55664
+0.3341,+2.40396
+0.3344,+2.3174
+0.3348,+2.12566
+0.3353,+2.03291
+0.3357,+1.93651
+0.3364,+1.85397
+0.3365,+1.73286
+0.3368,+1.67951
+0.3373,+1.61521
+0.3377,+1.69301
+0.3381,+1.56615
+0.3384,+1.50327
+0.339,+1.5036
+0.3393,+1.41015
+0.3397,+1.33585
+0.3401,+1.21427
+0.3404,+1.0861
+0.3408,+1.01032
+0.3413,+0.857215
+0.3417,+0.533782
+0.3421,+0.514348
+0.3424,+0.41206
+0.3428,+0.340397
+0.3433,+0.215736
+0.3437,+0.0598458
+0.344,-0.0956269
+0.3444,-0.169516
+0.3448,-0.346781
+0.3453,-0.409943
+0.3457,-0.529052
+0.3461,-0.752218
+0.3464,-0.905213
+0.3468,-0.991113
+0.3473,-1.01605
+0.3477,-1.19761
+0.3481,-1.29489
+0.3484,-1.32683
+0.3488,-1.4461
+0.3493,-1.53921
+0.3497,-1.52579
+0.35,-1.55441
+0.3504,-1.65261
+0.3508,-1.76088
+0.3513,-1.86855
+0.3517,-2.02069
+0.3521,-2.08634
+0.3524,-2.22284
+0.3528,-2.29477
+0.3533,-2.41292
+0.3537,-2.57235
+0.354,-2.6198
+0.3544,-2.79062
+0.3548,-2.86141
+0.3553,-3.08268
+0.3557,-2.94835
+0.356,-2.96163
+0.3564,-3.01199
+0.3568,-3.16765
+0.3573,-3.24354
+0.3577,-3.30463
+0.3581,-3.48134
+0.3584,-3.44172
+0.3588,-3.59533
+0.3593,-3.55841
+0.3597,-3.71675
+0.36,-3.84862
+0.3604,-3.96772
+0.3608,-3.92805
+0.3613,-3.94809
+0.3617,-4.0077
+0.3621,-4.0201
+0.3624,-4.23156
+0.3628,-4.28144
+0.3634,-4.37785
+0.3637,-4.4464
+0.364,-4.49261
+0.3644,-4.47306
+0.3648,-4.62463
+0.3653,-4.68204
+0.3657,-4.78676
+0.3661,-4.80982
+0.3664,-4.70487
+0.3668,-4.69542
+0.3673,-4.68949
+0.3677,-4.73864
+0.368,-4.77584
+0.3684,-4.80611
+0.3688,-4.6852
+0.3693,-4.78534
+0.3697,-4.67659
+0.37,-4.74296
+0.3704,-4.75291
+0.3708,-4.75688
+0.3713,-4.71403
+0.3717,-4.63315
+0.372,-4.68291
+0.3724,-4.79394
+0.3728,-4.89786
+0.3733,-4.87803
+0.3737,-4.94751
+0.3741,-4.89264
+0.3744,-5.01429
+0.3748,-4.98954
+0.3753,-5.07156
+0.3757,-5.07623
+0.3761,-5.02704
+0.3764,-4.94137
+0.3768,-4.77118
+0.3773,-4.72976
+0.3777,-4.70474
+0.3781,-4.73771
+0.3784,-4.56071
+0.3788,-4.67371
+0.3793,-4.67349
+0.3797,-4.63144
+0.3801,-4.67129
+0.3808,-4.54067
+0.381,-4.64928
+0.3813,-4.63654
+0.3817,-4.64202
+0.3821,-4.66244
+0.3824,-4.6714
+0.3828,-4.49226
+0.3833,-4.31267
+0.3837,-4.34318
+0.3841,-4.22726
+0.3844,-4.36614
+0.3848,-4.29385
+0.3853,-4.20228
+0.3857,-4.10583
+0.386,-3.97392
+0.3864,-3.83731
+0.3868,-3.98036
+0.3873,-4.00624
+0.3877,-3.91215
+0.3881,-3.88383
+0.3884,-3.74577
+0.3888,-3.62613
+0.3893,-3.6216
+0.3897,-3.64993
+0.3901,-3.63854
+0.3904,-3.76305
+0.3908,-3.54661
+0.3913,-3.54378
+0.3917,-3.56489
+0.3921,-3.5619
+0.3924,-3.5293
+0.3928,-3.66242
+0.3933,-3.5697
+0.3937,-3.5783
+0.3942,-3.49806
+0.3944,-3.37496
+0.3948,-3.30415
+0.3953,-3.21465
+0.3957,-3.04246
+0.3961,-2.85317
+0.3964,-2.77657
+0.3968,-2.56004
+0.3973,-2.53439
+0.3977,-2.37739
+0.3981,-2.20244
+0.3984,-2.1593
+0.3988,-2.0112
+0.3993,-1.89569
+0.3997,-1.87635
+0.4001,-1.70635
+0.4004,-1.61811
+0.4008,-1.58113
+0.4013,-1.50309
+0.4017,-1.35991
+0.4021,-1.29226
+0.4028,-1.63785
+0.403,-1.67843
+0.4033,-1.50038
+0.4037,-1.35547
+0.4041,-1.46939
+0.4044,-1.32346
+0.4048,-1.18413
+0.4053,-1.07685
+0.4057,-0.912472
+0.4061,-0.826428
+0.4064,-0.758313
+0.4068,-0.576188
+0.4073,-0.555971
+0.4085,-0.540748
+0.4087,-0.417938
+0.409,-0.483748
+0.4093,-0.502302
+0.4097,-0.488969
+0.4101,-0.510818
+0.4104,-0.500675
+0.4109,-0.517717
+0.4113,-0.524549
+0.4117,-0.47091
+0.4121,-0.408545
+0.4124,-0.311515
+0.4128,-0.234012
+0.4133,-0.12695
+0.4137,-0.0457146
+0.4141,-0.0621028
+0.4144,+0.0356307
+0.4148,+0.0351511
+0.4153,+0.0484294
+0.4157,+0.116843
+0.416,+0.13642
+0.4164,+0.124816
+0.4168,+0.247326
+0.4173,+0.281183
+0.4177,+0.269015
+0.4181,+0.335332
+0.4184,+0.253362
+0.4188,+0.319466
+0.4193,+0.336009
+0.4197,+0.225521
+0.4201,+0.310278
+0.4204,+0.0919649
+0.4208,+0.0246435
+0.4213,-0.00217952
+0.4217,+0.0787134
+0.422,-0.0256378
+0.4224,-0.0551401
+0.4228,-0.141324
+0.4233,-0.210887
+0.4237,-0.143589
+0.4241,-0.320329
+0.4246,-0.312266
+0.4249,-0.434243
+0.4253,-0.575922
+0.4257,-0.653189
+0.4261,-0.646474
+0.4264,-0.772229
+0.4268,-0.795723
+0.4273,-0.845144
+0.4277,-1.0123
+0.4281,-1.03439
+0.4284,-1.0955
+0.4288,-1.24865
+0.4293,-1.35263
+0.4297,-1.61621
+0.4301,-1.74925
+0.4304,-1.68977
+0.4308,-1.80895
+0.4313,-2.03739
+0.4317,-2.12496
+0.4321,-2.33513
+0.4324,-2.44925
+0.4328,-2.46671
+0.4333,-2.72103
+0.4337,-2.7845
+0.4341,-2.90614
+0.4344,-3.12043
+0.4348,-3.22107
+0.4356,-3.26043
+0.4358,-3.43132
+0.4361,-3.3986
+0.4364,-3.45975
+0.4368,-3.65194
+0.4373,-3.58328
+0.4377,-3.65268
+0.4381,-3.78359
+0.4384,-3.97249
+0.4388,-4.08349
+0.4393,-4.24014
+0.4397,-4.33536
+0.4401,-4.58222
+0.4404,-4.7653
+0.4408,-4.74839
+0.4413,-4.98429
+0.4417,-5.41701
+0.4421,-5.58324
+0.4424,-5.77076
+0.4428,-5.98896
+0.4433,-6.15249
+0.4437,-6.27105
+0.4441,-6.46896
+0.4446,-6.52958
+0.4448,-6.81106
+0.4453,-6.85274
+0.4457,-6.72442
+0.4461,-6.80267
+0.4464,-6.99008
+0.4468,-7.12563
+0.4473,-7.2024
+0.4477,-7.35396
+0.4481,-7.35519
+0.4484,-7.53193
+0.4488,-7.72566
+0.4493,-7.85427
+0.4497,-8.0958
+0.4501,-8.37895
+0.4504,-8.31921
+0.4508,-8.55327
+0.4513,-8.74099
+0.4517,-8.87722
+0.4521,-9.17222
+0.4524,-9.29264
+0.4528,-9.45447
+0.4533,-9.60297
+0.4537,-9.62634
+0.4541,-9.68297
+0.4544,-9.96054
+0.4548,-10.0191
+0.4553,-10.0644
+0.4557,-10.121
+0.4561,-10.0084
+0.4564,-10.1235
+0.4568,-10.1753
+0.4576,-10.2656
+0.4579,-10.3513
+0.4581,-10.3691
+0.4584,-10.3537
+0.4588,-10.3614
+0.4593,-10.4086
+0.4597,-10.4865
+0.4601,-10.6758
+0.4604,-10.624
+0.4608,-10.5228
+0.4613,-10.5322
+0.4617,-10.6781
+0.4621,-10.6532
+0.4624,-10.6164
+0.4628,-10.7103
+0.4633,-10.7053
+0.4637,-10.7668
+0.4641,-10.7771
+0.4644,-10.9079
+0.4648,-11.0205
+0.4653,-11.0471
+0.4657,-10.7988
+0.4661,-10.7519
+0.4664,-10.7197
+0.4668,-10.6997
+0.4673,-10.6849
+0.4677,-10.6004
+0.4681,-10.487
+0.4684,-10.4989
+0.4688,-10.3776
+0.4693,-10.3532
+0.4697,-10.3525
+0.4701,-10.4544
+0.4704,-10.4433
+0.4708,-10.3471
+0.4713,-10.3409
+0.4717,-10.3574
+0.4721,-10.3097
+0.4724,-10.2226
+0.4728,-10.2134
+0.4733,-10.1023
+0.4737,-10.1568
+0.4741,-10.0374
+0.4744,-9.89335
+0.4749,-9.94694
+0.4753,-9.95596
+0.4757,-9.70396
+0.4761,-9.6275
+0.4764,-9.55838
+0.4768,-9.38162
+0.4773,-9.31303
+0.4777,-9.24505
+0.4781,-9.17213
+0.4784,-9.03836
+0.4788,-8.88452
+0.4793,-8.76262
+0.4797,-8.85114
+0.4801,-8.72167
+0.4804,-8.64132
+0.4808,-8.58597
+0.4813,-8.52973
+0.4817,-8.4226
+0.4821,-8.35264
+0.4824,-8.41895
+0.4828,-8.28353
+0.4833,-8.20191
+0.4837,-8.13545
+0.4841,-8.15235
+0.4844,-7.98227
+0.4848,-7.95935
+0.4853,-7.96411
+0.4857,-7.89919
+0.4861,-7.80047
+0.4864,-7.81334
+0.4868,-7.65234
+0.4873,-7.41094
+0.4877,-7.28339
+0.4881,-7.06395
+0.4884,-6.94739
+0.4888,-6.80953
+0.4893,-6.62494
+0.4897,-6.41211
+0.4901,-6.32917
+0.4904,-6.05256
+0.4908,-5.91369
+0.4913,-5.90841
+0.4917,-5.84124
+0.4921,-5.72503
+0.4924,-5.63615
+0.4928,-5.58564
+0.4933,-5.52185
+0.4937,-5.52888
+0.4941,-5.50147
+0.4944,-5.36592
+0.4948,-5.30463
+0.4953,-5.20033
+0.4957,-5.0218
+0.4961,-5.05036
+0.4964,-5.00151
+0.4968,-5.02988
+0.4973,-4.81706
+0.4977,-4.79509
+0.4981,-4.63279
+0.4984,-4.5902
+0.4988,-4.5158
+0.4993,-4.51852
+0.4997,-4.54909
+0.5001,-4.40785
+0.5004,-4.22785
+0.5008,-4.03678
+0.5013,-4.11307
+0.5017,-4.02615
+0.5021,-3.98598
+0.5025,-4.02994
+0.5028,-4.05015
+0.5032,-3.93413
+0.5037,-3.89995
+0.5041,-3.87663
+0.5044,-4.00463
+0.5048,-3.99028
+0.5053,-3.8752
+0.5057,-3.68633
+0.5061,-3.54464
+0.5064,-3.50011
+0.5068,-3.38885
+0.5073,-3.27127
+0.5077,-2.99486
+0.5081,-2.89495
+0.5084,-2.78258
+0.5088,-2.68587
+0.5093,-2.55238
+0.5097,-2.45392
+0.5101,-2.31983
+0.5109,-2.17941
+0.5111,-2.08274
+0.5114,-2.06215
+0.5117,-2.03743
+0.5121,-2.0568
+0.5124,-1.89488
+0.5128,-1.80408
+0.5132,-1.64572
+0.5137,-1.59106
+0.5141,-1.60863
+0.5144,-1.53556
+0.5148,-1.44868
+0.5152,-1.49671
+0.5158,-1.56003
+0.5161,-1.59926
+0.5164,-1.57437
+0.5168,-1.48067
+0.5173,-1.56832
+0.5177,-1.56082
+0.5181,-1.54558
+0.5184,-1.52544
+0.5188,-1.48123
+0.5192,-1.40374
+0.5197,-1.25557
+0.5201,-1.06786
+0.5204,-1.08989
+0.5208,-1.18673
+0.5212,-1.13236
+0.5217,-1.11864
+0.5221,-0.93297
+0.5224,-0.888957
+0.5228,-0.799316
+0.5232,-0.667701
+0.5237,-0.633029
+0.5241,-0.624159
+0.5244,-0.54074
+0.5251,-0.361242
+0.5254,-0.22174
+0.5257,-0.131235
+0.5261,-0.265238
+0.5264,-0.0808799
+0.5268,-0.103434
+0.5273,-0.16474
+0.5277,-0.0352298
+0.5281,+0.0960291
+0.5284,+0.180089
+0.5288,+0.180267
+0.5293,+0.134706
+0.5297,+0.126175
+0.5301,+0.201815
+0.5304,+0.129693
+0.5308,+0.0356786
+0.5313,+0.168328
+0.5317,+0.175956
+0.5321,+0.250389
+0.5324,+0.258657
+0.5328,+0.36231
+0.5332,+0.476645
+0.5337,+0.549415
+0.5341,+0.580937
+0.5344,+0.707664
+0.5348,+0.926662
+0.5352,+0.944752
+0.5357,+0.903334
+0.5361,+0.920529
+0.5364,+0.990297
+0.5368,+0.966754
+0.5372,+0.949255
+0.5377,+1.14641
+0.5381,+1.3951
+0.5384,+1.45131
+0.5388,+1.44289
+0.5392,+1.4992
+0.5397,+1.63144
+0.5401,+1.69387
+0.5405,+1.637
+0.5408,+1.8078
+0.5413,+1.79453
+0.5417,+1.74702
+0.5421,+1.63395
+0.5424,+1.66135
+0.5428,+1.79314
+0.5432,+1.82873
+0.5437,+1.81588
+0.5441,+1.66152
+0.5444,+1.70013
+0.5448,+1.65646
+0.5452,+1.73291
+0.5458,+1.6732
+0.5461,+1.69983
+0.5464,+1.63039
+0.5468,+1.57319
+0.5472,+1.71349
+0.5477,+1.67684
+0.5481,+1.86733
+0.5484,+1.94432
+0.5488,+1.93043
+0.5493,+1.93777
+0.5497,+1.99687
+0.5501,+1.99307
+0.5504,+2.12021
+0.5508,+2.15513
+0.5512,+2.02389
+0.5517,+2.22111
+0.5521,+2.26047
+0.5524,+2.35401
+0.5528,+2.41855
+0.5532,+2.52275
+0.5537,+2.6511
+0.5541,+2.76242
+0.5544,+2.72271
+0.5548,+2.82031
+0.5552,+2.9439
+0.5557,+2.94263
+0.5561,+2.9745
+0.5564,+3.01911
+0.5568,+3.09463
+0.5572,+3.09944
+0.5577,+3.07474
+0.5581,+3.0846
+0.5584,+3.20084
+0.5588,+3.14156
+0.5592,+3.18522
+0.5597,+3.21125
+0.5601,+3.17909
+0.5604,+3.17235
+0.5608,+3.14453
+0.5612,+2.99996
+0.5617,+2.96946
+0.5621,+2.94844
+0.5624,+2.88591
+0.5628,+2.9475
+0.5632,+2.84796
+0.5637,+2.73374
+0.5641,+2.73049
+0.5644,+2.68879
+0.5648,+2.59539
+0.5652,+2.64491
+0.5657,+2.75479
+0.5662,+2.84072
+0.5664,+2.86216
+0.5668,+2.70645
+0.5672,+2.74829
+0.5677,+2.78568
+0.5681,+2.81345
+0.5684,+2.78406
+0.5688,+2.80399
+0.5692,+2.95188
+0.5697,+2.91893
+0.5701,+2.82233
+0.5704,+2.77695
+0.5708,+2.96041
+0.5712,+2.97304
+0.5717,+2.96803
+0.5721,+2.88939
+0.5724,+2.87912
+0.5728,+2.86735
+0.5732,+2.87288
+0.5737,+2.75848
+0.5741,+2.71791
+0.5744,+2.79767
+0.5748,+2.70511
+0.5752,+2.73477
+0.5757,+2.62578
+0.5761,+2.59384
+0.5765,+2.59572
+0.5768,+2.57476
+0.5772,+2.60965
+0.5777,+2.54983
+0.5781,+2.62048
+0.5784,+2.48396
+0.5788,+2.3553
+0.5792,+2.22081
+0.5797,+2.12815
+0.5801,+2.152
+0.5804,+2.12037
+0.5808,+2.10163
+0.5812,+2.03273
+0.5817,+2.063
+0.5821,+1.9483
+0.5824,+1.89793
+0.5828,+2.00162
+0.5832,+2.02256
+0.5837,+2.15361
+0.5841,+2.12171
+0.5844,+2.08881
+0.5848,+2.22563
+0.5852,+2.05394
+0.5857,+2.03561
+0.5861,+1.92137
+0.5864,+1.9187
+0.5868,+1.84849
+0.5872,+1.7608
+0.5877,+1.69994
+0.5881,+1.64757
+0.5884,+1.69743
+0.5888,+1.58984
+0.5892,+1.66222
+0.5897,+1.54142
+0.5901,+1.62826
+0.5904,+1.58294
+0.5908,+1.51204
+0.5912,+1.60178
+0.5917,+1.49833
+0.5921,+1.47613
+0.5924,+1.29714
+0.5928,+1.26394
+0.5932,+1.13177
+0.5937,+1.11992
+0.5941,+1.06797
+0.5944,+1.06093
+0.5948,+1.01167
+0.5952,+0.918988
+0.5957,+1.15485
+0.5961,+1.05139
+0.5966,+1.08084
+0.5968,+1.07343
+0.5972,+1.02551
+0.5977,+1.07963
+0.5981,+0.979572
+0.5984,+0.874299
+0.5988,+0.848636
+0.5992,+0.861566
+0.5997,+0.593247
+0.6001,+0.56502
+0.6004,+0.521549
+0.6008,+0.370771
+0.6012,+0.2516
+0.6017,+0.201296
+0.6021,+0.217147
+0.6024,+0.239193
+0.6028,+0.0313248
+0.6032,-0.0130056
+0.6037,-0.0277353
+0.6041,-0.159375
+0.6044,-0.203163
+0.6048,-0.214521
+0.6052,-0.213688
+0.6057,-0.281914
+0.6061,-0.371021
+0.6064,-0.398771
+0.6068,-0.384658
+0.6072,-0.586186
+0.6077,-0.692165
+0.6081,-0.783252
+0.6084,-0.871429
+0.6088,-0.902234
+0.6092,-0.999781
+0.6097,-1.0491
+0.6101,-1.24217
+0.6104,-1.37922
+0.6108,-1.55643
+0.6112,-1.63969
+0.6117,-1.59432
+0.6121,-1.57475
+0.6124,-1.6888
+0.6133,-1.86621
+0.6136,-2.01749
+0.6139,-2.07462
+0.6141,-1.99402
+0.6144,-2.08449
+0.6148,-2.10447
+0.6152,-2.17414
+0.6157,-2.4981
+0.6161,-2.56213
+0.6164,-2.64041
+0.6168,-2.81596
+0.6173,-2.74779
+0.6177,-2.86636
+0.6181,-2.92751
+0.6184,-3.09151
+0.6188,-3.21837
+0.6192,-3.22138
+0.6197,-3.19481
+0.6201,-3.27023
+0.6204,-3.33461
+0.6208,-3.19932
+0.6212,-3.3212
+0.6217,-3.39193
+0.6221,-3.59547
+0.6224,-3.5547
+0.6228,-3.52716
+0.6232,-3.63196
+0.6237,-3.68232
+0.6241,-3.82069
+0.6244,-3.81905
+0.6248,-3.98137
+0.6252,-3.90009
+0.6257,-3.99756
+0.6261,-4.01744
+0.6265,-4.1438
+0.627,-4.24766
+0.6272,-4.31308
+0.6277,-4.33545
+0.6281,-4.4469
+0.6284,-4.56033
+0.6288,-4.63542
+0.6292,-4.88712
+0.6297,-4.94961
+0.6301,-4.97849
+0.6304,-5.09073
+0.6308,-5.23832
+0.6312,-5.39102
+0.6317,-5.5947
+0.6321,-5.66606
+0.6324,-5.67971
+0.6328,-5.73106
+0.6332,-5.86806
+0.6337,-5.82635
+0.6341,-5.85749
+0.6344,-5.83672
+0.6348,-5.74052
+0.6352,-5.69136
+0.6357,-5.50069
+0.6361,-5.39612
+0.6365,-5.43778
+0.6369,-5.37614
+0.6372,-5.17508
+0.6377,-5.24319
+0.6381,-5.2281
+0.6385,-5.38134
+0.6389,-5.38162
+0.6392,-5.23801
+0.6397,-5.27194
+0.6401,-5.10159
+0.6405,-4.99485
+0.6409,-5.09689
+0.6412,-5.16846
+0.6417,-5.09699
+0.6421,-5.11479
+0.6425,-4.8791
+0.6429,-4.84788
+0.6432,-4.758
+0.6437,-4.72464
+0.6441,-4.73112
+0.6445,-4.68038
+0.6449,-4.53344
+0.6452,-4.51914
+0.6458,-4.60432
+0.6461,-4.53381
+0.6465,-4.35644
+0.6469,-4.19273
+0.6472,-4.19042
+0.6477,-4.04187
+0.6481,-4.00343
+0.6485,-3.99956
+0.6488,-3.8598
+0.6492,-3.58922
+0.6497,-3.31285
+0.6501,-3.19322
+0.6505,-3.18469
+0.6509,-3.12972
+0.6512,-3.10591
+0.6517,-3.14919
+0.6521,-3.02067
+0.6525,-2.87994
+0.6528,-2.85404
+0.6532,-2.82428
+0.6537,-2.72495
+0.6541,-2.69277
+0.6545,-2.66136
+0.6549,-2.71179
+0.6552,-2.68229
+0.6557,-2.56194
+0.6561,-2.47144
+0.6565,-2.43959
+0.6569,-2.4256
+0.6574,-2.4698
+0.6577,-2.55723
+0.6581,-2.38277
+0.6585,-2.33367
+0.6588,-2.26399
+0.6592,-2.1908
+0.6597,-2.13416
+0.6601,-2.06165
+0.6605,-2.0444
+0.6609,-1.88766
+0.6612,-1.71428
+0.6617,-1.73105
+0.6636,-1.74537
+0.6639,-1.71979
+0.6642,-1.59267
+0.6645,-1.64488
+0.6648,-1.68621
+0.6652,-1.85091
+0.6657,-1.85945
+0.6661,-1.78323
+0.6665,-1.84635
+0.6669,-1.67124
+0.6672,-1.722
+0.6677,-1.77094
+0.6681,-1.77446
+0.6685,-1.60112
+0.6688,-1.63131
+0.6692,-1.52916
+0.6697,-1.40664
+0.6701,-1.50957
+0.6705,-1.44332
+0.6708,-1.50142
+0.6712,-1.38341
+0.6717,-1.25297
+0.6721,-1.31946
+0.6725,-1.2061
+0.6728,-0.986038
+0.6732,-0.86261
+0.6737,-0.822353
+0.6741,-0.718975
+0.6745,-0.784341
+0.6749,-0.717658
+0.6754,-0.775124
+0.6757,-0.818819
+0.6761,-0.725174
+0.6765,-0.902871
+0.6769,-0.999394
+0.6772,-1.02537
+0.6777,-1.06274
+0.6781,-1.12202
+0.6785,-1.02863
+0.6789,-1.01268
+0.6792,-0.95931
+0.6797,-0.847106
+0.6801,-0.788338
+0.6805,-0.63177
+0.6808,-0.581707
+0.6812,-0.565944
+0.6817,-0.563951
+0.6821,-0.493882
+0.6825,-0.443712
+0.6829,-0.345343
+0.6832,-0.292767
+0.6837,-0.175983
+0.6841,-0.120579
+0.6845,-0.086721
+0.6849,-0.0606533
+0.6852,+0.000322415
+0.6857,+0.0374863
+0.6861,+0.103173
+0.6865,-0.00739313
+0.6868,-0.0167184
+0.6872,-0.0327965
+0.6877,-0.155565
+0.6881,-0.213517
+0.6885,-0.160041
+0.6889,-0.176967
+0.6892,-0.223708
+0.6897,-0.0870459
+0.6901,-0.0781654
+0.6905,+0.0603483
+0.6909,+0.129919
+0.6912,+0.311785
+0.6917,+0.342415
+0.6921,+0.394705
+0.6925,+0.296294
+0.6929,+0.327614
+0.6932,+0.354586
+0.6937,+0.226909
+0.6941,+0.158667
+0.6944,+0.188549
+0.6948,+0.0553466
+0.6952,-0.0744454
+0.6957,+0.0419884
+0.6961,+0.0684115
+0.6964,+0.213337
+0.6968,+0.358538
+0.6972,+0.442748
+0.6977,+0.548534
+0.6981,+0.611484
+0.6984,+0.719428
+0.6988,+0.802797
+0.6992,+0.832898
+0.6997,+0.741184
+0.7001,+0.823848
+0.7004,+0.759136
+0.7008,+0.68598
+0.7012,+0.653686
+0.7017,+0.55866
+0.7021,+0.61223
+0.7024,+0.519539
+0.7028,+0.552932
+0.7032,+0.717267
+0.7037,+0.869749
+0.7041,+0.82372
+0.7044,+0.884305
+0.7048,+0.845806
+0.7052,+0.773571
+0.7057,+0.6912
+0.7061,+0.591682
+0.7065,+0.660095
+0.7068,+0.598213
+0.7072,+0.391529
+0.7077,+0.256346
+0.7081,+0.174006
+0.7085,+0.0606678
+0.7088,+0.0818477
+0.7092,+0.0889922
+0.7097,+0.104861
+0.7101,+0.019082
+0.7105,-0.110849
+0.7108,-0.191726
+0.7112,-0.0612342
+0.7117,-0.0602303
+0.7121,-0.133172
+0.7125,-0.20019
+0.7128,-0.185429
+0.7132,-0.198467
+0.7137,-0.154624
+0.7141,-0.188737
+0.7144,-0.204731
+0.7148,-0.0971741
+0.7157,-0.217279
+0.716,-0.328717
+0.7161,-0.274768
+0.7164,-0.17989
+0.7168,-0.166949
+0.7172,-0.244236
+0.7177,-0.268816
+0.7181,-0.263244
+0.7184,-0.265219
+0.7188,-0.367092
+0.7192,-0.484731
+0.7197,-0.398276
+0.7201,-0.274903
+0.7204,-0.309997
+0.7208,-0.392532
+0.7212,-0.365887
+0.7217,-0.267397
+0.7221,-0.156819
+0.7224,-0.0899235
+0.7228,+0.0622496
+0.7232,+0.209054
+0.7237,+0.229259
+0.7241,+0.250956
+0.7244,+0.312906
+0.7248,+0.43285
+0.7252,+0.635318
+0.7257,+0.594014
+0.7261,+0.596262
+0.7264,+0.696082
+0.7268,+0.793608
+0.7272,+0.809538
+0.7277,+0.864373
+0.7281,+0.820353
+0.7284,+0.868774
+0.7289,+0.956109
+0.7292,+0.901257
+0.7297,+1.10591
+0.7301,+1.33623
+0.7304,+1.37069
+0.7308,+1.34342
+0.7312,+1.45983
+0.7317,+1.55296
+0.7321,+1.68886
+0.7324,+1.7488
+0.7328,+1.82333
+0.7332,+2.02748
+0.7337,+2.07351
+0.7341,+2.00137
+0.7344,+2.00942
+0.7348,+1.97058
+0.7352,+2.14087
+0.7356,+2.2477
+0.7361,+2.32536
+0.7364,+2.36526
+0.7368,+2.33643
+0.7372,+2.35556
+0.7376,+2.45733
+0.7381,+2.54582
+0.7384,+2.65411
+0.7388,+2.83363
+0.7392,+2.78783
+0.7397,+2.76917
+0.7401,+2.78795
+0.7404,+2.90553
+0.7408,+2.93138
+0.7412,+2.96255
+0.7417,+2.99035
+0.7421,+3.04765
+0.7424,+3.1385
+0.7428,+3.08357
+0.7432,+3.22121
+0.7437,+3.27136
+0.7441,+3.19393
+0.7444,+3.24951
+0.7448,+3.24557
+0.7452,+3.31069
+0.7456,+3.1867
+0.7461,+3.13953
+0.7464,+3.13211
+0.7468,+3.32593
+0.7472,+3.25245
+0.7477,+3.2372
+0.7481,+3.29334
+0.7485,+3.35443
+0.7488,+3.46935
+0.7492,+3.52532
+0.7497,+3.60615
+0.7501,+3.68355
+0.7504,+3.69281
+0.7508,+3.59346
+0.7512,+3.5371
+0.7516,+3.59312
+0.7521,+3.66433
+0.7524,+3.49924
+0.7528,+3.45172
+0.7532,+3.35143
+0.7536,+3.39216
+0.7541,+3.49922
+0.7544,+3.36283
+0.7548,+3.45967
+0.7552,+3.48254
+0.7556,+3.50789
+0.7561,+3.64993
+0.7564,+3.72094
+0.7568,+3.73868
+0.7572,+3.726
+0.7576,+3.70281
+0.7581,+3.60436
+0.7584,+3.59192
+0.7589,+3.51967
+0.7592,+3.49542
+0.7597,+3.53239
+0.7601,+3.40104
+0.7604,+3.32047
+0.7608,+3.15946
+0.7612,+3.0671
+0.7616,+2.9271
+0.7621,+2.73922
+0.7624,+2.72419
+0.7628,+2.6309
+0.7632,+2.65506
+0.7636,+2.50334
+0.7641,+2.35771
+0.7644,+2.31225
+0.7648,+2.35962
+0.7652,+2.4542
+0.7656,+2.57629
+0.7661,+2.64539
+0.7664,+2.73312
+0.7668,+2.73386
+0.7672,+2.73505
+0.7676,+2.73079
+0.7681,+2.77726
+0.7684,+2.87904
+0.7688,+2.98682
+0.7692,+2.88354
+0.7697,+2.81786
+0.7701,+2.81577
+0.7704,+2.7073
+0.7708,+2.73984
+0.7712,+2.7852
+0.7716,+2.83408
+0.7721,+2.89566
+0.7724,+2.78861
+0.7728,+2.72626
+0.7732,+2.76554
+0.7736,+2.72443
+0.7741,+2.79385
+0.7744,+2.86011
+0.7748,+2.80697
+0.7752,+2.59992
+0.7756,+2.6209
+0.7761,+2.56299
+0.7765,+2.68603
+0.7768,+2.62003
+0.7772,+2.59825
+0.7776,+2.69669
+0.7781,+2.64272
+0.7784,+2.62644
+0.7788,+2.66396
+0.7792,+2.90645
+0.7797,+2.85018
+0.7801,+2.94152
+0.7804,+2.84419
+0.7808,+2.90004
+0.7812,+2.87913
+0.7816,+2.73866
+0.7821,+2.67439
+0.7824,+2.7127
+0.7828,+2.75539
+0.7832,+2.64412
+0.7836,+2.63949
+0.7841,+2.59019
+0.7844,+2.54136
+0.7848,+2.54943
+0.7852,+2.59165
+0.7856,+2.58667
+0.7861,+2.68503
+0.7864,+2.66579
+0.7868,+2.67968
+0.7872,+2.70422
+0.7876,+2.8669
+0.7881,+2.91687
+0.7884,+3.1206
+0.7888,+3.201
+0.7893,+3.30659
+0.7897,+3.60716
+0.7901,+3.65502
+0.7904,+3.74756
+0.7908,+3.6359
+0.7912,+3.68446
+0.7917,+3.68589
+0.7921,+3.67349
+0.7924,+3.61583
+0.7928,+3.7488
+0.7932,+3.76595
+0.7937,+3.60014
+0.7941,+3.62567
+0.7944,+3.63702
+0.7948,+3.82225
+0.7952,+3.97365
+0.7957,+4.09856
+0.7961,+4.08473
+0.7964,+4.17061
+0.7968,+4.121
+0.7972,+4.13517
+0.7976,+4.24373
+0.7981,+4.28126
+0.7984,+4.32257
+0.7988,+4.32849
+0.7992,+4.18662
+0.7997,+3.99796
+0.8001,+4.10978
+0.8004,+4.16071
+0.8008,+4.06456
+0.8012,+4.12062
+0.8016,+3.98168
+0.8021,+3.92582
+0.8024,+3.90739
+0.8028,+3.77036
+0.8032,+3.75378
+0.8036,+3.72731
+0.8041,+2.60352
+0.8045,+2.41828
+0.8048,+2.47717
+0.8052,+2.45644
+0.8056,+2.50961
+0.8061,+2.45033
+0.8064,+2.34097
+0.8068,+2.29247
+0.8072,+2.1397
+0.8076,+2.13712
+0.8081,+2.1701
+0.8085,+2.129
+0.8088,+1.99648
+0.8093,+1.69883
+0.8097,+1.62426
+0.8101,+1.47281
+0.8104,+1.4686
+0.8108,+1.41092
+0.8112,+1.24164
+0.8117,+1.11505
+0.8121,+0.898515
+0.8125,+0.840175
+0.8128,+0.74541
+0.8132,+0.789607
+0.8136,+0.711432
+0.8141,+0.796665
+0.8144,+0.575088
+0.8148,+0.510665
+0.8152,+0.569178
+0.8156,+0.47523
+0.8161,+0.435976
+0.8164,+0.229742
+0.8168,+0.0918779
+0.8172,-0.0614817
+0.8181,-0.218895
+0.8184,-0.368219
+0.8186,-0.335207
+0.8188,-0.337802
+0.8192,-0.343736
+0.8198,-0.375854
+0.8201,-0.478712
+0.8204,-0.46671
+0.8208,-0.449745
+0.8212,-0.436895
+0.8216,-0.441795
+0.8221,-0.481544
+0.8224,-0.38968
+0.8228,-0.508577
+0.8232,-0.652147
+0.8236,-0.715385
+0.8241,-0.652209
+0.8245,-0.560611
+0.8248,-0.513525
+0.8252,-0.536328
+0.8256,-0.579566
+0.8261,-0.660602
+0.8265,-0.75189
+0.8268,-0.730337
+0.8272,-0.602705
+0.8276,-0.506387
+0.8281,-0.515136
+0.8284,-0.576954
+0.8288,-0.665611
+0.8292,-0.596204
+0.8296,-0.545123
+0.8301,-0.432397
+0.8305,-0.461564
+0.8308,-0.462886
+0.8312,-0.613555
+0.8316,-0.718693
+0.8321,-0.69771
+0.8325,-0.649971
+0.8328,-0.562595
+0.8332,-0.733842
+0.8336,-0.866462
+0.8341,-1.0111
+0.8345,-1.01099
+0.8348,-0.973779
+0.8352,-0.947129
+0.8356,-1.04226
+0.8361,-1.14493
+0.8365,-1.35946
+0.8368,-1.54432
+0.8372,-1.49757
+0.8376,-1.48206
+0.8381,-1.53513
+0.8384,-1.66833
+0.8388,-1.95849
+0.8392,-2.05167
+0.8397,-2.11829
+0.8401,-2.27844
+0.8405,-2.31954
+0.8408,-2.46504
+0.8412,-2.65479
+0.8416,-2.71917
+0.8421,-2.7106
+0.8425,-2.7984
+0.8428,-2.73088
+0.8432,-2.71557
+0.8436,-2.85993
+0.8441,-2.95417
+0.8445,-2.97948
+0.8448,-3.00883
+0.8452,-2.97334
+0.8456,-3.04057
+0.8461,-3.17103
+0.8465,-3.10727
+0.8468,-3.21024
+0.8472,-3.24349
+0.8476,-3.13636
+0.8481,-3.20973
+0.8484,-3.28939
+0.8488,-3.26271
+0.8492,-3.26441
+0.8496,-3.32167
+0.8502,-3.30312
+0.8505,-3.42153
+0.8508,-3.36758
+0.8512,-3.48632
+0.8516,-3.41644
+0.8521,-3.41014
+0.8525,-3.43668
+0.8528,-3.47907
+0.8532,-3.53973
+0.8536,-3.44126
+0.8541,-3.32718
+0.8544,-3.16207
+0.8548,-3.08731
+0.8552,-2.97841
+0.8556,-3.06882
+0.8561,-2.89448
+0.8565,-2.81184
+0.8568,-2.57039
+0.8572,-2.42367
+0.8576,-2.39359
+0.8581,-2.37473
+0.8585,-2.29527
+0.8588,-2.30237
+0.8592,-2.31834
+0.8596,-2.04212
+0.8601,-1.853
+0.8605,-1.59173
+0.8608,-1.47622
+0.8612,-1.29997
+0.8616,-1.01928
+0.8621,-0.920997
+0.8625,-0.728676
+0.8628,-0.500988
+0.8632,-0.148934
+0.8636,-0.0969579
+0.8641,+0.022335
+0.8645,+0.113526
+0.8648,+0.238922
+0.8652,+0.318015
+0.8656,+0.256278
+0.8661,+0.532247
+0.8664,+0.569446
+0.8668,+0.656479
+0.8672,+0.632256
+0.8676,+0.789754
+0.8681,+0.815023
+0.8685,+0.975685
+0.8688,+1.02041
+0.8692,+1.18071
+0.8696,+1.35989
+0.8701,+1.32719
+0.8704,+1.25957
+0.8708,+1.36119
+0.8712,+1.57112
+0.8716,+1.73105
+0.8721,+1.81549
+0.8725,+1.78046
+0.8731,+1.83041
+0.8733,+1.79183
+0.8736,+1.92048
+0.8741,+2.14021
+0.8745,+2.24706
+0.8748,+2.22579
+0.8752,+2.09881
+0.8756,+2.03521
+0.8761,+2.10291
+0.8765,+2.19765
+0.8768,+2.22814
+0.8772,+2.25669
+0.8776,+2.19648
+0.8781,+1.89567
+0.8785,+1.85752
+0.8788,+1.845
+0.8792,+1.93134
+0.8796,+1.80012
+0.8801,+1.79304
+0.8806,+1.69798
+0.8809,+1.7067
+0.8812,+1.61795
+0.8816,+1.50431
+0.8821,+1.67964
+0.8825,+1.63739
+0.8828,+1.61028
+0.8832,+1.33586
+0.8836,+1.27217
+0.8841,+1.13508
+0.8845,+1.07123
+0.8848,+0.929515
+0.8852,+0.784605
+0.8856,+0.647056
+0.8861,+0.52452
+0.8865,+0.561891
+0.8868,+0.523236
+0.8872,+0.55745
+0.8876,+0.562102
+0.8881,+0.568462
+0.8885,+0.477346
+0.8888,+0.400554
+0.8892,+0.424972
+0.8896,+0.41105
+0.8901,+0.354132
+0.8905,+0.243587
+0.8908,+0.231753
+0.8912,+0.265277
+0.8917,+0.249969
+0.8921,+0.294456
+0.8925,+0.271205
+0.8928,+0.300982
+0.8932,+0.292958
+0.8936,+0.395075
+0.8941,+0.359286
+0.8945,+0.464407
+0.8948,+0.345208
+0.8952,+0.406847
+0.8956,+0.404202
+0.8961,+0.314198
+0.8965,+0.357103
+0.8968,+0.385187
+0.8972,+0.491751
+0.8976,+0.532433
+0.8981,+0.571397
+0.8985,+0.590902
+0.8988,+0.747792
+0.8992,+0.734045
+0.8996,+0.826886
+0.9001,+0.913916
+0.9005,+1.07365
+0.901,+1.08628
+0.9012,+1.03212
+0.9016,+1.13051
+0.9021,+1.27203
+0.9025,+1.36775
+0.9028,+1.41261
+0.9032,+1.54176
+0.9036,+1.64008
+0.9041,+1.74287
+0.9045,+1.70377
+0.9048,+1.90886
+0.9052,+2.03677
+0.9056,+2.14314
+0.9061,+2.25983
+0.9065,+2.2684
+0.9068,+2.36652
+0.9072,+2.45051
+0.9076,+2.50563
+0.9081,+2.47248
+0.9085,+2.57638
+0.9088,+2.64368
+0.9092,+2.84729
+0.9096,+2.9196
+0.9101,+3.00933
+0.9105,+3.21678
+0.9108,+3.23621
+0.9112,+3.36311
+0.9116,+3.53105
+0.9121,+3.66309
+0.9125,+3.77858
+0.9128,+3.92356
+0.9132,+3.88505
+0.9136,+3.92143
+0.9141,+3.80228
+0.9145,+3.81066
+0.9148,+3.90778
+0.9152,+3.87736
+0.9156,+3.9209
+0.9161,+3.99467
+0.9165,+4.08081
+0.9168,+4.09203
+0.9172,+4.21559
+0.9176,+4.35373
+0.9181,+4.47321
+0.9185,+4.47141
+0.9188,+4.65257
+0.9192,+4.5902
+0.9196,+4.5973
+0.9205,+4.75154
+0.9208,+4.82607
+0.9209,+4.73466
+0.9212,+4.64498
+0.9216,+4.50135
+0.9221,+4.59135
+0.9224,+4.55776
+0.9228,+4.34601
+0.9232,+4.48886
+0.9236,+4.50184
+0.9241,+4.46608
+0.9245,+4.32529
+0.9248,+4.33769
+0.9252,+4.41271
+0.9256,+4.45824
+0.9261,+4.38739
+0.9265,+4.35635
+0.9268,+4.42497
+0.9272,+4.47245
+0.9276,+4.31972
+0.9281,+4.20315
+0.9285,+4.25472
+0.9288,+4.26114
+0.9296,+4.33717
+0.9298,+4.3041
+0.9301,+4.26407
+0.9305,+4.20203
+0.931,+4.24416
+0.9312,+4.14312
+0.9317,+4.09896
+0.9321,+4.17018
+0.9325,+4.28123
+0.9328,+4.26244
+0.9332,+4.24704
+0.9336,+4.18163
+0.9341,+4.28381
+0.9345,+4.40527
+0.9348,+4.29532
+0.9352,+4.35432
+0.9356,+4.48352
+0.9361,+4.37202
+0.9365,+4.20231
+0.9368,+4.16562
+0.9372,+4.01073
+0.9376,+4.06582
+0.9381,+4.047
+0.9385,+3.92818
+0.9388,+4.07956
+0.9392,+4.02257
+0.9396,+4.0093
+0.9401,+3.96884
+0.9405,+4.1248
+0.9408,+4.12393
+0.9412,+4.24958
+0.9416,+4.23938
+0.9421,+4.30446
+0.9425,+4.34777
+0.9428,+4.3657
+0.9432,+4.37982
+0.9436,+4.17991
+0.9441,+4.36943
+0.9445,+4.27004
+0.9448,+4.37427
+0.9452,+4.28583
+0.9456,+4.20899
+0.9461,+4.17143
+0.9465,+4.17174
+0.9468,+4.07725
+0.9472,+4.23449
+0.9476,+4.47234
+0.9481,+4.37061
+0.9485,+4.43904
+0.9488,+4.27843
+0.9492,+4.24993
+0.9496,+4.42282
+0.9501,+4.34871
+0.9505,+4.42299
+0.9508,+4.51623
+0.9512,+4.40393
+0.9516,+4.38478
+0.9521,+4.52119
+0.9525,+4.42952
+0.9528,+4.49198
+0.9532,+4.59469
+0.9536,+4.6137
+0.9541,+4.61701
+0.9545,+4.4859
+0.9548,+4.49142
+0.9552,+4.4182
+0.9556,+4.2724
+0.9561,+4.09071
+0.9565,+4.14931
+0.9568,+4.24638
+0.9572,+4.32443
+0.9576,+4.26464
+0.9581,+4.13504
+0.9585,+4.25952
+0.9588,+4.23845
+0.9592,+4.10208
+0.9596,+4.05983
+0.9601,+4.10391
+0.9605,+3.98509
+0.9608,+3.86935
+0.9613,+3.65173
+0.9616,+3.55742
+0.9621,+3.65624
+0.9625,+3.5258
+0.9628,+3.49103
+0.9632,+3.62751
+0.9636,+3.59864
+0.9641,+3.44189
+0.9645,+3.32407
+0.9648,+3.18372
+0.9652,+3.16116
+0.9656,+3.06115
+0.9661,+2.90424
+0.9665,+2.84496
+0.9668,+2.61137
+0.9672,+2.38657
+0.9676,+2.31343
+0.9681,+2.39595
+0.9685,+2.32509
+0.9688,+2.24399
+0.9692,+2.21125
+0.9696,+2.18732
+0.9701,+2.19077
+0.9705,+2.06302
+0.9708,+2.06539
+0.9712,+2.12143
+0.9716,+2.1898
+0.9721,+1.91403
+0.9725,+1.96115
+0.9728,+1.78535
+0.9732,+1.70081
+0.9736,+1.53337
+0.9741,+1.40549
+0.9745,+1.3275
+0.9748,+1.10175
+0.9752,+0.975209
+0.9756,+0.844228
+0.9761,+0.769749
+0.9765,+0.659018
+0.9768,+0.678945
+0.9772,+0.5748
+0.9776,+0.569875
+0.9781,+0.508985
+0.9785,+0.526032
+0.9788,+0.531731
+0.9792,+0.482252
+0.9796,+0.442707
+0.9801,+0.399803
+0.9805,+0.293605
+0.9808,+0.299058
+0.9812,+0.189456
+0.9816,+0.188097
+0.9821,+0.145631
+0.9825,+0.0252552
+0.9828,-0.0196656
+0.9832,-0.0349942
+0.9836,-0.211566
+0.9841,-0.227838
+0.9845,-0.209414
+0.9848,-0.304759
+0.9852,-0.293209
+0.9856,-0.316118
+0.9861,-0.322981
+0.9865,-0.208414
+0.9868,-0.162611
+0.9872,-0.194482
+0.9876,-0.0201796
+0.9881,+0.0137727
+0.9885,+0.110702
+0.9888,+0.230468
+0.9892,+0.378802
+0.9896,+0.351387
+0.9901,+0.55138
+0.9905,+0.614117
+0.9908,+0.704769
+0.9912,+0.711931
+0.9917,+0.784439
+0.9921,+0.999248
+0.9925,+0.973406
+0.9928,+1.03138
+0.9932,+1.05874
+0.9936,+1.2237
+0.9941,+1.16177
+0.9945,+1.10333
+0.9948,+1.07772
+0.9952,+1.1789
+0.9956,+1.16849
+0.9961,+1.21807
+0.9965,+1.31834
+0.9968,+1.35845
+0.9972,+1.40454
+0.9976,+1.40884
+0.9981,+1.45194
+0.9985,+1.56064
+0.9988,+1.6787
+0.9992,+1.74422
+0.9996,+1.80087
+1.0001,+1.88801
+1.0005,+2.08009
+1.0008,+2.32359
+1.0012,+2.37462
+1.0016,+2.45501
+1.0021,+2.50151
+1.0025,+2.63087
+1.0028,+2.71834
+1.0032,+2.94223
+1.0036,+3.04842
+1.0041,+3.56187
+1.0045,+3.59637
+1.0048,+3.64072
+1.0052,+3.64258
+1.0056,+3.7209
+1.0061,+3.79447
+1.0065,+3.8153
+1.0068,+3.88232
+1.0072,+3.88437
+1.0076,+4.00272
+1.0081,+4.06762
+1.0085,+4.14701
+1.0088,+4.13897
+1.0092,+4.44221
+1.0096,+4.49983
+1.0101,+4.58817
+1.0105,+4.68535
+1.0108,+4.67593
+1.0112,+4.78516
+1.0116,+4.78466
+1.0121,+4.88648
+1.0125,+4.90461
+1.0128,+4.85142
+1.0132,+4.62923
+1.0136,+4.66627
+1.0141,+4.73018
+1.0145,+4.71927
+1.0148,+4.80696
+1.0152,+4.72858
+1.0156,+4.73817
+1.0161,+4.67795
+1.0165,+4.65424
+1.0168,+4.67843
+1.0172,+4.68859
+1.0176,+4.60963
+1.0181,+4.50145
+1.0185,+4.40329
+1.0188,+4.32148
+1.0192,+4.26187
+1.0196,+4.09966
+1.0201,+4.00233
+1.0205,+3.94446
+1.0208,+3.93692
+1.0212,+3.87418
+1.0216,+3.85177
+1.0229,+3.7497
+1.0231,+3.66606
+1.0234,+3.45699
+1.0237,+3.39395
+1.0241,+3.28316
+1.0245,+3.16572
+1.0248,+2.85156
+1.0252,+2.78251
+1.0256,+2.69589
+1.0261,+2.50632
+1.0265,+2.36485
+1.0272,+2.28569
+1.0274,+2.22988
+1.0276,+2.13287
+1.0281,+2.08956
+1.0285,+1.9592
+1.0288,+2.07252
+1.0292,+1.91081
+1.0296,+1.77196
+1.03,+1.72729
+1.0305,+1.56424
+1.0308,+1.28764
+1.0312,+1.12675
+1.0316,+0.943157
+1.032,+0.83944
+1.0326,+0.660582
+1.0329,+0.496834
+1.0332,+0.230433
+1.0336,+0.0758634
+1.0341,-0.124937
+1.0345,-0.15024
+1.0348,-0.170711
+1.0352,-0.316717
+1.0356,-0.556559
+1.0361,-0.763152
+1.0365,-0.949164
+1.0368,-1.23966
+1.0372,-1.37797
+1.0376,-1.59029
+1.038,-1.76548
+1.0385,-1.93195
+1.0388,-2.09193
+1.0392,-2.09786
+1.0396,-2.10604
+1.04,-2.20653
+1.0405,-2.20974
+1.0408,-2.38249
+1.0412,-2.5244
+1.0419,-2.58908
+1.0421,-2.59503
+1.0425,-2.74641
+1.0428,-2.90336
+1.0432,-3.11644
+1.0436,-3.2757
+1.044,-3.43121
+1.0445,-3.71181
+1.0448,-3.82137
+1.0452,-3.91636
+1.0456,-4.1749
+1.0461,-4.48119
+1.0465,-4.57993
+1.0468,-4.56445
+1.0472,-4.76619
+1.0476,-4.9041
+1.048,-4.8869
+1.0485,-4.76727
+1.0488,-4.74572
+1.0492,-4.73152
+1.0496,-4.73236
+1.05,-4.64408
+1.0505,-4.82223
+1.0508,-4.93932
+1.0512,-4.94773
+1.0518,-5.05722
+1.052,-5.23243
+1.0525,-5.47564
+1.0528,-5.49504
+1.0532,-5.58685
+1.0539,-5.71576
+1.0541,-5.81624
+1.0545,-5.78722
+1.0548,-5.98357
+1.0552,-6.04745
+1.0556,-6.16263
+1.056,-6.15998
+1.0565,-6.04612
+1.0568,-6.23835
+1.0572,-6.31013
+1.0576,-6.22491
+1.058,-6.16612
+1.0585,-6.21215
+1.0588,-6.11854
+1.0592,-6.06446
+1.0596,-5.9186
+1.06,-6.00415
+1.0605,-6.16656
+1.0608,-6.15358
+1.0612,-6.1232
+1.0616,-5.98626
+1.062,-6.05007
+1.0625,-6.1123
+1.063,-6.04179
+1.0632,-5.95707
+1.0636,-5.89534
+1.064,-5.92513
+1.0645,-5.88627
+1.0648,-5.75402
+1.0652,-5.71408
+1.0656,-5.78239
+1.066,-5.8675
+1.0665,-5.70321
+1.0668,-5.66946
+1.0672,-5.58084
+1.0676,-5.71814
+1.068,-5.62311
+1.0685,-5.47798
+1.0688,-5.41394
+1.0692,-5.36527
+1.0696,-5.27653
+1.07,-5.03981
+1.0705,-4.97242
+1.0708,-4.98086
+1.0712,-4.93827
+1.0716,-4.65234
+1.072,-4.58221
+1.0725,-4.49361
+1.0728,-4.27363
+1.0732,-4.12384
+1.0736,-4.05257
+1.074,-4.01451
+1.0745,-3.96721
+1.0748,-3.84214
+1.0752,-3.96817
+1.0756,-4.11682
+1.076,-3.91383
+1.0765,-4.05031
+1.0768,-4.09558
+1.0772,-4.02017
+1.0776,-3.92379
+1.078,-3.7963
+1.0785,-3.74681
+1.0788,-3.69787
+1.0792,-3.46042
+1.0796,-3.28127
+1.08,-3.26123
+1.0805,-3.02717
+1.0808,-2.92445
+1.0812,-2.76852
+1.0816,-2.67943
+1.082,-2.65509
+1.0825,-2.53563
+1.0828,-2.48351
+1.0832,-2.39848
+1.0836,-2.32488
+1.084,-2.26226
+1.0845,-2.15438
+1.0848,-2.06026
+1.0852,-2.01566
+1.0856,-1.94654
+1.086,-1.8181
+1.0865,-1.67091
+1.0868,-1.43992
+1.0872,-1.36559
+1.0876,-1.23322
+1.088,-1.1726
+1.0885,-1.00926
+1.0888,-0.849295
+1.0892,-0.829733
+1.0896,-0.663147
+1.09,-0.580524
+1.0905,-0.540533
+1.0908,-0.448161
+1.0912,-0.320849
+1.0916,-0.113537
+1.092,+0.131477
+1.0925,+0.225743
+1.0928,+0.273072
+1.0932,+0.405206
+1.0936,+0.404974
+1.094,+0.525978
+1.0945,+0.680601
+1.0948,+0.636211
+1.0952,+0.699748
+1.0956,+0.65905
+1.096,+0.602428
+1.0965,+0.66932
+1.0968,+0.694345
+1.0972,+0.841278
+1.0976,+0.939926
+1.098,+1.0263
+1.0985,+1.0892
+1.0988,+1.29164
+1.0992,+1.43569
+1.0996,+1.58959
+1.1,+1.70493
+1.1005,+1.79116
+1.1008,+1.87581
+1.1012,+1.79752
+1.1016,+1.85838
+1.102,+1.80825
+1.1025,+1.83572
+1.1028,+1.80213
+1.1032,+1.82948
+1.1036,+1.8534
+1.104,+1.89216
+1.1045,+1.92076
+1.1048,+1.95634
+1.1052,+2.00263
+1.1056,+2.06822
+1.106,+2.14006
+1.1065,+2.06944
+1.1068,+2.15338
+1.1072,+2.09909
+1.1076,+2.10975
+1.108,+2.1019
+1.1085,+2.12082
+1.1088,+2.20049
+1.1092,+2.22618
+1.1096,+2.31257
+1.1101,+2.32032
+1.1106,+2.51379
+1.1111,+2.59626
+1.1114,+2.5766
+1.1118,+2.63251
+1.1122,+2.74356
+1.1125,+2.83984
+1.1128,+2.86872
+1.1133,+2.9866
+1.1136,+2.96857
+1.114,+2.89279
+1.1145,+2.80062
+1.1148,+2.67421
+1.1152,+2.79076
+1.1156,+2.71072
+1.116,+2.70465
+1.1165,+2.64018
+1.1168,+2.60524
+1.1175,+2.50932
+1.1178,+2.33013
+1.118,+2.4344
+1.1185,+2.45918
+1.1189,+2.46378
+1.1192,+2.40276
+1.1196,+2.50473
+1.12,+2.50108
+1.1205,+2.47843
+1.1208,+2.45494
+1.1212,+2.46114
+1.1216,+2.46183
+1.122,+2.41391
+1.1225,+2.44088
+1.1228,+2.58333
+1.1232,+2.60785
+1.1237,+2.42401
+1.1241,+2.27164
+1.1245,+2.20696
+1.1253,+2.10754
+1.1255,+2.0734
+1.1257,+2.06971
+1.126,+1.98411
+1.1265,+1.97132
+1.1268,+1.76563
+1.1272,+1.71467
+1.1276,+1.78044
+1.128,+1.90961
+1.1285,+1.95631
+1.1288,+1.98814
+1.1292,+1.93691
+1.1296,+1.99824
+1.13,+2.09519
+1.1305,+2.00479
+1.1308,+1.95719
+1.1312,+1.87125
+1.1316,+1.81924
+1.132,+1.65313
+1.1325,+1.49762
+1.1328,+1.43863
+1.1332,+1.40842
+1.1349,+1.36318
+1.135,+1.25771
+1.1352,+1.18779
+1.1354,+1.12276
+1.1356,+1.07052
+1.136,+1.03654
+1.1365,+1.03154
+1.1368,+1.13826
+1.1372,+1.10756
+1.1376,+1.02201
+1.138,+0.916652
+1.1385,+0.808354
+1.1388,+0.784202
+1.1392,+0.726678
+1.1396,+0.702054
+1.14,+0.590749
+1.1405,+0.453093
+1.1408,+0.279179
+1.1412,+0.226098
+1.1416,+0.274798
+1.142,+0.269883
+1.1425,+0.209184
+1.1428,+0.155503
+1.1432,+0.153087
+1.1436,+0.0777018
+1.144,+0.0927272
+1.1445,+0.0107551
+1.145,-0.0643476
+1.1452,-0.122531
+1.1456,-0.327945
+1.146,-0.492061
+1.1465,-0.557526
+1.1469,-0.579564
+1.1472,-0.663674
+1.1476,-0.756919
+1.148,-0.900058
+1.1485,-0.898488
+1.1488,-1.02696
+1.1492,-1.22188
+1.1496,-1.12505
+1.15,-0.982827
+1.1505,-0.958492
+1.1508,-1.08537
+1.1512,-1.19362
+1.1516,-1.20636
+1.152,-1.2494
+1.1525,-1.31358
+1.1528,-1.23304
+1.1532,-1.28452
+1.1537,-1.38436
+1.154,-1.58818
+1.1545,-1.73975
+1.1548,-1.86573
+1.1552,-1.92391
+1.1556,-1.96618
+1.156,-2.10064
+1.1565,-2.11697
+1.1569,-2.22662
+1.1572,-2.28155
+1.1576,-2.41869
+1.158,-2.4315
+1.1585,-2.42259
+1.1588,-2.47457
+1.1592,-2.45215
+1.1596,-2.53942
+1.16,-2.51562
+1.1605,-2.56998
+1.1608,-2.54341
+1.1612,-2.47883
+1.1616,-2.50295
+1.162,-2.68356
+1.1625,-2.62737
+1.1629,-2.73217
+1.1632,-2.8585
+1.1636,-2.90637
+1.164,-2.83298
+1.1645,-2.91247
+1.1648,-3.12919
+1.1652,-3.17977
+1.1656,-3.15356
+1.1661,-3.22767
+1.1665,-3.38206
+1.1668,-3.24577
+1.1672,-3.25571
+1.1676,-3.2368
+1.168,-3.36642
+1.1685,-3.47043
+1.1688,-3.44683
+1.1692,-3.5449
+1.1696,-3.60947
+1.17,-3.52855
+1.1705,-3.6272
+1.1708,-3.80689
+1.1712,-3.81153
+1.172,-3.76521
+1.1721,-3.79188
+1.1725,-3.82632
+1.1728,-3.87512
+1.1732,-3.95062
+1.1736,-4.09825
+1.174,-4.26641
+1.1745,-4.30045
+1.1749,-4.35961
+1.1752,-4.45802
+1.1756,-4.75657
+1.1761,-4.85333
+1.1765,-4.93705
+1.1768,-4.98241
+1.1772,-5.0535
+1.1776,-5.04946
+1.178,-5.01999
+1.1785,-5.02714
+1.1788,-5.12951
+1.1792,-5.17226
+1.1796,-5.08226
+1.18,-5.12415
+1.1805,-5.07873
+1.1809,-5.05453
+1.1812,-5.03943
+1.1816,-5.03849
+1.182,-5.04877
+1.1825,-5.07376
+1.1829,-5.01756
+1.1832,-5.08581
+1.1836,-5.13874
+1.184,-5.2112
+1.1845,-5.27663
+1.1849,-5.48801
+1.1852,-5.55272
+1.1859,-5.65378
+1.1862,-5.68687
+1.1865,-5.70204
+1.1871,-5.74905
+1.1873,-5.75801
+1.1876,-5.77964
+1.188,-5.73005
+1.1885,-5.74634
+1.1888,-5.72257
+1.1892,-5.70208
+1.1896,-5.75828
+1.19,-5.71249
+1.1905,-5.77834
+1.1908,-5.74878
+1.1912,-5.7345
+1.1916,-5.77064
+1.192,-5.80475
+1.1924,-5.95897
+1.1929,-5.95102
+1.1932,-6.00628
+1.1936,-5.95325
+1.194,-6.00541
+1.1943,-5.99005
+1.1948,-6.0029
+1.1952,-5.95216
+1.1959,-5.95726
+1.1961,-6.05528
+1.1965,-5.92568
+1.1969,-5.86171
+1.1972,-5.86094
+1.1976,-5.82527
+1.198,-5.84544
+1.1985,-5.9986
+1.1988,-6.00745
+1.1992,-6.13
+1.1996,-6.1296
+1.2,-6.10025
+1.2005,-6.0967
+1.201,-6.1858
+1.2012,-6.1479
+1.2016,-6.13578
+1.202,-6.18544
+1.2025,-6.10111
+1.2028,-6.15545
+1.2032,-6.0681
+1.2036,-6.10933
+1.204,-6.11893
+1.2045,-6.2317
+1.2048,-7.78014
+1.2052,-7.7634
+1.2056,-7.73067
+1.206,-7.64771
+1.2065,-7.47786
+1.2069,-7.37309
+1.2072,-7.37877
+1.2076,-7.32808
+1.208,-7.26436
+1.2085,-7.22544
+1.2089,-7.02717
+1.2092,-7.01715
+1.2096,-7.08721
+1.21,-7.26147
+1.2105,-7.32674
+1.2108,-7.23549
+1.2112,-7.13021
+1.2116,-7.18467
+1.212,-7.13891
+1.2125,-7.00982
+1.2128,-7
+1.2132,-6.88771
+1.2136,-6.7642
+1.214,-6.54857
+1.2145,-6.50362
+1.2148,-6.63284
+1.2152,-6.69956
+1.2156,-6.67716
+1.2161,-6.68332
+1.2165,-6.61754
+1.2168,-6.71618
+1.2172,-6.74641
+1.2176,-6.77067
+1.218,-6.76034
+1.2185,-6.71153
+1.2188,-6.6309
+1.2192,-6.49408
+1.2196,-6.31559
+1.22,-6.19665
+1.2205,-6.23811
+1.2209,-6.02196
+1.2212,-5.96593
+1.2216,-5.93778
+1.222,-5.96457
+1.2225,-5.96633
+1.2229,-5.92124
+1.2232,-5.97485
+1.2236,-6.07334
+1.224,-6.09699
+1.2245,-6.05923
+1.2249,-6.1699
+1.2252,-6.11451
+1.2256,-6.03788
+1.226,-5.89209
+1.2265,-5.78833
+1.2269,-5.74392
+1.2277,-5.62114
+1.228,-5.50406
+1.2283,-5.3691
+1.2285,-5.27578
+1.2288,-5.19699
+1.2292,-5.18924
+1.2296,-5.16212
+1.23,-5.21598
+1.2305,-5.283
+1.2309,-5.17431
+1.2312,-5.10597
+1.2316,-4.98995
+1.232,-5.00331
+1.2325,-4.94262
+1.2328,-4.86634
+1.2332,-4.76159
+1.2336,-4.68315
+1.234,-4.58256
+1.2345,-4.43133
+1.2348,-4.37712
+1.2352,-4.34382
+1.2356,-4.28676
+1.236,-4.18174
+1.2365,-4.08034
+1.2369,-4.00024
+1.2372,-3.93125
+1.2376,-3.88416
+1.238,-3.83892
+1.2385,-3.75749
+1.2388,-3.68739
+1.2392,-3.58966
+1.2396,-3.59588
+1.24,-3.50114
+1.2405,-3.49467
+1.2408,-3.3753
+1.2412,-3.42262
+1.2416,-3.35076
+1.242,-3.24592
+1.2425,-3.20655
+1.2428,-3.1682
+1.2432,-3.217
+1.2436,-3.10067
+1.244,-3.04893
+1.2445,-2.87285
+1.2449,-2.89837
+1.2452,-2.75354
+1.2456,-2.72603
+1.246,-2.58458
+1.2465,-2.47947
+1.2469,-2.26492
+1.2472,-2.12902
+1.2476,-2.06966
+1.248,-1.96926
+1.2485,-1.97208
+1.2488,-1.79797
+1.2492,-1.77033
+1.2496,-1.67628
+1.25,-1.7304
+1.2505,-1.66851
+1.2509,-1.69709
+1.2512,-1.628
+1.2516,-1.57277
+1.252,-1.6287
+1.2525,-1.59874
+1.2528,-1.53431
+1.2532,-1.50677
+1.2536,-1.40018
+1.254,-1.20205
+1.2543,-1.19032
+1.2548,-1.12012
+1.2552,-1.07745
+1.2556,-1.05013
+1.256,-0.990484
+1.2565,-0.938411
+1.2569,-0.926725
+1.2572,-0.734411
+1.2576,-0.632251
+1.258,-0.543955
+1.2585,-0.409484
+1.2589,-0.333854
+1.2592,-0.22129
+1.2596,+0.0147561
+1.2601,+0.191113
+1.2605,+0.302924
+1.2609,+0.434194
+1.2612,+0.533799
+1.2616,+0.495933
+1.262,+0.508769
+1.2625,+0.588949
+1.2629,+0.597882
+1.2632,+0.713553
+1.2636,+0.591891
+1.264,+0.624813
+1.2645,+0.82661
+1.2648,+0.934545
+1.2652,+0.871899
+1.2656,+1.16771
+1.266,+1.13593
+1.2663,+1.1614
+1.2669,+1.23725
+1.2672,+1.25518
+1.2676,+1.3997
+1.268,+1.46131
+1.2685,+1.30026
+1.2689,+1.22387
+1.2692,+1.33435
+1.2696,+1.25257
+1.27,+1.3759
+1.2705,+1.45028
+1.2709,+1.55101
+1.2712,+1.5621
+1.2716,+1.5381
+1.272,+1.52517
+1.2723,+1.64721
+1.2728,+1.71284
+1.2733,+1.70002
+1.2736,+1.81862
+1.274,+1.8689
+1.2743,+1.90853
+1.2749,+1.93597
+1.2752,+1.99725
+1.2756,+2.11144
+1.276,+2.19321
+1.2764,+2.27209
+1.2769,+2.30955
+1.2772,+2.38506
+1.2776,+2.33455
+1.278,+2.44379
+1.2785,+2.45956
+1.2789,+2.50997
+1.2792,+2.59731
+1.2796,+2.7352
+1.28,+2.79689
+1.2805,+2.73646
+1.2808,+2.93116
+1.2812,+3.04058
+1.2816,+3.04557
+1.282,+3.08205
+1.2825,+3.26337
+1.2828,+3.31905
+1.2832,+3.29482
+1.2836,+3.16081
+1.284,+3.17248
+1.2843,+3.29327
+1.2849,+3.284
+1.2852,+3.30294
+1.2856,+3.47488
+1.286,+3.50333
+1.2864,+3.43732
+1.287,+3.42491
+1.2872,+3.43559
+1.2876,+3.6172
+1.288,+3.64835
+1.2885,+3.65048
+1.2889,+3.60051
+1.2892,+3.5887
+1.2896,+3.52573
+1.29,+3.62132
+1.2905,+3.76621
+1.2909,+3.7979
+1.2912,+3.83796
+1.2916,+3.67671
+1.292,+3.73181
+1.2924,+3.75862
+1.2928,+3.80809
+1.2932,+3.86558
+1.2936,+3.84863
+1.294,+3.72461
+1.2944,+3.58149
+1.2949,+3.6168
+1.2952,+3.6614
+1.2956,+3.81025
+1.296,+3.84816
+1.2964,+4.0059
+1.2969,+4.08318
+1.2972,+4.19077
+1.2976,+4.35717
+1.298,+4.39508
+1.2983,+4.6202
+1.2989,+4.72037
+1.2992,+4.86428
+1.2996,+4.91665
+1.3,+4.97776
+1.3005,+5.03054
+1.3009,+5.12046
+1.3012,+5.068
+1.3016,+4.96526
+1.302,+4.99433
+1.3025,+4.83131
+1.3028,+4.82876
+1.3032,+4.75884
+1.3036,+4.8403
+1.304,+4.7159
+1.3044,+4.61787
+1.3049,+4.41014
+1.3052,+4.34219
+1.3056,+4.30367
+1.306,+4.30982
+1.3064,+4.34252
+1.3069,+4.26869
+1.3072,+4.37943
+1.3076,+4.26269
+1.308,+4.41429
+1.3085,+4.29797
+1.3089,+4.43992
+1.3092,+4.52377
+1.3096,+4.67839
+1.31,+4.68189
+1.3105,+4.64553
+1.3109,+4.68317
+1.3112,+4.71678
+1.3116,+4.70788
+1.312,+4.60769
+1.3125,+4.69516
+1.3129,+4.74935
+1.3132,+4.81475
+1.3136,+4.82652
+1.314,+4.93639
+1.3144,+4.97051
+1.3149,+5.0577
+1.3152,+4.92501
+1.3156,+4.99195
+1.316,+5.05257
+1.3164,+5.00218
+1.3169,+4.90695
+1.3172,+4.82146
+1.3177,+4.85934
+1.318,+4.84335
+1.3185,+4.86755
+1.3189,+4.85193
+1.3192,+4.86324
+1.3196,+4.79472
+1.32,+4.73602
+1.3205,+4.87518
+1.3209,+4.94283
+1.3212,+4.91298
+1.3216,+4.81736
+1.322,+4.72486
+1.3224,+4.84043
+1.3229,+4.6723
+1.3232,+4.69635
+1.3236,+4.76884
+1.324,+4.77323
+1.3244,+4.73472
+1.3249,+4.73059
+1.3252,+4.76401
+1.3256,+4.75484
+1.326,+4.81565
+1.3264,+4.65027
+1.3269,+4.75356
+1.3272,+4.66529
+1.3276,+4.54753
+1.328,+4.62275
+1.3284,+4.54303
+1.3289,+4.44446
+1.3292,+4.48198
+1.3301,+4.38455
+1.3304,+4.33293
+1.3306,+4.44562
+1.3309,+4.37443
+1.3312,+4.36312
+1.3316,+4.38921
+1.332,+4.35336
+1.3324,+4.47224
+1.3328,+4.54438
+1.3332,+4.40491
+1.3336,+4.41912
+1.334,+4.3901
+1.3344,+4.33517
+1.3348,+4.29318
+1.3352,+4.32824
+1.3356,+4.30872
+1.336,+4.34559
+1.3364,+4.30499
+1.3369,+4.32777
+1.3372,+4.52535
+1.3376,+4.52779
+1.338,+4.54024
+1.3384,+4.52171
+1.3388,+4.56396
+1.3392,+4.54974
+1.3396,+4.62361
+1.34,+4.57129
+1.3405,+4.39686
+1.3409,+4.29836
+1.3412,+4.25886
+1.3416,+4.27464
+1.342,+4.38473
+1.3424,+4.3505
+1.3429,+4.37947
+1.3432,+4.329
+1.3436,+4.19587
+1.344,+4.21436
+1.3444,+4.44064
+1.3448,+4.46468
+1.3452,+4.31749
+1.3456,+4.18474
+1.346,+4.14306
+1.3464,+4.08914
+1.3469,+4.06689
+1.3472,+4.13844
+1.3476,+4.2369
+1.3481,+4.11617
+1.3485,+3.88872
+1.3489,+3.89065
+1.3492,+3.96416
+1.3496,+4.10065
+1.35,+3.97901
+1.3505,+3.91051
+1.3509,+3.86331
+1.3512,+3.81028
+1.3516,+3.78818
+1.352,+3.81802
+1.3524,+3.92119
+1.3529,+3.90719
+1.3532,+3.8784
+1.3536,+3.8204
+1.354,+3.74185
+1.3544,+3.83813
+1.3549,+3.71109
+1.3552,+3.74404
+1.3556,+3.72889
+1.356,+3.69066
+1.3564,+3.63025
+1.3569,+3.46961
+1.3572,+3.42337
+1.3576,+3.38096
+1.358,+3.39462
+1.3585,+3.24809
+1.3589,+3.40544
+1.3592,+3.21082
+1.3596,+3.11019
+1.36,+3.1367
+1.3605,+3.1113
+1.3609,+3.06595
+1.3612,+3.22158
+1.3616,+3.22056
+1.362,+3.24134
+1.3624,+3.22562
+1.3629,+3.09602
+1.3632,+3.05103
+1.3636,+3.12582
+1.364,+3.01196
+1.3644,+2.9613
+1.3649,+3.07913
+1.3652,+2.80454
+1.3656,+2.70195
+1.366,+2.59998
+1.3663,+2.65485
+1.3669,+2.63315
+1.3672,+2.68183
+1.3676,+2.61023
+1.3681,+2.55665
+1.3685,+2.55842
+1.3689,+2.44646
+1.3692,+2.44962
+1.3696,+2.43862
+1.37,+2.46378
+1.3705,+2.53564
+1.3709,+2.51436
+1.3712,+2.50671
+1.3716,+2.46462
+1.372,+2.52521
+1.3724,+2.37607
+1.3729,+2.36311
+1.3732,+2.41193
+1.3736,+2.3654
+1.374,+2.2494
+1.3744,+2.22352
+1.3749,+2.18271
+1.3752,+2.18515
+1.3756,+2.17895
+1.376,+2.10696
+1.3764,+2.20757
+1.3769,+2.29018
+1.3772,+2.18629
+1.3776,+2.25348
+1.378,+2.32444
+1.3784,+2.14099
+1.3789,+2.11645
+1.3792,+2.21405
+1.3796,+2.11859
+1.38,+2.21156
+1.3805,+2.13973
+1.3809,+2.00602
+1.3812,+2.04365
+1.3816,+1.89172
+1.382,+1.8397
+1.3824,+1.89312
+1.3829,+2.02026
+1.3832,+1.79814
+1.3836,+1.77919
+1.384,+1.58369
+1.3844,+1.59711
+1.3849,+1.54922
+1.3852,+1.57125
+1.3856,+1.60507
+1.386,+1.66007
+1.3864,+1.55187
+1.3869,+1.41035
+1.3872,+1.365
+1.3876,+1.40026
+1.388,+1.43433
+1.3884,+1.36427
+1.3889,+1.40116
+1.3892,+1.39706
+1.3896,+1.40331
+1.39,+1.27692
+1.3906,+1.26494
+1.3909,+1.24351
+1.3912,+1.22217
+1.3916,+1.09929
+1.392,+1.10699
+1.3924,+1.01799
+1.3929,+1.00523
+1.3932,+0.82535
+1.3936,+0.795767
+1.394,+0.548476
+1.3944,+0.574777
+1.3949,+0.465346
+1.3952,+0.443419
+1.3956,+0.516146
+1.396,+0.452198
+1.3964,+0.452723
+1.3969,+0.384027
+1.3972,+0.321665
+1.3976,+0.247306
+1.398,+0.352843
+1.3985,+0.344245
+1.3989,+0.292736
+1.3992,+0.312926
+1.3996,+0.196456
+1.4,+0.112986
+1.4005,+0.12174
+1.4009,+0.118843
+1.4012,+0.0713148
+1.4016,-0.00262193
+1.402,+0.0332027
+1.4024,-0.041846
+1.4029,-0.0947577
+1.4032,-0.109369
+1.4036,-0.129786
+1.404,-0.173256
+1.4044,-0.125816
+1.4049,-0.148103
+1.4052,-0.250397
+1.4056,-0.143588
+1.406,-0.21511
+1.4064,-0.288572
+1.4069,-0.301412
+1.4072,-0.366116
+1.4076,-0.494508
+1.408,-0.523318
+1.4084,-0.661659
+1.4089,-0.736022
+1.4092,-0.64568
+1.4096,-0.765796
+1.41,-0.820124
+1.4105,-0.907224
+1.4109,-0.901301
+1.4112,-0.949617
+1.4116,-0.916975
+1.412,-0.880243
+1.4124,-1.00215
+1.4129,-0.982979
+1.4132,-1.09592
+1.4136,-1.28327
+1.414,-1.26752
+1.4144,-1.42372
+1.4149,-1.44156
+1.4152,-1.61222
+1.4156,-1.64468
+1.416,-1.80446
+1.4164,-1.72294
+1.4169,-1.77772
+1.4172,-1.72738
+1.4176,-1.66281
+1.418,-1.69696
+1.4184,-1.64615
+1.4189,-1.75811
+1.4192,-1.69611
+1.4196,-1.70655
+1.42,-1.6052
+1.4204,-1.72118
+1.4209,-1.79552
+1.4212,-1.78488
+1.4216,-1.87947
+1.422,-1.97987
+1.4224,-2.07997
+1.4229,-2.11844
+1.4232,-2.13386
+1.4236,-2.29812
+1.424,-2.44922
+1.4244,-2.54108
+1.4249,-2.62136
+1.4252,-2.82757
+1.4256,-2.89273
+1.426,-2.91407
+1.4264,-2.96047
+1.4269,-2.96497
+1.4273,-3.02694
+1.4276,-3.05441
+1.428,-3.0712
+1.4284,-3.01016
+1.4289,-2.99352
+1.4292,-3.00518
+1.4296,-3.04403
+1.43,-3.02701
+1.4305,-3.04196
+1.4309,-3.04175
+1.4312,-3.11072
+1.4316,-3.08236
+1.4325,-3.02891
+1.4328,-3.09712
+1.433,-3.09141
+1.4332,-3.11555
+1.4336,-3.08836
+1.434,-3.22382
+1.4343,-3.18997
+1.4349,-3.24029
+1.4352,-3.27408
+1.4356,-3.23868
+1.436,-3.35297
+1.4364,-3.48021
+1.4369,-3.46962
+1.4372,-3.49296
+1.4376,-3.54786
+1.438,-3.56889
+1.4384,-3.59641
+1.4389,-3.64375
+1.4392,-3.58724
+1.4396,-3.57959
+1.44,-3.56554
+1.4405,-3.64072
+1.4409,-3.78648
+1.4412,-3.83006
+1.4416,-3.811
+1.442,-3.89614
+1.4424,-3.96924
+1.4429,-4.0074
+1.4432,-4.14821
+1.4436,-4.23631
+1.444,-4.3179
+1.4444,-4.21263
+1.4449,-4.22032
+1.4452,-4.22092
+1.4456,-4.27356
+1.446,-4.24352
+1.4464,-4.25214
+1.4469,-4.35187
+1.4472,-4.43206
+1.4476,-4.49909
+1.448,-4.55677
+1.4484,-4.56219
+1.4489,-4.53409
+1.4492,-4.56793
+1.4496,-4.58769
+1.45,-4.58828
+1.4505,-4.51573
+1.4509,-4.49344
+1.4512,-4.45976
+1.4516,-4.52384
+1.452,-4.58227
+1.4524,-4.66278
+1.4529,-4.72187
+1.4532,-4.74149
+1.4536,-4.76228
+1.454,-4.71683
+1.4544,-4.81319
+1.4549,-4.87758
+1.4552,-4.90661
+1.4556,-4.93972
+1.456,-4.8822
+1.4564,-4.94446
+1.4569,-4.9621
+1.4572,-5.03748
+1.4576,-5.1079
+1.458,-5.26013
+1.4584,-5.27542
+1.4589,-5.33127
+1.4592,-5.30263
+1.4596,-5.30609
+1.46,-5.35553
+1.4605,-5.4033
+1.4609,-5.43468
+1.4612,-5.41919
+1.4616,-5.40644
+1.462,-5.45654
+1.4624,-5.4934
+1.4629,-5.48169
+1.4632,-5.54353
+1.4636,-5.58167
+1.464,-5.5793
+1.4644,-5.60209
+1.4649,-5.4879
+1.4652,-5.51956
+1.4656,-5.58808
+1.466,-5.55331
+1.4664,-5.57033
+1.4669,-5.58582
+1.4672,-5.59318
+1.4676,-5.49967
+1.468,-5.59973
+1.4684,-5.58714
+1.4689,-5.74696
+1.4692,-5.74882
+1.4696,-5.67185
+1.47,-5.78998
+1.4704,-5.87438
+1.4709,-5.84447
+1.4712,-5.78045
+1.4716,-5.86899
+1.472,-5.81784
+1.4724,-5.81422
+1.4729,-5.8548
+1.4732,-5.90584
+1.4736,-5.9953
+1.474,-5.92818
+1.4744,-5.88055
+1.4749,-5.85846
+1.4752,-5.96154
+1.4756,-5.97695
+1.476,-6.04011
+1.4764,-5.98226
+1.4769,-5.88805
+1.4772,-5.90588
+1.4776,-5.86297
+1.478,-5.7947
+1.4784,-5.74013
+1.4789,-5.82472
+1.4792,-5.83656
+1.4796,-5.90963
+1.48,-5.8356
+1.4804,-5.81914
+1.4809,-5.92205
+1.4812,-5.94582
+1.4816,-6.11981
+1.482,-6.21614
+1.4824,-6.37888
+1.4829,-6.3647
+1.4832,-6.30583
+1.4836,-6.19317
+1.484,-6.27035
+1.4844,-6.38556
+1.4849,-6.4055
+1.4852,-6.4248
+1.4856,-6.30568
+1.486,-6.24819
+1.4864,-6.10336
+1.4869,-6.1539
+1.4872,-6.21199
+1.4876,-6.31499
+1.488,-6.38782
+1.4884,-6.31669
+1.4887,-6.33415
+1.4892,-6.26183
+1.4896,-6.20651
+1.49,-6.31958
+1.4905,-6.41921
+1.4909,-6.38379
+1.4912,-6.39287
+1.4916,-6.41272
+1.492,-6.38502
+1.4924,-6.39756
+1.4929,-6.38213
+1.4932,-6.46045
+1.4936,-6.5672
+1.494,-6.44242
+1.4944,-6.46345
+1.4949,-6.43386
+1.4952,-6.46631
+1.4956,-6.47623
+1.496,-6.41216
+1.4964,-6.47167
+1.4967,-6.45801
+1.4972,-6.38146
+1.4976,-6.41307
+1.498,-6.41185
+1.4984,-6.40856
+1.4989,-6.5075
+1.4992,-6.4416
+1.4996,-6.45634
+1.5001,-6.38841
+1.5004,-6.33217
+1.5009,-6.35824
+1.5012,-6.30093
+1.5016,-6.10408
+1.502,-6.17342
+1.5024,-6.19848
+1.5029,-6.14983
+1.5032,-6.17687
+1.5036,-6.08275
+1.504,-6.25783
+1.5044,-6.32147
+1.5047,-6.37709
+1.5052,-6.43419
+1.5056,-6.51542
+1.506,-6.55906
+1.5064,-6.54704
+1.5067,-6.58771
+1.5072,-6.61899
+1.5076,-6.70172
+1.508,-6.61514
+1.5084,-6.64197
+1.5089,-6.65222
+1.5092,-6.67103
+1.5096,-6.72565
+1.51,-6.71793
+1.5104,-6.68287
+1.5109,-6.57586
+1.5112,-6.48058
+1.5116,-6.35953
+1.512,-6.35443
+1.5124,-6.2646
+1.5129,-6.1706
+1.5132,-6.182
+1.5136,-6.09711
+1.514,-5.99328
+1.5144,-5.9805
+1.5147,-6.16644
+1.5152,-6.30824
+1.5156,-6.46225
+1.516,-6.48918
+1.5164,-6.57296
+1.5169,-6.49681
+1.5172,-6.42153
+1.5176,-6.51561
+1.518,-6.55278
+1.5184,-6.56237
+1.5187,-6.35872
+1.5192,-6.2623
+1.5196,-6.15552
+1.5201,-6.0857
+1.5204,-6.09849
+1.5209,-6.13122
+1.5212,-6.07675
+1.5216,-6.10155
+1.522,-6.05907
+1.5224,-6.07482
+1.5227,-6.16232
+1.5232,-6.1758
+1.5236,-6.1946
+1.524,-6.28308
+1.5244,-6.26185
+1.5247,-6.27769
+1.5252,-6.32314
+1.5256,-6.26944
+1.526,-6.3098
+1.5264,-6.16143
+1.5267,-6.17457
+1.5272,-6.16205
+1.5276,-6.13729
+1.528,-6.06955
+1.5284,-6.02904
+1.5287,-6.03536
+1.5292,-6.12067
+1.5296,-6.06901
+1.53,-6.13859
+1.5304,-6.27659
+1.5309,-6.20835
+1.5312,-6.23076
+1.5316,-6.21503
+1.532,-6.22007
+1.5324,-6.27427
+1.5327,-6.21217
+1.5332,-6.08332
+1.5336,-6.03606
+1.534,-5.85907
+1.5349,-5.84334
+1.5351,-5.74992
+1.5354,-5.71793
+1.5356,-5.74893
+1.536,-5.61632
+1.5364,-5.54512
+1.5367,-5.57629
+1.5372,-5.63235
+1.5376,-5.75161
+1.538,-5.73969
+1.5384,-5.64573
+1.5387,-5.75649
+1.5392,-5.72103
+1.5396,-5.65488
+1.54,-5.75374
+1.5405,-5.70801
+1.5409,-5.60242
+1.5412,-5.46008
+1.5416,-5.36771
+1.542,-5.44369
+1.5424,-5.52275
+1.5427,-5.50092
+1.5432,-5.49848
+1.5436,-5.58909
+1.544,-5.50217
+1.5444,-5.51566
+1.5447,-5.60473
+1.5452,-5.71643
+1.5456,-5.66562
+1.546,-5.7421
+1.5464,-5.74499
+1.5467,-5.60979
+1.5472,-5.54651
+1.5476,-5.39596
+1.548,-5.41329
+1.5484,-5.34122
+1.5487,-5.43178
+1.5492,-5.39415
+1.5496,-5.3918
+1.55,-5.21931
+1.5505,-5.11256
+1.5509,-5.13156
+1.5512,-5.16158
+1.5516,-5.16778
+1.552,-5.1306
+1.5524,-5.13227
+1.5527,-4.98746
+1.5532,-4.97139
+1.5536,-4.96257
+1.554,-4.97904
+1.5544,-4.92236
+1.5547,-4.94581
+1.5553,-4.94478
+1.5556,-4.87917
+1.556,-5.01194
+1.5564,-5.07456
+1.5567,-4.98148
+1.5572,-4.94698
+1.5576,-4.9036
+1.558,-4.91691
+1.5584,-4.81204
+1.5587,-4.80041
+1.5592,-4.78145
+1.5596,-4.85519
+1.56,-4.69898
+1.5604,-4.54577
+1.5609,-4.64153
+1.5612,-4.67509
+1.5616,-4.56492
+1.562,-4.47187
+1.5624,-4.58355
+1.5627,-4.5917
+1.5632,-4.53035
+1.5636,-4.48141
+1.564,-4.51987
+1.5644,-4.48224
+1.5647,-4.55646
+1.5652,-4.54915
+1.5656,-4.64809
+1.566,-4.68489
+1.5664,-4.65448
+1.5667,-4.62724
+1.5672,-4.57595
+1.5676,-4.48763
+1.568,-4.49027
+1.5684,-4.47467
+1.5687,-4.38159
+1.5692,-4.33957
+1.5696,-4.28104
+1.57,-4.24054
+1.5704,-4.10498
+1.5709,-4.04534
+1.5712,-4.14446
+1.5716,-4.18171
+1.572,-4.10062
+1.5724,-4.12765
+1.5727,-4.06595
+1.5732,-4.03689
+1.5736,-4.0811
+1.574,-4.06082
+1.5744,-4.2018
+1.5747,-4.307
+1.5752,-4.25126
+1.5756,-4.23904
+1.576,-4.24995
+1.5764,-4.21717
+1.5767,-4.22598
+1.5772,-4.17033
+1.5776,-4.10871
+1.578,-4.13387
+1.5784,-4.00596
+1.5787,-3.89046
+1.5792,-3.85331
+1.5796,-3.86931
+1.58,-3.87967
+1.5804,-3.85571
+1.5809,-3.81816
+1.5812,-3.7976
+1.5816,-3.75249
+1.582,-3.69039
+1.5824,-3.75909
+1.5827,-3.73419
+1.5832,-3.64853
+1.5836,-3.57462
+1.584,-3.50988
+1.5844,-3.48458
+1.5847,-3.43668
+1.5852,-3.43291
+1.5856,-3.39904
+1.586,-3.41689
+1.5864,-3.38502
+1.5867,-3.35523
+1.5872,-3.3419
+1.5876,-3.34976
+1.588,-3.3855
+1.5884,-3.3698
+1.5887,-3.37306
+1.5892,-3.36806
+1.5896,-3.38011
+1.59,-3.34928
+1.5904,-3.35613
+1.5907,-3.26895
+1.5914,-3.32707
+1.5916,-3.3091
+1.592,-3.24152
+1.5924,-3.30535
+1.5927,-3.21954
+1.5932,-3.24795
+1.5936,-3.27189
+1.594,-3.19987
+1.5944,-3.04002
+1.5948,-3.15714
+1.5952,-3.10534
+1.5956,-3.11137
+1.596,-3.07926
+1.5964,-2.96957
+1.5969,-3.04605
+1.5972,-2.97513
+1.5976,-2.83024
+1.598,-2.87907
+1.5984,-3.01408
+1.5987,-2.83751
+1.5992,-2.77276
+1.5996,-2.74586
+1.6,-2.70698
+1.6004,-2.81835
+1.6009,-2.7449
+1.6012,-2.78291
+1.6016,-2.77075
+1.602,-2.668
+1.6024,-2.63134
+1.6027,-2.68647
+1.6032,-2.69145
+1.6036,-2.64326
+1.604,-2.61181
+1.6044,-2.47035
+1.6047,-2.54431
+1.6052,-2.48337
+1.6056,-2.52605
+1.606,-2.52825
+1.6064,-2.43309
+1.6067,-2.45815
+1.6072,-2.49727
+1.6076,-2.38401
+1.608,-2.33673
+1.6084,-2.38717
+1.6087,-2.34839
+1.6092,-2.40336
+1.6096,-2.34939
+1.61,-2.44329
+1.6104,-2.50222
+1.6107,-2.41814
+1.6112,-2.3044
+1.6116,-2.46208
+1.612,-2.44171
+1.6124,-2.38898
+1.6127,-2.36338
+1.6132,-2.19588
+1.6136,-2.26134
+1.614,-2.13191
+1.6144,-2.069
+1.6147,-2.06998
+1.6152,-2.117
+1.6156,-1.97915
+1.616,-1.90061
+1.6164,-1.87385
+1.6167,-1.95314
+1.6172,-2.01778
+1.6176,-1.98192
+1.618,-2.04643
+1.6184,-1.93741
+1.6187,-1.89404
+1.6192,-1.91782
+1.6196,-1.9227
+1.62,-1.99863
+1.6204,-2.06729
+1.6207,-2.02028
+1.6212,-1.95951
+1.6216,-1.92972
+1.622,-1.92361
+1.6224,-1.98701
+1.6227,-2.01214
+1.6233,-1.8346
+1.6236,-1.80841
+1.624,-1.80369
+1.6244,-1.65034
+1.6247,-1.59706
+1.6252,-1.63663
+1.6256,-1.54131
+1.626,-1.38741
+1.6264,-1.42324
+1.6267,-1.37324
+1.6272,-1.32472
+1.6276,-1.40451
+1.628,-1.26368
+1.6284,-1.36824
+1.6287,-1.32338
+1.6292,-1.20263
+1.6296,-1.22001
+1.63,-1.31438
+1.6304,-1.25609
+1.6308,-1.1164
+1.6312,-1.16477
+1.6316,-1.09625
+1.632,-1.25733
+1.6324,-1.10629
+1.6327,-1.0482
+1.6333,-1.03143
+1.6336,-1.06508
+1.634,-0.902071
+1.6344,-0.967749
+1.6347,-1.12284
+1.6351,-1.20778
+1.6356,-1.15598
+1.636,-1.01753
+1.6364,-1.12369
+1.6373,-1.22798
+1.6376,-1.26947
+1.6379,-1.27134
+1.638,-1.26173
+1.6384,-1.13434
+1.6387,-1.1179
+1.6392,-0.998788
+1.6396,-0.971152
+1.64,-0.876137
+1.6404,-0.890982
+1.6407,-0.937837
+1.6412,-0.759694
+1.6416,-0.72468
+1.642,-0.773459
+1.6424,-0.826592
+1.6427,-0.818003
+1.6433,-0.872497
+1.6436,-0.845016
+1.644,-1.01931
+1.6444,-0.941834
+1.6447,-0.722751
+1.6452,-0.839873
+1.6456,-0.672672
+1.646,-0.572135
+1.6464,-0.399194
+1.6468,-0.318674
+1.6472,-0.174208
+1.6476,-0.178649
+1.648,-0.0962352
+1.6484,-0.0778318
+1.6487,-0.159605
+1.6492,-0.206405
+1.6496,-0.315343
+1.65,-0.396195
+1.6504,-0.410928
+1.6507,-0.422873
+1.6513,-0.56149
+1.6516,-0.533594
+1.6521,-0.579209
+1.6524,-0.603734
+1.6527,-0.493851
+1.6532,-0.498027
+1.6536,-0.368027
+1.654,-0.3442
+1.6544,-0.377108
+1.6547,-0.399969
+1.6553,-0.21926
+1.6556,-0.290941
+1.656,-0.0652179
+1.6564,+0.0049506
+1.6568,-0.15272
+1.6572,-0.0834436
+1.6576,-0.15173
+1.658,-0.12004
+1.6584,-0.0697496
+1.6587,+0.0182055
+1.6592,-0.0438659
+1.6596,+0.0155685
+1.66,-0.109773
+1.6604,+0.0224444
+1.6607,+0.110138
+1.6612,+0.106475
+1.6616,+0.0701763
+1.662,+0.203351
+1.6624,+0.160666
+1.6627,+0.171725
+1.6633,+0.208334
+1.6636,+0.209625
+1.664,+0.248817
+1.6644,+0.194488
+1.6648,+0.261124
+1.6652,+0.364444
+1.6656,+0.464214
+1.666,+0.333175
+1.6664,+0.265323
+1.6667,+0.245271
+1.6672,+0.383187
+1.6676,+0.456126
+1.668,+0.518496
+1.6684,+0.526778
+1.6688,+0.533933
+1.6693,+0.560326
+1.6696,+0.474483
+1.67,+0.476586
+1.6704,+0.517769
+1.6707,+0.573791
+1.6713,+0.478631
+1.6716,+0.445068
+1.672,+0.52684
+1.6725,+0.545148
+1.6728,+0.534129
+1.6733,+0.474058
+1.6736,+0.586627
+1.674,+0.644058
+1.6744,+0.827807
+1.6748,+0.807797
+1.6751,+0.803828
+1.6756,+0.873135
+1.676,+0.92996
+1.6765,+1.02653
+1.6769,+1.07228
+1.6773,+1.17443
+1.6776,+1.20324
+1.678,+1.15605
+1.6784,+1.04948
+1.6788,+1.08123
+1.6793,+1.05707
+1.6796,+0.948614
+1.68,+0.772103
+1.6804,+0.680792
+1.6807,+0.571563
+1.6813,+0.513576
+1.6816,+0.452505
+1.682,+0.541638
+1.6824,+0.455066
+1.6827,+0.508481
+1.6833,+0.618783
+1.6836,+0.718263
+1.684,+0.779806
+1.6844,+0.819675
+1.6848,+0.903622
+1.6853,+0.931228
+1.6856,+0.960222
+1.686,+0.994798
+1.6864,+1.12959
+1.6867,+1.04162
+1.6872,+0.950068
+1.6876,+0.883258
+1.688,+0.773427
+1.6884,+0.717109
+1.6887,+0.674939
+1.6893,+0.633765
+1.6896,+0.689185
+1.69,+0.771267
+1.6904,+0.778189
+1.6909,+0.849198
+1.6913,+0.82648
+1.6916,+0.962942
+1.692,+1.05664
+1.6924,+1.20888
+1.6928,+1.41414
+1.6933,+1.53168
+1.6936,+1.54733
+1.694,+1.36253
+1.6944,+1.3642
+1.6948,+1.27745
+1.6953,+1.18283
+1.6956,+1.29962
+1.696,+1.22137
+1.6964,+1.15329
+1.6968,+1.15125
+1.6973,+1.08364
+1.6976,+0.975213
+1.698,+1.10974
+1.6984,+1.08477
+1.6988,+1.20542
+1.6992,+1.41622
+1.6997,+1.2309
+1.7,+1.23643
+1.7004,+1.29783
+1.7008,+1.05875
+1.7013,+1.17505
+1.7016,+1.21568
+1.702,+1.33315
+1.7026,+1.47569
+1.7028,+1.4453
+1.7033,+1.30596
+1.7037,+1.45467
+1.704,+1.6014
+1.7044,+1.4233
+1.7048,+1.67918
+1.7053,+1.66443
+1.7057,+1.8994
+1.706,+1.71226
+1.7064,+1.60264
+1.7068,+1.57708
+1.7072,+1.6391
+1.7077,+1.57558
+1.708,+1.56433
+1.7084,+1.63503
+1.7088,+1.54164
+1.7093,+1.4477
+1.7096,+1.25309
+1.71,+1.32489
+1.7104,+1.3779
+1.7108,+1.40238
+1.7113,+1.48973
+1.7117,+1.51506
+1.712,+1.52312
+1.7124,+1.62919
+1.7128,+1.66759
+1.7133,+1.7369
+1.7137,+1.86053
+1.714,+1.9267
+1.7144,+1.95813
+1.7148,+2.07257
+1.7152,+2.17444
+1.7157,+2.14764
+1.716,+2.102
+1.7164,+2.02609
+1.7168,+2.02599
+1.7173,+2.00231
+1.7177,+1.93542
+1.718,+1.74984
+1.7184,+1.64048
+1.7188,+1.61599
+1.7193,+1.39422
+1.7197,+1.31314
+1.72,+1.35785
+1.7204,+1.41
+1.7208,+1.41502
+1.7213,+1.48858
+1.7217,+1.49763
+1.722,+1.65624
+1.7224,+1.77995
+1.7228,+1.75626
+1.7233,+1.86764
+1.7237,+2.00868
+1.724,+1.97763
+1.7244,+1.92932
+1.7248,+1.88299
+1.7253,+1.77025
+1.7257,+1.87317
+1.7261,+1.85719
+1.7264,+1.8174
+1.7268,+1.92755
+1.7273,+1.92573
+1.7277,+1.84342
+1.728,+2.05226
+1.7284,+2.20467
+1.7288,+2.23479
+1.7293,+2.2923
+1.7296,+2.16895
+1.73,+2.24688
+1.7304,+2.22306
+1.7308,+2.10514
+1.7313,+2.13652
+1.7317,+2.29694
+1.732,+2.16114
+1.7324,+2.07618
+1.7329,+2.14206
+1.7333,+2.13119
+1.7337,+2.17987
+1.734,+2.21875
+1.7345,+2.18417
+1.7348,+2.22595
+1.7353,+2.29569
+1.7357,+2.18643
+1.736,+2.29862
+1.7364,+2.44258
+1.7368,+2.37165
+1.7373,+2.32963
+1.7377,+2.22876
+1.738,+2.20378
+1.7384,+2.2546
+1.7388,+2.27138
+1.7397,+2.30523
+1.7399,+2.39721
+1.7401,+2.34329
+1.7404,+2.24653
+1.7408,+2.23774
+1.7413,+2.36036
+1.7416,+2.46067
+1.742,+2.41142
+1.7424,+2.38809
+1.7428,+2.39351
+1.7433,+2.28134
+1.7437,+2.32122
+1.744,+2.23638
+1.7444,+2.28128
+1.7448,+2.27378
+1.7453,+2.21127
+1.7457,+2.25729
+1.746,+2.25402
+1.7464,+2.27158
+1.7468,+2.13907
+1.7472,+2.14927
+1.7477,+2.05571
+1.748,+2.21967
+1.7484,+2.21202
+1.7489,+2.25716
+1.7493,+2.22703
+1.7497,+2.11317
+1.75,+2.15501
+1.7504,+2.1477
+1.7508,+2.25315
+1.7513,+2.37398
+1.7517,+2.41667
+1.752,+2.34838
+1.7524,+2.26573
+1.7528,+2.24232
+1.7533,+2.24527
+1.7537,+2.3773
+1.754,+2.45387
+1.7544,+2.66507
+1.7548,+2.73359
+1.7551,+2.5425
+1.7556,+2.46359
+1.756,+2.52186
+1.7564,+2.7151
+1.7568,+2.88991
+1.7573,+2.96965
+1.7576,+2.96438
+1.758,+2.80889
+1.7584,+2.71052
+1.7588,+2.62826
+1.7591,+2.87613
+1.7596,+2.87765
+1.76,+2.87009
+1.7604,+2.79239
+1.7608,+2.64582
+1.7613,+2.68586
+1.7616,+2.54814
+1.762,+2.55537
+1.7624,+2.53859
+1.7628,+2.551
+1.7633,+2.39964
+1.7636,+2.42056
+1.764,+2.34448
+1.7644,+2.33341
+1.7648,+2.42294
+1.7651,+2.33478
+1.7656,+2.36872
+1.766,+2.33932
+1.7664,+2.24149
+1.7668,+2.34789
+1.7673,+2.28462
+1.7676,+2.33713
+1.768,+2.36018
+1.7684,+2.31448
+1.7688,+2.25787
+1.7693,+2.49761
+1.7696,+2.51708
+1.77,+2.56852
+1.7704,+2.69226
+1.7707,+2.70013
+1.7711,+2.82802
+1.7716,+2.76139
+1.772,+2.77539
+1.7724,+2.70222
+1.7728,+2.75465
+1.7731,+2.62584
+1.7737,+2.67124
+1.774,+2.84638
+1.7744,+2.85247
+1.7748,+2.83669
+1.7753,+2.9206
+1.7756,+3.0063
+1.776,+2.92474
+1.7764,+3.0174
+1.7768,+2.98872
+1.7771,+2.89375
+1.7776,+2.96022
+1.778,+2.79716
+1.7784,+2.82688
+1.7788,+2.67871
+1.7791,+2.50472
+1.7796,+2.52246
+1.78,+2.64158
+1.7804,+2.69097
+1.7807,+2.76791
+1.7813,+2.87935
+1.7816,+2.91983
+1.782,+3.07021
+1.7824,+2.99901
+1.7828,+3.17237
+1.7831,+3.17806
+1.7836,+3.12463
+1.784,+3.06062
+1.7844,+2.98354
+1.7848,+2.85821
+1.7851,+2.77032
+1.7856,+2.7287
+1.786,+2.7147
+1.7864,+2.63066
+1.7868,+2.49857
+1.7871,+2.63895
+1.7876,+2.64061
+1.788,+2.65935
+1.7884,+2.70532
+1.7888,+2.76213
+1.7891,+2.89062
+1.7896,+2.81866
+1.79,+2.69237
+1.7904,+2.85749
+1.7908,+2.96479
+1.7913,+2.87392
+1.7916,+2.85269
+1.792,+2.83847
+1.7924,+2.88568
+1.7928,+2.83775
+1.7933,+2.71693
+1.7936,+2.86042
+1.794,+2.98305
+1.7944,+3.07309
+1.7948,+3.11955
+1.7951,+3.16645
+1.7956,+3.19474
+1.796,+3.22635
+1.7964,+3.07334
+1.7968,+3.07171
+1.7973,+3.0648
+1.7976,+2.86454
+1.798,+2.73853
+1.7984,+2.57888
+1.7988,+2.4356
+1.7991,+2.39217
+1.7996,+2.4832
+1.8,+2.35317
+1.8004,+2.37001
+1.8008,+2.30052
+1.8013,+2.28618
+1.8016,+2.37415
+1.802,+2.42886
+1.8024,+2.46522
+1.8028,+2.54273
+1.8031,+2.61638
+1.8038,+2.63814
+1.8041,+2.75113
+1.8044,+2.88217
+1.8048,+3.12182
+1.8051,+3.28691
+1.8056,+3.22201
+1.806,+3.16697
+1.8064,+3.07094
+1.8068,+2.96908
+1.8071,+2.80281
+1.8076,+2.706
+1.808,+2.70955
+1.8084,+2.53788
+1.8088,+2.41302
+1.8091,+2.26238
+1.8096,+2.20886
+1.81,+2.22844
+1.8104,+2.20146
+1.8107,+2.24002
+1.8111,+2.25561
+1.8116,+2.22646
+1.812,+2.11254
+1.8124,+2.2203
+1.8128,+2.33154
+1.8133,+2.35074
+1.8136,+2.46971
+1.814,+2.49889
+1.8144,+2.75051
+1.8148,+2.78199
+1.8151,+2.74285
+1.8156,+2.83463
+1.816,+2.82681
+1.8164,+2.82517
+1.8168,+2.72372
+1.8171,+2.78443
+1.8176,+2.7774
+1.818,+2.70714
+1.8184,+2.56055
+1.8188,+2.53632
+1.8191,+2.50007
+1.8196,+2.32395
+1.82,+2.41467
+1.8204,+2.30324
+1.8208,+2.36499
+1.8211,+2.23425
+1.8216,+2.26604
+1.822,+2.32718
+1.8224,+2.21405
+1.8228,+2.29313
+1.8231,+2.43279
+1.8236,+2.4112
+1.824,+2.37875
+1.8244,+2.40194
+1.8248,+2.35247
+1.8253,+2.41884
+1.8256,+2.35142
+1.826,+2.32421
+1.8264,+2.17347
+1.8268,+2.09012
+1.8271,+2.00555
+1.8276,+2.09389
+1.828,+2.0723
+1.8284,+2.21305
+1.8288,+2.11543
+1.8291,+2.10091
+1.8296,+2.12382
+1.83,+2.08678
+1.8304,+2.22645
+1.8308,+2.21072
+1.8313,+2.20735
+1.8316,+2.26815
+1.832,+2.24319
+1.8324,+2.13167
+1.8328,+2.13606
+1.8331,+2.13968
+1.8336,+2.11092
+1.834,+2.11977
+1.8344,+2.11752
+1.8348,+2.14687
+1.8351,+2.12246
+1.8356,+1.97108
+1.836,+1.88852
+1.8364,+1.88866
+1.8368,+1.9222
+1.8371,+1.86691
+1.8376,+1.83079
+1.838,+1.82599
+1.8384,+1.71866
+1.8388,+1.66758
+1.8391,+1.75881
+1.8396,+1.8243
+1.84,+1.78927
+1.8404,+1.81723
+1.8408,+1.90594
+1.8411,+1.93019
+1.8421,+2.05545
+1.8424,+2.02784
+1.8426,+2.13772
+1.8428,+2.12745
+1.8431,+2.08701
+1.8436,+2.14333
+1.844,+2.22835
+1.8444,+2.28085
+1.8448,+2.19089
+1.8451,+2.29864
+1.8456,+2.22858
+1.846,+2.18616
+1.8464,+2.24253
+1.8468,+2.2694
+1.8471,+2.26415
+1.8476,+2.14178
+1.848,+2.15367
+1.8484,+2.10951
+1.8488,+2.07623
+1.8491,+1.97295
+1.8496,+1.8504
+1.85,+1.93798
+1.8504,+1.85914
+1.8508,+1.89123
+1.8511,+1.87291
+1.8516,+1.79027
+1.852,+1.7808
+1.8524,+1.70589
+1.8528,+1.71387
+1.8531,+1.63796
+1.8536,+1.6245
+1.854,+1.4895
+1.8545,+1.57798
+1.8548,+1.44402
+1.8551,+1.40573
+1.8556,+1.62759
+1.856,+1.50567
+1.8564,+1.53654
+1.8568,+1.57434
+1.8571,+1.67207
+1.8576,+1.73028
+1.858,+1.82699
+1.8584,+1.69756
+1.8588,+1.82605
+1.8591,+1.90311
+1.8596,+1.81965
+1.86,+1.92412
+1.8604,+1.81778
+1.8608,+1.75538
+1.8613,+1.64761
+1.8616,+1.59707
+1.862,+1.56614
+1.8624,+1.60224
+1.8628,+1.5049
+1.8631,+1.56065
+1.8636,+1.53625
+1.864,+1.61625
+1.8644,+1.71719
+1.8648,+1.72991
+1.8653,+1.68285
+1.8656,+1.58801
+1.866,+1.54961
+1.8664,+1.46287
+1.8668,+1.50609
+1.8671,+1.34939
+1.8676,+1.22313
+1.868,+1.07648
+1.8684,+0.990319
+1.8688,+1.05364
+1.8691,+1.11682
+1.8696,+1.33787
+1.87,+1.4142
+1.8704,+1.49804
+1.8708,+1.50987
+1.8711,+1.58815
+1.8716,+1.70352
+1.872,+1.79882
+1.8724,+1.84016
+1.8728,+1.74968
+1.8731,+1.80882
+1.8736,+1.6935
+1.874,+1.5711
+1.8744,+1.53247
+1.8748,+1.4949
+1.8751,+1.35162
+1.8756,+1.29498
+1.876,+1.26054
+1.8764,+1.22929
+1.8768,+1.27003
+1.8771,+1.272
+1.8776,+1.17913
+1.878,+1.24866
+1.8784,+1.18185
+1.8788,+1.03952
+1.8791,+1.03373
+1.8796,+0.944201
+1.88,+0.856572
+1.8804,+0.789521
+1.8808,+0.714618
+1.8811,+0.608689
+1.8816,+0.674782
+1.882,+0.712147
+1.8824,+0.833617
+1.8828,+0.913078
+1.8831,+0.935171
+1.8836,+0.97145
+1.884,+1.09532
+1.8844,+1.08818
+1.8849,+1.15423
+1.8852,+1.13855
+1.8856,+1.20181
+1.886,+1.06434
+1.8864,+1.07131
+1.8868,+1.05143
+1.8871,+1.03731
+1.8876,+0.968442
+1.888,+0.915081
+1.8884,+0.97874
+1.8888,+0.997608
+1.8891,+0.929777
+1.8896,+0.832184
+1.89,+0.876559
+1.8904,+0.753545
+1.8908,+0.836583
+1.8911,+0.945413
+1.8916,+1.08878
+1.892,+0.997205
+1.8924,+1.06817
+1.8928,+1.0274
+1.8931,+1.08237
+1.8936,+1.07615
+1.894,+1.12923
+1.8944,+1.29659
+1.8948,+1.19442
+1.8951,+0.980354
+1.8956,+0.953577
+1.896,+1.07357
+1.8964,+0.924302
+1.8968,+0.848041
+1.8971,+0.783365
+1.8976,+0.760581
+1.898,+0.601999
+1.8984,+0.435376
+1.8988,+0.353763
+1.8991,+0.436172
+1.8996,+0.360692
+1.9,+0.310293
+1.9004,+0.320165
+1.9008,+0.402854
+1.9011,+0.429818
+1.9016,+0.470003
+1.902,+0.525397
+1.9024,+0.662294
+1.9028,+0.692225
+1.9031,+0.724112
+1.9036,+0.711784
+1.904,+0.685886
+1.9044,+0.650392
+1.9048,+0.688634
+1.9051,+0.723682
+1.9056,+0.61755
+1.906,+0.496241
+1.9064,+0.325168
+1.9068,+0.476436
+1.9071,+0.487563
+1.9076,+0.381798
+1.908,+0.323154
+1.9084,+0.209368
+1.9088,+0.0146426
+1.9091,+0.0540948
+1.9096,+0.0950532
+1.91,+0.191872
+1.9104,+0.158423
+1.9108,+0.00981124
+1.9111,-0.00912061
+1.9116,+0.117212
+1.912,+0.097487
+1.9124,+0.300821
+1.9128,+0.344842
+1.9131,+0.296678
+1.9136,+0.308694
+1.914,+0.364489
+1.9144,+0.362989
+1.9148,+0.396173
+1.9153,+0.31135
+1.9156,+0.361873
+1.916,+0.438583
+1.9164,+0.344553
+1.9168,+0.317324
+1.9171,+0.319459
+1.9176,+0.374033
+1.918,+0.263508
+1.9184,+0.33714
+1.9188,+0.320305
+1.9191,+0.426667
+1.9196,+0.274131
+1.92,+0.136279
+1.9204,+0.125373
+1.9208,+0.232666
+1.9211,+0.264604
+1.9216,+0.212951
+1.922,+0.243591
+1.9224,+0.225252
+1.9228,+0.283959
+1.9231,+0.207282
+1.9236,+0.251856
+1.924,+0.324263
+1.9244,+0.342821
+1.9248,+0.318538
+1.9251,+0.263003
+1.9258,+0.268592
+1.926,+0.328572
+1.9264,+0.230228
+1.9268,+0.14856
+1.9271,+0.209221
+1.9276,+0.23156
+1.928,+0.151089
+1.9284,+0.0817383
+1.9288,+0.0312025
+1.9291,-0.0419582
+1.9296,-0.0592285
+1.93,-0.185629
+1.9304,-0.186941
+1.9308,-0.19443
+1.9311,-0.296931
+1.9316,-0.221749
+1.932,-0.186421
+1.9324,-0.128757
+1.9328,-0.20902
+1.9331,-0.204568
+1.9336,-0.213655
+1.934,-0.131443
+1.9344,-0.181831
+1.9348,-0.215232
+1.9351,-0.215026
+1.9356,-0.331669
+1.936,-0.299917
+1.9364,-0.325062
+1.9368,-0.235335
+1.9371,-0.237308
+1.9376,-0.237277
+1.938,-0.208984
+1.9384,-0.179137
+1.9388,-0.236265
+1.9391,-0.07673
+1.9396,-0.052611
+1.94,+0.00111144
+1.9404,+0.0453747
+1.9408,+0.0167333
+1.9411,+0.00945047
+1.9416,+0.0667221
+1.942,+0.028235
+1.9424,+0.0404398
+1.9428,+0.0988621
+1.9431,-0.0792752
+1.9436,-0.0620823
+1.9445,-0.173939
+1.9447,-0.21672
+1.945,-0.324134
+1.9453,-0.270787
+1.9456,-0.342702
+1.946,-0.437019
+1.9464,-0.391755
+1.9468,-0.33669
+1.9471,-0.355282
+1.9476,-0.33691
+1.948,-0.418174
+1.9484,-0.495676
+1.9488,-0.454049
+1.9491,-0.483558
+1.9496,-0.492653
+1.95,-0.46
+1.9504,-0.474809
+1.9508,-0.561486
+1.9511,-0.465179
+1.9516,-0.604822
+1.952,-0.545061
+1.9524,-0.593554
+1.9528,-0.635618
+1.9531,-0.638733
+1.9537,-0.643658
+1.954,-0.596685
+1.9544,-0.498806
+1.9548,-0.411545
+1.9551,-0.4152
+1.9558,-0.375562
+1.956,-0.28371
+1.9564,-0.153223
+1.9568,-0.0561382
+1.9571,-0.119177
+1.9576,-0.242392
+1.958,-0.271941
+1.9584,-0.413975
+1.9588,-0.517718
+1.9591,-0.579409
+1.9596,-0.56785
+1.96,-0.617821
+1.9604,-0.648491
+1.9608,-0.708282
+1.9611,-0.729654
+1.9616,-0.593838
+1.962,-0.687845
+1.9624,-0.669609
+1.9628,-0.597733
+1.9631,-0.624181
+1.9636,-0.713652
+1.964,-0.730438
+1.9644,-0.676744
+1.9648,-0.576233
+1.9651,-0.631476
+1.9656,-0.735267
+1.966,-0.704417
+1.9664,-0.618638
+1.9668,-0.732939
+1.9671,-0.825612
+1.9676,-0.762967
+1.968,-0.802264
+1.9684,-0.908353
+1.9688,-1.10309
+1.9691,-1.05997
+1.9696,-0.938244
+1.97,-0.913488
+1.9704,-0.963859
+1.9708,-0.829517
+1.9711,-0.738052
+1.9716,-0.832294
+1.972,-0.908517
+1.9724,-0.917142
+1.9728,-0.900567
+1.9731,-0.955793
+1.9736,-1.08521
+1.974,-1.15747
+1.9744,-1.15582
+1.9748,-1.36344
+1.9751,-1.3326
+1.9756,-1.2682
+1.976,-1.12681
+1.9764,-1.11822
+1.9768,-1.19461
+1.9771,-1.07162
+1.9776,-1.11246
+1.978,-1.05622
+1.9784,-1.11181
+1.9788,-0.921222
+1.9791,-0.962386
+1.9796,-0.895012
+1.98,-1.04449
+1.9804,-1.11952
+1.9808,-1.08124
+1.9811,-1.19349
+1.9816,-1.13472
+1.982,-1.20372
+1.9824,-1.21138
+1.9828,-1.20278
+1.9831,-1.26153
+1.9836,-1.27791
+1.984,-1.17661
+1.9844,-1.08462
+1.9848,-1.0648
+1.9851,-1.03606
+1.9856,-1.09562
+1.986,-1.10528
+1.9864,-1.05642
+1.9868,-1.16583
+1.9871,-1.15115
+1.9876,-1.15029
+1.988,-1.18093
+1.9884,-1.18851
+1.9888,-1.17241
+1.9891,-1.21352
+1.9896,-1.13695
+1.99,-1.12356
+1.9904,-1.07615
+1.9908,-1.07978
+1.9911,-1.15407
+1.9916,-1.33715
+1.992,-1.36278
+1.9924,-1.38897
+1.9928,-1.41114
+1.9931,-1.40875
+1.9936,-1.44116
+1.994,-1.30223
+1.9944,-1.41191
+1.9948,-1.43803
+1.9951,-1.36546
+1.9956,-1.26994
+1.996,-1.34853
+1.9964,-1.31862
+1.9968,-1.44469
+1.9971,-1.43223
+1.9976,-1.41281
+1.998,-1.44225
+1.9984,-1.47851
+1.9988,-1.33515
+1.9991,-1.20278
+1.9996,-1.04598
+2,-0.826672
