+0,-5.43321
+0.0004,-6.60706
+0.0007,-7.80065
+0.0011,-8.79536
+0.0016,-9.83429
+0.002,-11.0218
+0.0024,-11.0272
+0.0027,-11.1842
+0.0031,-11.2356
+0.0036,-11.2973
+0.004,-11.3208
+0.0044,-11.3403
+0.0047,-11.2555
+0.0051,-11.3882
+0.0055,-11.4744
+0.006,-11.3721
+0.0064,-11.3481
+0.0067,-11.1441
+0.0071,-11.0708
+0.0076,-11.0844
+0.008,-11.2057
+0.0084,-11.1444
+0.0087,-11.1553
+0.0092,-11.1419
+0.0096,-11.1158
+0.01,-11.208
+0.0104,-11.2282
+0.0107,-11.2985
+0.0111,-11.4696
+0.0116,-11.2951
+0.012,-11.239
+0.0124,-11.2424
+0.0127,-11.2736
+0.0131,-11.2674
+0.0135,-11.4115
+0.014,-11.294
+0.0144,-11.2988
+0.0147,-11.3866
+0.0151,-11.1204
+0.0155,-11.2506
+0.016,-11.1935
+0.0164,-11.1438
+0.0167,-11.0059
+0.0171,-11.0013
+0.0176,-10.7463
+0.018,-10.8018
+0.0184,-10.7461
+0.0187,-10.6052
+0.0191,-10.7472
+0.0195,-10.7253
+0.02,-10.7166
+0.0204,-10.7351
+0.0207,-10.8044
+0.0211,-10.8599
+0.0215,-10.9058
+0.022,-10.9728
+0.0224,-10.908
+0.0227,-10.9627
+0.0231,-10.8474
+0.0235,-10.7794
+0.024,-10.7994
+0.0244,-10.7356
+0.0247,-10.6909
+0.0251,-10.5905
+0.0255,-10.6034
+0.026,-10.3537
+0.0264,-10.3755
+0.0267,-10.3695
+0.0271,-10.42
+0.0277,-10.3585
+0.028,-10.272
+0.0284,-10.3016
+0.0287,-10.2212
+0.0292,-10.1616
+0.0296,-10.1381
+0.03,-10.189
+0.0304,-10.0976
+0.0307,-10.0173
+0.0311,-9.95594
+0.0316,-9.87668
+0.032,-9.79592
+0.0324,-9.66465
+0.0327,-9.67981
+0.0331,-9.69852
+0.0335,-9.58069
+0.034,-9.57193
+0.0344,-9.5699
+0.0347,-9.5287
+0.0351,-9.49658
+0.0355,-9.52642
+0.036,-9.42205
+0.0364,-9.56566
+0.0367,-9.45329
+0.0371,-9.5225
+0.0376,-9.4446
+0.038,-9.3832
+0.0384,-9.27276
+0.0387,-9.271
+0.0391,-9.1939
+0.0396,-9.08928
+0.04,-9.05957
+0.0404,-8.81006
+0.0407,-8.71304
+0.0411,-8.46745
+0.0415,-8.43881
+0.042,-8.3348
+0.0424,-8.27341
+0.0427,-8.10473
+0.0431,-7.9767
+0.0435,-7.88007
+0.044,-7.75285
+0.0444,-7.62752
+0.0447,-7.51461
+0.0451,-7.40398
+0.0455,-7.34802
+0.046,-7.26854
+0.0464,-7.15007
+0.0467,-7.08477
+0.0471,-7.01971
+0.0476,-6.92278
+0.048,-6.94439
+0.0484,-6.85424
+0.0487,-6.80973
+0.0491,-6.77032
+0.0495,-6.71481
+0.05,-6.65289
+0.0504,-6.63466
+0.0507,-6.53994
+0.0511,-6.44824
+0.0516,-6.44521
+0.052,-6.33768
+0.0524,-6.32812
+0.0527,-6.26891
+0.0531,-6.22807
+0.0535,-6.11675
+0.054,-6.03178
+0.0544,-5.85299
+0.0547,-5.72575
+0.0551,-5.64267
+0.0555,-5.59333
+0.056,-5.50909
+0.0564,-5.41029
+0.0567,-5.42485
+0.0571,-5.26691
+0.0576,-5.15342
+0.058,-5.07989
+0.0584,-5.17512
+0.0587,-5.11036
+0.0591,-5.05812
+0.0596,-4.96039
+0.06,-4.82441
+0.0604,-4.76883
+0.0607,-4.64657
+0.0611,-4.56415
+0.0615,-4.51345
+0.062,-4.47589
+0.0624,-4.3542
+0.0628,-4.22321
+0.0631,-4.10737
+0.0635,-3.99606
+0.064,-3.89844
+0.0644,-3.77608
+0.0647,-3.7483
+0.0651,-3.66072
+0.0655,-3.50698
+0.066,-3.3876
+0.0664,-3.29914
+0.0667,-3.33631
+0.0671,-3.38407
+0.0676,-3.26069
+0.068,-3.18611
+0.0684,-3.18766
+0.0687,-3.08832
+0.0691,-3.03096
+0.0695,-3.07464
+0.0701,-3.00015
+0.0704,-2.88918
+0.0707,-2.75573
+0.0711,-2.58434
+0.0715,-2.44243
+0.072,-2.44776
+0.0724,-2.37679
+0.0727,-2.21072
+0.0731,-2.15389
+0.0735,-1.96762
+0.074,-1.86436
+0.0744,-1.72827
+0.0748,-1.63106
+0.0751,-1.48044
+0.0755,-1.46508
+0.076,-1.32757
+0.0764,-1.25929
+0.0767,-1.2189
+0.0771,-1.17681
+0.0776,-1.14477
+0.078,-1.08143
+0.0784,-1.11436
+0.0787,-1.08922
+0.0791,-1.13967
+0.0795,-1.24842
+0.08,-1.2206
+0.0804,-1.088
+0.0807,-1.08334
+0.0811,-1.01187
+0.0816,-0.955683
+0.082,-0.942671
+0.0824,-0.800726
+0.0827,-0.763571
+0.0831,-0.711
+0.0835,-0.506131
+0.084,-0.44141
+0.0844,-0.271181
+0.0847,-0.157357
+0.0851,+0.0339687
+0.0855,+0.159673
+0.086,+0.309467
+0.0864,+0.308278
+0.0867,+0.329847
+0.0871,+0.479857
+0.0876,+0.463356
+0.088,+0.568492
+0.0884,+0.474463
+0.0887,+0.475532
+0.0891,+0.421564
+0.0895,+0.353737
+0.09,+0.49449
+0.0904,+0.678207
+0.0907,+0.753184
+0.0911,+0.773364
+0.0915,+0.81665
+0.092,+0.902659
+0.0924,+1.01101
+0.0927,+1.1128
+0.0931,+1.15447
+0.0935,+1.3105
+0.094,+1.30588
+0.0944,+1.25422
+0.0948,+1.41609
+0.0951,+1.51466
+0.0955,+1.69182
+0.096,+1.69696
+0.0964,+1.75916
+0.0968,+1.86838
+0.0971,+2.02033
+0.0976,+1.99153
+0.098,+1.98887
+0.0984,+2.10078
+0.0987,+2.16331
+0.0991,+2.25568
+0.0995,+2.27049
+0.1,+2.2923
+0.1004,+2.42698
+0.1007,+2.41396
+0.1019,+2.51196
+0.102,+2.60496
+0.1024,+2.68981
+0.1027,+2.7306
+0.1031,+2.77454
+0.1035,+2.77327
+0.104,+2.94814
+0.1044,+3.13426
+0.1047,+3.11319
+0.1051,+3.26848
+0.1055,+3.30064
+0.106,+3.45869
+0.1064,+3.5968
+0.1067,+3.78807
+0.1071,+3.76189
+0.1075,+3.92043
+0.108,+3.89275
+0.1084,+3.90742
+0.1087,+3.98382
+0.1091,+4.05659
+0.1095,+4.15176
+0.11,+4.15346
+0.1104,+4.13415
+0.1107,+4.07488
+0.1111,+4.17676
+0.1115,+4.15754
+0.112,+4.13835
+0.1124,+4.114
+0.1127,+4.23723
+0.1131,+4.27665
+0.1135,+4.29063
+0.114,+4.38279
+0.1144,+4.46898
+0.1147,+4.59511
+0.1153,+4.69447
+0.1156,+4.71551
+0.116,+5.02448
+0.1164,+5.20282
+0.1167,+5.15981
+0.1171,+5.27315
+0.1176,+5.41274
+0.118,+5.45351
+0.1184,+5.64526
+0.1188,+5.63527
+0.1191,+5.71093
+0.1195,+5.87304
+0.12,+5.86668
+0.1204,+5.9321
+0.1207,+6.10651
+0.1211,+6.15508
+0.1215,+6.23108
+0.122,+6.41007
+0.1224,+6.44037
+0.1229,+6.56398
+0.1231,+6.72324
+0.1235,+6.77578
+0.124,+6.8312
+0.1244,+6.86007
+0.1247,+6.8851
+0.1251,+6.97074
+0.1255,+7.01569
+0.126,+6.99511
+0.1264,+7.12693
+0.1267,+7.25282
+0.1271,+7.28842
+0.1275,+7.47642
+0.128,+7.612
+0.1284,+7.77773
+0.1288,+7.92555
+0.1291,+8.0623
+0.1295,+8.13879
+0.13,+8.23368
+0.1304,+8.22975
+0.1307,+8.26207
+0.1311,+8.31645
+0.1315,+8.29014
+0.132,+8.32395
+0.1324,+8.36385
+0.1328,+8.47836
+0.1331,+8.47915
+0.1335,+8.59795
+0.134,+8.76869
+0.1344,+8.92989
+0.1347,+9.08789
+0.1351,+9.18633
+0.1355,+9.2645
+0.136,+9.34941
+0.1364,+9.40151
+0.1368,+9.4361
+0.1371,+9.62022
+0.1375,+9.80118
+0.138,+9.84816
+0.1384,+9.91068
+0.1387,+10.0151
+0.1391,+10.0973
+0.1395,+10.2474
+0.14,+10.3681
+0.1404,+10.5139
+0.1407,+10.6457
+0.1411,+10.6791
+0.1415,+10.5947
+0.142,+10.6118
+0.1424,+10.5625
+0.1428,+10.5313
+0.1431,+10.5707
+0.1435,+10.6783
+0.144,+10.6855
+0.1444,+10.6892
+0.1448,+10.7127
+0.1451,+10.7166
+0.1455,+10.7733
+0.146,+10.9368
+0.1464,+11.131
+0.1468,+11.3331
+0.1471,+11.4089
+0.1475,+11.4143
+0.148,+11.4677
+0.1484,+11.6182
+0.1487,+11.6891
+0.1491,+11.7758
+0.1495,+11.9478
+0.15,+11.9931
+0.1504,+11.9275
+0.1508,+11.8583
+0.1513,+11.8873
+0.1515,+11.8893
+0.152,+12.0539
+0.1524,+12.0216
+0.1528,+11.9976
+0.1531,+12.0558
+0.1535,+12.0393
+0.154,+12.0752
+0.1544,+12.2324
+0.1547,+12.2544
+0.1551,+12.3051
+0.1555,+12.4532
+0.156,+12.4087
+0.1564,+12.511
+0.1567,+12.6029
+0.1571,+12.7079
+0.1575,+12.7913
+0.158,+12.7818
+0.1584,+12.7528
+0.1587,+12.8285
+0.1591,+12.8993
+0.1595,+12.8244
+0.16,+12.8969
+0.1604,+12.724
+0.1608,+12.7391
+0.1611,+12.665
+0.1615,+12.6398
+0.162,+12.7458
+0.1624,+12.779
+0.1627,+12.777
+0.1631,+12.7892
+0.1635,+12.8227
+0.164,+12.8749
+0.1644,+13.0537
+0.1647,+13.1232
+0.1651,+13.2036
+0.1655,+13.2378
+0.166,+13.1964
+0.1664,+13.2226
+0.1668,+13.2249
+0.1671,+13.3374
+0.1675,+13.4041
+0.1681,+13.4438
+0.1684,+13.4715
+0.1688,+13.5025
+0.1691,+13.5435
+0.1695,+13.5883
+0.17,+13.6104
+0.1704,+13.7446
+0.1707,+13.924
+0.1711,+14.0055
+0.1715,+14.05
+0.172,+14.1625
+0.1724,+14.2087
+0.1727,+14.4445
+0.1731,+14.5763
+0.1735,+14.6693
+0.174,+14.8332
+0.1744,+14.9243
+0.1748,+14.9006
+0.1751,+14.8836
+0.1757,+14.9673
+0.176,+14.9477
+0.1764,+14.9866
+0.1768,+14.9153
+0.1771,+14.9425
+0.1775,+14.9763
+0.178,+14.9145
+0.1784,+14.977
+0.1787,+15.0948
+0.1791,+15.2471
+0.1795,+15.2976
+0.18,+15.3891
+0.1804,+15.549
+0.1808,+15.6057
+0.1813,+15.6666
+0.1815,+15.7481
+0.182,+15.9099
+0.1824,+15.923
+0.1828,+16.0453
+0.1831,+15.9821
+0.1835,+16.0836
+0.184,+16.0837
+0.1844,+16.0902
+0.1848,+16.1405
+0.1851,+16.1891
+0.1855,+16.2974
+0.186,+16.3634
+0.1864,+16.4071
+0.1868,+16.4458
+0.1871,+16.5794
+0.1875,+16.5302
+0.188,+16.5896
+0.1884,+16.7077
+0.1888,+16.7691
+0.1891,+16.8442
+0.1895,+16.8082
+0.19,+16.8491
+0.1904,+16.8747
+0.1908,+16.92
+0.1911,+16.9185
+0.1915,+17.1107
+0.192,+17.2099
+0.1924,+17.2341
+0.1928,+17.2301
+0.1931,+17.2386
+0.1935,+17.3446
+0.194,+17.3242
+0.1944,+17.4169
+0.1947,+17.4164
+0.1951,+17.497
+0.1955,+17.418
+0.196,+17.3298
+0.1964,+17.2225
+0.1968,+17.2128
+0.1971,+17.1025
+0.1975,+17.1519
+0.198,+17.1201
+0.1984,+17.0013
+0.1988,+16.856
+0.1991,+16.7643
+0.1995,+16.8282
+0.1999,+16.8605
+0.2004,+16.2095
+0.2008,+16.2029
+0.2012,+16.2976
+0.2016,+16.1959
+0.2021,+16.2853
+0.2024,+16.2483
+0.2028,+16.2979
+0.2032,+16.2607
+0.2043,+16.1404
+0.2045,+16.0287
+0.2048,+15.9389
+0.2052,+15.8833
+0.2055,+15.8092
+0.2059,+15.7347
+0.2064,+15.5812
+0.2068,+15.4743
+0.2072,+15.3644
+0.2077,+15.3508
+0.208,+15.2481
+0.2084,+15.1472
+0.2088,+15.0383
+0.2092,+14.8907
+0.2095,+14.6838
+0.2101,+14.5547
+0.2104,+14.4187
+0.2108,+14.4101
+0.2112,+14.2688
+0.2117,+14.1153
+0.212,+14.1083
+0.2124,+14.0663
+0.2128,+14.0276
+0.2132,+13.9831
+0.2135,+13.9479
+0.2141,+13.9437
+0.2144,+13.7784
+0.2148,+13.7147
+0.2152,+13.618
+0.2155,+13.4239
+0.216,+13.2728
+0.2164,+13.191
+0.2168,+12.9423
+0.2172,+12.713
+0.2175,+12.4934
+0.2181,+12.234
+0.2184,+12.0712
+0.2188,+11.8522
+0.2192,+11.7444
+0.2195,+11.6429
+0.2201,+11.3582
+0.2204,+11.0915
+0.2208,+10.9545
+0.2211,+10.9238
+0.2215,+10.8144
+0.222,+10.5881
+0.2224,+10.5026
+0.2228,+10.3584
+0.2232,+10.2796
+0.2235,+10.1277
+0.224,+10.0104
+0.2244,+9.91372
+0.2248,+9.69049
+0.2252,+9.42459
+0.2255,+9.31231
+0.2261,+9.27867
+0.2266,+9.07138
+0.2268,+8.89842
+0.2273,+8.62898
+0.2277,+8.41359
+0.2282,+8.37553
+0.2284,+8.15408
+0.2288,+8.08578
+0.2292,+7.95313
+0.2295,+7.68378
+0.2301,+7.36886
+0.2304,+7.29341
+0.2308,+7.15322
+0.2312,+7.00987
+0.2315,+6.91915
+0.232,+6.71661
+0.2324,+6.6508
+0.2328,+6.51702
+0.2332,+6.48065
+0.2335,+6.3809
+0.234,+6.44121
+0.2345,+6.33919
+0.2348,+6.39996
+0.2352,+6.3854
+0.2355,+6.32667
+0.236,+6.26269
+0.2364,+6.18192
+0.2368,+6.11284
+0.2372,+5.93981
+0.2375,+5.95094
+0.2381,+5.87028
+0.2384,+5.80788
+0.2388,+5.56277
+0.2392,+5.49446
+0.2395,+5.48562
+0.2401,+5.47112
+0.2404,+5.52454
+0.2408,+5.51059
+0.2412,+5.50403
+0.2416,+5.54655
+0.2421,+5.4849
+0.2424,+5.45991
+0.2428,+5.55142
+0.2432,+5.7034
+0.2435,+5.70067
+0.244,+5.68037
+0.2444,+5.61023
+0.2448,+5.57788
+0.2452,+5.67118
+0.2455,+5.70821
+0.246,+5.88358
+0.2464,+5.97226
+0.2468,+6.04632
+0.2472,+5.98916
+0.2475,+6.0591
+0.2481,+6.13708
+0.2484,+6.29799
+0.2488,+6.42826
+0.2492,+6.53096
+0.2496,+6.57833
+0.2499,+6.50106
+0.2504,+6.58681
+0.2508,+6.6154
+0.2512,+6.66175
+0.2515,+6.76843
+0.2521,+6.90693
+0.2524,+6.97688
+0.2528,+7.07961
+0.2532,+7.15177
+0.2536,+7.27472
+0.254,+7.47789
+0.2544,+7.5846
+0.2548,+7.71287
+0.2552,+7.85796
+0.2555,+7.89657
+0.2559,+7.91982
+0.2564,+7.93633
+0.2568,+7.9079
+0.2571,+8.01188
+0.2575,+8.04573
+0.258,+8.1238
+0.2584,+8.16605
+0.2588,+8.18279
+0.2591,+8.16772
+0.2595,+8.23841
+0.2599,+8.25445
+0.2604,+8.25809
+0.2608,+8.3794
+0.2611,+8.37651
+0.2615,+8.41394
+0.2619,+8.44094
+0.2635,+8.53179
+0.2637,+8.62616
+0.2639,+8.7618
+0.2642,+8.87289
+0.2644,+8.96066
+0.2648,+9.09252
+0.2651,+9.19189
+0.2655,+9.20912
+0.2659,+9.22343
+0.2664,+9.23103
+0.2668,+9.19147
+0.2671,+9.22589
+0.2675,+9.16678
+0.268,+9.12954
+0.2684,+9.09496
+0.2688,+9.08118
+0.2691,+8.99448
+0.2695,+9.03695
+0.2699,+9.08893
+0.2705,+9.09291
+0.2708,+9.02134
+0.2711,+8.90983
+0.2715,+8.93178
+0.2719,+8.9282
+0.2724,+8.98743
+0.2728,+8.99154
+0.2731,+9.1236
+0.2736,+9.11295
+0.274,+9.14957
+0.2744,+9.243
+0.2748,+9.34145
+0.2751,+9.42328
+0.2755,+9.46593
+0.276,+9.44351
+0.2764,+9.45209
+0.2768,+9.45038
+0.2771,+9.33799
+0.2775,+9.41979
+0.278,+9.35034
+0.2784,+9.25031
+0.2788,+9.30592
+0.2791,+9.33958
+0.2795,+9.38289
+0.2799,+9.41847
+0.2804,+9.36667
+0.2808,+9.44397
+0.2811,+9.48518
+0.2815,+9.45493
+0.282,+9.47218
+0.2824,+9.46058
+0.2828,+9.44852
+0.2831,+9.47274
+0.2835,+9.41982
+0.2841,+9.36364
+0.2844,+9.31926
+0.2848,+9.33142
+0.2851,+9.33354
+0.2855,+9.30273
+0.2859,+9.38106
+0.2864,+9.39457
+0.2868,+9.3266
+0.2871,+9.32035
+0.2875,+9.27257
+0.2879,+9.33406
+0.2884,+9.3854
+0.2888,+9.26843
+0.2891,+9.30693
+0.2895,+9.21416
+0.2899,+9.11705
+0.2904,+9.04191
+0.2908,+8.99509
+0.2911,+8.81331
+0.2915,+8.70431
+0.2919,+8.53526
+0.2924,+8.50652
+0.2928,+8.38378
+0.2931,+8.19465
+0.2935,+8.24114
+0.2939,+8.15305
+0.2944,+8.07477
+0.2948,+7.97992
+0.2951,+7.86867
+0.2955,+7.76831
+0.2959,+7.90921
+0.2964,+7.78506
+0.2968,+7.81016
+0.2971,+7.73221
+0.2975,+7.71966
+0.2979,+7.66877
+0.2984,+7.65244
+0.2988,+7.65739
+0.2991,+7.65036
+0.2995,+7.63035
+0.2999,+7.31357
+0.3004,+7.32142
+0.3008,+7.08867
+0.3011,+7.05026
+0.3015,+6.92639
+0.302,+6.77747
+0.3024,+6.62618
+0.3028,+6.48281
+0.3031,+6.47073
+0.3035,+6.46803
+0.304,+6.50225
+0.3044,+6.37175
+0.3048,+6.33953
+0.3051,+6.22043
+0.3055,+6.13967
+0.3067,+6.03388
+0.3069,+5.99007
+0.3072,+5.91857
+0.3075,+5.72933
+0.3088,+5.54441
+0.309,+5.31196
+0.3092,+5.18698
+0.3095,+5.06201
+0.3099,+5.13317
+0.3104,+4.95441
+0.3108,+4.86943
+0.3111,+4.70421
+0.3115,+4.66045
+0.3119,+4.52851
+0.3124,+4.52309
+0.3128,+4.55335
+0.3131,+4.51432
+0.3135,+4.54604
+0.3139,+4.35832
+0.3145,+4.40035
+0.3148,+4.4833
+0.3151,+4.56554
+0.3155,+4.54839
+0.3159,+4.60111
+0.3164,+4.60315
+0.3168,+4.611
+0.3171,+4.73688
+0.3175,+4.72822
+0.3179,+4.85219
+0.3184,+4.97148
+0.3188,+4.98141
+0.3191,+5.19561
+0.3195,+5.29435
+0.3199,+5.51541
+0.3204,+5.73119
+0.3208,+5.91069
+0.3211,+5.91015
+0.3215,+6.18618
+0.3219,+6.26023
+0.3224,+6.25581
+0.3228,+6.50317
+0.3231,+6.59042
+0.3235,+6.78212
+0.3239,+6.86448
+0.3244,+6.92922
+0.3248,+7.16127
+0.3251,+7.38414
+0.3255,+7.472
+0.3259,+7.58046
+0.3264,+7.78974
+0.3268,+7.98955
+0.3271,+8.13827
+0.3275,+8.28614
+0.328,+8.47982
+0.3284,+8.69721
+0.3288,+8.83344
+0.3291,+8.97438
+0.3295,+9.14345
+0.3299,+9.49088
+0.3304,+9.75027
+0.3308,+9.95929
+0.3311,+10.3085
+0.3315,+10.5263
+0.3319,+10.8043
+0.3324,+10.9678
+0.3328,+11.2347
+0.3331,+11.5655
+0.3335,+11.8918
+0.3339,+12.1687
+0.3344,+12.4026
+0.3348,+12.6969
+0.3351,+12.7252
+0.3355,+13.0461
+0.3359,+13.248
+0.3364,+13.5215
+0.3368,+13.5953
+0.3371,+13.7614
+0.3375,+13.8842
+0.3379,+13.8579
+0.3384,+13.8559
+0.3388,+13.8366
+0.3391,+13.9627
+0.3395,+14.0048
+0.3399,+14.0866
+0.3404,+14.1101
+0.3408,+14.346
+0.3411,+14.462
+0.3415,+14.5801
+0.3419,+14.8033
+0.3424,+15.1184
+0.3428,+15.2815
+0.3431,+15.4447
+0.3435,+15.5039
+0.3439,+15.5233
+0.3445,+15.6031
+0.3448,+15.6272
+0.3451,+15.7117
+0.3455,+15.846
+0.3459,+15.8386
+0.3464,+15.8296
+0.3468,+15.8278
+0.3471,+15.8644
+0.3475,+15.8816
+0.3479,+15.8834
+0.3484,+15.9258
+0.3488,+15.8537
+0.3491,+15.8221
+0.3495,+15.7334
+0.3499,+15.7625
+0.3504,+15.7407
+0.3508,+15.7752
+0.3511,+15.6898
+0.3515,+15.605
+0.3519,+15.6891
+0.3524,+15.5993
+0.3528,+15.7489
+0.3531,+15.6059
+0.3535,+15.5577
+0.3539,+15.5329
+0.3544,+15.4763
+0.3548,+15.3408
+0.3551,+15.3941
+0.3555,+15.4717
+0.3559,+15.436
+0.3564,+15.4218
+0.3568,+15.1772
+0.3571,+15.1359
+0.3575,+15.1634
+0.3579,+15.1132
+0.3584,+15.0353
+0.3588,+14.9665
+0.3591,+14.8623
+0.3595,+14.7164
+0.3599,+14.5538
+0.3604,+14.4532
+0.3608,+14.3863
+0.3611,+14.3848
+0.3615,+14.0865
+0.3619,+13.9923
+0.3624,+13.903
+0.3628,+13.8532
+0.3631,+13.6989
+0.3635,+13.6728
+0.3639,+13.6142
+0.3644,+13.5786
+0.3648,+13.4788
+0.3651,+13.3765
+0.3655,+13.4351
+0.3659,+13.386
+0.3664,+13.1599
+0.3668,+13.037
+0.3671,+12.891
+0.3675,+12.6808
+0.3679,+12.5822
+0.3684,+12.3868
+0.3688,+12.3391
+0.3691,+12.1482
+0.3695,+11.8023
+0.3699,+11.5765
+0.3704,+11.5197
+0.3708,+11.3609
+0.3711,+11.2575
+0.3715,+11.1004
+0.3719,+10.853
+0.3724,+10.8016
+0.3728,+10.5897
+0.3732,+10.3574
+0.3735,+10.3656
+0.3739,+10.2247
+0.3744,+10.1498
+0.3748,+9.88113
+0.3753,+9.6573
+0.3755,+9.43986
+0.3759,+9.22964
+0.3764,+8.92858
+0.3768,+8.70583
+0.3771,+8.55519
+0.3775,+8.28741
+0.3779,+7.96326
+0.3784,+7.57208
+0.3788,+7.40864
+0.3791,+7.2473
+0.3795,+7.08038
+0.3799,+6.9712
+0.3804,+6.68035
+0.3808,+6.50257
+0.3811,+6.1848
+0.3815,+5.83248
+0.3819,+5.57108
+0.3824,+5.30383
+0.3828,+5.00475
+0.3831,+4.63786
+0.3835,+4.32063
+0.3839,+3.99171
+0.3844,+3.80133
+0.3848,+3.47945
+0.3851,+3.119
+0.3855,+2.89667
+0.3859,+2.79063
+0.3864,+2.53025
+0.3868,+2.23716
+0.3871,+1.86574
+0.3875,+1.58186
+0.3879,+1.17464
+0.3884,+0.824652
+0.3888,+0.445945
+0.3891,+0.340153
+0.3895,+0.137204
+0.3899,-0.389523
+0.3904,-0.684121
+0.3908,-1.08129
+0.3911,-1.3644
+0.3915,-1.662
+0.3919,-2.03243
+0.3924,-2.2756
+0.3928,-2.55835
+0.3931,-2.78255
+0.3935,-3.09327
+0.3939,-3.08892
+0.3944,-3.25298
+0.3948,-3.19516
+0.3951,-3.3983
+0.3955,-3.72703
+0.3959,-3.63662
+0.3964,-3.80685
+0.3968,-3.85216
+0.3971,-4.00591
+0.3975,-3.98633
+0.3979,-4.15761
+0.3984,-4.33769
+0.3988,-4.51603
+0.3991,-4.37511
+0.3995,-4.22861
+0.3999,-4.35936
+0.4004,-4.40239
+0.4008,-4.48901
+0.4011,-4.78684
+0.4015,-5.09829
+0.4019,-15.2222
+0.4024,-15.2784
+0.4028,-15.2421
+0.4031,-15.2079
+0.4035,-15.3455
+0.4039,-14.9168
+0.4044,-14.7726
+0.4048,-15.0193
+0.4051,-14.6456
+0.4056,-14.0812
+0.4059,-14.5958
+0.4064,-14.4913
+0.4068,-14.5417
+0.4071,-14.4635
+0.4075,-14.1435
+0.4079,-14.1861
+0.4091,-14.1322
+0.4093,-13.805
+0.4096,-13.5903
+0.4099,-13.5223
+0.4104,-12.8606
+0.4108,-13.1581
+0.4111,-13.01
+0.4115,-12.8955
+0.4119,-12.8562
+0.4124,-12.5946
+0.4128,-12.7021
+0.4131,-13.036
+0.4135,-12.9748
+0.4139,-12.8206
+0.4144,-12.7589
+0.4148,-12.077
+0.4151,-11.6069
+0.4155,-11.4736
+0.4159,-11.3272
+0.4164,-11.2513
+0.4168,-10.8894
+0.4171,-10.3738
+0.4175,-10.2475
+0.4179,-10.0247
+0.4184,-9.86864
+0.4188,-9.85676
+0.4191,-9.78449
+0.4195,-9.56392
+0.4199,-9.48014
+0.4204,-9.24603
+0.4208,-9.22712
+0.4211,-8.87754
+0.4215,-8.8111
+0.4219,-8.53851
+0.4224,-8.39615
+0.4228,-8.30432
+0.4231,-8.41987
+0.4235,-8.28101
+0.4239,-8.0045
+0.4244,-8.00816
+0.4248,-8.15153
+0.4251,-8.68221
+0.4256,-8.53398
+0.4259,-8.73707
+0.4264,-8.70266
+0.4268,-8.67258
+0.4271,-8.61472
+0.4275,-8.78876
+0.4279,-9.35713
+0.4284,-9.74917
+0.4288,-9.79018
+0.4291,-9.27447
+0.4295,-9.38375
+0.4299,-9.31215
+0.4304,-9.42316
+0.4308,-9.39407
+0.4311,-9.41151
+0.4315,-9.29586
+0.4319,-8.91453
+0.4324,-8.36515
+0.4328,-8.10355
+0.4331,-8.1374
+0.4335,-8.09583
+0.4339,-8.15772
+0.4344,-8.04213
+0.4348,-8.21951
+0.4351,-8.49379
+0.4355,-8.65414
+0.4359,-8.8283
+0.4364,-9.02794
+0.4368,-9.24145
+0.4371,-9.54039
+0.4375,-10.102
+0.4379,-10.3331
+0.4384,-10.8049
+0.4388,-10.9913
+0.4391,-11.093
+0.4395,-11.4508
+0.4399,-11.5598
+0.4404,-11.8311
+0.4408,-12.0986
+0.4411,-12.2358
+0.4415,-11.8965
+0.4419,-12.0778
+0.4424,-11.9917
+0.4428,-12.1646
+0.4431,-12.2535
+0.4435,-12.2109
+0.4439,-12.3603
+0.4444,-12.4399
+0.4448,-12.393
+0.4451,-13.034
+0.4455,-13.1485
+0.4459,-13.1914
+0.4464,-13.4216
+0.4468,-13.4059
+0.4471,-13.9917
+0.4475,-14.1261
+0.4479,-14.1524
+0.4483,-14.7563
+0.4488,-14.7343
+0.4491,-14.2065
+0.4495,-14.2868
+0.4499,-14.4388
+0.4503,-14.4724
+0.4508,-14.5637
+0.4511,-14.0709
+0.4515,-14.0799
+0.4519,-14.2508
+0.4524,-13.9068
+0.4528,-14.1431
+0.4531,-14.3236
+0.4535,-15.0454
+0.4539,-15.243
+0.4543,-15.8885
+0.4548,-16.5254
+0.4551,-16.7477
+0.4555,-17.4679
+0.456,-17.66
+0.4564,-17.8053
+0.4568,-18.3289
+0.4571,-18.5637
+0.4575,-18.2402
+0.458,-18.2202
+0.4584,-17.7766
+0.4588,-17.8765
+0.4591,-17.9602
+0.4595,-17.5643
+0.4599,-17.712
+0.4604,-17.8566
+0.4608,-17.6129
+0.4611,-17.7139
+0.4615,-17.9832
+0.4619,-18.1105
+0.4624,-18.2889
+0.4628,-18.0189
+0.4631,-18.2086
+0.4635,-18.49
+0.4639,-18.4542
+0.4644,-18.5572
+0.4648,-18.708
+0.4651,-19.4596
+0.4655,-19.3572
+0.4659,-19.5263
+0.4664,-19.7002
+0.4668,-19.7743
+0.4671,-19.8025
+0.4675,-19.7641
+0.4679,-20.0432
+0.4684,-20.1166
+0.4688,-20.1058
+0.4691,-19.4566
+0.4695,-19.5422
+0.4699,-19.5785
+0.4704,-19.5372
+0.4708,-19.5686
+0.4711,-19.579
+0.4715,-19.6629
+0.4719,-19.4202
+0.4724,-19.4264
+0.4728,-19.386
+0.4731,-19.3626
+0.4735,-19.2385
+0.4739,-19.2134
+0.4744,-19.1434
+0.4748,-18.9904
+0.4751,-18.9199
+0.4755,-18.6531
+0.4759,-18.4809
+0.4764,-18.2305
+0.4768,-18.1023
+0.4771,-17.9032
+0.4775,-17.8248
+0.4779,-17.6551
+0.4784,-17.4474
+0.4788,-17.2539
+0.4791,-17.5857
+0.4795,-17.4854
+0.4799,-17.4783
+0.4804,-17.2842
+0.4808,-17.0783
+0.4811,-16.7375
+0.4815,-16.5882
+0.4819,-16.2684
+0.4824,-16.098
+0.4828,-15.9472
+0.4831,-15.3111
+0.4835,-15.1722
+0.4839,-14.9669
+0.4844,-14.8541
+0.4848,-14.6203
+0.4851,-14.5669
+0.4857,-14.2024
+0.4859,-14.1367
+0.4864,-14.0947
+0.4868,-14.0059
+0.4871,-13.8688
+0.4875,-13.737
+0.4879,-13.2998
+0.4883,-13.0942
+0.4888,-12.9176
+0.4891,-12.8614
+0.4895,-12.858
+0.4899,-12.5633
+0.4903,-12.3907
+0.4908,-12.2076
+0.4911,-11.987
+0.4915,-11.5816
+0.4919,-11.7783
+0.4924,-11.5704
+0.4928,-11.5163
+0.4931,-11.4614
+0.4935,-11.4413
+0.4939,-11.4781
+0.4943,-11.3388
+0.4948,-11.2468
+0.4951,-11.3235
+0.4955,-11.2769
+0.4959,-10.9356
+0.4964,-10.805
+0.4968,-10.8029
+0.4971,-10.6935
+0.4975,-10.248
+0.4979,-10.3042
+0.4983,-10.1894
+0.4988,-9.86332
+0.4992,-9.70976
+0.4995,-9.73224
+0.4999,-9.77424
+0.5004,-9.76728
+0.5008,-9.57805
+0.5011,-9.54595
+0.5015,-9.72116
+0.5019,-9.49333
+0.5023,-9.40438
+0.5028,-9.4832
+0.5032,-9.05197
+0.5035,-9.00016
+0.5039,-8.70564
+0.5044,-8.71559
+0.5048,-8.66029
+0.5051,-8.40762
+0.5055,-8.14793
+0.5059,-8.01859
+0.5063,-7.87824
+0.5068,-7.80845
+0.5072,-7.88962
+0.5075,-7.64635
+0.5079,-7.64227
+0.5083,-7.46236
+0.5088,-7.10793
+0.5091,-6.91734
+0.5095,-6.66029
+0.5099,-6.38464
+0.5103,-6.14946
+0.5115,-5.80204
+0.5117,-5.56867
+0.512,-5.4058
+0.5123,-5.10677
+0.5128,-4.72269
+0.5131,-4.62713
+0.5135,-4.43831
+0.5139,-4.30326
+0.5143,-4.17782
+0.5148,-4.02649
+0.5152,-3.72076
+0.5155,-3.40109
+0.5159,-3.10107
+0.5163,-2.95999
+0.5168,-2.74736
+0.5172,-2.53452
+0.5175,-2.21555
+0.5179,-1.97274
+0.5184,-1.60571
+0.5188,-1.22823
+0.5192,-0.955196
+0.5195,-0.719318
+0.5199,-0.454373
+0.5203,-0.278321
+0.5208,-0.0954439
+0.5211,+0.228462
+0.5215,+0.371077
+0.5219,+0.542447
+0.5223,+0.797973
+0.5228,+0.973744
+0.5232,+1.15571
+0.5235,+1.30129
+0.5239,+1.44858
+0.5243,+1.71289
+0.5248,+1.94628
+0.5251,+2.23404
+0.5255,+2.48571
+0.5259,+2.74024
+0.5263,+3.01155
+0.5269,+3.3601
+0.5272,+3.60499
+0.5275,+3.82933
+0.5279,+4.16781
+0.5283,+4.60284
+0.5288,+5.07755
+0.5291,+5.18336
+0.5295,+5.50678
+0.5299,+5.95664
+0.5303,+6.12911
+0.5308,+6.35015
+0.5312,+6.61564
+0.5315,+6.97127
+0.5319,+7.08693
+0.5324,+7.12951
+0.5328,+7.13719
+0.5331,+7.342
+0.5335,+7.45328
+0.5339,+7.44296
+0.5343,+7.55749
+0.5348,+7.69925
+0.5352,+7.77569
+0.5355,+7.78755
+0.5359,+8.0029
+0.5363,+8.17617
+0.5368,+8.30363
+0.5371,+8.4971
+0.5375,+8.68646
+0.5379,+8.81093
+0.5383,+8.98785
+0.5388,+9.16595
+0.5392,+9.09755
+0.5395,+9.1883
+0.5399,+9.20903
+0.5403,+9.21291
+0.5408,+9.22111
+0.5412,+9.20101
+0.5415,+9.24771
+0.5419,+9.29231
+0.5423,+9.31932
+0.5428,+9.14367
+0.5432,+9.19207
+0.5435,+9.24681
+0.5439,+9.32252
+0.5443,+9.39076
+0.5448,+9.55443
+0.5451,+9.61165
+0.5455,+9.62567
+0.5459,+9.70535
+0.5463,+9.69822
+0.5468,+9.81048
+0.5472,+9.87629
+0.5475,+9.88442
+0.5479,+9.83598
+0.5484,+9.7892
+0.5488,+9.68159
+0.5491,+9.71096
+0.5495,+9.73223
+0.5499,+9.58337
+0.5503,+9.60907
+0.5508,+9.53029
+0.5512,+9.47645
+0.5515,+9.48945
+0.5519,+9.44427
+0.5523,+9.32806
+0.5528,+9.28624
+0.5531,+9.16136
+0.5535,+8.97928
+0.5539,+8.93132
+0.5543,+8.71208
+0.5548,+8.6176
+0.5552,+8.59603
+0.5555,+8.40369
+0.5559,+8.35196
+0.5564,+8.32937
+0.5568,+8.27152
+0.5573,+8.25963
+0.5577,+8.19344
+0.5579,+8.12412
+0.5583,+8.134
+0.5588,+8.12887
+0.5592,+7.96836
+0.5595,+7.91815
+0.5599,+7.81671
+0.5603,+7.73371
+0.5608,+7.52931
+0.5611,+7.38855
+0.5615,+7.30339
+0.5619,+7.18963
+0.5623,+7.06327
+0.5628,+6.87096
+0.5632,+6.78218
+0.5635,+6.62876
+0.5639,+6.42794
+0.5644,+6.29792
+0.5648,+6.27167
+0.5652,+6.06962
+0.5655,+6.05526
+0.5659,+5.93436
+0.5663,+5.81783
+0.5668,+5.67436
+0.5672,+5.44433
+0.5675,+5.36613
+0.5679,+5.24915
+0.5683,+5.08738
+0.5688,+4.93275
+0.5692,+4.78196
+0.5695,+4.4998
+0.5699,+4.30518
+0.5703,+4.14425
+0.5708,+3.90429
+0.5712,+3.82087
+0.5715,+3.59137
+0.5719,+3.48136
+0.5723,+3.42578
+0.5728,+3.259
+0.5732,+3.15237
+0.5735,+3.09983
+0.5739,+2.93553
+0.5743,+2.84077
+0.5748,+2.77288
+0.5752,+2.73982
+0.5755,+2.71245
+0.5759,+2.61279
+0.5763,+2.54743
+0.5768,+2.50909
+0.5772,+2.4652
+0.5777,+2.32528
+0.5779,+2.29844
+0.5783,+2.23675
+0.5788,+2.16655
+0.5792,+2.00784
+0.5795,+1.8917
+0.5799,+1.7888
+0.5803,+1.73149
+0.5808,+1.53625
+0.5812,+1.35516
+0.5815,+1.21649
+0.5819,+1.05299
+0.5823,+0.992943
+0.5828,+0.996614
+0.5832,+1.03408
+0.5835,+0.967207
+0.5839,+0.90666
+0.5843,+0.697904
+0.5848,+0.651472
+0.5851,+0.745358
+0.5855,+0.700348
+0.5859,+0.713832
+0.5863,+0.518201
+0.5868,+0.441117
+0.5872,+0.335673
+0.5875,+0.259125
+0.5879,+0.173704
+0.5884,+0.0354619
+0.5888,-0.0466623
+0.5892,-0.227516
+0.5895,-0.309348
+0.5899,-0.428934
+0.5903,-0.522261
+0.5908,-0.580433
+0.5912,-0.702458
+0.5915,-0.857682
+0.5919,-0.994413
+0.5923,-1.06151
+0.5928,-1.05968
+0.5932,-1.12581
+0.5935,-1.14352
+0.5939,-1.27064
+0.5943,-1.38623
+0.5948,-1.50341
+0.5952,-1.58884
+0.5955,-1.48632
+0.5959,-1.50528
+0.5963,-1.61784
+0.5968,-1.73092
+0.5972,-1.74402
+0.5975,-1.83601
+0.5979,-1.90173
+0.5984,-1.80478
+0.5988,-1.84564
+0.5992,-1.80458
+0.5995,-2.22336
+0.5999,-2.28001
+0.6003,-2.22964
+0.6008,-2.28454
+0.6012,-2.36598
+0.6015,-2.37267
+0.6019,-2.39772
+0.6023,-2.48267
+0.6028,-9.48468
+0.6032,-9.48777
+0.6035,-8.85247
+0.6039,-8.81474
+0.6043,-8.75646
+0.6048,-8.81897
+0.6052,-8.84756
+0.6055,-8.91439
+0.6059,-8.89216
+0.6063,-9.10767
+0.6068,-9.09361
+0.6072,-9.74263
+0.6075,-9.87522
+0.608,-9.9595
+0.6083,-10.1207
+0.6088,-10.7098
+0.6092,-11.0194
+0.6095,-11.0442
+0.6099,-11.1839
+0.6103,-11.132
+0.6108,-11.8616
+0.6112,-11.3227
+0.6115,-11.3963
+0.6119,-11.4564
+0.6123,-11.515
+0.6128,-11.027
+0.6139,-10.7525
+0.6141,-10.8462
+0.6143,-10.798
+0.6148,-10.8469
+0.6152,-10.4544
+0.6155,-10.5663
+0.6159,-10.4943
+0.6163,-10.4897
+0.6168,-10.6473
+0.6172,-10.6542
+0.6175,-10.9284
+0.6179,-10.8582
+0.6183,-11.0837
+0.6188,-11.0837
+0.6192,-10.8933
+0.6195,-11.0904
+0.6199,-11.2869
+0.6203,-12.2586
+0.6208,-12.4186
+0.6211,-13.1078
+0.6215,-13.8373
+0.6219,-14.0875
+0.6223,-13.9548
+0.6229,-14.6871
+0.6232,-14.7921
+0.6235,-14.7779
+0.6239,-15.046
+0.6243,-14.3529
+0.6248,-14.3918
+0.6252,-13.8726
+0.6255,-13.1658
+0.6259,-13.2038
+0.6263,-13.3101
+0.6268,-12.8623
+0.6272,-13.2537
+0.6275,-13.1357
+0.6279,-13.1949
+0.6283,-13.1847
+0.6288,-13.0093
+0.6291,-13.1137
+0.6295,-13.1327
+0.6299,-13.1464
+0.6303,-13.3594
+0.6308,-13.3415
+0.6312,-13.0176
+0.6315,-13.1858
+0.6319,-12.915
+0.6323,-12.9284
+0.6328,-13.1456
+0.6331,-13.2448
+0.6335,-13.4307
+0.6339,-13.565
+0.6343,-13.4307
+0.6348,-13.3767
+0.6352,-13.4044
+0.6355,-13.4836
+0.6359,-13.5192
+0.6363,-13.4693
+0.6368,-13.476
+0.6372,-13.3404
+0.6375,-13.1476
+0.6379,-13.1337
+0.6384,-13.8103
+0.6388,-13.8328
+0.6392,-13.9519
+0.6395,-13.8412
+0.6399,-13.9292
+0.6403,-14.0395
+0.6408,-13.9828
+0.6412,-14.6563
+0.6415,-14.8102
+0.6419,-14.5998
+0.6423,-13.9059
+0.6428,-14.0086
+0.6432,-13.8451
+0.6435,-13.9564
+0.6439,-13.8881
+0.6443,-13.8773
+0.6448,-13.6996
+0.6451,-12.9921
+0.6455,-12.8156
+0.6459,-12.8883
+0.6463,-12.7755
+0.6468,-12.5653
+0.6472,-13.2007
+0.6475,-12.8309
+0.6479,-12.7308
+0.6483,-12.4226
+0.6489,-12.2497
+0.6492,-12.2361
+0.6495,-12.1135
+0.6499,-12.0121
+0.6503,-11.807
+0.6508,-11.6856
+0.6512,-10.84
+0.6515,-10.9294
+0.6519,-10.8179
+0.6523,-11.4285
+0.6528,-11.3339
+0.6532,-11.0592
+0.6535,-10.8828
+0.6539,-10.6746
+0.6543,-11.2213
+0.6548,-11.1117
+0.6552,-11.1447
+0.6555,-10.9122
+0.6559,-10.6919
+0.6563,-9.86997
+0.6568,-9.70814
+0.6571,-9.69545
+0.6575,-9.76027
+0.6579,-9.69505
+0.6583,-9.5381
+0.6588,-9.37377
+0.6592,-9.28399
+0.6595,-9.42982
+0.6599,-9.2893
+0.6603,-9.89711
+0.6608,-9.92937
+0.6612,-9.73588
+0.6615,-9.52941
+0.6619,-9.4801
+0.6623,-9.54311
+0.6628,-9.44477
+0.6632,-9.37485
+0.6635,-9.04855
+0.6639,-9.68169
+0.6643,-9.65578
+0.6648,-9.55089
+0.6652,-9.63058
+0.6655,-9.56751
+0.6659,-9.36241
+0.6663,-8.63166
+0.6668,-8.53488
+0.6672,-8.34387
+0.6675,-8.28741
+0.6679,-7.50382
+0.6683,-6.66375
+0.6688,-6.46721
+0.6692,-6.24674
+0.6695,-6.06208
+0.6699,-6.00051
+0.6703,-5.88617
+0.6708,-5.90708
+0.6712,-5.75481
+0.6715,-5.82448
+0.6719,-5.78605
+0.6723,-5.82233
+0.6728,-5.87432
+0.6732,-5.95882
+0.6735,-6.02739
+0.6739,-6.11534
+0.6743,-6.19391
+0.6748,-6.15959
+0.6752,-6.22469
+0.6755,-6.05963
+0.6759,-6.05762
+0.6763,-5.9761
+0.6768,-5.95959
+0.6772,-6.47142
+0.6775,-6.41149
+0.6779,-6.19324
+0.6783,-6.63167
+0.6788,-6.62287
+0.6792,-6.50925
+0.6795,-6.59605
+0.6799,-6.58713
+0.6803,-6.53879
+0.6808,-6.46362
+0.6812,-5.7073
+0.6815,-5.46993
+0.6819,-5.44753
+0.6823,-4.82183
+0.6828,-4.78016
+0.6832,-4.69322
+0.6835,-4.53414
+0.6839,-4.4091
+0.6843,-4.40307
+0.6848,-4.33687
+0.6851,-4.34488
+0.6855,-4.49675
+0.6859,-4.57437
+0.6863,-4.39786
+0.6868,-4.1606
+0.6872,-4.14017
+0.6875,-3.96716
+0.6879,-3.89994
+0.6883,-3.70559
+0.6888,-3.60323
+0.6892,-3.43257
+0.6895,-3.28761
+0.6899,-3.15677
+0.6903,-2.98878
+0.6908,-3.01827
+0.6912,-2.86204
+0.6915,-2.90779
+0.6919,-2.85711
+0.6923,-2.71335
+0.6928,-2.54378
+0.6932,-2.42599
+0.6935,-2.22654
+0.6939,-2.06802
+0.6943,-2.0514
+0.6948,-1.89052
+0.6952,-1.7368
+0.6955,-1.5333
+0.6959,-1.34239
+0.6963,-1.23627
+0.6968,-1.01184
+0.6972,-0.880055
+0.6975,-0.772341
+0.6979,-0.60986
+0.6983,-0.392541
+0.6987,-0.493647
+0.6992,-0.269551
+0.6995,+0.0666984
+0.6999,+0.197901
+0.7003,+0.275272
+0.7008,+0.378039
+0.7012,+0.506085
+0.7015,+0.770569
+0.7019,+0.934254
+0.7023,+1.11238
+0.7028,+1.57968
+0.7032,+1.64463
+0.7035,+1.65739
+0.7039,+1.79657
+0.7043,+1.86051
+0.7047,+1.82298
+0.7052,+2.01033
+0.7055,+2.09934
+0.7059,+2.2942
+0.7063,+2.32818
+0.7067,+2.34452
+0.7072,+2.52245
+0.7075,+2.671
+0.7079,+2.97046
+0.7083,+3.15128
+0.7088,+3.40411
+0.7092,+3.52608
+0.7095,+3.65295
+0.7099,+3.84055
+0.7103,+4.04589
+0.7108,+4.22432
+0.7112,+4.39833
+0.7115,+4.59723
+0.7119,+4.54403
+0.7123,+4.87359
+0.7128,+5.10752
+0.7132,+5.37682
+0.7135,+5.60687
+0.7139,+5.66055
+0.7143,+5.80259
+0.7148,+5.97459
+0.7152,+5.97516
+0.7163,+6.02659
+0.7165,+6.25096
+0.7168,+6.30164
+0.7172,+6.40183
+0.7175,+6.37523
+0.7179,+6.29092
+0.7183,+6.4133
+0.7188,+6.51014
+0.7192,+6.71077
+0.7195,+6.84009
+0.7199,+6.93771
+0.7203,+7.09895
+0.7208,+7.06188
+0.7212,+7.19782
+0.7215,+7.23809
+0.7219,+7.41184
+0.7223,+7.4652
+0.7228,+7.42595
+0.7232,+7.63055
+0.7235,+7.66401
+0.7239,+7.63626
+0.7243,+7.50038
+0.7248,+7.75412
+0.7252,+7.62595
+0.7255,+7.7866
+0.7259,+7.79644
+0.7263,+7.79034
+0.7268,+8.02954
+0.7272,+7.7615
+0.7275,+7.87276
+0.7279,+7.92808
+0.7283,+8.05079
+0.7288,+7.91951
+0.7292,+7.97348
+0.7295,+7.87227
+0.7299,+7.9483
+0.7303,+8.07067
+0.7308,+7.71264
+0.7312,+7.91211
+0.7315,+7.83152
+0.7319,+7.8725
+0.7323,+7.91239
+0.7328,+7.95397
+0.7332,+8.02937
+0.7335,+8.14001
+0.7339,+8.04226
+0.7343,+7.9915
+0.7348,+8.27865
+0.7352,+8.23322
+0.7355,+8.30549
+0.7359,+8.26326
+0.7363,+8.36239
+0.7368,+8.36032
+0.7372,+8.2526
+0.7375,+8.2094
+0.7379,+8.22243
+0.7383,+8.21882
+0.7388,+8.22581
+0.7392,+8.18292
+0.7395,+8.24077
+0.74,+8.23409
+0.7403,+8.06804
+0.7408,+8.05095
+0.7412,+8.07951
+0.7415,+7.98534
+0.7419,+8.00514
+0.7423,+7.98033
+0.7428,+7.94764
+0.7432,+7.97514
+0.7435,+7.84548
+0.7439,+7.75832
+0.7443,+7.79594
+0.7448,+7.85628
+0.7452,+7.96026
+0.7455,+8.01392
+0.7459,+8.19921
+0.7463,+8.42531
+0.7468,+8.59231
+0.7472,+8.67778
+0.7475,+8.74546
+0.7479,+8.95362
+0.7483,+8.99779
+0.7488,+9.09254
+0.7492,+9.15594
+0.7495,+9.27961
+0.7499,+9.26624
+0.7503,+9.31208
+0.7508,+9.30872
+0.7512,+9.32111
+0.7515,+9.35967
+0.7519,+9.46436
+0.7523,+9.59159
+0.7528,+9.6519
+0.7532,+9.68593
+0.7535,+9.86641
+0.7539,+9.98785
+0.7543,+10.0777
+0.7548,+10.142
+0.7552,+10.3342
+0.7555,+10.6066
+0.7559,+10.8026
+0.7563,+10.9648
+0.7568,+11.223
+0.7572,+11.4483
+0.7575,+11.607
+0.7579,+11.7268
+0.7583,+11.8744
+0.7587,+11.9987
+0.7592,+12.0776
+0.7595,+12.1738
+0.7599,+12.1857
+0.7603,+12.3568
+0.7607,+12.4742
+0.7612,+12.7386
+0.7615,+13.0311
+0.7619,+13.2027
+0.7623,+13.2643
+0.7627,+13.4379
+0.7632,+13.6011
+0.7635,+13.7458
+0.7639,+14.0261
+0.7643,+13.9357
+0.7647,+14.1055
+0.7652,+14.2818
+0.7655,+14.2096
+0.7659,+14.2896
+0.7663,+14.4161
+0.7667,+14.5748
+0.7672,+14.6565
+0.7677,+14.7829
+0.768,+14.7632
+0.7683,+14.9765
+0.7687,+14.8573
+0.7692,+14.8345
+0.7695,+14.8851
+0.7699,+15.0145
+0.7705,+15.0614
+0.7708,+15.0827
+0.7712,+15.1306
+0.7715,+15.143
+0.7719,+15.2768
+0.7723,+15.3357
+0.7727,+15.4159
+0.7732,+15.2531
+0.7735,+15.1826
+0.7739,+15.0747
+0.7743,+15.0916
+0.7747,+15.0058
+0.7752,+15.0263
+0.7755,+14.9383
+0.7759,+14.823
+0.7763,+14.6653
+0.7768,+14.5682
+0.7772,+14.5685
+0.7775,+14.5759
+0.7779,+14.4627
+0.7783,+14.3321
+0.7787,+14.2792
+0.7792,+14.0508
+0.7795,+13.9881
+0.7799,+13.8606
+0.7803,+13.7598
+0.7808,+13.591
+0.7812,+13.4218
+0.7815,+13.2793
+0.7819,+13.2081
+0.7823,+12.9648
+0.7827,+12.7531
+0.7832,+12.6552
+0.7835,+12.3869
+0.7839,+12.2692
+0.7843,+12.215
+0.7847,+12.1177
+0.7852,+12.0306
+0.7855,+11.8038
+0.7859,+11.6138
+0.7863,+11.6401
+0.7867,+11.6307
+0.7872,+11.6712
+0.7875,+11.7248
+0.7879,+11.6642
+0.7883,+11.4758
+0.7887,+11.3689
+0.7892,+11.2394
+0.7895,+11.1656
+0.7899,+11.1016
+0.7904,+10.8592
+0.7908,+10.6295
+0.7912,+10.3331
+0.7915,+10.0393
+0.7919,+9.93027
+0.7923,+9.81722
+0.7927,+9.6649
+0.7932,+9.5493
+0.7935,+9.48911
+0.7939,+9.39984
+0.7943,+9.33102
+0.7947,+9.2058
+0.7952,+9.12049
+0.7955,+8.95144
+0.7959,+8.70869
+0.7963,+8.48962
+0.7968,+8.33371
+0.7972,+8.17234
+0.7975,+7.96807
+0.7979,+7.82065
+0.7983,+7.72975
+0.7987,+7.6203
+0.7992,+7.38576
+0.7995,+7.33285
+0.7999,+7.31933
+0.8003,+7.32585
+0.8008,+7.20048
+0.8012,+7.05616
+0.8015,+6.96167
+0.8019,+6.79134
+0.8023,+6.63126
+0.8027,+6.62034
+0.8032,+6.6113
+0.8036,+4.39786
+0.8039,+4.20891
+0.8043,+4.02248
+0.8047,+3.90302
+0.8052,+3.82585
+0.8055,+3.77175
+0.8059,+3.63208
+0.8063,+3.59449
+0.8067,+3.50468
+0.8072,+3.45507
+0.8075,+3.37158
+0.8079,+3.30556
+0.8083,+3.36102
+0.8087,+3.35005
+0.8092,+3.19504
+0.8095,+3.16492
+0.8099,+3.12586
+0.8103,+3.07856
+0.8107,+2.88939
+0.8112,+2.78629
+0.8115,+2.75518
+0.8119,+2.70541
+0.8123,+2.65939
+0.8127,+2.67532
+0.8132,+2.79829
+0.8136,+2.7573
+0.8139,+2.88968
+0.8143,+2.99078
+0.8147,+3.10711
+0.8152,+3.08793
+0.8155,+3.22598
+0.8159,+3.24216
+0.8163,+3.31261
+0.8167,+3.40043
+0.8172,+3.54345
+0.8175,+3.65594
+0.8187,+3.78028
+0.8189,+3.84625
+0.8192,+4.07328
+0.8195,+4.38533
+0.8199,+4.56746
+0.8203,+4.73963
+0.8208,+4.86566
+0.8212,+4.96426
+0.8215,+4.99816
+0.8219,+5.12926
+0.8223,+5.16182
+0.8227,+5.19401
+0.8232,+5.22501
+0.8235,+5.24693
+0.8239,+5.2472
+0.8243,+5.2962
+0.8247,+5.36101
+0.8252,+5.4999
+0.8255,+5.6338
+0.8259,+5.71689
+0.8263,+5.87635
+0.8267,+6.00388
+0.8272,+6.04971
+0.8275,+6.02842
+0.8279,+6.07864
+0.8283,+6.1007
+0.8287,+6.09675
+0.8292,+6.06363
+0.8295,+6.05339
+0.8299,+6.0029
+0.8303,+5.93872
+0.8307,+5.77837
+0.8313,+5.67164
+0.8316,+5.62916
+0.8319,+5.53573
+0.8323,+5.47383
+0.8327,+5.37157
+0.8332,+5.25465
+0.8335,+5.12394
+0.8339,+5.04493
+0.8343,+4.86818
+0.8347,+4.78643
+0.8352,+4.70085
+0.8355,+4.62483
+0.8359,+4.47639
+0.8363,+4.407
+0.8367,+4.40075
+0.8372,+4.40728
+0.8375,+4.26048
+0.8379,+4.12324
+0.8383,+4.09873
+0.8387,+4.02767
+0.8392,+3.8915
+0.8395,+3.77452
+0.8399,+3.75182
+0.8403,+3.60478
+0.8407,+3.4835
+0.8412,+3.17365
+0.8415,+2.96303
+0.8419,+2.73222
+0.8423,+2.5502
+0.8427,+2.43224
+0.8432,+2.31447
+0.8435,+2.30181
+0.8439,+2.27147
+0.8443,+2.12549
+0.8447,+1.99756
+0.8452,+1.93461
+0.8455,+1.96588
+0.8459,+2.14988
+0.8463,+2.16449
+0.8467,+2.12631
+0.8472,+2.1919
+0.8475,+2.08963
+0.8479,+1.8529
+0.8483,+1.91185
+0.8487,+1.87093
+0.8492,+2.07956
+0.8495,+2.08037
+0.8499,+1.92847
+0.8503,+1.93223
+0.8507,+1.93113
+0.8512,+1.95695
+0.8515,+1.94877
+0.8519,+2.12652
+0.8523,+2.13804
+0.8527,+2.19546
+0.8532,+1.99153
+0.8535,+2.03488
+0.8539,+2.27082
+0.8543,+2.42861
+0.8547,+2.59643
+0.8552,+2.56905
+0.8555,+2.68341
+0.8559,+2.58832
+0.8563,+2.79564
+0.8567,+3.04217
+0.8572,+3.19538
+0.8575,+3.56041
+0.8579,+3.68734
+0.8583,+3.78489
+0.8587,+4.00468
+0.8592,+4.31325
+0.8595,+4.43846
+0.8599,+4.77579
+0.8603,+4.96053
+0.8607,+5.02701
+0.8612,+5.2441
+0.8617,+5.15091
+0.8619,+5.226
+0.8623,+5.35929
+0.8627,+5.36891
+0.8632,+5.43155
+0.8635,+5.79573
+0.8639,+5.87818
+0.8643,+6.06252
+0.8647,+6.16847
+0.8652,+6.41618
+0.8655,+6.69002
+0.8659,+6.87218
+0.8663,+6.9599
+0.8667,+7.10113
+0.8672,+7.27809
+0.8675,+7.2145
+0.8679,+7.38559
+0.8683,+7.44151
+0.8687,+7.59973
+0.8692,+7.64545
+0.8695,+7.60091
+0.8699,+7.67909
+0.8703,+7.90422
+0.8707,+7.89281
+0.8712,+7.95913
+0.8715,+8.06948
+0.8719,+8.14823
+0.8723,+8.1254
+0.8727,+8.24579
+0.8732,+8.36558
+0.8735,+8.52788
+0.8739,+8.61701
+0.8743,+8.51803
+0.8747,+8.69221
+0.8752,+8.87311
+0.8755,+9.00871
+0.8759,+9.051
+0.8763,+9.19156
+0.8767,+9.11733
+0.8772,+9.11169
+0.8775,+9.14559
+0.8779,+9.0371
+0.8783,+9.10769
+0.8787,+9.11623
+0.8792,+8.94194
+0.8795,+8.93527
+0.8799,+9.02597
+0.8803,+9.0234
+0.8807,+9.1339
+0.8812,+9.08076
+0.8815,+9.08311
+0.8819,+9.29964
+0.8823,+9.24433
+0.8827,+9.24727
+0.8832,+9.25425
+0.8835,+9.17141
+0.8839,+9.24327
+0.8843,+9.10584
+0.8847,+9.09613
+0.8852,+9.07715
+0.8855,+8.98792
+0.8859,+8.76316
+0.8863,+8.74014
+0.8867,+8.74348
+0.8872,+8.6063
+0.8875,+8.64183
+0.8879,+8.43329
+0.8883,+8.41035
+0.8887,+8.19969
+0.8892,+8.20147
+0.8895,+8.12512
+0.8899,+8.17083
+0.8903,+7.98762
+0.8907,+7.76845
+0.8912,+7.68914
+0.8915,+7.50311
+0.8919,+7.29617
+0.8923,+7.14865
+0.8927,+7.09699
+0.8932,+7.01519
+0.8935,+6.85888
+0.8939,+6.61161
+0.8943,+6.46252
+0.8947,+6.33117
+0.8952,+6.30131
+0.8955,+6.2359
+0.8959,+6.24732
+0.8963,+6.22073
+0.8967,+6.05824
+0.8972,+5.92922
+0.8976,+5.97125
+0.8979,+5.93401
+0.8983,+6.01546
+0.8987,+5.98487
+0.8993,+5.89594
+0.8996,+5.78955
+0.8999,+5.7461
+0.9003,+5.73312
+0.9007,+5.7775
+0.9012,+5.64232
+0.9016,+5.53526
+0.9019,+5.51926
+0.9023,+5.50395
+0.9027,+5.44984
+0.9032,+5.44627
+0.9035,+5.48588
+0.9039,+5.4106
+0.9043,+5.41925
+0.9047,+5.41325
+0.9052,+5.58974
+0.9055,+5.59538
+0.9059,+5.66369
+0.9063,+5.73508
+0.9067,+5.88028
+0.9072,+5.9351
+0.9075,+5.93972
+0.9079,+6.13073
+0.9083,+6.33895
+0.9087,+6.44729
+0.9092,+6.54517
+0.9095,+6.69899
+0.9099,+6.76411
+0.9103,+6.88911
+0.9107,+6.93213
+0.9112,+6.95818
+0.9115,+7.06357
+0.9119,+7.03135
+0.9123,+6.91363
+0.9127,+6.94608
+0.9132,+6.92791
+0.9135,+7.13247
+0.914,+7.18256
+0.9143,+7.23665
+0.9147,+7.45982
+0.9152,+7.73962
+0.9155,+7.87176
+0.9159,+8.0759
+0.9163,+8.30935
+0.9167,+8.48793
+0.9172,+8.6489
+0.9175,+8.56461
+0.9179,+8.798
+0.9183,+8.975
+0.9187,+9.12633
+0.9192,+9.30027
+0.9196,+9.51832
+0.9199,+9.60627
+0.9211,+9.72227
+0.9213,+10.0276
+0.9215,+10.2443
+0.9219,+10.4784
+0.9224,+10.5824
+0.9228,+10.5661
+0.9232,+10.6112
+0.9235,+10.7276
+0.9239,+10.8628
+0.9243,+11.0654
+0.9247,+11.1743
+0.9252,+11.1839
+0.9255,+11.259
+0.9259,+11.4666
+0.9263,+11.6249
+0.9267,+11.9079
+0.9272,+12.0676
+0.9275,+12.1974
+0.9279,+12.2652
+0.9283,+12.5137
+0.9287,+12.6865
+0.9292,+12.825
+0.9295,+12.9376
+0.9299,+13.075
+0.9303,+13.1833
+0.9307,+13.2586
+0.9312,+13.4138
+0.9315,+13.5154
+0.9319,+13.6195
+0.9323,+13.6123
+0.9327,+13.7784
+0.9332,+13.8671
+0.9335,+14.12
+0.9339,+14.2338
+0.9343,+14.4411
+0.9347,+14.5527
+0.9352,+14.6448
+0.9355,+14.7459
+0.9359,+14.8962
+0.9363,+15.0566
+0.9367,+15.0921
+0.9372,+15.1925
+0.9375,+15.1354
+0.9379,+15.2271
+0.9383,+15.2523
+0.9387,+15.3656
+0.9392,+15.4404
+0.9395,+15.4321
+0.9399,+15.4819
+0.9403,+15.409
+0.9407,+15.401
+0.9412,+15.3518
+0.9415,+15.3372
+0.9419,+15.2625
+0.9424,+15.2191
+0.9427,+15.1497
+0.9432,+15.1018
+0.9435,+15.0308
+0.9439,+14.9574
+0.9443,+14.9009
+0.9447,+14.8906
+0.9452,+14.8638
+0.9455,+14.8048
+0.9459,+14.6333
+0.9463,+14.5446
+0.9467,+14.5079
+0.9472,+14.4263
+0.9475,+14.4615
+0.9479,+14.3569
+0.9483,+14.3984
+0.9487,+14.2824
+0.949,+14.2124
+0.9495,+14.1595
+0.9499,+14.1561
+0.9503,+14.0923
+0.9507,+13.9839
+0.951,+13.9402
+0.9515,+13.7977
+0.9519,+13.8583
+0.9523,+13.777
+0.9527,+13.808
+0.9532,+13.7643
+0.9535,+13.8299
+0.9539,+13.8752
+0.9543,+13.9083
+0.9547,+13.8461
+0.955,+13.7821
+0.9556,+13.7673
+0.9559,+13.6523
+0.9563,+13.5932
+0.9567,+13.4571
+0.9572,+13.4371
+0.9575,+13.3426
+0.9579,+13.1759
+0.9583,+13.1246
+0.9587,+13.1545
+0.9592,+13.1622
+0.9595,+13.1204
+0.9599,+13.1611
+0.9603,+13.1731
+0.9607,+13.2638
+0.9612,+13.3662
+0.9616,+13.385
+0.9619,+13.5215
+0.9623,+13.5758
+0.9627,+13.6489
+0.9632,+13.6229
+0.9635,+13.7111
+0.9639,+13.6554
+0.9643,+13.6172
+0.9647,+13.6491
+0.9652,+13.608
+0.9655,+13.542
+0.9659,+13.6182
+0.9663,+13.566
+0.9667,+13.5768
+0.9672,+13.6509
+0.9675,+13.6403
+0.9679,+13.5893
+0.9683,+13.5679
+0.9687,+13.5359
+0.9692,+13.5195
+0.9695,+13.536
+0.9699,+13.4269
+0.9703,+13.3371
+0.9707,+13.2032
+0.9712,+13.0871
+0.9715,+12.9238
+0.9719,+12.801
+0.9723,+12.7216
+0.9728,+12.6146
+0.9732,+12.5331
+0.9735,+12.5024
+0.9739,+12.4825
+0.9743,+12.4317
+0.9747,+12.3418
+0.9752,+12.3346
+0.9755,+12.2907
+0.9759,+12.3086
+0.9763,+12.3351
+0.9767,+12.2918
+0.9772,+12.1343
+0.9776,+12.0169
+0.9779,+11.8785
+0.9783,+11.8577
+0.9787,+11.8478
+0.9792,+11.7729
+0.9795,+11.8107
+0.9799,+11.8577
+0.9803,+11.7371
+0.9807,+11.6966
+0.9812,+11.7471
+0.9816,+11.6885
+0.9819,+11.7508
+0.9823,+11.7657
+0.9827,+11.8803
+0.9832,+11.8996
+0.9835,+11.897
+0.9839,+11.9445
+0.9843,+12.1672
+0.9847,+12.2898
+0.9852,+12.4319
+0.9855,+12.6809
+0.9859,+12.745
+0.9863,+12.8787
+0.9867,+12.8887
+0.9872,+13.0873
+0.9875,+13.2725
+0.9879,+13.4484
+0.9883,+13.6108
+0.9887,+13.7164
+0.9892,+13.8559
+0.9896,+14.0067
+0.9899,+14.1474
+0.9903,+14.3033
+0.9907,+14.5593
+0.9912,+14.7895
+0.9915,+14.9249
+0.9919,+15.0225
+0.9923,+15.0959
+0.9927,+15.3684
+0.9932,+15.6329
+0.9936,+15.8639
+0.9939,+16.1554
+0.9943,+16.3927
+0.9947,+16.5147
+0.9952,+16.6137
+0.9956,+16.9369
+0.9959,+17.1514
+0.9963,+17.3371
+0.9967,+17.4909
+0.9972,+17.6293
+0.9976,+17.8285
+0.9979,+18.0368
+0.9983,+18.2146
+0.9987,+18.4799
+0.9992,+18.7433
+0.9995,+18.922
+0.9999,+19.1668
+1.0003,+19.3417
+1.0007,+19.576
+1.0012,+19.8326
+1.0015,+19.9596
+1.0019,+20.1944
+1.0023,+20.3416
+1.0027,+20.4297
+1.0032,+20.5677
+1.0035,+20.6525
+1.0039,+20.7067
+1.0043,+21.0147
+1.0047,+21.1974
+1.0052,+21.2666
+1.0056,+21.3601
+1.0059,+21.3878
+1.0063,+21.5458
+1.0067,+21.6506
+1.0072,+21.7489
+1.0076,+21.8898
+1.0079,+22.1062
+1.0083,+22.209
+1.0087,+22.2752
+1.0091,+22.3154
+1.0096,+22.4382
+1.0099,+22.4182
+1.0103,+22.3503
+1.0107,+22.5385
+1.0112,+22.4796
+1.0115,+22.4166
+1.0119,+22.2787
+1.0123,+22.1559
+1.0127,+22.0415
+1.0132,+22.1123
+1.0135,+22.088
+1.0139,+22.0509
+1.0143,+22.1939
+1.0147,+22.1051
+1.0152,+22.081
+1.0155,+22.04
+1.0159,+22.0647
+1.0163,+22.0748
+1.0167,+22.0109
+1.0172,+21.9092
+1.0176,+21.7732
+1.0179,+21.7716
+1.0183,+21.5646
+1.0187,+21.414
+1.0191,+21.4375
+1.0196,+21.3406
+1.0199,+21.1453
+1.0203,+21.0878
+1.0207,+20.9266
+1.021,+20.7855
+1.0215,+20.6296
+1.0219,+20.4716
+1.0223,+20.3912
+1.0235,+20.33
+1.0236,+20.1173
+1.0239,+19.9291
+1.0243,+19.8528
+1.0247,+19.6934
+1.025,+19.694
+1.0255,+19.5764
+1.0259,+19.5956
+1.0263,+19.5305
+1.0267,+19.4136
+1.027,+19.2091
+1.0277,+19.1551
+1.0279,+19.1233
+1.0283,+19.1716
+1.0287,+18.9941
+1.029,+18.8555
+1.0296,+18.7421
+1.0299,+18.5052
+1.0303,+18.3099
+1.0307,+18.1488
+1.031,+17.9538
+1.0316,+17.7794
+1.0319,+17.6796
+1.0323,+17.3903
+1.0327,+17.344
+1.033,+17.1721
+1.0335,+17.1178
+1.0339,+17.0491
+1.0343,+17.0494
+1.0347,+16.9986
+1.035,+17.0496
+1.0355,+17.1013
+1.0359,+17.0102
+1.0363,+16.9952
+1.0367,+16.9196
+1.037,+16.9907
+1.0376,+16.8498
+1.0379,+16.7811
+1.0383,+16.6049
+1.0387,+16.5923
+1.039,+16.5239
+1.0395,+16.3416
+1.0399,+16.2474
+1.0403,+16.1662
+1.0407,+16.1365
+1.041,+16.0397
+1.0415,+16.0179
+1.0419,+16.044
+1.0423,+15.9956
+1.0427,+15.9381
+1.043,+15.8954
+1.0435,+15.889
+1.0439,+15.9486
+1.0443,+15.9036
+1.0447,+15.8256
+1.045,+15.6673
+1.0455,+15.6364
+1.0459,+15.6746
+1.0463,+15.6926
+1.0467,+15.6477
+1.047,+15.6156
+1.0476,+15.528
+1.0479,+15.4304
+1.0483,+15.4642
+1.0487,+15.3513
+1.049,+15.4342
+1.0496,+15.4239
+1.0499,+15.3363
+1.0503,+15.295
+1.0507,+15.3004
+1.0511,+15.2431
+1.0516,+15.2729
+1.0519,+15.341
+1.0523,+15.3246
+1.0527,+15.38
+1.053,+15.3594
+1.0535,+15.3588
+1.054,+15.2747
+1.0543,+15.3307
+1.0547,+15.388
+1.055,+15.4492
+1.0556,+15.4123
+1.0559,+15.4734
+1.0563,+15.5631
+1.0567,+15.6853
+1.057,+15.7956
+1.0575,+15.8787
+1.0579,+16.1098
+1.0583,+16.1389
+1.0587,+16.117
+1.059,+16.1923
+1.0596,+16.2462
+1.0599,+16.2674
+1.0603,+16.2492
+1.0607,+16.2532
+1.061,+16.2511
+1.0616,+16.2353
+1.0619,+16.1379
+1.0623,+16.1227
+1.0627,+16.1455
+1.063,+16.1125
+1.0636,+16.1797
+1.0639,+16.2081
+1.0643,+16.2099
+1.0647,+16.1851
+1.065,+16.1486
+1.0656,+16.2659
+1.0659,+16.1918
+1.0663,+16.2292
+1.0667,+16.1942
+1.067,+16.1962
+1.0676,+16.1768
+1.0679,+16.1092
+1.0683,+16.1087
+1.0687,+16.1473
+1.069,+16.0899
+1.0695,+15.9488
+1.0699,+15.8794
+1.0703,+15.8178
+1.0707,+15.8657
+1.071,+15.7736
+1.0716,+15.676
+1.0719,+15.5278
+1.0723,+15.4035
+1.0727,+15.2049
+1.073,+15.1618
+1.0736,+15.0738
+1.0739,+15.0981
+1.0743,+14.9685
+1.0747,+14.7866
+1.0751,+14.6876
+1.0756,+14.627
+1.0759,+14.5485
+1.0763,+14.3043
+1.0767,+14.1732
+1.0771,+13.9965
+1.0776,+13.8901
+1.0779,+13.5593
+1.0783,+13.4225
+1.0787,+13.2179
+1.079,+12.9763
+1.0796,+12.5963
+1.0799,+12.3948
+1.0803,+12.2803
+1.0807,+12.0201
+1.081,+11.7379
+1.0816,+11.4451
+1.0819,+11.2739
+1.0823,+10.9924
+1.0827,+10.8281
+1.083,+10.4924
+1.0836,+10.4226
+1.0839,+10.0974
+1.0844,+9.81984
+1.0847,+9.6269
+1.0852,+9.47776
+1.0856,+9.16966
+1.0859,+8.97112
+1.0863,+8.73312
+1.0867,+8.38556
+1.0871,+8.30717
+1.0876,+7.93961
+1.0879,+7.75964
+1.0883,+7.53623
+1.0887,+7.32969
+1.0891,+7.04178
+1.0896,+6.91024
+1.0899,+6.61599
+1.0903,+6.38708
+1.0907,+6.06593
+1.091,+5.73995
+1.0916,+5.542
+1.0919,+5.23468
+1.0923,+4.92135
+1.0927,+4.6364
+1.0931,+4.38926
+1.0936,+4.10259
+1.0939,+3.92961
+1.0943,+3.66051
+1.0947,+3.54847
+1.0951,+3.3949
+1.0956,+3.17029
+1.0959,+2.98013
+1.0963,+2.8705
+1.0967,+2.61669
+1.0971,+2.29811
+1.0976,+2.11931
+1.0979,+1.82651
+1.0983,+1.64328
+1.0987,+1.30829
+1.0991,+0.990998
+1.0996,+0.815923
+1.0999,+0.6744
+1.1003,+0.464594
+1.1007,+0.270398
+1.101,+0.132012
+1.1015,-0.100989
+1.1019,-0.230171
+1.1023,-0.416104
+1.1027,-0.476195
+1.103,-0.576272
+1.1036,-0.737629
+1.1039,-0.911417
+1.1043,-1.08774
+1.1048,-1.06454
+1.1051,-1.21535
+1.1056,-1.42271
+1.1059,-1.52656
+1.1063,-1.63266
+1.1067,-1.74797
+1.1071,-1.83606
+1.1076,-1.87539
+1.1079,-2.0348
+1.1083,-2.09758
+1.1087,-2.26897
+1.1091,-2.23607
+1.1096,-2.27629
+1.1099,-2.34637
+1.1103,-2.30583
+1.1107,-2.3452
+1.1111,-2.40226
+1.1116,-2.60631
+1.1119,-2.57623
+1.1123,-2.66269
+1.1127,-2.62871
+1.113,-2.70315
+1.1135,-2.64143
+1.1139,-2.71056
+1.1143,-2.89256
+1.1147,-3.04934
+1.1151,-3.0222
+1.1156,-2.90538
+1.1161,-2.90199
+1.1163,-2.88942
+1.1167,-3.04444
+1.1171,-3.18095
+1.1176,-3.29618
+1.1179,-3.27776
+1.1183,-3.26077
+1.1187,-3.2388
+1.1191,-3.38223
+1.1196,-3.51477
+1.1199,-3.64671
+1.1203,-3.68132
+1.1207,-3.74036
+1.1211,-3.79495
+1.1216,-3.88928
+1.1219,-4.03894
+1.1223,-4.14003
+1.1227,-4.18237
+1.1232,-4.25939
+1.1236,-4.38184
+1.1239,-4.3894
+1.1243,-4.4919
+1.1247,-4.4649
+1.1259,-4.40818
+1.126,-4.4244
+1.1263,-4.35792
+1.1267,-4.42708
+1.127,-4.62389
+1.1276,-4.72371
+1.1279,-4.73678
+1.1283,-4.80521
+1.1287,-4.97118
+1.1291,-5.09038
+1.1296,-5.19464
+1.1299,-5.2729
+1.1303,-5.51751
+1.1307,-5.62099
+1.1311,-5.59406
+1.1316,-5.59155
+1.1319,-5.69233
+1.1323,-5.7468
+1.1327,-5.6513
+1.133,-5.60602
+1.1336,-5.65239
+1.1339,-5.63799
+1.1343,-5.44632
+1.1348,-5.38376
+1.1351,-5.35485
+1.1356,-5.37817
+1.1359,-5.29668
+1.1363,-5.38526
+1.1367,-5.5338
+1.1371,-5.59005
+1.1376,-5.57423
+1.1379,-5.72201
+1.1383,-5.92754
+1.1387,-5.99712
+1.1391,-6.0946
+1.1395,-6.03671
+1.1399,-6.1919
+1.1403,-6.13992
+1.1407,-6.0537
+1.141,-6.28563
+1.1416,-6.29607
+1.1419,-6.19374
+1.1423,-6.07747
+1.1427,-5.96896
+1.1431,-5.91919
+1.1436,-5.98044
+1.1439,-5.7847
+1.1443,-5.79947
+1.1447,-5.63535
+1.1451,-5.34763
+1.1455,-5.239
+1.1459,-5.12052
+1.1463,-5.05111
+1.1467,-4.98329
+1.147,-4.79436
+1.1476,-4.64654
+1.1479,-4.65684
+1.1483,-4.4965
+1.1487,-4.58458
+1.1491,-4.55847
+1.1496,-4.46073
+1.1499,-4.4289
+1.1503,-4.36446
+1.1507,-4.41397
+1.1511,-4.36847
+1.1516,-4.27442
+1.1519,-4.08546
+1.1523,-4.00778
+1.1527,-3.92748
+1.1531,-3.85188
+1.1536,-3.93044
+1.1539,-3.80531
+1.1543,-3.71909
+1.1547,-3.59377
+1.155,-3.58583
+1.1556,-3.69482
+1.1559,-3.71033
+1.1563,-3.66272
+1.1567,-3.57194
+1.157,-3.52884
+1.1576,-3.35728
+1.1579,-3.38362
+1.1583,-3.48224
+1.1587,-3.48902
+1.1591,-3.41341
+1.1596,-3.27233
+1.1599,-3.26713
+1.1603,-3.34034
+1.1607,-3.28898
+1.161,-3.32695
+1.1616,-3.43262
+1.1619,-3.39068
+1.1623,-3.29609
+1.1627,-3.24542
+1.163,-3.25626
+1.1636,-3.27637
+1.1639,-3.38506
+1.1643,-3.32741
+1.1647,-3.34121
+1.1652,-3.30128
+1.1656,-3.33929
+1.1659,-3.53215
+1.1663,-3.56117
+1.1667,-3.57214
+1.1671,-3.69664
+1.1676,-3.79068
+1.1679,-3.82492
+1.1683,-3.96
+1.1687,-4.14314
+1.1691,-4.29239
+1.1696,-4.24755
+1.1699,-4.22398
+1.1703,-4.26993
+1.1707,-4.5083
+1.1711,-4.57347
+1.1716,-4.61511
+1.1719,-4.74048
+1.1723,-4.8119
+1.1727,-5.01558
+1.1731,-4.97227
+1.1736,-5.19364
+1.1739,-5.36526
+1.1743,-5.62382
+1.1747,-5.60244
+1.175,-5.75742
+1.1756,-5.86658
+1.1759,-5.95359
+1.1763,-6.11417
+1.1767,-6.11903
+1.1771,-6.39598
+1.1776,-6.38791
+1.1779,-6.38485
+1.1783,-6.52219
+1.1787,-6.69882
+1.1791,-6.84821
+1.1796,-6.8808
+1.1799,-6.75983
+1.1803,-6.84521
+1.1807,-6.97194
+1.1811,-7.03219
+1.1816,-7.20888
+1.1819,-7.48189
+1.1823,-7.53683
+1.1827,-7.63249
+1.1831,-7.66998
+1.1836,-7.86333
+1.1839,-7.98901
+1.1843,-8.03552
+1.1847,-7.98974
+1.185,-7.95346
+1.1856,-8.04141
+1.1859,-8.02996
+1.1863,-7.96793
+1.1867,-7.99338
+1.1871,-7.94996
+1.1876,-7.91026
+1.1879,-8.09814
+1.1883,-8.05664
+1.1887,-8.18422
+1.1891,-8.22464
+1.1896,-8.20563
+1.1899,-8.22444
+1.1903,-8.29836
+1.1907,-8.32729
+1.191,-8.45443
+1.1916,-8.33819
+1.192,-8.27637
+1.1923,-8.49405
+1.1927,-8.41408
+1.1931,-8.40879
+1.1936,-8.36489
+1.1939,-8.26623
+1.1943,-8.19799
+1.1947,-8.03189
+1.1951,-7.9806
+1.1956,-8.09059
+1.1959,-8.00654
+1.1963,-7.83832
+1.1967,-7.67791
+1.1971,-7.53701
+1.1976,-7.45847
+1.1979,-7.34703
+1.1983,-7.20684
+1.1987,-7.19129
+1.1991,-7.01359
+1.1994,-6.92875
+1.1999,-6.99213
+1.2003,-6.87029
+1.2007,-6.79939
+1.2011,-6.85696
+1.2014,-6.76839
+1.2019,-6.74787
+1.2023,-6.7404
+1.2027,-6.72347
+1.2031,-6.6757
+1.2034,-6.67857
+1.2039,-6.53446
+1.2043,-6.43626
+1.2047,-6.48967
+1.2051,-5.43497
+1.2054,-5.44255
+1.2061,-5.37439
+1.2063,-5.33783
+1.2067,-5.26615
+1.2071,-5.24861
+1.2076,-5.16342
+1.2079,-5.04353
+1.2083,-5.00919
+1.2087,-4.83468
+1.2091,-4.76181
+1.2096,-4.72004
+1.2099,-4.65727
+1.2103,-4.62194
+1.2107,-4.48804
+1.2111,-4.36618
+1.2116,-4.33287
+1.2119,-4.29753
+1.2123,-4.2485
+1.2127,-4.25929
+1.2131,-4.34622
+1.2136,-4.27639
+1.2139,-4.13365
+1.2143,-4.09744
+1.2147,-4.085
+1.2151,-4.06617
+1.2156,-3.95213
+1.2159,-3.95925
+1.2163,-4.04907
+1.2167,-4.11747
+1.2171,-4.01735
+1.2176,-4.02439
+1.2179,-4.15537
+1.2183,-4.19773
+1.2187,-4.16435
+1.2191,-4.16391
+1.2196,-4.20625
+1.2199,-4.24938
+1.2203,-4.12598
+1.2207,-4.18128
+1.2211,-4.115
+1.2216,-4.08608
+1.2219,-4.04882
+1.2223,-4.05484
+1.2227,-3.98743
+1.2231,-4.02766
+1.2236,-3.99075
+1.2239,-4.00597
+1.2243,-3.93243
+1.2247,-3.9088
+1.2251,-3.94614
+1.2256,-4.04676
+1.2259,-4.17385
+1.2263,-4.18892
+1.2267,-4.41964
+1.2271,-4.49642
+1.2283,-4.58845
+1.2284,-4.5927
+1.2286,-4.81082
+1.2289,-4.8394
+1.2293,-4.9493
+1.2296,-5.0162
+1.2301,-5.08769
+1.2304,-5.18577
+1.2307,-5.30351
+1.2311,-5.25489
+1.2316,-5.15848
+1.2319,-5.29339
+1.2323,-5.46733
+1.2327,-5.64917
+1.2331,-5.74976
+1.2336,-5.90684
+1.2339,-5.86723
+1.2343,-6.01654
+1.2347,-6.14338
+1.2351,-6.44826
+1.2354,-6.77
+1.2361,-6.99524
+1.2364,-6.95216
+1.2367,-7.12719
+1.2371,-7.27564
+1.2376,-7.40386
+1.2379,-7.49254
+1.2383,-7.61898
+1.2387,-7.60186
+1.2391,-7.72013
+1.2394,-7.86732
+1.2399,-7.829
+1.2403,-8.21744
+1.2407,-8.33408
+1.2411,-8.6392
+1.2414,-8.77864
+1.2419,-9.04051
+1.2423,-9.23237
+1.2427,-9.6141
+1.2431,-9.79148
+1.2434,-10.0418
+1.2439,-10.1943
+1.2443,-10.4072
+1.2447,-10.5632
+1.2451,-10.5807
+1.2454,-10.7973
+1.2459,-11.0131
+1.2463,-11.1612
+1.2467,-11.2782
+1.2471,-11.482
+1.2476,-11.486
+1.2479,-11.6563
+1.2483,-11.6525
+1.2487,-11.8648
+1.2491,-12.0309
+1.2494,-12.1499
+1.2499,-12.4087
+1.2503,-12.3394
+1.2507,-12.5197
+1.2511,-12.6704
+1.2514,-12.9748
+1.2519,-13.209
+1.2523,-13.229
+1.2527,-13.355
+1.2531,-13.5373
+1.2534,-13.5275
+1.2539,-13.6142
+1.2543,-14.048
+1.2547,-14.145
+1.2551,-14.2801
+1.2554,-14.5049
+1.2559,-14.7438
+1.2577,-15.0354
+1.2579,-15.1884
+1.2582,-15.348
+1.2584,-15.7583
+1.2587,-15.9564
+1.2591,-16.0612
+1.2596,-16.3111
+1.26,-16.3762
+1.2604,-16.3463
+1.2607,-16.2603
+1.2611,-16.4367
+1.2616,-16.5043
+1.262,-16.5556
+1.2623,-16.4643
+1.2627,-16.3786
+1.2631,-16.3507
+1.2635,-16.2532
+1.264,-16.2647
+1.2644,-16.2166
+1.2647,-16.3932
+1.2651,-16.125
+1.2656,-16.1083
+1.266,-16.1665
+1.2665,-16.155
+1.2667,-16.1518
+1.2671,-16.1574
+1.2676,-16.115
+1.268,-16.1896
+1.2683,-16.2168
+1.2687,-16.1761
+1.2691,-16.3496
+1.2696,-16.1965
+1.27,-15.9797
+1.2704,-16.3768
+1.2707,-16.752
+1.2711,-16.5684
+1.2716,-16.5701
+1.272,-16.3861
+1.2723,-16.3259
+1.2727,-16.2345
+1.2731,-16.0993
+1.2736,-15.9397
+1.274,-16.2992
+1.2743,-15.7659
+1.2747,-15.1562
+1.2751,-15.0435
+1.2755,-14.8381
+1.276,-14.7141
+1.2764,-14.5687
+1.2767,-14.3089
+1.2771,-14.1937
+1.2776,-14.2208
+1.278,-13.8275
+1.2784,-13.6798
+1.2787,-13.797
+1.2791,-13.7015
+1.2796,-13.7478
+1.28,-13.8299
+1.2803,-13.7344
+1.2807,-14.1965
+1.2811,-14.0487
+1.2816,-13.895
+1.282,-13.6111
+1.2823,-13.5515
+1.2827,-13.2693
+1.2831,-13.1502
+1.2836,-12.8193
+1.284,-12.845
+1.2843,-12.6549
+1.2847,-12.507
+1.2851,-12.4252
+1.2856,-12.3328
+1.286,-12.3336
+1.2863,-12.5106
+1.2867,-12.3916
+1.2871,-12.2894
+1.2876,-12.5179
+1.288,-12.1005
+1.2883,-12.022
+1.2887,-11.4777
+1.2891,-11.3531
+1.2895,-11.2424
+1.29,-11.0112
+1.2903,-10.5936
+1.2907,-10.5624
+1.2911,-10.5081
+1.2915,-10.1476
+1.292,-10.1516
+1.2923,-10.0596
+1.2927,-9.94113
+1.2931,-9.82259
+1.2936,-9.63968
+1.294,-9.56785
+1.2944,-9.43143
+1.2947,-9.35097
+1.2951,-9.26209
+1.2955,-9.08139
+1.296,-8.77237
+1.2963,-8.74608
+1.2967,-8.66775
+1.2971,-8.59943
+1.2976,-8.5954
+1.298,-8.66279
+1.2984,-8.7
+1.2987,-8.61716
+1.2991,-8.55416
+1.2996,-8.60841
+1.3,-8.63259
+1.3003,-8.48012
+1.3007,-8.43224
+1.3011,-8.37796
+1.3015,-8.32224
+1.302,-8.14082
+1.3024,-7.99802
+1.3027,-8.01668
+1.3031,-7.98392
+1.3035,-7.88955
+1.304,-7.89307
+1.3043,-7.94621
+1.3047,-7.95409
+1.3051,-7.7248
+1.3055,-7.65249
+1.306,-7.69096
+1.3063,-7.59338
+1.3067,-7.45618
+1.3071,-7.30225
+1.3076,-7.19611
+1.308,-7.09725
+1.3083,-6.93873
+1.3089,-6.83653
+1.3091,-6.92921
+1.3095,-6.8849
+1.31,-6.69464
+1.3104,-6.73014
+1.3107,-6.68801
+1.3111,-6.72867
+1.3115,-6.74177
+1.312,-6.7192
+1.3124,-6.85223
+1.3127,-6.81207
+1.3131,-6.77056
+1.3135,-6.7349
+1.314,-6.82649
+1.3144,-6.55153
+1.3147,-6.46416
+1.3151,-6.36561
+1.3155,-6.3178
+1.316,-6.28479
+1.3163,-6.17128
+1.3167,-6.13743
+1.3171,-6.1069
+1.3176,-6.20813
+1.3179,-6.10771
+1.3183,-6.30253
+1.3187,-6.29935
+1.3191,-6.12466
+1.3195,-6.11854
+1.3199,-6.05025
+1.3203,-6.00042
+1.3207,-6.00077
+1.3211,-6.00037
+1.3214,-5.83603
+1.3219,-5.73944
+1.3223,-5.62082
+1.3227,-5.64093
+1.3231,-5.76866
+1.3234,-5.50863
+1.3239,-5.51518
+1.3243,-5.4826
+1.3247,-5.25022
+1.3251,-5.17608
+1.3255,-5.12091
+1.3259,-5.14524
+1.3263,-5.13887
+1.3267,-4.94273
+1.3271,-4.9563
+1.3276,-5.06723
+1.3279,-5.08766
+1.3283,-5.00706
+1.3287,-5.13258
+1.3291,-5.17466
+1.3294,-5.06788
+1.3307,-5.0312
+1.3308,-5.01859
+1.3311,-5.0011
+1.3314,-4.82878
+1.3319,-4.64105
+1.3323,-4.50638
+1.3327,-4.45758
+1.3331,-4.29836
+1.3334,-4.08609
+1.3339,-4.05662
+1.3343,-3.97682
+1.3347,-3.95419
+1.3351,-3.90605
+1.3354,-3.93595
+1.3359,-3.98715
+1.3363,-3.8053
+1.3367,-3.75592
+1.3371,-3.73488
+1.3376,-3.74386
+1.3379,-3.63508
+1.3383,-3.51683
+1.3388,-3.21072
+1.3391,-3.16596
+1.3394,-3.15769
+1.3399,-2.98361
+1.3403,-3.01191
+1.3407,-2.81557
+1.3411,-2.79441
+1.3414,-2.68054
+1.3419,-2.66451
+1.3423,-2.50717
+1.3427,-2.73819
+1.3431,-2.57678
+1.3434,-2.40317
+1.3439,-2.42669
+1.3443,-2.21116
+1.3447,-2.10411
+1.3451,-2.00098
+1.3454,-1.66277
+1.3459,-1.54694
+1.3463,-1.56098
+1.3467,-1.3974
+1.3471,-1.42828
+1.3476,-1.29052
+1.3479,-1.1697
+1.3483,-1.21251
+1.3487,-1.15212
+1.3491,-0.979077
+1.3496,-1.19259
+1.3499,-1.09934
+1.3503,-0.954677
+1.3507,-0.791401
+1.3511,-0.556922
+1.3514,-0.421156
+1.3519,-0.363085
+1.3523,-0.304491
+1.3527,-0.464499
+1.3531,-0.356424
+1.3534,-0.244977
+1.3539,-0.138024
+1.3543,+0.120645
+1.3547,+0.316797
+1.3551,+0.295264
+1.3554,+0.340708
+1.3559,+0.50571
+1.3564,+0.685626
+1.3567,+0.969523
+1.3571,+1.0235
+1.3574,+1.1527
+1.3579,+1.24407
+1.3583,+1.02606
+1.3587,+1.00046
+1.3591,+1.14271
+1.3594,+1.18655
+1.3599,+1.25751
+1.3603,+1.30951
+1.3607,+1.41793
+1.3611,+1.54124
+1.3614,+1.5817
+1.3619,+1.54934
+1.3623,+1.6817
+1.3627,+1.81461
+1.3631,+1.85709
+1.3634,+2.04209
+1.3639,+2.03155
+1.3643,+2.12245
+1.3647,+2.16178
+1.3651,+2.22656
+1.3654,+2.3986
+1.3659,+2.67584
+1.3663,+2.59313
+1.3667,+2.72173
+1.3671,+2.84766
+1.3676,+2.83774
+1.3679,+2.80967
+1.3683,+2.88103
+1.3687,+2.99252
+1.3692,+2.9849
+1.3695,+2.88186
+1.3699,+2.90126
+1.3703,+3.23433
+1.3707,+3.2782
+1.3711,+3.31598
+1.3714,+3.43606
+1.3719,+3.69535
+1.3723,+3.679
+1.3727,+3.64484
+1.3731,+3.81555
+1.3734,+3.91844
+1.3739,+3.98317
+1.3743,+3.99762
+1.3747,+4.00028
+1.3751,+3.9778
+1.3754,+4.0516
+1.3759,+4.01305
+1.3763,+4.15233
+1.3767,+4.31893
+1.3771,+4.22728
+1.3776,+4.29636
+1.3779,+4.27061
+1.3783,+4.33819
+1.3787,+4.35405
+1.3791,+4.43321
+1.3794,+4.41617
+1.38,+4.52429
+1.3803,+4.57964
+1.3807,+4.55326
+1.3811,+4.62192
+1.3814,+4.62699
+1.3819,+4.67494
+1.3823,+4.6651
+1.3827,+4.64159
+1.3831,+4.67258
+1.3834,+4.67464
+1.3839,+4.62481
+1.3843,+4.64315
+1.3847,+4.63742
+1.3851,+4.61341
+1.3854,+4.60595
+1.3859,+4.58591
+1.3863,+4.46525
+1.3867,+4.54088
+1.3871,+4.52924
+1.3874,+4.55284
+1.3879,+4.57397
+1.3883,+4.43635
+1.3887,+4.52039
+1.3891,+4.49355
+1.3894,+4.43453
+1.3899,+4.42717
+1.3903,+4.49389
+1.3907,+4.4429
+1.3911,+4.40289
+1.3914,+4.41078
+1.3919,+4.51159
+1.3923,+4.5769
+1.3927,+4.4877
+1.3931,+4.49938
+1.3934,+4.60281
+1.3939,+4.5731
+1.3943,+4.6707
+1.3947,+4.76252
+1.3951,+4.75151
+1.3954,+4.62779
+1.3959,+4.43755
+1.3963,+4.37409
+1.3967,+4.27322
+1.3971,+4.23483
+1.3976,+4.11641
+1.3979,+3.99341
+1.3983,+3.89434
+1.3987,+3.76627
+1.3991,+3.61895
+1.3996,+3.49095
+1.3999,+3.50236
+1.4003,+3.52127
+1.4007,+3.45491
+1.4011,+3.45163
+1.4014,+3.49322
+1.4019,+3.56618
+1.4023,+3.57399
+1.4027,+3.49372
+1.4031,+3.47812
+1.4034,+3.56688
+1.4039,+3.44214
+1.4043,+3.38955
+1.4047,+3.47453
+1.4051,+3.36592
+1.4054,+3.24722
+1.4059,+3.18597
+1.4063,+3.49034
+1.4067,+3.34547
+1.4071,+3.36803
+1.4074,+3.13026
+1.408,+3.07217
+1.4083,+2.97726
+1.4087,+2.80932
+1.4091,+2.73284
+1.4094,+2.56847
+1.4099,+2.45176
+1.4103,+2.29972
+1.4107,+2.31144
+1.4111,+2.24004
+1.4114,+2.24871
+1.4119,+2.22728
+1.4123,+2.06276
+1.4127,+2.02693
+1.4131,+2.03101
+1.4134,+2.08301
+1.4139,+1.97424
+1.4143,+1.98287
+1.4147,+1.95066
+1.4151,+1.87296
+1.4154,+1.87272
+1.4159,+1.95462
+1.4163,+1.95616
+1.4167,+1.99821
+1.4171,+1.90083
+1.4174,+1.82564
+1.4179,+1.78285
+1.4183,+1.7262
+1.4187,+1.59362
+1.4191,+1.56631
+1.4195,+1.6303
+1.4199,+1.30009
+1.4203,+1.27227
+1.4207,+1.1566
+1.4211,+1.15067
+1.4214,+1.13694
+1.4219,+1.07743
+1.4223,+0.986617
+1.4227,+1.02476
+1.4231,+1.03107
+1.4234,+0.806905
+1.424,+0.841372
+1.4243,+0.678431
+1.4247,+0.570019
+1.4251,+0.581774
+1.4255,+0.520925
+1.4259,+0.543725
+1.4263,+0.525243
+1.4267,+0.375678
+1.4271,+0.338845
+1.4275,+0.399286
+1.428,+0.345118
+1.4283,+0.433606
+1.4287,+0.417781
+1.4291,+0.241047
+1.4294,+0.191007
+1.43,+0.19391
+1.4303,+0.251539
+1.4307,+0.265794
+1.4311,+0.157435
+1.4314,+0.0345844
+1.4319,-0.0302029
+1.4331,-0.0850364
+1.4333,-0.0771526
+1.4335,-0.0477542
+1.4339,-0.00941945
+1.4343,-0.0537392
+1.4347,-0.119816
+1.4351,-0.105733
+1.4354,-0.00581516
+1.4359,+0.0338373
+1.4363,+0.127053
+1.4367,+0.0407876
+1.4371,+0.0934507
+1.4374,+0.0968724
+1.4379,+0.081838
+1.4383,+0.00981078
+1.4387,-0.0235592
+1.4391,-0.0209711
+1.4394,-0.12078
+1.4399,-0.130122
+1.4403,-0.209623
+1.4407,-0.0235681
+1.4411,-0.210496
+1.4414,-0.081107
+1.4419,-0.13075
+1.4423,-0.0924283
+1.4427,-0.0603386
+1.4431,-0.136059
+1.4434,-0.139779
+1.4438,-0.111351
+1.4443,-0.0750421
+1.4447,-0.163967
+1.4451,-0.0423964
+1.4454,-0.0958587
+1.4459,-0.179075
+1.4463,-0.163009
+1.4467,-0.156323
+1.4471,-0.103405
+1.4474,-0.0935094
+1.4479,+0.0005382
+1.4483,+0.0756891
+1.4487,+0.0601329
+1.4491,+0.133988
+1.4494,+0.0544719
+1.4498,+0.136618
+1.4503,+0.115494
+1.4507,+0.160748
+1.4511,+0.247559
+1.4514,+0.243625
+1.4518,+0.181823
+1.4523,+0.166354
+1.4527,+0.200274
+1.4531,+0.204533
+1.4534,+0.253234
+1.4538,+0.222387
+1.4543,+0.280667
+1.4547,+0.21318
+1.4551,+0.205141
+1.4555,+0.0944907
+1.4558,+0.066564
+1.4563,+0.0157847
+1.4567,+0.00870859
+1.4571,-0.00200461
+1.4576,-0.0822392
+1.4579,-0.0392064
+1.4583,-0.00215389
+1.4587,-0.0330007
+1.4591,-0.0159382
+1.4595,+0.0916975
+1.4598,+0.114423
+1.4603,+0.0659789
+1.4607,+0.0415719
+1.4611,-0.0148082
+1.4614,-0.00717161
+1.4619,+0.115521
+1.4623,+0.120777
+1.4627,+0.127691
+1.4631,+0.205402
+1.4634,+0.301967
+1.464,+0.300525
+1.4643,+0.491716
+1.4647,+0.586227
+1.4651,+0.680895
+1.4654,+0.716502
+1.4659,+0.778191
+1.4663,+0.767432
+1.4667,+0.802478
+1.4671,+0.679989
+1.4675,+0.597859
+1.4679,+0.598998
+1.4683,+0.493026
+1.4687,+0.464043
+1.4691,+0.358647
+1.4695,+0.366116
+1.4699,+0.273216
+1.4703,+0.353567
+1.4708,+0.420568
+1.4711,+0.476872
+1.4715,+0.608682
+1.4719,+0.646217
+1.4723,+0.685684
+1.4727,+0.722671
+1.4731,+0.81947
+1.4735,+0.92711
+1.4739,+0.905835
+1.4743,+0.797486
+1.4747,+0.763586
+1.4751,+0.758705
+1.4755,+0.781657
+1.4758,+0.71287
+1.4763,+0.703855
+1.4767,+0.75182
+1.4771,+0.71342
+1.4775,+0.729655
+1.4779,+0.788534
+1.4783,+0.882537
+1.4787,+0.900967
+1.4791,+1.00796
+1.4795,+0.917574
+1.48,+1.01729
+1.4803,+1.13683
+1.4807,+1.12939
+1.4811,+1.15263
+1.4815,+1.07714
+1.4819,+1.1426
+1.4823,+1.13494
+1.4827,+1.17906
+1.4831,+1.1085
+1.4835,+1.10706
+1.4838,+1.17741
+1.4843,+1.07142
+1.4847,+1.04301
+1.4851,+1.10699
+1.4855,+1.24186
+1.4859,+1.12871
+1.4863,+1.16922
+1.4867,+1.20133
+1.4871,+1.21433
+1.4874,+1.24111
+1.488,+1.2481
+1.4883,+1.33559
+1.4887,+1.34784
+1.4891,+1.33073
+1.4895,+1.34798
+1.4898,+1.45852
+1.4903,+1.4109
+1.4907,+1.41257
+1.4911,+1.49198
+1.4915,+1.4752
+1.4918,+1.47028
+1.4923,+1.47242
+1.4927,+1.52968
+1.4931,+1.61185
+1.4934,+1.58231
+1.4938,+1.55259
+1.4943,+1.50007
+1.4947,+1.50913
+1.4951,+1.46178
+1.4955,+1.5485
+1.4958,+1.52701
+1.4963,+1.50439
+1.4967,+1.48051
+1.4971,+1.46786
+1.4976,+1.49289
+1.4979,+1.47618
+1.4983,+1.55863
+1.4987,+1.57053
+1.4991,+1.62699
+1.4995,+1.61144
+1.4998,+1.71713
+1.5003,+1.78351
+1.5007,+1.93022
+1.5012,+1.9311
+1.5015,+1.82201
+1.5019,+1.86993
+1.5023,+1.87569
+1.5027,+1.98007
+1.5031,+1.95779
+1.5035,+2.02871
+1.5039,+1.94776
+1.5043,+1.98823
+1.5047,+1.9585
+1.5051,+1.91493
+1.5055,+2.00414
+1.506,+1.97744
+1.5063,+1.97143
+1.5067,+1.91461
+1.5071,+1.9366
+1.5075,+1.9077
+1.5078,+1.91011
+1.5083,+1.95889
+1.5087,+1.8593
+1.5091,+1.93303
+1.5094,+1.89716
+1.5098,+1.91676
+1.5103,+1.91642
+1.5107,+1.92346
+1.5111,+1.98811
+1.5115,+1.98005
+1.5119,+2.05771
+1.5123,+1.98792
+1.5127,+2.09146
+1.5131,+2.18215
+1.5135,+2.31007
+1.514,+2.35743
+1.5143,+2.4262
+1.5147,+2.44499
+1.5151,+2.41099
+1.5155,+2.47732
+1.5158,+2.43165
+1.5163,+2.4233
+1.5167,+2.36496
+1.5171,+2.24554
+1.5174,+2.21251
+1.518,+2.25186
+1.5183,+2.16889
+1.5187,+2.17749
+1.5191,+2.1286
+1.5195,+1.86051
+1.5199,+1.78039
+1.5203,+1.68996
+1.5207,+1.67805
+1.5211,+1.66295
+1.5214,+1.63442
+1.5218,+1.59402
+1.5223,+1.69629
+1.5227,+1.70386
+1.5231,+1.77775
+1.5235,+2.0057
+1.5238,+2.03318
+1.5243,+2.13951
+1.5247,+2.05136
+1.5251,+2.05686
+1.5255,+2.06601
+1.5258,+2.04137
+1.5263,+1.91198
+1.5267,+1.78904
+1.5271,+1.6957
+1.5275,+1.61052
+1.528,+1.69545
+1.5283,+1.57759
+1.5287,+1.67015
+1.5291,+1.72766
+1.5295,+1.52938
+1.5298,+1.49624
+1.5303,+1.56403
+1.5307,+1.51424
+1.5311,+1.4643
+1.5316,+1.47028
+1.532,+1.38954
+1.5323,+1.54835
+1.5327,+1.42195
+1.5331,+1.23366
+1.5335,+1.4327
+1.5338,+1.43339
+1.5343,+1.42012
+1.5355,+1.48321
+1.5356,+1.51697
+1.5359,+1.49153
+1.5363,+1.46272
+1.5367,+1.33405
+1.5371,+1.36949
+1.5374,+1.37771
+1.5378,+1.28434
+1.5383,+1.22176
+1.5387,+1.26753
+1.5391,+1.28453
+1.5394,+1.29843
+1.5398,+1.27365
+1.5403,+1.26967
+1.5407,+1.22961
+1.5411,+1.21121
+1.5414,+1.22255
+1.542,+1.1388
+1.5423,+1.11965
+1.5427,+0.995833
+1.5431,+0.624876
+1.5435,+0.486433
+1.5438,+0.507166
+1.5443,+0.389748
+1.5447,+0.325937
+1.5451,+0.337932
+1.5454,+0.370585
+1.5458,+0.446522
+1.5463,+0.370507
+1.5467,+0.355096
+1.5471,+0.634228
+1.5475,+0.565189
+1.5478,+0.498992
+1.5483,+0.498561
+1.5487,+0.485633
+1.5491,+0.36095
+1.5495,+0.223608
+1.5498,+0.116319
+1.5503,+0.107535
+1.5507,+0.0171765
+1.5511,-0.109188
+1.5516,-0.0526056
+1.552,-0.209624
+1.5523,-0.337141
+1.5527,-0.474127
+1.5531,-0.486581
+1.5535,-0.511109
+1.5538,-0.722742
+1.5543,-0.765508
+1.5547,-0.953343
+1.5551,-0.906547
+1.5554,-1.01806
+1.5558,-0.994662
+1.5563,-1.01354
+1.5567,-0.963653
+1.5571,-1.30643
+1.5575,-1.39491
+1.5578,-1.3236
+1.5583,-1.42236
+1.5587,-1.40564
+1.5591,-1.49774
+1.5595,-1.51453
+1.5598,-1.59553
+1.5603,-1.73628
+1.5607,-1.91149
+1.5611,-1.80002
+1.5615,-1.86235
+1.5619,-1.97558
+1.5623,-2.14268
+1.5627,-2.16844
+1.5631,-2.26967
+1.5634,-2.41062
+1.5638,-2.50843
+1.5643,-2.62167
+1.5647,-2.67502
+1.5651,-2.74107
+1.5654,-2.9175
+1.5658,-3.05756
+1.5663,-3.00766
+1.5667,-3.10633
+1.5671,-3.29354
+1.5675,-3.43409
+1.5678,-3.47836
+1.5683,-3.36461
+1.5687,-3.50759
+1.5691,-3.49513
+1.5695,-3.55159
+1.5698,-3.63169
+1.5703,-3.83262
+1.5707,-3.91059
+1.5711,-3.90758
+1.5715,-3.92774
+1.5718,-4.06377
+1.5723,-4.2802
+1.5727,-4.33207
+1.5731,-4.45724
+1.5735,-4.46793
+1.5738,-4.51847
+1.5743,-4.5111
+1.5747,-4.59801
+1.5751,-4.72438
+1.5755,-4.8111
+1.5758,-4.76905
+1.5763,-4.76155
+1.5767,-4.79884
+1.5771,-4.91811
+1.5775,-5.07583
+1.578,-5.06765
+1.5783,-5.14988
+1.5787,-5.23699
+1.5791,-5.34625
+1.5795,-5.46187
+1.5798,-5.68432
+1.5803,-5.8715
+1.5807,-6.02208
+1.5811,-6.07396
+1.5815,-6.12399
+1.582,-6.37645
+1.5823,-6.49598
+1.5827,-6.56946
+1.5831,-6.63667
+1.5835,-6.6757
+1.5838,-6.69262
+1.5843,-6.5944
+1.5847,-6.59225
+1.5851,-6.56937
+1.5854,-6.61444
+1.5858,-6.51204
+1.5863,-6.4984
+1.5867,-6.67323
+1.5871,-6.65872
+1.5875,-6.77691
+1.5878,-6.81564
+1.5883,-6.97158
+1.5887,-6.96324
+1.5891,-7.13013
+1.5895,-7.21889
+1.5898,-7.38831
+1.5903,-7.5071
+1.5907,-7.43731
+1.5911,-7.58578
+1.5915,-7.7028
+1.5918,-7.77502
+1.5925,-7.73811
+1.5927,-7.86954
+1.5931,-7.90412
+1.5935,-7.90905
+1.5938,-7.97051
+1.5943,-8.01722
+1.5947,-8.19349
+1.5951,-8.21718
+1.5955,-8.10806
+1.5958,-8.14882
+1.5963,-8.35032
+1.5967,-8.38709
+1.5971,-8.48706
+1.5975,-8.5463
+1.5978,-8.58605
+1.5983,-8.67856
+1.5987,-8.58085
+1.5991,-8.575
+1.5995,-8.53376
+1.5998,-8.59063
+1.6003,-8.54135
+1.6007,-8.65517
+1.6011,-8.69378
+1.6015,-8.75012
+1.6018,-8.684
+1.6023,-8.58455
+1.6027,-8.66973
+1.6031,-8.6856
+1.6035,-8.85896
+1.6038,-8.91057
+1.6043,-8.96306
+1.6047,-8.98922
+1.6051,-8.88656
+1.6055,-8.83238
+1.6058,-8.92386
+1.6063,-9.01944
+1.6067,-8.94309
+1.6071,-9.36314
+1.6075,-9.45313
+1.6078,-9.49733
+1.6083,-9.45388
+1.6087,-9.2633
+1.6091,-9.2836
+1.6095,-9.27071
+1.6098,-9.23758
+1.6103,-9.20931
+1.6107,-9.29318
+1.6111,-9.39416
+1.6115,-9.33706
+1.6118,-9.2771
+1.6123,-9.26796
+1.6127,-9.36179
+1.6131,-9.48512
+1.6135,-9.54242
+1.6138,-9.40354
+1.6143,-9.35591
+1.6147,-9.27765
+1.6151,-9.21823
+1.6155,-9.08505
+1.6158,-9.09836
+1.6163,-9.08655
+1.6167,-9.06548
+1.6171,-8.89195
+1.6175,-8.77554
+1.6178,-8.7609
+1.6183,-8.72857
+1.6187,-8.69076
+1.6191,-8.63473
+1.6195,-8.64947
+1.6198,-8.65431
+1.6203,-8.60233
+1.6207,-8.56053
+1.6211,-8.65013
+1.6215,-8.60295
+1.6218,-8.71826
+1.6223,-8.68769
+1.6228,-8.64777
+1.6231,-8.64795
+1.6235,-8.59403
+1.624,-8.44421
+1.6243,-8.40546
+1.6247,-8.35193
+1.6251,-8.25338
+1.6255,-8.22685
+1.6258,-8.02395
+1.6263,-8.06739
+1.6267,-8.07178
+1.6271,-8.08003
+1.6275,-8.09809
+1.6278,-8.07516
+1.6283,-8.01018
+1.6287,-7.96385
+1.6291,-7.88919
+1.6295,-7.91171
+1.6298,-7.96747
+1.6303,-7.83776
+1.6307,-7.7128
+1.6311,-7.50794
+1.6315,-7.34126
+1.6318,-7.29839
+1.6323,-7.37353
+1.6327,-7.39957
+1.6331,-7.2741
+1.6335,-7.21917
+1.6338,-7.0619
+1.6343,-6.99204
+1.6347,-7.00389
+1.6351,-6.92026
+1.6355,-6.88645
+1.6358,-6.76198
+1.6363,-6.6346
+1.6367,-6.47167
+1.6379,-6.44475
+1.638,-6.27732
+1.6383,-6.20008
+1.6387,-6.00284
+1.6391,-5.92221
+1.6395,-6.06322
+1.6398,-6.0556
+1.6403,-6.07182
+1.6407,-5.9583
+1.6411,-5.84808
+1.6415,-5.66076
+1.6418,-5.59053
+1.6423,-5.51516
+1.6427,-5.46403
+1.6431,-5.30098
+1.6435,-5.05019
+1.6438,-4.79332
+1.6443,-4.64373
+1.6447,-4.64466
+1.6451,-4.53002
+1.6455,-4.55959
+1.6458,-4.43962
+1.6463,-4.40686
+1.6467,-4.44779
+1.6471,-4.40328
+1.6475,-4.38463
+1.6478,-4.39025
+1.6483,-4.23899
+1.6487,-4.06091
+1.6491,-4.02973
+1.6495,-3.95314
+1.6498,-3.94775
+1.6503,-3.88112
+1.6507,-3.8048
+1.6511,-3.72719
+1.6515,-3.68421
+1.6518,-3.66091
+1.6523,-3.68462
+1.6527,-3.672
+1.6531,-3.63927
+1.6535,-3.59512
+1.6538,-3.51403
+1.6543,-3.33449
+1.6547,-3.20979
+1.6551,-3.12545
+1.6555,-3.11487
+1.6558,-3.09484
+1.6563,-3.11348
+1.6567,-3.00722
+1.6571,-2.94043
+1.6575,-2.88681
+1.6578,-2.95281
+1.6583,-2.97083
+1.6587,-2.98593
+1.6591,-3.01479
+1.6595,-2.99866
+1.6598,-3.009
+1.6603,-2.92886
+1.6607,-2.85881
+1.6611,-2.83171
+1.6615,-2.77472
+1.6618,-2.70808
+1.6623,-2.76822
+1.6627,-2.70328
+1.6631,-2.70921
+1.6635,-2.69666
+1.6638,-2.48826
+1.6643,-2.39424
+1.6647,-2.44412
+1.6651,-2.4365
+1.6654,-2.46602
+1.6658,-2.47184
+1.6663,-2.38041
+1.6667,-2.34236
+1.6671,-2.39266
+1.6675,-2.31564
+1.6678,-2.36206
+1.6683,-2.51932
+1.6687,-2.47767
+1.6691,-2.40745
+1.6695,-2.51298
+1.6698,-2.46483
+1.6703,-2.55464
+1.6707,-2.65154
+1.6711,-2.64019
+1.6715,-2.72416
+1.6718,-2.78828
+1.6723,-2.69425
+1.6727,-2.69302
+1.6731,-2.74339
+1.6736,-2.61106
+1.6738,-2.76546
+1.6743,-2.70815
+1.6747,-2.74327
+1.6751,-2.59484
+1.6755,-2.6248
+1.6758,-2.63861
+1.6763,-2.70681
+1.6767,-2.79654
+1.6771,-2.77232
+1.6775,-2.83059
+1.6778,-2.72704
+1.6783,-2.61954
+1.6787,-2.597
+1.6791,-2.71225
+1.6795,-2.53949
+1.6798,-2.60676
+1.6803,-2.49486
+1.6807,-2.49952
+1.6811,-2.60794
+1.6815,-2.6093
+1.6818,-2.64859
+1.6823,-2.8799
+1.6827,-2.85257
+1.6831,-2.85984
+1.6835,-3.01212
+1.6838,-3.08116
+1.6843,-3.2414
+1.6847,-3.34998
+1.6851,-3.39582
+1.6855,-3.51582
+1.6858,-3.42958
+1.6863,-3.40532
+1.6867,-3.50618
+1.6871,-3.56714
+1.6875,-3.46318
+1.6878,-3.25397
+1.6883,-3.18898
+1.6887,-3.13904
+1.6891,-3.21229
+1.6895,-3.2503
+1.6898,-3.30456
+1.6903,-3.41173
+1.6907,-3.45635
+1.6911,-3.45686
+1.6915,-3.60008
+1.6918,-3.766
+1.6923,-3.83275
+1.6927,-3.79206
+1.6931,-3.68317
+1.6935,-3.49615
+1.6938,-3.6397
+1.6943,-3.5549
+1.6947,-3.55745
+1.6951,-3.59501
+1.6955,-3.48272
+1.6958,-3.38444
+1.6963,-3.46047
+1.6967,-3.57729
+1.6971,-3.68463
+1.6975,-3.83482
+1.6978,-3.69022
+1.6982,-3.7527
+1.6987,-3.72612
+1.6991,-3.76963
+1.6995,-3.96866
+1.6998,-4.01813
+1.7002,-4.01327
+1.7007,-3.97063
+1.7011,-4.01957
+1.7015,-3.88718
+1.7018,-3.77938
+1.7023,-3.78712
+1.7027,-3.60976
+1.7031,-3.63458
+1.7036,-3.612
+1.7038,-3.7603
+1.7043,-3.78618
+1.7047,-3.89998
+1.7051,-3.98803
+1.7055,-4.09101
+1.7058,-4.3841
+1.7062,-4.27458
+1.7067,-4.49386
+1.7071,-4.54619
+1.7075,-4.58757
+1.7078,-4.67599
+1.7083,-4.72805
+1.7087,-4.67557
+1.7091,-4.67501
+1.7095,-4.62005
+1.7098,-4.45402
+1.7103,-4.50613
+1.7107,-4.46318
+1.7111,-4.29064
+1.7115,-4.33713
+1.7118,-4.26855
+1.7123,-4.1477
+1.7127,-4.08783
+1.7131,-4.08744
+1.7135,-4.24513
+1.7138,-4.30837
+1.7143,-4.43248
+1.7147,-4.59625
+1.7151,-4.70631
+1.7155,-4.6361
+1.7158,-4.46881
+1.7163,-4.61074
+1.7167,-4.61346
+1.7171,-4.56694
+1.7175,-4.50853
+1.7178,-4.58491
+1.7183,-4.607
+1.7187,-4.62693
+1.7191,-4.6916
+1.7195,-4.7244
+1.7198,-5.03675
+1.7203,-4.84972
+1.7207,-4.93092
+1.7211,-4.77485
+1.7215,-4.84491
+1.7218,-4.95811
+1.7223,-4.8953
+1.7227,-4.77994
+1.7231,-4.59729
+1.7235,-4.5102
+1.7238,-4.20758
+1.7243,-4.35683
+1.7247,-4.35936
+1.7251,-4.38107
+1.7255,-4.4347
+1.7258,-4.44507
+1.7263,-4.31508
+1.7267,-4.20884
+1.7271,-4.22805
+1.7275,-4.15087
+1.7278,-4.36416
+1.7283,-4.22119
+1.7287,-4.14534
+1.7291,-4.13
+1.7295,-4.08441
+1.7298,-4.06687
+1.7303,-4.14915
+1.7307,-4.22921
+1.7311,-4.22627
+1.7315,-4.27484
+1.7318,-4.07902
+1.7323,-4.08788
+1.7327,-4.04557
+1.7331,-3.99615
+1.7335,-3.81535
+1.734,-3.62561
+1.7343,-3.68992
+1.7347,-3.65316
+1.7351,-3.78071
+1.7355,-3.71029
+1.7358,-3.7422
+1.7363,-3.78093
+1.7367,-3.78485
+1.7371,-3.79036
+1.7375,-3.84273
+1.7378,-3.78269
+1.7383,-3.71944
+1.7387,-3.70145
+1.7391,-3.23972
+1.7403,-3.2401
+1.7405,-3.14894
+1.7408,-3.03618
+1.7411,-2.98576
+1.7415,-2.91034
+1.7418,-2.83939
+1.7422,-2.90271
+1.7427,-2.70975
+1.7431,-2.64238
+1.7435,-2.9624
+1.7438,-2.93859
+1.7443,-2.94835
+1.7447,-2.90997
+1.7451,-2.85891
+1.7455,-2.88091
+1.7458,-2.89352
+1.7463,-2.76451
+1.7467,-2.91194
+1.7471,-2.84581
+1.7475,-2.63593
+1.7478,-2.48342
+1.7483,-2.42229
+1.7487,-2.38933
+1.7491,-2.41309
+1.7495,-2.46624
+1.7498,-2.31772
+1.7502,-2.36255
+1.7507,-2.20651
+1.7511,-2.12792
+1.7515,-2.12958
+1.7518,-2.39454
+1.7523,-2.37294
+1.7527,-2.33172
+1.7531,-2.34015
+1.7535,-2.31611
+1.7538,-2.31547
+1.7542,-2.28472
+1.7547,-2.37565
+1.7551,-2.43224
+1.7555,-2.40625
+1.7558,-2.19876
+1.7563,-2.11302
+1.7567,-2.00613
+1.7571,-1.92829
+1.7575,-1.83352
+1.7578,-1.71776
+1.7582,-1.74868
+1.7587,-1.55262
+1.7591,-1.52476
+1.7595,-1.53979
+1.7598,-1.25416
+1.7602,-1.2183
+1.7607,-0.963622
+1.7611,-0.800818
+1.7615,-0.667873
+1.7618,-0.678152
+1.7622,-0.386393
+1.7627,-0.299503
+1.7631,-0.183835
+1.7635,-0.175619
+1.7638,-0.28697
+1.7643,-0.1746
+1.7647,-0.578157
+1.7651,-0.59627
+1.7655,-0.577998
+1.7658,-0.469254
+1.7662,-0.495566
+1.7667,-0.637208
+1.7671,-0.526171
+1.7676,-0.539748
+1.768,-0.468452
+1.7683,-0.564772
+1.7687,-0.352214
+1.7691,-0.26903
+1.7695,-0.247946
+1.7698,-0.316318
+1.7702,-0.332376
+1.7707,-0.0441049
+1.7711,-0.0785789
+1.7715,+0.106717
+1.7718,+0.0571041
+1.7723,+0.203958
+1.7727,+0.431965
+1.7731,+0.525778
+1.7735,+0.520482
+1.7738,+0.740862
+1.7742,+0.818369
+1.7748,+0.745923
+1.7751,+0.804181
+1.7755,+0.860205
+1.7758,+1.04378
+1.7762,+1.06938
+1.7767,+0.925415
+1.7771,+0.985658
+1.7775,+1.1464
+1.7778,+1.07672
+1.7782,+1.15729
+1.7787,+1.1959
+1.7791,+1.34208
+1.7795,+1.32924
+1.7798,+1.27576
+1.7802,+1.30914
+1.7807,+1.40113
+1.7811,+1.5023
+1.7815,+1.58001
+1.7818,+1.52291
+1.7822,+1.58636
+1.7827,+1.56489
+1.7831,+1.47267
+1.7835,+1.77553
+1.7838,+1.83431
+1.7842,+1.91627
+1.7847,+2.00145
+1.7851,+1.98251
+1.7855,+1.88786
+1.7858,+2.16001
+1.7862,+2.23423
+1.7867,+2.37325
+1.7871,+2.74122
+1.7875,+2.60147
+1.7878,+2.46701
+1.7883,+2.40914
+1.7887,+2.61589
+1.7891,+2.70956
+1.7895,+2.76305
+1.7898,+2.70557
+1.7902,+2.69754
+1.7907,+2.79979
+1.7911,+2.65684
+1.7915,+2.65082
+1.7918,+2.97243
+1.7922,+3.04455
+1.7927,+2.8998
+1.7931,+2.72087
+1.7935,+2.81823
+1.7938,+2.73635
+1.7942,+2.74009
+1.7947,+2.65009
+1.7951,+2.58719
+1.7955,+2.60432
+1.7958,+2.4613
+1.7963,+2.57464
+1.7967,+2.62932
+1.7971,+2.78398
+1.7975,+2.93824
+1.7978,+2.97481
+1.7982,+2.99108
+1.7987,+2.94803
+1.7991,+2.91641
+1.7995,+3.03037
+1.7998,+3.15639
+1.8002,+3.18571
+1.8007,+3.23529
+1.8011,+3.1688
+1.8015,+3.10546
+1.8018,+3.20757
+1.8022,+3.29621
+1.8027,+3.51025
+1.8031,+3.46712
+1.8035,+3.31822
+1.8038,+3.29572
+1.8043,+3.16432
+1.8047,+3.1765
+1.8052,+3.33173
+1.8055,+3.36987
+1.8058,+3.29436
+1.8062,+3.31502
+1.8067,+3.33548
+1.8071,+3.39265
+1.8075,+3.58514
+1.8078,+3.51821
+1.8082,+3.56459
+1.8087,+3.52554
+1.8091,+3.52566
+1.8095,+3.51511
+1.8098,+3.57561
+1.8102,+3.65327
+1.8107,+3.6333
+1.8111,+3.63152
+1.8115,+3.53901
+1.8118,+3.58884
+1.8122,+3.57575
+1.8127,+3.58895
+1.8131,+3.55376
+1.8135,+3.64787
+1.8138,+3.58667
+1.8142,+3.48567
+1.8147,+3.35984
+1.8151,+3.40289
+1.8155,+3.54207
+1.8158,+3.38637
+1.8162,+3.61686
+1.8167,+3.51815
+1.8171,+3.45357
+1.8175,+3.35686
+1.8178,+3.5411
+1.8182,+3.52832
+1.8187,+3.566
+1.8191,+3.65485
+1.8195,+3.58888
+1.8198,+3.70988
+1.8202,+3.56118
+1.8207,+3.59198
+1.8211,+3.7443
+1.8215,+3.72156
+1.8218,+3.66867
+1.8222,+3.75848
+1.8227,+3.73868
+1.8231,+3.64703
+1.8235,+3.56975
+1.8238,+3.50196
+1.8242,+3.4505
+1.8247,+3.52896
+1.8251,+3.57261
+1.8255,+3.72673
+1.8258,+3.71394
+1.8262,+3.67186
+1.8267,+3.95999
+1.8271,+3.98892
+1.8275,+4.09167
+1.8278,+4.12409
+1.8283,+4.28697
+1.8287,+4.22138
+1.8291,+4.04641
+1.8295,+3.91191
+1.8298,+3.92546
+1.8302,+4.09083
+1.8307,+3.91909
+1.8311,+3.97148
+1.8315,+3.94162
+1.8318,+4.01371
+1.8322,+3.93713
+1.8327,+4.03152
+1.8331,+4.11
+1.8335,+4.19083
+1.8339,+4.30968
+1.8342,+4.21178
+1.8347,+4.26007
+1.8351,+4.20938
+1.8356,+4.28191
+1.8359,+4.26862
+1.8363,+4.3673
+1.8367,+4.28793
+1.8371,+4.33579
+1.8375,+4.3264
+1.8378,+4.2653
+1.8382,+4.30602
+1.8387,+4.21505
+1.8391,+4.24459
+1.8395,+4.20482
+1.8398,+4.15543
+1.8402,+4.00118
+1.8407,+4.07138
+1.8411,+4.10998
+1.8415,+4.13658
+1.8427,+4.10807
+1.8429,+3.99305
+1.8432,+4.03377
+1.8435,+4.12938
+1.8438,+4.14585
+1.8442,+4.22299
+1.8447,+4.36639
+1.8451,+4.37562
+1.8455,+4.26687
+1.8458,+4.26145
+1.8462,+4.26305
+1.8467,+4.40146
+1.8471,+4.42021
+1.8475,+4.4111
+1.8478,+4.42322
+1.8482,+4.44856
+1.8487,+4.3856
+1.8491,+4.44704
+1.8495,+4.59446
+1.8498,+4.6021
+1.8502,+4.68477
+1.8507,+4.66552
+1.8511,+4.72752
+1.8515,+4.68891
+1.8518,+4.64181
+1.8522,+4.54977
+1.8527,+4.64505
+1.8531,+4.70693
+1.8535,+4.72471
+1.8538,+4.72322
+1.8542,+4.66719
+1.8547,+4.61152
+1.8551,+4.58216
+1.8555,+4.60477
+1.8558,+4.72242
+1.8562,+4.80999
+1.8567,+4.80409
+1.8571,+4.79159
+1.8575,+4.75347
+1.8578,+4.88213
+1.8582,+4.94825
+1.8587,+5.04434
+1.8591,+5.11449
+1.8595,+5.15634
+1.8598,+5.12343
+1.8602,+5.14744
+1.8607,+5.05858
+1.8611,+5.04419
+1.8615,+5.09082
+1.8618,+4.95302
+1.8622,+5.0111
+1.8627,+4.97162
+1.8631,+4.94277
+1.8635,+4.95375
+1.8638,+5.01109
+1.8642,+5.03807
+1.8647,+5.10104
+1.8651,+5.08341
+1.8655,+5.09802
+1.866,+5.27401
+1.8662,+5.30623
+1.8667,+5.25798
+1.8671,+5.27242
+1.8675,+5.33104
+1.8678,+5.2857
+1.8682,+5.22971
+1.8687,+5.27833
+1.8691,+5.31712
+1.8695,+5.26999
+1.8698,+5.19064
+1.8702,+5.15585
+1.8707,+5.26837
+1.8711,+5.40019
+1.8715,+5.40554
+1.8718,+5.48227
+1.8722,+5.50662
+1.8727,+5.57867
+1.8731,+5.62409
+1.8735,+5.70624
+1.8738,+5.75293
+1.8742,+5.78681
+1.8747,+5.67451
+1.8751,+5.65042
+1.8755,+5.79371
+1.8758,+5.81328
+1.8763,+5.87458
+1.8767,+5.93317
+1.8771,+6.01507
+1.8775,+5.97011
+1.8778,+5.94154
+1.8782,+6.03272
+1.8787,+6.16249
+1.8791,+6.17981
+1.8795,+6.11332
+1.8798,+6.02594
+1.8802,+6.08196
+1.8807,+6.02395
+1.8811,+5.93022
+1.8815,+5.93538
+1.8818,+6.01534
+1.8822,+5.91196
+1.8827,+5.89706
+1.8831,+5.88924
+1.8835,+5.90184
+1.8838,+6.02017
+1.8842,+6.0153
+1.8847,+6.05175
+1.8851,+6.07896
+1.8855,+6.14379
+1.886,+6.07283
+1.8862,+6.08007
+1.8867,+6.19565
+1.8871,+6.11201
+1.8875,+6.15205
+1.8878,+6.12697
+1.8882,+6.19764
+1.8887,+6.254
+1.8891,+6.23193
+1.8895,+6.16561
+1.8898,+6.21091
+1.8902,+6.30456
+1.8907,+6.24757
+1.8911,+6.40876
+1.8915,+6.30598
+1.8918,+6.31903
+1.8922,+6.2459
+1.8927,+6.16719
+1.8931,+6.2635
+1.8935,+6.35381
+1.8938,+6.41834
+1.8942,+6.41979
+1.8947,+6.39244
+1.8951,+6.30586
+1.8955,+6.38005
+1.8958,+6.41291
+1.8962,+6.52662
+1.8967,+6.58487
+1.8971,+6.6425
+1.8975,+6.66413
+1.8978,+6.67973
+1.8982,+6.62078
+1.8987,+6.74861
+1.8992,+6.86092
+1.8995,+6.86017
+1.8998,+6.80714
+1.9002,+6.74039
+1.9007,+6.67284
+1.9011,+6.57325
+1.9015,+6.6135
+1.9018,+6.56046
+1.9022,+6.57525
+1.9027,+6.48301
+1.9031,+6.47337
+1.9035,+6.50688
+1.9038,+6.58564
+1.9042,+6.67398
+1.9047,+6.73697
+1.9051,+6.81467
+1.9055,+6.87943
+1.9058,+6.89354
+1.9062,+6.99023
+1.9067,+7.10735
+1.9071,+7.08865
+1.9075,+7.10633
+1.9078,+7.18824
+1.9082,+7.18937
+1.9088,+7.20373
+1.9091,+7.17311
+1.9095,+7.1329
+1.9098,+7.17945
+1.9102,+7.19288
+1.9107,+7.192
+1.9111,+7.21324
+1.9115,+7.2671
+1.9118,+7.27279
+1.9122,+7.27785
+1.9127,+7.36845
+1.9131,+7.5131
+1.9135,+7.56687
+1.9138,+7.59469
+1.9143,+7.56213
+1.9147,+7.61266
+1.9151,+7.66967
+1.9155,+7.6746
+1.9158,+7.64984
+1.9163,+7.64965
+1.9167,+7.64975
+1.9171,+7.63069
+1.9175,+7.50983
+1.9178,+7.51275
+1.9182,+7.55539
+1.9187,+7.56297
+1.9191,+7.60213
+1.9195,+7.54959
+1.9198,+7.57937
+1.9202,+7.57579
+1.9207,+7.56121
+1.9211,+7.56161
+1.9215,+7.705
+1.9218,+7.70179
+1.9222,+7.656
+1.9227,+7.5716
+1.9231,+7.62547
+1.9235,+7.77843
+1.9239,+7.74679
+1.9242,+7.85786
+1.9247,+7.93064
+1.9251,+7.89029
+1.9255,+7.87347
+1.9258,+7.89628
+1.9262,+7.95883
+1.9267,+8.11071
+1.9271,+8.10703
+1.9275,+8.00328
+1.9278,+7.94559
+1.9282,+7.81717
+1.9287,+7.77196
+1.9291,+7.7867
+1.9295,+7.79204
+1.9298,+7.83311
+1.9302,+7.87612
+1.9307,+7.8255
+1.9311,+7.78322
+1.9315,+7.91718
+1.9319,+8.09619
+1.9322,+8.22658
+1.9327,+8.32709
+1.9331,+8.39762
+1.9335,+8.4555
+1.9338,+8.43143
+1.9342,+8.42443
+1.9347,+8.44738
+1.9351,+8.38836
+1.9355,+8.20726
+1.9358,+8.18117
+1.9362,+8.1635
+1.9367,+8.10368
+1.9371,+8.12846
+1.9375,+8.01086
+1.9378,+8.04637
+1.9382,+8.13502
+1.9387,+8.13479
+1.9391,+8.20797
+1.9395,+8.30005
+1.9399,+8.28051
+1.9402,+8.2233
+1.9407,+8.21941
+1.9411,+8.11476
+1.9415,+8.18009
+1.9418,+8.21547
+1.9422,+8.16408
+1.9427,+8.26142
+1.9431,+8.26155
+1.9435,+8.39435
+1.9438,+8.43856
+1.9451,+8.46188
+1.9452,+8.53582
+1.9455,+8.5676
+1.9458,+8.55451
+1.9462,+8.48323
+1.9467,+8.45474
+1.9471,+8.39967
+1.9475,+8.45629
+1.9478,+8.34687
+1.9482,+8.35186
+1.9486,+8.38346
+1.9491,+8.31558
+1.9495,+8.36202
+1.9498,+8.33179
+1.9502,+8.44468
+1.9506,+8.42976
+1.9511,+8.34131
+1.9515,+8.26739
+1.9518,+8.25011
+1.9522,+8.25818
+1.9527,+8.30582
+1.9531,+8.30937
+1.9535,+8.33015
+1.9538,+8.38459
+1.9542,+8.30067
+1.9546,+8.29012
+1.9551,+8.41505
+1.9555,+8.4508
+1.9558,+8.54297
+1.9562,+8.47863
+1.9566,+8.38293
+1.9572,+8.44714
+1.9577,+8.46139
+1.958,+8.42492
+1.9583,+8.54115
+1.9587,+8.64075
+1.9591,+8.47971
+1.9595,+8.4672
+1.9598,+8.44801
+1.9602,+8.47478
+1.9607,+8.58701
+1.9611,+8.55695
+1.9615,+8.48629
+1.9618,+8.58122
+1.9622,+8.47866
+1.9627,+8.4531
+1.9631,+8.44011
+1.9635,+8.36195
+1.9639,+8.33867
+1.9642,+8.35397
+1.9647,+8.27738
+1.9651,+8.22677
+1.9655,+8.22209
+1.9658,+8.21962
+1.9662,+8.29538
+1.9667,+8.21906
+1.9671,+8.32883
+1.9675,+8.36087
+1.9678,+8.41216
+1.9682,+8.40674
+1.9687,+8.37417
+1.9691,+8.3138
+1.9695,+8.33817
+1.9698,+8.32357
+1.9702,+8.23593
+1.9707,+8.29868
+1.9711,+8.29357
+1.9715,+8.22095
+1.9718,+8.12579
+1.9722,+8.05659
+1.9727,+8.05825
+1.9731,+8.20097
+1.9735,+8.14072
+1.9738,+8.11207
+1.9742,+8.13946
+1.9747,+8.1386
+1.9751,+8.16488
+1.9755,+8.16483
+1.9758,+8.17383
+1.9762,+8.26301
+1.9767,+8.29653
+1.9771,+8.25909
+1.9775,+8.35446
+1.9778,+8.35004
+1.9782,+8.36004
+1.9787,+8.39368
+1.9791,+8.27833
+1.9795,+8.28442
+1.9798,+8.25594
+1.9802,+8.17054
+1.9807,+8.09777
+1.9811,+7.96453
+1.9815,+7.95643
+1.9818,+7.86109
+1.9822,+7.78508
+1.9827,+7.65287
+1.9831,+7.68039
+1.9835,+7.66709
+1.9838,+7.64934
+1.9842,+7.72724
+1.9847,+7.71794
+1.9851,+7.75005
+1.9855,+7.6908
+1.9858,+7.75643
+1.9862,+7.77123
+1.9867,+7.80029
+1.9871,+7.66148
+1.9875,+7.67963
+1.9878,+7.71366
+1.9882,+7.70649
+1.9887,+7.67835
+1.9891,+7.70526
+1.9895,+7.68172
+1.9898,+7.64766
+1.9902,+7.66675
+1.9907,+7.61368
+1.9911,+7.71741
+1.9915,+7.74209
+1.9918,+7.72873
+1.9922,+7.67641
+1.9927,+7.65085
+1.9931,+7.62344
+1.9935,+7.53988
+1.9938,+7.59151
+1.9942,+7.59783
+1.9947,+7.63623
+1.9951,+7.68247
+1.9955,+7.54289
+1.9959,+7.46016
+1.9962,+7.3918
+1.9966,+7.52262
+1.9971,+7.47264
+1.9976,+7.53111
+1.9979,+7.45166
+1.9982,+7.30531
+1.9987,+6.53163
+1.9991,+5.72993
+1.9995,+5.10303
+1.9999,+4.39337
