+0,+2.68759
+0.00038,+3.33244
+0.00075,+3.82761
+0.00126,+4.33751
+0.00162,+4.71212
+0.00199,+5.11107
+0.00237,+5.03787
+0.00275,+4.9604
+0.00325,+4.92817
+0.00363,+4.74626
+0.004,+4.62021
+0.00437,+4.4328
+0.00474,+4.49261
+0.00525,+4.36981
+0.00562,+4.40117
+0.00599,+4.58973
+0.00638,+4.53051
+0.00675,+4.57559
+0.00725,+4.48822
+0.00762,+4.61331
+0.008,+4.56953
+0.0085,+4.45566
+0.00874,+4.30381
+0.00925,+4.32373
+0.00963,+4.33126
+0.01,+4.23534
+0.01038,+4.34207
+0.01075,+4.41035
+0.01125,+4.39938
+0.01163,+4.248
+0.01201,+4.2167
+0.01238,+4.22896
+0.01274,+4.15354
+0.01325,+4.17799
+0.01362,+4.19498
+0.014,+3.99725
+0.01437,+3.79163
+0.01475,+3.52078
+0.01525,+3.44151
+0.01563,+3.43389
+0.016,+3.50058
+0.01638,+3.62636
+0.01675,+3.64604
+0.01727,+3.62806
+0.01763,+3.53664
+0.0181,+3.58101
+0.01839,+3.50556
+0.01875,+3.47141
+0.01925,+3.53719
+0.01962,+3.59316
+0.02001,+3.49275
+0.02038,+3.36858
+0.02075,+3.20645
+0.02126,+3.07219
+0.02162,+2.96554
+0.022,+2.7409
+0.02238,+2.74947
+0.02275,+2.84238
+0.02326,+2.86266
+0.02363,+2.75135
+0.024,+2.58819
+0.02438,+2.4644
+0.02475,+2.5607
+0.02525,+2.53366
+0.02562,+2.64593
+0.026,+2.77032
+0.02638,+2.69197
+0.02675,+2.53841
+0.02725,+2.37022
+0.02763,+2.46528
+0.028,+2.5724
+0.02837,+2.68992
+0.02875,+2.71202
+0.02926,+2.66195
+0.02963,+2.64283
+0.03001,+2.78705
+0.03038,+2.7868
+0.03075,+2.83118
+0.03125,+2.87063
+0.03163,+2.60329
+0.032,+2.45141
+0.03238,+2.23871
+0.03275,+2.115
+0.03326,+2.13545
+0.03363,+1.99672
+0.034,+1.79902
+0.03438,+1.74531
+0.03475,+1.68943
+0.03526,+1.67552
+0.03565,+1.6246
+0.03601,+1.53164
+0.03638,+1.58006
+0.03676,+1.66498
+0.03726,+1.46187
+0.03762,+1.22737
+0.038,+1.24758
+0.03838,+1.31519
+0.03887,+1.17152
+0.03925,+1.03879
+0.03962,+1.18526
+0.04,+1.19854
+0.04038,+0.993602
+0.04076,+0.792277
+0.04125,+1.00058
+0.04163,+1.1661
+0.042,+1.13545
+0.04238,+0.998123
+0.04275,+0.899813
+0.04325,+0.764041
+0.04363,+0.647414
+0.044,+0.758442
+0.04437,+0.78773
+0.04476,+0.843533
+0.04525,+0.807742
+0.04563,+0.821893
+0.046,+0.729099
+0.04637,+0.832441
+0.04675,+0.96664
+0.04725,+1.00034
+0.04762,+1.05458
+0.048,+0.930119
+0.04838,+1.01412
+0.04875,+1.02081
+0.04926,+0.92745
+0.04963,+0.899129
+0.05,+0.849973
+0.05038,+0.675311
+0.05077,+0.617988
+0.05125,+0.802217
+0.05165,+0.64202
+0.05201,+0.58521
+0.05238,+0.61454
+0.05276,+0.547011
+0.05326,+0.365046
+0.05363,+0.251649
+0.054,+0.314371
+0.05438,+0.262775
+0.05475,+0.0812058
+0.05525,-0.0759001
+0.05562,-0.025049
+0.056,+0.0868714
+0.05638,-0.018179
+0.05676,-0.157521
+0.05726,-0.172046
+0.05763,-0.17316
+0.058,-0.231868
+0.05838,-0.0516025
+0.05875,+0.0748468
+0.05926,+0.120484
+0.05963,+0.19197
+0.06001,+0.0198027
+0.06038,-0.0939987
+0.06075,-0.0349325
+0.06126,-0.0634831
+0.06163,-0.126298
+0.06201,-0.270348
+0.06239,-0.401403
+0.06275,-0.528056
+0.06326,-0.682956
+0.06363,-0.703803
+0.06401,-0.672767
+0.06439,-0.558412
+0.06475,-0.601064
+0.06526,-0.430183
+0.06562,-0.453123
+0.06601,-0.548724
+0.06638,-0.603863
+0.06675,-0.538706
+0.06725,-0.604057
+0.06763,-0.551688
+0.06801,-0.387069
+0.06838,-0.383439
+0.06876,-0.44183
+0.06926,-0.560882
+0.06963,-0.543747
+0.07,-0.535335
+0.07038,-0.55158
+0.07075,-0.613565
+0.07126,-0.65655
+0.07163,-0.835939
+0.07201,-1.13282
+0.07238,-1.372
+0.07276,-1.39981
+0.07326,-1.4817
+0.07363,-1.55104
+0.07401,-1.57588
+0.07438,-1.51223
+0.07475,-1.65906
+0.07526,-1.65015
+0.07563,-1.71183
+0.07746,-1.62999
+0.0777,-1.54344
+0.07801,-1.55548
+0.07838,-1.6566
+0.07875,-1.6789
+0.07926,-1.56592
+0.07963,-1.73482
+0.08,-1.59499
+0.08038,-1.73411
+0.08075,-1.81506
+0.08126,-1.95536
+0.08164,-2.11825
+0.082,-2.22499
+0.08238,-2.14607
+0.08276,-2.21965
+0.08326,-2.37934
+0.08363,-2.55497
+0.08401,-2.6568
+0.08438,-2.53061
+0.08475,-2.52536
+0.08526,-2.65217
+0.08564,-2.54855
+0.08601,-2.56278
+0.08639,-2.59152
+0.08678,-2.55222
+0.08726,-2.43144
+0.08763,-2.14156
+0.08801,-2.27781
+0.08839,-2.30818
+0.08877,-2.22425
+0.08926,-2.0633
+0.08963,-2.24317
+0.09,-2.2787
+0.09038,-2.38708
+0.09075,-2.50375
+0.09126,-2.68778
+0.0922,-2.77078
+0.0924,-2.67383
+0.09259,-2.77167
+0.09279,-2.96108
+0.09326,-3.00531
+0.09363,-2.89766
+0.094,-2.89458
+0.09439,-2.88676
+0.09477,-2.83093
+0.09526,-2.82197
+0.09563,-2.88954
+0.09601,-2.85389
+0.09638,-2.74994
+0.09676,-2.69077
+0.09715,-2.66044
+0.09763,-2.7251
+0.09801,-2.56012
+0.09838,-2.57004
+0.09875,-2.54478
+0.09913,-2.37162
+0.09964,-2.37847
+0.10001,-2.46122
+0.10038,-2.65896
+0.10076,-2.73117
+0.10113,-2.84173
+0.10163,-2.72259
+0.10201,-2.75537
+0.10238,-2.76919
+0.10275,-2.78783
+0.10313,-3.04113
+0.10364,-3.0852
+0.104,-3.15563
+0.10439,-2.9919
+0.10476,-2.94624
+0.10513,-3.0149
+0.10564,-3.07681
+0.10628,-3.17819
+0.10653,-3.16388
+0.10677,-3.16678
+0.10726,-3.14483
+0.10764,-3.29616
+0.10801,-3.16436
+0.10839,-3.13533
+0.10877,-3.24539
+0.10926,-3.07673
+0.10963,-3.18949
+0.11001,-3.3247
+0.11039,-3.28155
+0.11076,-3.34379
+0.11126,-3.37496
+0.11164,-3.34013
+0.11201,-3.36849
+0.11239,-3.54692
+0.11276,-3.51219
+0.11327,-3.59722
+0.11363,-3.6631
+0.11401,-3.68754
+0.11438,-3.822
+0.11476,-3.98005
+0.11525,-3.94708
+0.11563,-3.88173
+0.11601,-3.9787
+0.11639,-4.01309
+0.11677,-4.10473
+0.11713,-4.20754
+0.11763,-4.19241
+0.11801,-4.12648
+0.11838,-3.99113
+0.11877,-3.91628
+0.11926,-3.87656
+0.11965,-3.99458
+0.12001,-3.92065
+0.12041,-3.80499
+0.12076,-3.85421
+0.12126,-3.77317
+0.12163,-3.59258
+0.12201,-3.47419
+0.12238,-3.7436
+0.12277,-3.83814
+0.12326,-3.9596
+0.12364,-3.93356
+0.12401,-4.01884
+0.12439,-4.13141
+0.12477,-4.15092
+0.12526,-4.23069
+0.12563,-4.4445
+0.12601,-4.64839
+0.12638,-4.3486
+0.12676,-4.29408
+0.12726,-4.24432
+0.12764,-4.22147
+0.12801,-4.11096
+0.12839,-4.04367
+0.12877,-3.96568
+0.12914,-3.83521
+0.12963,-3.83905
+0.13001,-3.70097
+0.13038,-3.90004
+0.13076,-3.94474
+0.13114,-3.84963
+0.13164,-3.73817
+0.13201,-3.85658
+0.13239,-4.08674
+0.13276,-4.02665
+0.13326,-4.19734
+0.13363,-4.17078
+0.13401,-4.15861
+0.13438,-4.19928
+0.13476,-4.11561
+0.13526,-4.17664
+0.13564,-4.4323
+0.13601,-4.44229
+0.13639,-4.21773
+0.13677,-4.30081
+0.13714,-4.18703
+0.13763,-4.13287
+0.13801,-4.35951
+0.13838,-4.40121
+0.13877,-4.40989
+0.13914,-4.616
+0.13963,-4.48176
+0.14001,-4.53326
+0.14051,-4.61877
+0.14077,-4.75525
+0.14127,-4.90608
+0.14163,-4.89704
+0.14201,-4.77476
+0.14238,-4.69756
+0.14277,-4.77426
+0.14314,-4.57399
+0.14364,-4.56238
+0.14401,-4.53071
+0.14439,-4.43501
+0.14476,-4.37168
+0.14514,-4.28901
+0.14564,-4.40865
+0.14613,-4.5095
+0.14639,-4.51646
+0.14677,-4.52968
+0.14714,-4.38331
+0.14764,-4.52328
+0.14801,-4.55585
+0.14839,-4.70707
+0.14876,-4.58889
+0.14917,-4.71604
+0.14965,-4.6401
+0.15002,-4.61826
+0.15039,-4.76695
+0.15078,-4.70088
+0.15114,-4.93645
+0.15165,-4.78006
+0.15201,-4.7046
+0.15239,-4.7125
+0.15277,-4.73734
+0.15314,-4.55799
+0.15363,-4.68821
+0.15403,-4.71118
+0.15439,-4.53088
+0.15477,-4.46983
+0.15514,-4.48517
+0.15564,-4.5503
+0.15601,-4.58231
+0.15639,-4.47519
+0.15677,-4.54946
+0.15714,-4.70283
+0.15763,-4.65785
+0.15801,-4.56982
+0.15838,-4.65215
+0.15876,-4.69022
+0.15914,-4.7589
+0.15964,-4.80783
+0.16001,-4.75579
+0.1604,-4.86666
+0.16076,-4.99929
+0.16114,-4.997
+0.16163,-4.91586
+0.16201,-5.05584
+0.16238,-5.07278
+0.16277,-5.31245
+0.16314,-5.19719
+0.16364,-5.19631
+0.16401,-5.44755
+0.16439,-5.43549
+0.16476,-5.25446
+0.16515,-5.26966
+0.16564,-5.13134
+0.16614,-4.9067
+0.16641,-4.8649
+0.16677,-4.69695
+0.16714,-4.72567
+0.16764,-4.69338
+0.16801,-4.57019
+0.16839,-4.55331
+0.16876,-4.72496
+0.16914,-4.70514
+0.16964,-4.91175
+0.17001,-5.06781
+0.17038,-5.0748
+0.17102,-5.15502
+0.17128,-5.24042
+0.17164,-5.21252
+0.17202,-5.15948
+0.17239,-5.13294
+0.17277,-5.00142
+0.17314,-5.10359
+0.17364,-5.10316
+0.17402,-5.15854
+0.17439,-5.27341
+0.17476,-5.15599
+0.17514,-5.16846
+0.17564,-5.28854
+0.17601,-5.41679
+0.17651,-5.42404
+0.17677,-5.48098
+0.17714,-5.40355
+0.17764,-5.45843
+0.17801,-5.45068
+0.17839,-5.31684
+0.17876,-5.48723
+0.17914,-5.34874
+0.17964,-5.29682
+0.18001,-5.1274
+0.1804,-4.98229
+0.18077,-4.87234
+0.18115,-4.87369
+0.18164,-4.85485
+0.18201,-4.82805
+0.1824,-4.85289
+0.18277,-4.74101
+0.18314,-4.83896
+0.18364,-4.75189
+0.18402,-4.72396
+0.1844,-4.83948
+0.18477,-4.77385
+0.18514,-4.8024
+0.18564,-4.8593
+0.18602,-4.77299
+0.18639,-4.79684
+0.18678,-4.74072
+0.18714,-4.78578
+0.18764,-4.83006
+0.18802,-5.09835
+0.18839,-5.1711
+0.18877,-5.3505
+0.18914,-5.28934
+0.18965,-5.25248
+0.19002,-5.30031
+0.19039,-5.23904
+0.19089,-5.36404
+0.19126,-5.34007
+0.19164,-5.48674
+0.19201,-5.39402
+0.19239,-5.3946
+0.19276,-5.35155
+0.19315,-5.30903
+0.19365,-5.34368
+0.1946,-5.39078
+0.19483,-5.45136
+0.19514,-5.35636
+0.19564,-5.39037
+0.19601,-5.26185
+0.19639,-5.22116
+0.19677,-5.25961
+0.19714,-5.1578
+0.19764,-5.29235
+0.19802,-5.24003
+0.19839,-5.31369
+0.19876,-5.27122
+0.19914,-5.39749
+0.19964,-5.34971
+0.20001,-5.40666
+0.20039,-5.44374
+0.20078,-5.47751
+0.20114,-5.46912
+0.20177,+3.60384
+0.20202,+3.68402
+0.20239,+3.80086
+0.20276,+3.94493
+0.20313,+3.99747
+0.20364,+4.02675
+0.20402,+4.06967
+0.20438,+3.99094
+0.20477,+4.12301
+0.20514,+3.97601
+0.20564,+3.77866
+0.20601,+3.71165
+0.20639,+3.71137
+0.20676,+3.62749
+0.20714,+3.52618
+0.20764,+3.40954
+0.20801,+3.27318
+0.20839,+3.38108
+0.20878,+3.28634
+0.20914,+3.47124
+0.20964,+3.52738
+0.21001,+3.54147
+0.21038,+3.47615
+0.21077,+3.52279
+0.21114,+3.71014
+0.21164,+3.66401
+0.21202,+3.66613
+0.21239,+3.4809
+0.21276,+3.51844
+0.21314,+3.53401
+0.21365,+3.46492
+0.21401,+3.41413
+0.21439,+3.33907
+0.21476,+3.34568
+0.21514,+3.3307
+0.21564,+3.43773
+0.21601,+3.39392
+0.21639,+3.50794
+0.21677,+3.50554
+0.21714,+3.29803
+0.21764,+3.3241
+0.21801,+3.2445
+0.2184,+3.22331
+0.21876,+3.18202
+0.21914,+3.1593
+0.21964,+3.14357
+0.22001,+3.22604
+0.22039,+3.23273
+0.22076,+3.20196
+0.22127,+3.29046
+0.22164,+3.30586
+0.22202,+3.3487
+0.2224,+3.2927
+0.22279,+3.24117
+0.22315,+3.28422
+0.22364,+3.29463
+0.22402,+3.21729
+0.22452,+3.21343
+0.2248,+3.23179
+0.22515,+3.24559
+0.22564,+3.30175
+0.22614,+3.24872
+0.22643,+3.27089
+0.22677,+3.30334
+0.22713,+3.29122
+0.22764,+3.21442
+0.22801,+3.17537
+0.22839,+3.07944
+0.22878,+3.05122
+0.22914,+3.09927
+0.22964,+3.07944
+0.23002,+3.17692
+0.23039,+3.21992
+0.23077,+3.20752
+0.23114,+3.04891
+0.23176,+2.94028
+0.23202,+2.94318
+0.23239,+2.8731
+0.23278,+2.88513
+0.23314,+2.94598
+0.23364,+2.81025
+0.23401,+2.72378
+0.23439,+2.73446
+0.23477,+2.62137
+0.23514,+2.65095
+0.23564,+2.75728
+0.23602,+2.69869
+0.23639,+2.7809
+0.23678,+2.80381
+0.23714,+2.76575
+0.23765,+2.90924
+0.23801,+2.91107
+0.2384,+2.78044
+0.23877,+2.7833
+0.23915,+2.75996
+0.23964,+2.72425
+0.24001,+2.85167
+0.2404,+2.80834
+0.24078,+2.71013
+0.24114,+2.56379
+0.24165,+2.49919
+0.24201,+2.40998
+0.2424,+2.49913
+0.24277,+2.58289
+0.24314,+2.54372
+0.24364,+2.55406
+0.24402,+2.52703
+0.24439,+2.60989
+0.24478,+2.5122
+0.24514,+2.46961
+0.24565,+2.33344
+0.24602,+2.20362
+0.24639,+2.1274
+0.24679,+2.16659
+0.24715,+2.11
+0.24765,+2.08014
+0.24802,+1.95696
+0.24839,+1.68945
+0.24877,+1.57782
+0.24915,+1.59517
+0.24965,+1.63158
+0.25001,+1.65761
+0.25039,+1.61268
+0.25077,+1.47996
+0.25114,+1.55325
+0.25164,+1.48707
+0.25202,+1.45388
+0.25239,+1.60827
+0.25278,+1.80202
+0.25314,+1.61407
+0.25365,+1.6841
+0.25402,+1.76304
+0.25439,+1.81382
+0.25477,+1.70527
+0.25528,+1.59955
+0.25564,+1.40426
+0.25601,+1.41216
+0.25641,+1.32688
+0.25677,+1.25354
+0.25714,+1.27852
+0.25765,+1.01036
+0.25802,+0.889804
+0.25839,+0.847416
+0.25877,+0.67347
+0.25914,+0.655014
+0.25965,+0.662357
+0.26002,+0.55598
+0.2604,+0.532017
+0.26077,+0.595373
+0.26114,+0.665797
+0.26165,+0.709593
+0.26202,+0.671595
+0.2624,+0.667931
+0.26277,+0.745373
+0.26314,+0.61964
+0.26364,+0.845631
+0.26402,+0.915417
+0.2644,+0.860666
+0.26477,+0.703732
+0.26528,+0.558829
+0.26564,+0.463458
+0.26603,+0.552627
+0.2664,+0.509533
+0.26678,+0.577178
+0.26714,+0.623476
+0.26764,+0.485078
+0.26802,+0.499338
+0.26839,+0.445316
+0.26877,+0.353524
+0.26915,+0.228713
+0.26965,+0.232691
+0.27002,+0.115762
+0.2704,+0.0207349
+0.27077,-0.124457
+0.27114,-0.0634869
+0.27164,-0.121416
+0.27202,-0.276026
+0.2724,-0.331624
+0.27277,-0.300874
+0.27315,-0.167485
+0.27365,-0.111225
+0.27403,-0.105388
+0.27439,-0.120493
+0.27477,+0.00235036
+0.27514,-0.112873
+0.27564,-0.17332
+0.27603,-0.069711
+0.27639,+0.0649358
+0.27677,-0.051325
+0.27715,-0.0209286
+0.27765,+0.0446771
+0.27802,-0.0848033
+0.2784,-0.193582
+0.27877,-0.29149
+0.27915,-0.225504
+0.27964,-0.0860478
+0.28002,-0.181116
+0.28039,-0.341405
+0.28078,-0.216855
+0.28114,-0.316128
+0.28165,-0.479893
+0.28202,-0.376374
+0.2824,-0.242331
+0.28277,-0.275425
+0.28315,-0.249884
+0.28364,-0.463628
+0.28402,-0.556571
+0.28439,-0.45862
+0.28477,-0.539926
+0.28515,-0.513242
+0.28565,-0.62448
+0.28602,-0.688585
+0.2864,-0.779512
+0.28677,-0.842269
+0.28716,-0.961169
+0.28765,-0.872193
+0.28802,-0.89751
+0.2884,-1.13608
+0.28878,-1.21917
+0.28916,-1.3338
+0.28951,-1.24948
+0.29002,-1.21554
+0.29039,-1.20256
+0.29077,-1.26763
+0.29116,-1.37634
+0.29169,-1.62993
+0.29203,-1.59579
+0.2924,-1.60872
+0.29277,-1.61198
+0.29316,-1.64298
+0.29352,-1.83254
+0.29402,-1.9925
+0.29439,-2.0134
+0.29477,-2.17349
+0.29515,-2.21621
+0.29565,-2.13309
+0.29603,-2.10132
+0.297,-2.34044
+0.29718,-2.39086
+0.29765,-2.5046
+0.29802,-2.46891
+0.29839,-2.43275
+0.29877,-2.41237
+0.29915,-2.01211
+0.29964,-1.82347
+0.30002,-1.91009
+0.30039,-2.0667
+0.30077,-1.90992
+0.30116,-1.91233
+0.30165,-1.87208
+0.30202,-1.88927
+0.3024,-1.9154
+0.30277,-2.006
+0.30315,-2.22234
+0.30365,-2.47115
+0.30402,-2.59926
+0.3044,-2.54898
+0.30478,-2.5601
+0.30514,-2.61984
+0.30564,-2.51007
+0.30602,-2.61782
+0.3064,-2.61752
+0.30677,-2.75397
+0.30715,-2.87866
+0.30764,-2.92942
+0.30802,-2.8656
+0.30839,-3.15114
+0.30877,-3.20276
+0.30915,-3.29715
+0.30965,-3.46477
+0.31002,-3.38912
+0.3104,-3.58113
+0.31077,-3.75
+0.31116,-3.76681
+0.31164,-3.74007
+0.31202,-3.73341
+0.31241,-3.45297
+0.31278,-3.36307
+0.31314,-3.26351
+0.31365,-3.24441
+0.31402,-3.25905
+0.3144,-3.23259
+0.31477,-3.23307
+0.31515,-3.21973
+0.31564,-3.25307
+0.31602,-3.33274
+0.3164,-3.56995
+0.31677,-3.60522
+0.31715,-3.68274
+0.31752,-3.78863
+0.31802,-3.82139
+0.3184,-3.91655
+0.31877,-3.90104
+0.31916,-3.89326
+0.31965,-3.9325
+0.32002,-3.85166
+0.32039,-3.80888
+0.32077,-3.84456
+0.32115,-3.94752
+0.32165,-3.93278
+0.32202,-4.01868
+0.3224,-3.79453
+0.32302,-3.71244
+0.32327,-3.78444
+0.32365,-3.86899
+0.32402,-4.07394
+0.32441,-4.27472
+0.32477,-4.41516
+0.32515,-4.46902
+0.32565,-4.58401
+0.32603,-4.63848
+0.32641,-4.78366
+0.32678,-4.91504
+0.32715,-5.13423
+0.32765,-5.22957
+0.32802,-5.19611
+0.3284,-5.14706
+0.32877,-5.2007
+0.32916,-5.1873
+0.32965,-5.20412
+0.33002,-5.19108
+0.3304,-5.29738
+0.33077,-5.3068
+0.33116,-5.09164
+0.33152,-5.08712
+0.33202,-5.13949
+0.3324,-5.06241
+0.33277,-4.93546
+0.33315,-4.88054
+0.33364,-4.88285
+0.33403,-4.96245
+0.3344,-5.07479
+0.33477,-5.21766
+0.33516,-5.42452
+0.33565,-5.4264
+0.33602,-5.26736
+0.33639,-5.37943
+0.33677,-5.51215
+0.33717,-5.67018
+0.33765,-5.69488
+0.33803,-5.62975
+0.3384,-5.55985
+0.33877,-5.43897
+0.33916,-5.4074
+0.33965,-5.43957
+0.34003,-5.59348
+0.3404,-5.53229
+0.34077,-5.49047
+0.34156,-5.46953
+0.34179,-5.54387
+0.34204,-5.5768
+0.3424,-5.52037
+0.3429,-5.49066
+0.34314,-5.4854
+0.34365,-5.56684
+0.34402,-5.59597
+0.3444,-5.61846
+0.34478,-5.86695
+0.34516,-5.8984
+0.34566,-5.8779
+0.34603,-6.02164
+0.3464,-6.13938
+0.34678,-6.1589
+0.34715,-6.30363
+0.34753,-6.32924
+0.34802,-6.38976
+0.34839,-6.53868
+0.34878,-6.37777
+0.34915,-6.35698
+0.34953,-6.5038
+0.35003,-6.46999
+0.3504,-6.40377
+0.35077,-6.58973
+0.35115,-6.61521
+0.35165,-6.63538
+0.35202,-6.59345
+0.3524,-6.47242
+0.35279,-6.48194
+0.35315,-6.52388
+0.35365,-6.43391
+0.35403,-6.35334
+0.3544,-6.51921
+0.35478,-6.34861
+0.35515,-6.25879
+0.35565,-6.28758
+0.35602,-6.43489
+0.3564,-6.48615
+0.35677,-6.71544
+0.35716,-6.63699
+0.35752,-6.533
+0.35803,-6.59443
+0.3584,-6.53095
+0.35878,-6.63372
+0.35915,-6.53304
+0.35967,-6.38792
+0.36003,-6.3285
+0.3604,-6.36251
+0.36077,-6.21853
+0.36117,-6.28198
+0.36165,-6.43373
+0.36203,-6.49809
+0.3624,-6.38431
+0.36278,-6.39341
+0.36315,-6.60652
+0.36365,-6.6883
+0.36402,-6.67491
+0.36441,-6.91827
+0.36478,-6.94298
+0.36516,-7.12751
+0.36565,-6.97955
+0.36603,-7.04495
+0.3664,-7.28101
+0.36677,-7.43406
+0.36716,-7.48029
+0.36752,-7.53288
+0.36803,-7.70015
+0.3684,-7.46427
+0.36878,-7.49422
+0.36916,-7.48328
+0.36965,-7.67675
+0.37002,-7.68008
+0.37041,-7.65923
+0.37078,-7.56058
+0.37116,-7.46025
+0.37165,-7.25852
+0.37203,-7.0874
+0.3724,-7.11283
+0.37277,-7.01285
+0.37329,-6.95423
+0.37365,-6.93963
+0.37403,-6.81883
+0.3744,-6.84498
+0.37477,-6.89035
+0.37516,-6.90676
+0.37553,-7.09185
+0.37603,-7.22298
+0.3764,-7.22654
+0.37691,-7.21886
+0.37719,-7.1344
+0.37752,-7.11066
+0.37803,-7.29254
+0.37841,-7.21879
+0.37878,-7.09852
+0.37916,-7.05051
+0.37965,-7.052
+0.38003,-6.89256
+0.3804,-6.92075
+0.38077,-7.0702
+0.38116,-7.11148
+0.38152,-7.1021
+0.38203,-7.05149
+0.3824,-7.11245
+0.38277,-7.10776
+0.38315,-7.11895
+0.38366,-7.04547
+0.38402,-7.05334
+0.38441,-7.12717
+0.38478,-7.00789
+0.38515,-7.0075
+0.38565,-7.20293
+0.38603,-7.22565
+0.3864,-7.1436
+0.38679,-7.34676
+0.38716,-7.59986
+0.38753,-7.69695
+0.38803,-7.8323
+0.3884,-7.73683
+0.38878,-7.68141
+0.38915,-7.76822
+0.38953,-7.69436
+0.39003,-7.74929
+0.39041,-7.75239
+0.39078,-7.76124
+0.39115,-7.53477
+0.39153,-7.59186
+0.39204,-7.51243
+0.39241,-7.50645
+0.39278,-7.74363
+0.39316,-7.65959
+0.39352,-7.51456
+0.3941,-7.48076
+0.39441,-7.51148
+0.39478,-7.4648
+0.39516,-7.50674
+0.39553,-7.4644
+0.39602,-7.60551
+0.39641,-7.77299
+0.39678,-7.68937
+0.39716,-7.72216
+0.39752,-7.89545
+0.39803,-7.82772
+0.39841,-7.87525
+0.3994,-7.70308
+0.39963,-7.93636
+0.40002,-7.95805
+0.4004,-7.75897
+0.40077,-7.60585
+0.40116,-7.57438
+0.40152,-7.61232
+0.40202,-7.51465
+0.4024,-10.6268
+0.40277,-10.4366
+0.40315,-10.374
+0.40366,-10.2024
+0.40403,-10.1539
+0.4044,-10.2876
+0.40478,-10.1758
+0.40515,-10.1197
+0.40552,-10.1496
+0.40602,-10.0427
+0.4064,-9.92322
+0.40677,-9.91436
+0.40715,-10.11
+0.40752,-10.3226
+0.40803,-10.3102
+0.4084,-10.3582
+0.40877,-10.5688
+0.40915,-10.4857
+0.40951,-10.4612
+0.41002,-10.6854
+0.4104,-10.7876
+0.41078,-10.9643
+0.41115,-10.7801
+0.41165,-10.6536
+0.41202,-10.8518
+0.4124,-10.7488
+0.41277,-10.8297
+0.41315,-10.9597
+0.41352,-10.9484
+0.41415,-10.8725
+0.4144,-10.6795
+0.41477,-10.7286
+0.41516,-10.6896
+0.41552,-10.7835
+0.41602,-10.6834
+0.41641,-10.8068
+0.41678,-10.7847
+0.41716,-10.7916
+0.41752,-10.7703
+0.41802,-10.9238
+0.4184,-11.031
+0.41877,-10.9902
+0.41915,-11.2069
+0.41952,-11.061
+0.42003,-11.1617
+0.4204,-11.0952
+0.42078,-10.9593
+0.42115,-11.0815
+0.42152,-11.0635
+0.42203,-10.902
+0.4224,-10.961
+0.42277,-10.9932
+0.42315,-10.9293
+0.42352,-11.1559
+0.42403,-10.9252
+0.4244,-11.0392
+0.42477,-11.0385
+0.42516,-10.9588
+0.42552,-10.8814
+0.42603,-10.9562
+0.4264,-10.7605
+0.42679,-10.704
+0.42715,-10.8312
+0.42754,-10.4876
+0.42803,-10.5799
+0.4284,-10.5991
+0.42878,-10.5782
+0.42916,-10.4361
+0.42952,-10.5696
+0.43003,-10.4787
+0.43041,-10.6718
+0.43078,-10.7165
+0.43114,-10.6807
+0.43152,-10.9788
+0.43204,-11.0364
+0.4324,-10.8836
+0.43278,-10.8935
+0.43316,-11.0403
+0.43352,-11.1082
+0.43403,-11.1222
+0.4344,-11.0229
+0.43478,-11.0692
+0.43541,-10.9956
+0.4359,-10.8704
+0.43616,-10.8302
+0.43641,-10.8411
+0.43691,-11.0158
+0.43728,-11.0269
+0.43765,-10.8259
+0.43803,-10.8626
+0.4384,-11.0534
+0.43878,-11.0479
+0.43916,-10.9357
+0.43952,-10.9077
+0.44003,-10.9193
+0.4404,-10.7828
+0.44078,-10.508
+0.44115,-10.4065
+0.44152,-10.4937
+0.44203,-10.4169
+0.44241,-10.1619
+0.44278,-10.2309
+0.44316,-10.3903
+0.44353,-10.3286
+0.44404,-10.1216
+0.44453,-10.2797
+0.44477,-10.4563
+0.44516,-10.5513
+0.44552,-10.5479
+0.44603,-10.6658
+0.4464,-10.8461
+0.44677,-10.6144
+0.44716,-10.6186
+0.44752,-10.6714
+0.44803,-10.9544
+0.4484,-10.9746
+0.44878,-10.9199
+0.44916,-10.7592
+0.44952,-10.6974
+0.45003,-10.4766
+0.4504,-10.4677
+0.45078,-10.4147
+0.45116,-10.2428
+0.45152,-10.1715
+0.45203,-9.98739
+0.45241,-9.99933
+0.45278,-10.1557
+0.45317,-10.2562
+0.45353,-10.3529
+0.45403,-10.4725
+0.4544,-10.3632
+0.45478,-10.27
+0.45516,-10.3368
+0.45552,-10.6141
+0.45603,-10.6927
+0.4564,-10.4936
+0.45678,-10.3985
+0.45716,-10.2703
+0.45753,-10.1091
+0.45803,-9.88304
+0.4584,-9.92859
+0.45878,-10.0862
+0.45916,-10.1282
+0.45953,-9.87756
+0.46002,-9.66553
+0.4604,-9.86841
+0.46077,-9.74257
+0.46116,-9.80348
+0.46153,-9.95461
+0.46203,-10.1913
+0.46241,-10.2123
+0.46278,-10.2773
+0.46316,-10.3135
+0.46353,-10.4605
+0.46402,-10.6177
+0.46441,-10.5587
+0.46477,-10.4265
+0.46516,-10.3104
+0.46553,-10.0738
+0.46603,-9.93355
+0.46641,-9.75857
+0.46678,-9.6708
+0.46716,-9.51379
+0.46753,-9.23092
+0.46803,-9.14455
+0.46841,-9.21452
+0.46877,-9.25317
+0.46916,-9.44661
+0.46953,-9.71682
+0.47003,-9.82258
+0.4704,-9.83461
+0.47078,-9.84358
+0.47116,-9.93114
+0.47153,-10.1124
+0.47203,-10.1521
+0.47241,-10.1005
+0.47278,-10.186
+0.47316,-10.0761
+0.47353,-10.1318
+0.47404,-10.144
+0.4744,-10.2325
+0.47491,-10.2608
+0.47517,-10.2216
+0.47565,-10.3216
+0.47603,-10.1866
+0.4764,-10.0663
+0.47678,-9.94742
+0.47716,-9.80173
+0.47752,-9.55381
+0.47803,-9.49611
+0.47841,-9.50334
+0.47878,-9.52215
+0.47915,-9.49839
+0.47953,-9.2893
+0.48004,-9.37535
+0.48041,-9.30504
+0.48078,-9.19248
+0.48116,-9.30241
+0.48152,-9.18886
+0.48203,-9.00349
+0.4824,-8.98218
+0.48278,-8.91583
+0.48315,-8.83412
+0.48353,-8.89779
+0.48402,-8.95272
+0.48441,-9.05405
+0.48478,-9.2181
+0.48516,-9.19311
+0.48553,-9.44418
+0.48604,-9.61932
+0.4864,-9.77732
+0.48679,-9.71184
+0.48715,-9.59339
+0.48753,-9.47761
+0.48791,-9.47667
+0.48841,-9.46895
+0.48878,-9.56715
+0.48916,-9.63397
+0.48954,-9.39392
+0.49004,-9.29663
+0.49041,-8.97886
+0.49079,-9.03852
+0.49116,-9.00712
+0.49153,-9.12887
+0.49203,-9.05636
+0.49241,-8.97741
+0.49278,-8.91253
+0.49316,-8.76143
+0.49353,-8.81636
+0.49403,-8.77228
+0.4944,-8.62038
+0.49479,-8.50858
+0.49528,-8.54289
+0.49553,-8.45981
+0.49603,-8.39879
+0.49648,-8.40727
+0.49679,-8.41181
+0.49716,-8.29112
+0.49754,-8.31461
+0.49803,-8.19901
+0.49841,-8.39145
+0.49878,-8.4427
+0.49916,-8.40226
+0.49953,-8.38253
+0.50004,-8.43502
+0.50041,-8.34651
+0.50078,-8.09882
+0.5018,-8.05393
+0.50198,-7.84534
+0.50226,-7.91792
+0.50245,-7.66895
+0.50278,-7.47425
+0.50315,-7.3825
+0.50353,-7.18378
+0.50403,-7.09431
+0.50441,-6.87106
+0.50478,-6.69511
+0.50516,-6.86296
+0.50554,-6.99987
+0.50603,-7.06932
+0.50641,-7.24953
+0.50678,-7.20504
+0.50716,-7.07373
+0.50754,-7.12574
+0.50803,-7.03033
+0.50841,-7.23503
+0.50878,-7.36589
+0.5092,-7.23636
+0.50957,-7.19775
+0.51007,-7.04615
+0.51044,-6.89834
+0.51082,-6.87124
+0.51121,-6.88154
+0.51158,-6.79053
+0.51207,-6.69534
+0.51245,-6.56319
+0.51282,-6.63209
+0.5132,-6.67116
+0.51358,-6.49141
+0.51406,-6.52066
+0.51444,-6.36624
+0.51482,-6.38316
+0.5152,-6.56111
+0.51557,-6.42069
+0.5161,-6.31579
+0.51645,-6.3875
+0.51682,-6.1963
+0.5172,-5.97085
+0.51757,-5.89254
+0.51809,-5.60318
+0.51845,-5.71136
+0.51882,-5.47199
+0.5192,-5.36884
+0.51957,-5.46509
+0.51996,-5.43417
+0.52045,-4.99026
+0.52082,-4.87096
+0.5212,-4.66083
+0.52155,-4.60386
+0.52206,-4.53781
+0.52243,-4.33809
+0.5228,-4.15776
+0.5232,-4.02194
+0.52357,-3.94185
+0.52409,-4.02252
+0.52444,-4.14364
+0.52483,-4.15372
+0.52533,-4.2875
+0.5256,-4.054
+0.52607,-4.09216
+0.52645,-4.25651
+0.52684,-4.28909
+0.5272,-4.21718
+0.52757,-4.18998
+0.52796,-3.91227
+0.52847,-3.90242
+0.52883,-3.71511
+0.5292,-3.61127
+0.52958,-3.68432
+0.53008,-3.66502
+0.53045,-3.47092
+0.53081,-3.56503
+0.53118,-3.4989
+0.53157,-3.42577
+0.53206,-3.41165
+0.53245,-3.34733
+0.53282,-3.44469
+0.5332,-3.50754
+0.53357,-3.51345
+0.53408,-3.41792
+0.53445,-3.24498
+0.53482,-3.14223
+0.53522,-3.08014
+0.53557,-2.90994
+0.53609,-2.78297
+0.53645,-2.70264
+0.53682,-2.59373
+0.53721,-2.43573
+0.53757,-2.30888
+0.53809,-2.08963
+0.53845,-2.04674
+0.53884,-1.8274
+0.5392,-1.63725
+0.53959,-1.58053
+0.54009,-1.61991
+0.54045,-1.52853
+0.54083,-1.45935
+0.54121,-1.22915
+0.54158,-0.96612
+0.54208,-1.10249
+0.54243,-0.921882
+0.5428,-1.03674
+0.54318,-0.96308
+0.54356,-0.938988
+0.54395,-0.875668
+0.54446,-0.882587
+0.54483,-0.727373
+0.5452,-0.74639
+0.54557,-0.961309
+0.54608,-0.811329
+0.54645,-0.788354
+0.54683,-0.726224
+0.54721,-0.731855
+0.54759,-0.668934
+0.54808,-0.550795
+0.54844,-0.524224
+0.54883,-0.534015
+0.5492,-0.466959
+0.54959,-0.357293
+0.55009,-0.485314
+0.55046,-0.503438
+0.55083,-0.537148
+0.5512,-0.631087
+0.5516,-0.447668
+0.55196,-0.411084
+0.55247,-0.242865
+0.55283,-0.246557
+0.5532,-0.478102
+0.55358,-0.262714
+0.55407,-0.165327
+0.55445,-0.232084
+0.55482,+0.133145
+0.55519,+0.45282
+0.55568,+0.397737
+0.55606,+0.29999
+0.55643,+0.378605
+0.55682,+0.338877
+0.5572,+0.633452
+0.55759,+0.649104
+0.55809,+0.899333
+0.55846,+0.994787
+0.55883,+1.00183
+0.55921,+0.790894
+0.55958,+0.660647
+0.55996,+0.871841
+0.56046,+0.885106
+0.56083,+1.11035
+0.5612,+1.22947
+0.56159,+1.30264
+0.56209,+1.26577
+0.56246,+1.51245
+0.56284,+1.27144
+0.56333,+1.66646
+0.5636,+1.98631
+0.56408,+1.86478
+0.56444,+1.83761
+0.5648,+1.90635
+0.56519,+1.9535
+0.56556,+1.69467
+0.56606,+1.8152
+0.56646,+1.76863
+0.56682,+1.93937
+0.56718,+1.77426
+0.56755,+1.62352
+0.56792,+1.76714
+0.56842,+1.78145
+0.56879,+1.82058
+0.56918,+1.56789
+0.56955,+1.71495
+0.57004,+1.66601
+0.57041,+1.53965
+0.57078,+1.39532
+0.57117,+1.34597
+0.57153,+1.4302
+0.57204,+1.72311
+0.57241,+2.26517
+0.57279,+2.43023
+0.57316,+2.62163
+0.57354,+2.82324
+0.57404,+2.89471
+0.57442,+3.0245
+0.57479,+3.2327
+0.57517,+3.35827
+0.57555,+3.38345
+0.57593,+3.24032
+0.57642,+2.87676
+0.57679,+2.65295
+0.57717,+2.69265
+0.57753,+2.52271
+0.57804,+2.45882
+0.57842,+2.35985
+0.57879,+2.4629
+0.57916,+2.40072
+0.57954,+2.49828
+0.58004,+2.43465
+0.58041,+2.40345
+0.58079,+2.54896
+0.58117,+2.54594
+0.58154,+2.76348
+0.58204,+2.84884
+0.58241,+3.23828
+0.58279,+3.15519
+0.58316,+3.25894
+0.58355,+3.37569
+0.58392,+3.55602
+0.58441,+3.44855
+0.58479,+3.39298
+0.58517,+3.42317
+0.58555,+3.12017
+0.58605,+3.18138
+0.58642,+2.91114
+0.58679,+3.0084
+0.58717,+2.99908
+0.58755,+2.95363
+0.58792,+2.72317
+0.58842,+2.84366
+0.5888,+2.749
+0.58917,+2.66705
+0.58954,+2.86219
+0.59004,+2.62716
+0.59041,+2.62996
+0.59079,+2.73023
+0.59117,+2.7032
+0.59155,+2.55487
+0.59192,+2.68359
+0.59242,+2.71663
+0.59279,+2.73293
+0.59317,+2.65062
+0.59354,+2.55087
+0.59404,+2.73317
+0.59441,+2.79112
+0.5948,+2.62221
+0.59517,+2.55638
+0.59555,+2.63428
+0.59605,+2.41606
+0.59642,+2.35551
+0.59679,+2.45521
+0.59717,+2.62881
+0.59754,+2.64534
+0.59804,+2.51995
+0.59841,+2.25941
+0.5988,+2.19888
+0.59918,+2.32667
+0.59955,+2.24735
+0.59992,+2.42111
+0.60041,+2.27275
+0.60079,+2.2181
+0.60117,+1.90998
+0.60154,+1.8069
+0.60191,+1.89511
+0.60242,+0.133173
+0.60279,+0.115176
+0.60316,+0.0643636
+0.6042,-0.0947186
+0.60448,-0.210514
+0.60465,-0.243494
+0.60482,-0.272911
+0.60517,-0.182328
+0.60558,-0.358086
+0.60604,-0.354692
+0.60643,-0.26583
+0.60679,-0.41509
+0.60717,-0.531385
+0.60754,-0.129823
+0.60792,-0.0320678
+0.60843,-0.0426073
+0.6088,-0.215146
+0.60916,-0.150339
+0.60955,-0.0202078
+0.61005,-0.303146
+0.61041,-0.230783
+0.6108,-0.269974
+0.61117,-0.255146
+0.61154,-0.413649
+0.61204,-0.503066
+0.61242,-0.749725
+0.61279,-0.714282
+0.61318,-0.836289
+0.61355,-0.776509
+0.61404,-0.788387
+0.61441,-0.934169
+0.61478,-1.17492
+0.61517,-1.15159
+0.61554,-1.22702
+0.61591,-1.29907
+0.61642,-1.11315
+0.6168,-1.13534
+0.61717,-1.29174
+0.61754,-1.32353
+0.61792,-1.16948
+0.61841,-1.09713
+0.61879,-0.742508
+0.61916,-0.95868
+0.61955,-1.05536
+0.61991,-1.01797
+0.62042,-0.89749
+0.62079,-0.901234
+0.62117,-0.769406
+0.62154,-1.12307
+0.62204,-1.3973
+0.62242,-1.77894
+0.62279,-1.83987
+0.62317,-1.75653
+0.62355,-1.74833
+0.62392,-2.04818
+0.62442,-2.37933
+0.6248,-2.44768
+0.62517,-2.39588
+0.62554,-2.16421
+0.62604,-2.02007
+0.62642,-1.89929
+0.62679,-2.25876
+0.62717,-2.24875
+0.62755,-2.23183
+0.62805,-2.12373
+0.62841,-2.02421
+0.6288,-2.17577
+0.62917,-2.37272
+0.62955,-2.51523
+0.62992,-2.60846
+0.63043,-2.67589
+0.63079,-2.57139
+0.63117,-2.87341
+0.63155,-3.06609
+0.63192,-3.26115
+0.63243,-3.39972
+0.63279,-3.33547
+0.63317,-3.33576
+0.63355,-3.27171
+0.63391,-3.15008
+0.63441,-3.52821
+0.6348,-3.69644
+0.63517,-3.67106
+0.63555,-3.86799
+0.63604,-3.87735
+0.63642,-3.91298
+0.63679,-4.0034
+0.63717,-4.07076
+0.63755,-4.24881
+0.63792,-4.52429
+0.63842,-4.43726
+0.63879,-4.40783
+0.63917,-4.12432
+0.63955,-3.9584
+0.63992,-4.03248
+0.64042,-4.23853
+0.6408,-4.40403
+0.64117,-4.73523
+0.64154,-4.86029
+0.64192,-5.04472
+0.64242,-5.12869
+0.64279,-5.1881
+0.64317,-5.66394
+0.64355,-6.05619
+0.64391,-5.85247
+0.64442,-5.62245
+0.64479,-5.55254
+0.64517,-5.49823
+0.64554,-5.8
+0.64604,-5.67258
+0.64641,-5.6765
+0.64679,-6.01501
+0.64729,-6.0352
+0.64755,-5.90886
+0.64792,-6.34218
+0.64842,-6.56321
+0.64879,-6.97132
+0.64918,-7.09621
+0.64955,-7.06792
+0.64992,-7.49927
+0.65042,-7.63542
+0.6508,-7.48889
+0.65117,-7.54502
+0.65155,-7.62555
+0.65192,-7.79533
+0.65243,-7.99072
+0.6528,-7.94569
+0.65318,-7.86121
+0.65355,-7.8647
+0.65391,-7.72276
+0.65442,-7.50429
+0.6548,-7.46986
+0.65517,-7.88649
+0.65554,-7.97875
+0.65592,-7.76813
+0.65642,-7.82814
+0.6568,-8.02074
+0.65718,-8.37362
+0.65754,-8.50534
+0.65791,-8.76672
+0.65842,-9.10443
+0.6588,-9.13951
+0.65917,-9.06005
+0.65955,-9.181
+0.65992,-9.2354
+0.66042,-9.35247
+0.66079,-9.16111
+0.66118,-8.9532
+0.66155,-8.85455
+0.66192,-8.88097
+0.66242,-8.9091
+0.6628,-9.2234
+0.66316,-9.27462
+0.66355,-9.37259
+0.66392,-9.54698
+0.66442,-9.52872
+0.6648,-9.6789
+0.66517,-9.997
+0.66562,-9.86593
+0.66592,-9.96023
+0.66642,-9.91398
+0.66679,-10.1324
+0.66717,-10.1671
+0.66754,-10.363
+0.66792,-10.5837
+0.66842,-10.7608
+0.6688,-10.829
+0.66917,-11.0187
+0.66955,-11.3803
+0.66991,-11.4939
+0.67042,-11.6941
+0.67079,-11.6228
+0.67118,-11.6385
+0.67154,-11.5712
+0.67192,-11.6737
+0.67242,-11.6606
+0.6728,-11.6848
+0.67317,-11.3638
+0.67356,-11.3834
+0.67391,-11.0582
+0.67442,-11.2478
+0.67479,-11.219
+0.67517,-11.1727
+0.67558,-11.3253
+0.67592,-10.9779
+0.67643,-10.8932
+0.6768,-10.9035
+0.67844,-11.0386
+0.67867,-10.924
+0.67896,-11.1886
+0.67916,-11.0171
+0.67933,-10.9088
+0.67955,-10.688
+0.67993,-10.6672
+0.68042,-10.9561
+0.6808,-11.1247
+0.68121,-11.2282
+0.68165,-11.286
+0.68195,-11.1775
+0.68242,-11.1585
+0.68279,-10.8851
+0.68318,-10.9458
+0.68354,-11.2133
+0.68392,-10.6777
+0.68442,-10.1463
+0.6848,-10.2009
+0.68517,-10.2429
+0.68559,-10.2945
+0.68605,-10.5209
+0.68642,-10.3108
+0.68679,-10.4972
+0.68717,-10.3735
+0.68754,-10.4165
+0.68793,-10.8423
+0.68843,-11.417
+0.68893,-11.2386
+0.68917,-11.2543
+0.68955,-11.0933
+0.68992,-11.0759
+0.69043,-11.0234
+0.69079,-10.9364
+0.69117,-10.8609
+0.69155,-10.6493
+0.69191,-10.2226
+0.69242,-9.88209
+0.69279,-9.85379
+0.69317,-9.54159
+0.69355,-9.46952
+0.69392,-9.2632
+0.69443,-9.30113
+0.6948,-9.26885
+0.69517,-9.43039
+0.69557,-9.57177
+0.69592,-9.69711
+0.69642,-9.75704
+0.69679,-9.60884
+0.69718,-9.61046
+0.69755,-9.44888
+0.69792,-9.34709
+0.69843,-9.28348
+0.6988,-9.23774
+0.69918,-9.10794
+0.69955,-8.79798
+0.69992,-8.66347
+0.70042,-8.60151
+0.7008,-8.67393
+0.70118,-8.46608
+0.70156,-8.30385
+0.70193,-8.30099
+0.70243,-8.2428
+0.70281,-7.76326
+0.70318,-7.45384
+0.70355,-7.52408
+0.70393,-7.45214
+0.70442,-7.17945
+0.70481,-6.9717
+0.70518,-7.11023
+0.70557,-7.30537
+0.7066,-7.39128
+0.70677,-7.03297
+0.70706,-7.22803
+0.70734,-7.21049
+0.70755,-7.12404
+0.70792,-7.07314
+0.70842,-6.83206
+0.7088,-6.75221
+0.70917,-6.64387
+0.70954,-6.46724
+0.70992,-6.14963
+0.71042,-6.24455
+0.71079,-6.23158
+0.71116,-6.16307
+0.71155,-6.10484
+0.71191,-5.73777
+0.71242,-5.93292
+0.71279,-5.89235
+0.71318,-5.97061
+0.71354,-5.88289
+0.71392,-6.05534
+0.71441,-6.05263
+0.7148,-6.11189
+0.71517,-6.04136
+0.71557,-6.00142
+0.71591,-6.38089
+0.71641,-6.30151
+0.71679,-6.10361
+0.71717,-5.82139
+0.71754,-5.73308
+0.71791,-5.67156
+0.71842,-5.50163
+0.71879,-5.19806
+0.71917,-5.28805
+0.71955,-5.23399
+0.71992,-5.23598
+0.72041,-4.90944
+0.7208,-4.81998
+0.72117,-4.69206
+0.72155,-4.39229
+0.72191,-3.77261
+0.72242,-3.74272
+0.72279,-3.84881
+0.72316,-3.71381
+0.72354,-3.43729
+0.72392,-3.07769
+0.72442,-3.26382
+0.7248,-3.22623
+0.72517,-3.14012
+0.72558,-3.48463
+0.72591,-3.41198
+0.72641,-3.22289
+0.72679,-3.15136
+0.72717,-3.09424
+0.72756,-3.31715
+0.72792,-3.40061
+0.72843,-3.33673
+0.72879,-3.21661
+0.72918,-3.33701
+0.72955,-2.94259
+0.72991,-3.32407
+0.73042,-3.38028
+0.73079,-3.42662
+0.73117,-3.53403
+0.73154,-3.09233
+0.73192,-3.0084
+0.73242,-3.20572
+0.7328,-3.12101
+0.73317,-2.82741
+0.73355,-2.89568
+0.73393,-2.75306
+0.73442,-2.49641
+0.73482,-2.12194
+0.73517,-1.88276
+0.73557,-1.57214
+0.73593,-1.5623
+0.73642,-1.19593
+0.7368,-1.37641
+0.73717,-1.20243
+0.73755,-0.97032
+0.73792,-0.839515
+0.73842,-0.983873
+0.7388,-1.02957
+0.73929,-0.776166
+0.73955,-1.08624
+0.73992,-0.699987
+0.74042,-0.771079
+0.7408,-0.586276
+0.74119,-0.759351
+0.74155,-0.915774
+0.74191,-0.946043
+0.74242,-0.961742
+0.74279,-0.900342
+0.74317,-0.984874
+0.74355,-0.745126
+0.74392,-0.697525
+0.74442,-0.534497
+0.7448,-0.442343
+0.74517,-0.255592
+0.74557,-0.202885
+0.74592,-0.0249213
+0.74645,+0.0511443
+0.7468,+0.401893
+0.74718,+0.467785
+0.74755,+0.340677
+0.74792,+0.249917
+0.74842,+0.396098
+0.74879,+0.76298
+0.74917,+0.846899
+0.74955,+1.12746
+0.74992,+1.08079
+0.75043,+1.35622
+0.7508,+1.28993
+0.75117,+1.55408
+0.75155,+1.66337
+0.75193,+1.93751
+0.75243,+1.95739
+0.75279,+2.31794
+0.75318,+2.35425
+0.75355,+2.4361
+0.75391,+2.65195
+0.75442,+2.82236
+0.7548,+2.93754
+0.7553,+3.10326
+0.75558,+3.27352
+0.75593,+3.28975
+0.75642,+3.58411
+0.75679,+3.27617
+0.75718,+3.53936
+0.75754,+3.38058
+0.75792,+3.446
+0.75842,+3.35927
+0.75879,+3.35728
+0.75917,+3.14711
+0.75955,+3.43254
+0.75993,+3.53185
+0.76042,+3.54823
+0.7608,+3.48833
+0.76117,+3.5617
+0.76155,+3.90748
+0.76192,+4.31606
+0.76243,+4.71605
+0.7628,+5.30162
+0.76318,+5.40581
+0.76355,+5.31093
+0.76392,+5.42774
+0.76443,+5.30729
+0.76479,+5.38427
+0.76518,+5.19248
+0.76556,+5.27834
+0.76593,+5.04076
+0.76642,+5.0857
+0.76679,+4.74048
+0.76717,+4.92548
+0.76754,+4.67401
+0.76796,+4.58351
+0.76842,+4.88807
+0.7688,+4.94588
+0.76917,+4.96125
+0.76968,+4.86199
+0.76994,+4.87698
+0.77042,+4.5006
+0.7708,+4.58937
+0.77117,+4.45278
+0.77154,+4.76971
+0.77192,+4.93427
+0.77243,+5.098
+0.7728,+5.24703
+0.77318,+5.60215
+0.77355,+5.70618
+0.77392,+5.54113
+0.77442,+5.67616
+0.77479,+5.58082
+0.77518,+5.73322
+0.77557,+5.47368
+0.77593,+5.20421
+0.77642,+5.03233
+0.7768,+5.1949
+0.77717,+5.19325
+0.77755,+5.26325
+0.77792,+5.60266
+0.77842,+5.47577
+0.7788,+5.30027
+0.77918,+5.45361
+0.77955,+5.69709
+0.77992,+5.65206
+0.78043,+5.70531
+0.7808,+5.52741
+0.78117,+5.32869
+0.78155,+5.06168
+0.78191,+5.0041
+0.78242,+5.36707
+0.7828,+5.62598
+0.78317,+5.59787
+0.78355,+5.42226
+0.78392,+5.55181
+0.78443,+5.50675
+0.7848,+5.32888
+0.78518,+5.36687
+0.78557,+5.59928
+0.78593,+5.4442
+0.78642,+5.2078
+0.7868,+5.03625
+0.78718,+4.8219
+0.78755,+5.12186
+0.78793,+5.2341
+0.7883,+5.20514
+0.7888,+5.05386
+0.78918,+5.04427
+0.78955,+4.96636
+0.78992,+5.12274
+0.79042,+5.07798
+0.7908,+4.94471
+0.79117,+5.04814
+0.79155,+4.77481
+0.79193,+4.48339
+0.7923,+4.33782
+0.7928,+4.50538
+0.79318,+4.4212
+0.79355,+4.43913
+0.79392,+4.24586
+0.79443,+4.25749
+0.79479,+4.39749
+0.79517,+4.27102
+0.79557,+4.23312
+0.79592,+4.21162
+0.79643,+3.91488
+0.79681,+3.81605
+0.79718,+3.64822
+0.79755,+3.61119
+0.79794,+3.54583
+0.79842,+3.24573
+0.7988,+3.06097
+0.79917,+3.13055
+0.79955,+3.06216
+0.80005,+3.03485
+0.80043,+3.12571
+0.8008,+3.43587
+0.80118,+3.52812
+0.80155,+3.42906
+0.80192,+3.51034
+0.80243,+3.7335
+0.8028,+0.0649878
+0.80317,-0.151425
+0.80354,-0.214124
+0.80393,-0.28204
+0.80443,-0.356316
+0.8048,-0.855524
+0.80518,-1.00442
+0.80556,-0.998314
+0.80592,-1.15731
+0.80643,-1.43337
+0.8068,-1.56481
+0.80718,-1.62282
+0.80755,-1.74928
+0.80793,-1.71844
+0.809,-1.79722
+0.80929,-1.72187
+0.8095,-1.85561
+0.80967,-2.15493
+0.80992,-2.18006
+0.81043,-2.04167
+0.81079,-2.14071
+0.81117,-2.29135
+0.81155,-2.09414
+0.81193,-2.06966
+0.81243,-2.02029
+0.8128,-1.90085
+0.81317,-1.65919
+0.81355,-1.60443
+0.81393,-1.95078
+0.81443,-2.16758
+0.8148,-1.99309
+0.81518,-1.99451
+0.81557,-2.30162
+0.81593,-2.64002
+0.81643,-2.7272
+0.81681,-2.98363
+0.81718,-3.28133
+0.81755,-3.46719
+0.81794,-3.3016
+0.81842,-3.15512
+0.8188,-3.44621
+0.81918,-3.45439
+0.81955,-3.41044
+0.81994,-3.19241
+0.82042,-3.25412
+0.8208,-3.07038
+0.82118,-3.24152
+0.82155,-3.31842
+0.82192,-3.16605
+0.82243,-3.17805
+0.8228,-3.18516
+0.82318,-3.07956
+0.82355,-3.03379
+0.82393,-3.26629
+0.82442,-3.32278
+0.8248,-3.51485
+0.82518,-3.46259
+0.82557,-3.48861
+0.82593,-3.92494
+0.82643,-4.15998
+0.8268,-4.14441
+0.82718,-4.29289
+0.82755,-4.49691
+0.82794,-4.55416
+0.82842,-4.66509
+0.8288,-4.64925
+0.82918,-4.41754
+0.82955,-4.39012
+0.82992,-4.15634
+0.83043,-4.25775
+0.8308,-4.35922
+0.83118,-4.28301
+0.83155,-4.286
+0.83193,-3.94235
+0.83243,-3.78924
+0.8328,-3.82964
+0.83318,-4.07967
+0.83355,-3.72462
+0.83394,-3.91552
+0.83443,-3.68045
+0.83481,-3.68132
+0.83518,-3.96152
+0.83557,-3.97561
+0.83593,-4.42793
+0.83645,-4.65954
+0.83681,-4.32964
+0.83721,-4.36328
+0.83756,-4.7279
+0.83793,-4.74732
+0.83843,-4.86225
+0.8388,-5.0196
+0.83918,-4.92609
+0.83955,-5.08392
+0.83995,-4.97427
+0.84042,-4.93025
+0.8408,-5.64014
+0.84118,-5.532
+0.84155,-5.4916
+0.84193,-5.57923
+0.84243,-5.55295
+0.8428,-5.61528
+0.84318,-5.53223
+0.84356,-5.45953
+0.84393,-5.5607
+0.84443,-5.61098
+0.8448,-5.39174
+0.84519,-5.66975
+0.84557,-5.92019
+0.84592,-5.95399
+0.8463,-5.92807
+0.84681,-5.91852
+0.84718,-6.16588
+0.84755,-5.88395
+0.84793,-5.9964
+0.8483,-5.54553
+0.84881,-5.63763
+0.84918,-5.60237
+0.84955,-5.29826
+0.84992,-5.25239
+0.8503,-5.4165
+0.85081,-5.34517
+0.85118,-5.53589
+0.85156,-5.97265
+0.85193,-6.08208
+0.8523,-6.52594
+0.8528,-6.42629
+0.85318,-6.50861
+0.85356,-6.70275
+0.85393,-6.87856
+0.8543,-6.93314
+0.85481,-6.88559
+0.85517,-6.69201
+0.85557,-6.78946
+0.85594,-6.59839
+0.85643,-6.65149
+0.85681,-6.76323
+0.85718,-6.87169
+0.85756,-6.70989
+0.85793,-6.59085
+0.85843,-6.58635
+0.8588,-6.76745
+0.85918,-6.906
+0.85955,-6.62848
+0.85993,-6.75367
+0.86043,-6.79789
+0.8608,-6.93147
+0.86119,-6.87868
+0.86156,-7.15377
+0.86194,-7.07301
+0.86243,-7.16775
+0.8628,-7.1415
+0.86318,-7.01973
+0.86355,-7.34498
+0.86394,-7.27053
+0.86443,-7.32008
+0.86481,-7.25756
+0.86518,-7.1652
+0.86557,-7.02938
+0.86594,-7.23455
+0.86643,-7.24825
+0.8668,-7.08176
+0.86718,-7.2133
+0.86756,-7.01771
+0.86793,-7.05822
+0.86843,-6.93917
+0.8688,-6.95689
+0.86918,-6.93111
+0.86956,-7.09627
+0.86993,-6.97903
+0.87032,-6.93799
+0.87094,-7.0057
+0.87119,-6.67165
+0.87156,-6.73678
+0.87195,-6.67991
+0.87243,-6.7973
+0.87281,-6.3513
+0.87318,-6.32956
+0.87356,-6.25066
+0.87394,-6.20627
+0.87443,-6.08687
+0.87481,-6.07326
+0.87518,-6.26326
+0.87557,-6.32712
+0.87594,-6.27239
+0.87643,-6.27406
+0.87681,-6.57894
+0.87718,-6.53446
+0.87756,-6.46067
+0.87793,-6.39128
+0.87843,-6.35624
+0.8788,-6.36152
+0.87918,-6.40728
+0.87955,-6.12382
+0.87995,-6.23982
+0.88031,-6.17334
+0.88081,-6.15098
+0.88119,-6.14729
+0.88155,-6.21171
+0.88194,-5.97194
+0.8823,-5.69366
+0.88281,-5.70576
+0.88318,-5.72656
+0.88355,-5.74344
+0.88393,-5.08546
+0.88431,-5.03769
+0.88481,-5.07889
+0.88519,-5.01967
+0.88557,-4.93115
+0.88594,-5.13437
+0.8863,-5.43559
+0.88681,-5.25099
+0.88718,-5.17207
+0.88756,-5.19088
+0.88794,-5.54453
+0.8883,-5.39047
+0.88881,-5.1625
+0.88918,-4.8592
+0.88956,-4.71718
+0.88994,-4.45722
+0.8903,-4.43113
+0.89081,-4.37986
+0.89119,-4.09062
+0.89156,-3.89983
+0.89193,-3.58328
+0.89231,-3.64656
+0.89281,-3.69229
+0.89319,-3.95891
+0.89356,-3.92889
+0.89394,-4.03422
+0.89443,-3.81877
+0.89481,-3.76245
+0.89518,-3.84402
+0.89557,-3.85743
+0.89595,-4.03166
+0.8963,-3.65394
+0.89681,-3.56681
+0.89718,-3.56402
+0.89756,-3.56326
+0.89793,-3.56371
+0.89831,-3.50311
+0.8988,-3.32888
+0.89918,-3.22734
+0.89955,-3.03451
+0.89993,-2.92658
+0.90031,-2.99199
+0.90081,-2.90503
+0.90118,-2.62808
+0.90169,-2.45503
+0.90193,-2.33385
+0.90231,-2.32036
+0.90281,-2.36663
+0.90318,-1.9826
+0.90356,-2.11227
+0.90394,-2.12384
+0.9043,-2.16026
+0.90481,-2.02662
+0.90519,-1.93937
+0.90557,-1.88867
+0.90594,-1.87575
+0.90631,-1.67566
+0.90681,-1.55013
+0.90719,-1.59324
+0.90756,-1.52119
+0.90794,-1.34518
+0.90831,-1.15539
+0.90881,-1.06565
+0.90918,-0.824365
+0.90956,-0.629284
+0.90994,-0.306346
+0.9103,-0.192621
+0.9114,-0.0997655
+0.91157,-0.179619
+0.91177,-0.0157885
+0.91199,-0.0455757
+0.91231,-0.029416
+0.91281,+0.0330593
+0.91319,-0.0736563
+0.91356,-0.117116
+0.91394,-0.247973
+0.9143,-0.137789
+0.9148,-0.177484
+0.91518,+0.0207701
+0.91557,+0.125907
+0.91593,+0.328274
+0.91631,+0.513879
+0.91681,+0.726546
+0.91718,+0.93467
+0.91756,+1.09161
+0.91794,+1.48727
+0.91831,+1.50163
+0.9188,+1.74688
+0.91919,+1.74703
+0.91956,+1.88703
+0.91994,+1.93733
+0.9203,+1.94139
+0.92081,+2.00127
+0.92118,+2.01846
+0.92156,+2.02886
+0.92194,+2.01647
+0.92231,+2.13186
+0.92281,+2.29768
+0.92319,+2.3689
+0.92356,+2.42273
+0.92393,+2.44248
+0.92431,+2.80504
+0.92481,+2.93918
+0.92518,+3.24063
+0.92557,+3.49013
+0.92593,+3.58448
+0.92631,+3.65294
+0.92681,+3.56472
+0.92719,+3.77738
+0.92757,+3.87349
+0.92794,+3.78697
+0.92831,+4.04819
+0.92881,+3.9755
+0.92919,+3.83981
+0.92956,+3.89657
+0.92994,+3.92129
+0.93031,+3.94442
+0.93081,+4.37556
+0.93119,+4.37639
+0.93156,+4.49652
+0.93219,+4.95559
+0.93244,+4.73578
+0.93282,+4.8803
+0.93319,+4.97979
+0.93357,+5.09277
+0.93394,+5.25318
+0.93431,+5.42962
+0.93481,+5.35632
+0.93518,+5.55076
+0.93557,+5.5661
+0.93594,+5.37246
+0.9363,+5.37216
+0.93681,+5.47268
+0.93719,+5.51165
+0.93756,+5.62381
+0.93794,+5.49617
+0.93831,+5.60058
+0.93883,+5.69429
+0.93918,+5.76499
+0.93958,+5.79681
+0.93994,+6.05664
+0.94031,+6.03121
+0.94081,+6.18252
+0.94119,+6.51691
+0.94156,+6.42145
+0.94194,+6.58028
+0.94243,+6.50859
+0.94281,+6.45329
+0.94318,+6.38936
+0.94357,+6.62973
+0.94394,+6.67062
+0.9443,+6.83055
+0.94481,+6.73633
+0.94519,+6.54988
+0.94557,+6.75421
+0.94593,+6.79406
+0.94631,+6.82166
+0.94681,+6.8491
+0.94719,+6.83229
+0.94756,+6.69845
+0.94794,+6.68868
+0.94831,+6.79805
+0.94881,+7.11386
+0.94919,+7.15427
+0.94956,+7.18279
+0.94995,+7.20027
+0.95031,+7.28184
+0.95082,+7.22752
+0.95118,+7.32197
+0.95156,+7.40334
+0.95206,+7.50502
+0.95244,+7.39701
+0.95281,+7.12958
+0.9532,+7.07701
+0.95356,+6.99385
+0.95394,+6.99856
+0.95431,+7.09583
+0.95481,+7.26061
+0.95518,+7.2842
+0.95556,+7.37244
+0.95594,+7.31164
+0.95631,+7.39856
+0.95681,+7.3983
+0.95719,+7.40848
+0.95756,+7.38226
+0.95794,+7.35235
+0.95831,+7.18604
+0.95881,+6.94391
+0.95919,+6.812
+0.95956,+6.75263
+0.95994,+6.61673
+0.96031,+6.50358
+0.96081,+6.51338
+0.96118,+6.46288
+0.96156,+6.53616
+0.96194,+6.49609
+0.96245,+6.57988
+0.96282,+6.57057
+0.96319,+6.59586
+0.96356,+6.34952
+0.96395,+6.33592
+0.96431,+6.23056
+0.96481,+6.19938
+0.96519,+6.05225
+0.96557,+5.86264
+0.96594,+5.68047
+0.96631,+5.49832
+0.96681,+5.55035
+0.96719,+5.47727
+0.96756,+5.52144
+0.96794,+5.41214
+0.96831,+5.40362
+0.96881,+5.23465
+0.96919,+5.19559
+0.96956,+5.11535
+0.96995,+5.17703
+0.97031,+5.1161
+0.97082,+5.0337
+0.97119,+4.94998
+0.97157,+5.02375
+0.97194,+5.06675
+0.97231,+4.97387
+0.97283,+4.96937
+0.9732,+5.01611
+0.97356,+4.9783
+0.97395,+4.82779
+0.97431,+4.77194
+0.97482,+4.60399
+0.97519,+4.59731
+0.97557,+4.96941
+0.97594,+4.79818
+0.97631,+4.8603
+0.97681,+4.71374
+0.9772,+4.4626
+0.97756,+4.22986
+0.97795,+4.12828
+0.97831,+3.97567
+0.97882,+3.91581
+0.97919,+3.77882
+0.97957,+3.18007
+0.97994,+2.90404
+0.98032,+2.65741
+0.98081,+2.58367
+0.98119,+2.50508
+0.98157,+2.49419
+0.98194,+2.38327
+0.98244,+2.31488
+0.98282,+2.21015
+0.98319,+2.03701
+0.98357,+1.80922
+0.98395,+1.84997
+0.98432,+1.6845
+0.98481,+1.4703
+0.9852,+1.3945
+0.98556,+1.26356
+0.98594,+1.25323
+0.98631,+1.09803
+0.98682,+0.859342
+0.98719,+0.738632
+0.98757,+0.996456
+0.98794,+0.95884
+0.98831,+0.871237
+0.98882,+0.796562
+0.98919,+0.843603
+0.98957,+0.886155
+0.98994,+0.807834
+0.99031,+0.739711
+0.99081,+0.810961
+0.99119,+0.865884
+0.99156,+0.509368
+0.99195,+0.259389
+0.99231,+0.157681
+0.99294,+0.171376
+0.99321,-0.0579673
+0.99356,-0.14025
+0.99394,-0.232492
+0.99432,-0.185003
+0.99481,-0.29328
+0.99519,-0.395365
+0.99556,-0.402598
+0.99594,-0.351214
+0.99631,-0.343439
+0.99682,-0.383727
+0.99719,-0.415067
+0.99757,-0.633464
+0.99794,-0.71241
+0.99831,-0.699109
+0.99882,-0.702792
+0.99919,-0.737887
+0.99957,-0.666468
+0.99994,-0.486957
+1.00032,-0.464543
+1.00082,-0.631255
+1.0012,-0.644596
+1.00157,-0.659158
+1.00195,-0.600152
+1.00232,-0.850176
+1.00282,-2.39469
+1.00319,-2.45513
+1.00357,-2.77382
+1.00394,-3.02482
+1.00431,-3.10643
+1.00482,-3.12067
+1.00519,-3.21039
+1.00557,-3.27938
+1.00594,-3.3507
+1.00632,-3.33976
+1.00681,-3.24946
+1.00719,-3.31224
+1.00756,-3.18629
+1.00796,-3.1972
+1.00831,-3.16682
+1.00883,-3.15846
+1.0092,-3.22425
+1.00956,-3.24608
+1.00995,-3.07045
+1.01031,-3.12334
+1.01081,-3.22012
+1.0112,-3.18343
+1.01157,-3.44433
+1.01194,-3.44436
+1.01232,-3.49397
+1.01282,-3.51861
+1.0138,-3.38118
+1.01401,-3.29579
+1.01432,-3.60855
+1.01482,-3.44169
+1.01519,-3.54466
+1.01557,-3.43599
+1.01594,-3.37449
+1.01632,-3.38989
+1.01681,-3.44979
+1.0172,-3.40997
+1.01757,-3.39193
+1.01793,-3.37296
+1.01831,-3.2916
+1.01881,-3.13219
+1.01919,-3.0413
+1.01956,-3.10723
+1.01994,-3.00885
+1.02031,-2.93477
+1.02081,-2.81663
+1.0212,-2.83366
+1.02157,-2.89542
+1.02194,-2.91629
+1.02232,-2.96325
+1.02282,-3.14285
+1.02319,-3.13717
+1.02357,-3.16922
+1.02395,-3.18415
+1.02431,-3.18998
+1.02482,-3.25224
+1.02519,-3.22408
+1.02556,-3.27047
+1.02594,-3.35147
+1.02631,-3.48403
+1.02681,-3.47739
+1.02719,-3.49117
+1.02756,-3.42653
+1.02794,-3.29219
+1.02832,-3.18843
+1.02882,-3.20709
+1.02919,-3.13921
+1.02956,-3.11087
+1.02994,-2.95545
+1.03031,-2.6157
+1.03081,-2.55559
+1.03119,-2.44215
+1.03156,-2.30491
+1.03194,-2.25411
+1.03231,-2.21813
+1.03282,-2.24672
+1.03319,-2.20177
+1.03356,-1.92104
+1.03394,-1.81413
+1.03432,-1.92966
+1.03482,-1.93052
+1.03519,-1.8178
+1.03556,-1.91236
+1.03594,-2.01614
+1.03632,-1.97329
+1.03669,-1.70602
+1.0372,-1.65731
+1.03756,-1.64414
+1.03794,-1.62794
+1.03832,-1.51409
+1.03882,-1.43909
+1.03919,-1.32676
+1.03957,-1.22109
+1.03994,-0.992625
+1.04032,-0.984858
+1.04081,-0.840452
+1.04121,-0.808882
+1.04157,-0.806908
+1.04196,-0.618864
+1.04232,-0.488976
+1.04269,-0.371619
+1.0432,-0.323554
+1.04357,-0.281522
+1.04394,-0.306467
+1.04432,-0.174976
+1.04482,-0.246843
+1.04519,-0.0578013
+1.04557,+0.0382351
+1.04595,+0.14368
+1.04631,+0.124259
+1.04682,+0.155455
+1.04719,+0.130843
+1.04757,+0.133644
+1.04794,+0.213885
+1.04831,+0.131672
+1.04881,+0.180454
+1.0492,+0.208113
+1.04957,+0.240874
+1.04995,+0.097287
+1.05032,+0.149574
+1.05082,+0.165675
+1.05119,+0.247896
+1.05157,+0.389725
+1.05195,+0.490008
+1.05232,+0.667096
+1.05282,+1.0128
+1.0532,+1.14174
+1.05357,+1.35978
+1.05395,+1.48301
+1.05431,+1.50711
+1.05482,+1.69874
+1.0552,+1.96771
+1.05556,+2.36524
+1.05595,+2.46546
+1.05632,+2.39656
+1.05682,+2.49427
+1.0572,+2.40007
+1.05757,+2.29288
+1.05794,+2.41286
+1.05833,+2.54009
+1.05882,+2.46971
+1.05919,+2.19774
+1.05957,+1.88581
+1.05994,+1.93707
+1.06031,+2.20169
+1.06082,+1.93478
+1.06119,+2.07643
+1.06157,+2.14341
+1.06194,+2.50076
+1.06232,+2.51738
+1.06282,+2.52919
+1.0632,+2.6072
+1.06357,+2.74506
+1.06395,+2.70021
+1.06432,+2.52572
+1.06482,+2.59481
+1.0652,+2.41813
+1.06558,+2.28904
+1.06594,+1.86168
+1.06633,+1.80966
+1.06682,+1.82987
+1.0672,+1.89712
+1.06757,+1.89334
+1.06795,+1.88507
+1.06832,+2.46756
+1.06882,+2.50071
+1.0692,+2.77716
+1.06957,+2.97581
+1.06995,+3.25147
+1.07031,+3.46813
+1.07082,+3.547
+1.07119,+3.60317
+1.07157,+3.80108
+1.07194,+3.82228
+1.07231,+3.35661
+1.07282,+3.29799
+1.0732,+3.2948
+1.07357,+3.3298
+1.07394,+2.96889
+1.07432,+2.96467
+1.07482,+2.92366
+1.07519,+2.95517
+1.07556,+2.7118
+1.07595,+2.64714
+1.07632,+2.60158
+1.07682,+2.62762
+1.0772,+2.35896
+1.07757,+2.22723
+1.07794,+2.46825
+1.07832,+2.41669
+1.07882,+2.43326
+1.07924,+2.35296
+1.07957,+2.32528
+1.07995,+2.51509
+1.08033,+2.64303
+1.08082,+2.79342
+1.0812,+2.95855
+1.08157,+3.00443
+1.08195,+2.91585
+1.08233,+2.88994
+1.08282,+2.83364
+1.08319,+2.98533
+1.08357,+3.01613
+1.08395,+2.98834
+1.08431,+2.96759
+1.08482,+2.93818
+1.08519,+3.03355
+1.08557,+3.13557
+1.08594,+3.01771
+1.08632,+3.32652
+1.08682,+3.36005
+1.0872,+3.17498
+1.08757,+3.0776
+1.08795,+3.02895
+1.08832,+2.90904
+1.08882,+2.84579
+1.0892,+2.64389
+1.08957,+2.53971
+1.08995,+2.71227
+1.09032,+2.32504
+1.09082,+2.38529
+1.0912,+2.37637
+1.09157,+2.47274
+1.09195,+2.95709
+1.09233,+3.0244
+1.09282,+2.96856
+1.0932,+3.16348
+1.09358,+3.26297
+1.09395,+3.28217
+1.09431,+3.34891
+1.09482,+3.27743
+1.09519,+3.31656
+1.09557,+3.35761
+1.09596,+2.90289
+1.09632,+2.81461
+1.09669,+2.77638
+1.0972,+2.78658
+1.09757,+2.61694
+1.09795,+2.51132
+1.09832,+2.48038
+1.09869,+2.52078
+1.09919,+2.67211
+1.09957,+2.60859
+1.09994,+2.61411
+1.10032,+2.57037
+1.10069,+2.57831
+1.10124,+2.42887
+1.10157,+2.45819
+1.10195,+2.41505
+1.10232,+2.38262
+1.1027,+2.38113
+1.1032,+2.24861
+1.10357,+2.16088
+1.10396,+2.03277
+1.10445,+2.29163
+1.10472,+2.46275
+1.1052,+2.45845
+1.1056,+2.4947
+1.10596,+2.57545
+1.10632,+2.45698
+1.10683,+2.44877
+1.1072,+2.48017
+1.10757,+2.53996
+1.10795,+2.61314
+1.10834,+2.45209
+1.10883,+2.37778
+1.1092,+2.56344
+1.10958,+2.57978
+1.10995,+2.60197
+1.11033,+2.77529
+1.11089,+2.82409
+1.1112,+2.92926
+1.11157,+2.96457
+1.11196,+2.97724
+1.11233,+3.03726
+1.11282,+3.09366
+1.1132,+2.99528
+1.11358,+3.00205
+1.11395,+3.02827
+1.11432,+3.04657
+1.11483,+3.14659
+1.1152,+3.1199
+1.1162,+3.05069
+1.11638,+3.04088
+1.1167,+3.13816
+1.1172,+3.14919
+1.11758,+3.14356
+1.11795,+3.00519
+1.11832,+3.1342
+1.1187,+3.20235
+1.1192,+2.96901
+1.11958,+3.02897
+1.11995,+3.29113
+1.12033,+3.44521
+1.12083,+3.49812
+1.1212,+3.49288
+1.12157,+3.54987
+1.12194,+3.68041
+1.12233,+3.70595
+1.12282,+3.69766
+1.1232,+3.91624
+1.12357,+3.94619
+1.12395,+3.88619
+1.12507,+4.00168
+1.12534,+4.12727
+1.1257,+4.22617
+1.12595,+4.34737
+1.12633,+4.73005
+1.1267,+4.79433
+1.1272,+4.93275
+1.12758,+5.06653
+1.12795,+5.15146
+1.12833,+5.26851
+1.12883,+5.42727
+1.1292,+5.44949
+1.12958,+5.45392
+1.12995,+5.47601
+1.13033,+5.51335
+1.13069,+5.58244
+1.1312,+5.31303
+1.13157,+5.89111
+1.13195,+5.91342
+1.13233,+6.1188
+1.1327,+6.18699
+1.13321,+6.21022
+1.13357,+6.39554
+1.13395,+6.72398
+1.13445,+6.73166
+1.13482,+6.81608
+1.1352,+7.34543
+1.13557,+7.03127
+1.13595,+7.23133
+1.13633,+7.20379
+1.13683,+7.2161
+1.13721,+7.26377
+1.13757,+7.40404
+1.13795,+7.38406
+1.13833,+7.59351
+1.13869,+7.70437
+1.1392,+7.87405
+1.13958,+8.05293
+1.13995,+8.20791
+1.14033,+8.45884
+1.1407,+8.62873
+1.14121,+8.98231
+1.14158,+9.09879
+1.14196,+9.33239
+1.14233,+9.39143
+1.1427,+9.494
+1.1432,+9.73843
+1.14358,+9.86302
+1.14396,+10.0679
+1.14436,+10.0826
+1.14483,+10.1224
+1.1452,+10.2517
+1.14558,+9.9485
+1.14595,+9.96327
+1.14633,+10.1109
+1.14683,+10.2896
+1.1472,+10.2032
+1.14758,+10.4055
+1.14795,+10.3198
+1.14833,+10.5352
+1.1487,+10.6788
+1.14921,+10.8186
+1.14957,+11.4582
+1.14995,+11.6015
+1.15033,+11.6603
+1.15069,+11.8495
+1.1512,+12.0355
+1.15158,+11.9248
+1.15195,+12.3001
+1.15234,+12.2053
+1.1527,+12.2437
+1.15321,+12.1786
+1.15358,+12.0496
+1.15395,+12.1338
+1.15432,+12.2822
+1.1547,+12.3791
+1.1552,+12.5257
+1.15558,+12.6063
+1.15595,+12.5465
+1.15633,+12.7655
+1.15669,+12.9103
+1.1572,+12.9667
+1.15757,+13.166
+1.15795,+13.3317
+1.15833,+13.4119
+1.1587,+13.4749
+1.15921,+13.4843
+1.15958,+13.5626
+1.15996,+13.499
+1.16033,+13.64
+1.16071,+13.6885
+1.1612,+13.8606
+1.16158,+13.9541
+1.16195,+13.8558
+1.16233,+13.7274
+1.1627,+13.6745
+1.1632,+13.701
+1.16358,+13.7082
+1.16395,+13.7359
+1.16433,+13.5827
+1.16484,+13.6436
+1.16521,+13.5943
+1.16557,+13.4978
+1.16595,+13.5875
+1.16633,+13.7815
+1.1667,+13.9115
+1.1672,+14.0402
+1.16758,+13.9518
+1.16796,+14.0094
+1.16833,+14.0385
+1.1687,+14.1175
+1.16921,+14.2543
+1.16957,+14.3764
+1.16995,+14.3578
+1.17033,+14.3992
+1.1707,+14.4111
+1.17121,+14.2867
+1.17158,+14.4289
+1.17196,+14.4016
+1.17233,+14.4564
+1.1727,+14.3838
+1.1732,+14.2996
+1.17358,+14.2156
+1.17395,+14.2398
+1.17433,+14.1075
+1.1747,+14.0818
+1.17533,+14.1437
+1.17559,+13.928
+1.17596,+13.9585
+1.17633,+13.9976
+1.1767,+14.0108
+1.17732,+13.9242
+1.17759,+14.1674
+1.17796,+14.2546
+1.17833,+14.4102
+1.17871,+14.4649
+1.1792,+14.3904
+1.17958,+14.6555
+1.17995,+14.7372
+1.18033,+14.7854
+1.1807,+14.8189
+1.18121,+14.9605
+1.18158,+14.7461
+1.18196,+14.8079
+1.18233,+14.798
+1.1827,+14.7706
+1.18321,+14.8537
+1.18358,+14.8875
+1.18395,+14.8564
+1.18434,+14.7784
+1.1847,+14.59
+1.18521,+14.6478
+1.18557,+14.7482
+1.18596,+14.4754
+1.18633,+14.3463
+1.1867,+14.2929
+1.1872,+14.2268
+1.18758,+14.1258
+1.18795,+14.2629
+1.18833,+14.2731
+1.1887,+14.4238
+1.18921,+14.3961
+1.18958,+14.3207
+1.18996,+14.4038
+1.19033,+14.4637
+1.19071,+14.4485
+1.1912,+14.3197
+1.19158,+14.4739
+1.19196,+14.2541
+1.19233,+14.3366
+1.1927,+14.4422
+1.19321,+14.2934
+1.19405,+14.4078
+1.19427,+14.4537
+1.19469,+14.4311
+1.19492,+14.4415
+1.19521,+14.6558
+1.19559,+14.6501
+1.19596,+14.7475
+1.19633,+14.2795
+1.1967,+14.2198
+1.19721,+14.4007
+1.19758,+14.3346
+1.19796,+14.3957
+1.19833,+14.4555
+1.1991,+14.7207
+1.19961,+14.692
+1.19988,+14.6817
+1.20012,+14.8527
+1.20051,+15.3189
+1.20122,+15.3642
+1.20141,+15.4198
+1.20186,+15.4836
+1.20211,+15.6992
+1.20234,+15.7851
+1.2027,+15.9229
+1.20342,+15.861
+1.20396,+16.1071
+1.20413,+12.5657
+1.20468,+12.9817
+1.2049,+13.2891
+1.20528,+13.2263
+1.20571,+13.0815
+1.20598,+13.2136
+1.20633,+13.0772
+1.2067,+13.0995
+1.20721,+13.2408
+1.20758,+13.1848
+1.20797,+13.5257
+1.20835,+13.4394
+1.20871,+13.1977
+1.20923,+13.4183
+1.20959,+13.5788
+1.20996,+13.2282
+1.21033,+13.3045
+1.21072,+13.2885
+1.21121,+13.3462
+1.21158,+13.1209
+1.21196,+13.2645
+1.21233,+13.4996
+1.21271,+13.5432
+1.21328,+13.4207
+1.21359,+13.7321
+1.21396,+13.7566
+1.21434,+14.1817
+1.21471,+14.1293
+1.2152,+14.2954
+1.21559,+14.5038
+1.21596,+14.3047
+1.21634,+14.0265
+1.21671,+13.9958
+1.21722,+14.0878
+1.21758,+13.8119
+1.2186,+14.6076
+1.21881,+14.4758
+1.21922,+14.1369
+1.21959,+14.0986
+1.21998,+14.1493
+1.22034,+14.1204
+1.22085,+14.2158
+1.22121,+14.2815
+1.22159,+14.6301
+1.22196,+14.4817
+1.22234,+14.0586
+1.2227,+14.2722
+1.22321,+14.8092
+1.22358,+14.8463
+1.22396,+14.8339
+1.22433,+14.7758
+1.22471,+14.5806
+1.22521,+14.7105
+1.22585,+14.7415
+1.22611,+15.2329
+1.22635,+14.8815
+1.22671,+14.5799
+1.22721,+14.7043
+1.22758,+14.8555
+1.22796,+14.7704
+1.22834,+14.8647
+1.22871,+15.0081
+1.22921,+15.1071
+1.22958,+15.1096
+1.22995,+15.0656
+1.23034,+15.432
+1.2307,+15.3442
+1.23121,+14.8398
+1.23158,+14.6419
+1.23196,+14.9987
+1.23233,+15.7542
+1.23271,+15.6953
+1.23321,+15.8917
+1.23359,+15.4803
+1.23396,+15.4452
+1.23434,+15.4011
+1.23471,+15.8881
+1.2352,+15.8896
+1.23558,+16.2756
+1.23596,+16.0173
+1.23635,+15.4476
+1.23671,+15.8003
+1.23721,+15.8662
+1.23759,+16.1355
+1.23796,+16.3918
+1.23833,+16.1872
+1.2387,+16.318
+1.23921,+16.8262
+1.23958,+16.8229
+1.23996,+16.6816
+1.24033,+16.9016
+1.24071,+16.9716
+1.24121,+16.7239
+1.24158,+16.9099
+1.24196,+16.7411
+1.24233,+16.6267
+1.2427,+16.5615
+1.24321,+16.5888
+1.24358,+16.6725
+1.24396,+16.8708
+1.24434,+16.8424
+1.24471,+16.8196
+1.24521,+16.7997
+1.24558,+16.3672
+1.24598,+16.4332
+1.24646,+16.9269
+1.24675,+16.5209
+1.24721,+16.3027
+1.24759,+15.8273
+1.24797,+16.1197
+1.24834,+16.2701
+1.24871,+15.9285
+1.24924,+16.1253
+1.24959,+16.5041
+1.24996,+16.4967
+1.25034,+16.5369
+1.25071,+16.999
+1.25121,+16.796
+1.25158,+17.217
+1.25196,+17.2264
+1.25233,+17.1294
+1.25271,+17.0294
+1.25321,+16.5902
+1.25359,+16.4288
+1.25396,+16.1141
+1.25434,+16.0231
+1.25471,+15.6124
+1.25521,+15.6398
+1.25559,+15.5654
+1.25597,+15.3122
+1.25658,+15.1597
+1.25684,+15.4558
+1.25721,+15.8593
+1.25759,+15.6147
+1.25796,+15.759
+1.25834,+15.5973
+1.25871,+16.2259
+1.25921,+15.904
+1.25958,+15.6456
+1.25996,+15.3939
+1.26035,+14.815
+1.2607,+14.3766
+1.26121,+14.1584
+1.26158,+13.9574
+1.26196,+13.531
+1.26233,+13.0473
+1.26271,+12.4244
+1.26321,+12.67
+1.26359,+12.5821
+1.26397,+12.7464
+1.26433,+13.3083
+1.26471,+13.3504
+1.26521,+13.2033
+1.26571,+13.44
+1.26597,+13.5862
+1.26634,+13.8106
+1.2667,+13.6303
+1.26721,+13.1347
+1.26758,+12.8368
+1.26796,+12.3595
+1.26834,+11.9709
+1.26871,+12.138
+1.26922,+12.1155
+1.26958,+12.0035
+1.26996,+11.9632
+1.27033,+11.7901
+1.27071,+11.7773
+1.27121,+12.0468
+1.27159,+11.813
+1.27196,+11.6641
+1.27233,+11.5551
+1.27271,+11.0897
+1.27322,+10.8843
+1.27358,+10.7135
+1.27396,+10.4616
+1.27433,+10.3659
+1.27472,+9.99028
+1.27521,+9.83682
+1.27559,+10.5011
+1.27596,+10.727
+1.27646,+10.6566
+1.27673,+10.8059
+1.27722,+10.7505
+1.27758,+10.3264
+1.27796,+10.2265
+1.27834,+9.94976
+1.27871,+10.1447
+1.27921,+10.0399
+1.27966,+9.72979
+1.27997,+9.67596
+1.28034,+9.24628
+1.28071,+9.33515
+1.28122,+9.28912
+1.28159,+9.69756
+1.28197,+9.77194
+1.28234,+10.274
+1.2827,+9.87429
+1.28321,+9.98908
+1.28359,+9.73368
+1.28396,+9.52747
+1.28433,+9.66951
+1.28471,+9.40445
+1.28522,+8.95111
+1.28559,+8.81743
+1.28597,+8.82561
+1.28634,+8.60256
+1.28671,+8.55078
+1.28721,+8.42884
+1.28758,+8.13884
+1.28797,+8.26296
+1.28834,+8.55335
+1.28871,+8.72334
+1.28909,+9.03124
+1.28958,+9.10809
+1.28996,+9.02416
+1.29033,+8.79375
+1.29072,+9.11226
+1.29108,+8.94371
+1.29159,+8.86337
+1.29196,+8.51463
+1.29234,+8.27028
+1.29271,+8.17406
+1.29309,+7.80842
+1.29359,+7.73343
+1.29396,+7.65551
+1.29434,+7.61046
+1.29471,+7.51881
+1.29508,+7.58268
+1.29558,+7.9105
+1.29609,+8.02917
+1.29634,+7.89549
+1.29672,+7.72765
+1.29722,+7.99895
+1.29759,+7.79833
+1.29796,+7.8458
+1.29835,+7.82022
+1.29871,+7.4731
+1.29921,+7.44851
+1.29959,+7.30651
+1.29997,+7.25471
+1.30034,+7.29025
+1.30073,+7.39151
+1.30121,+7.34304
+1.30159,+7.38217
+1.30196,+6.94243
+1.30234,+6.62398
+1.30271,+6.79678
+1.30321,+6.75507
+1.30359,+6.6952
+1.30438,+6.75298
+1.3046,+6.68774
+1.30506,+6.54291
+1.30526,+6.20885
+1.30559,+5.78679
+1.30597,+6.15699
+1.30634,+6.35555
+1.30684,+6.16237
+1.30721,+5.91203
+1.3076,+5.87448
+1.30797,+5.42879
+1.30835,+5.45743
+1.30871,+5.39579
+1.30925,+5.83674
+1.30962,+6.2179
+1.30996,+6.11671
+1.31035,+5.80485
+1.31073,+6.11128
+1.31121,+6.33266
+1.3116,+6.28749
+1.31197,+7.22325
+1.31234,+7.08513
+1.31273,+7.11443
+1.31322,+6.78613
+1.31359,+6.72219
+1.31396,+6.83396
+1.31434,+7.40244
+1.31472,+7.17288
+1.31522,+7.28109
+1.3156,+7.27917
+1.31597,+6.73113
+1.31634,+7.00596
+1.31672,+7.02178
+1.31722,+6.99544
+1.3176,+6.86352
+1.31798,+6.83589
+1.31834,+6.81896
+1.31872,+6.68561
+1.31921,+6.55632
+1.31959,+6.62941
+1.31997,+6.66069
+1.321,+6.15358
+1.32118,+6.12023
+1.32135,+5.92481
+1.3216,+5.75882
+1.32197,+5.8382
+1.32234,+5.36768
+1.32271,+5.58558
+1.32321,+5.56727
+1.32359,+5.27818
+1.32396,+4.98707
+1.32434,+5.05147
+1.32472,+5.11643
+1.32522,+5.70623
+1.32558,+5.4435
+1.32597,+5.03121
+1.32634,+5.13075
+1.32672,+4.68756
+1.32722,+4.37609
+1.32759,+4.48394
+1.32797,+4.23956
+1.32834,+4.36395
+1.32871,+4.07381
+1.32921,+3.57495
+1.32959,+3.53854
+1.32997,+3.36598
+1.33034,+2.96227
+1.33071,+3.17643
+1.33121,+3.1155
+1.33158,+2.62426
+1.33197,+2.4751
+1.33234,+2.05335
+1.33272,+1.86074
+1.33321,+1.71617
+1.33359,+1.87
+1.33396,+1.51104
+1.33434,+1.55471
+1.33471,+0.937999
+1.33509,+0.547262
+1.33559,+0.43518
+1.33609,+0.241905
+1.33647,-0.029507
+1.33672,-0.611429
+1.33722,-0.828383
+1.33759,-1.07826
+1.33796,-1.34517
+1.33834,-1.59037
+1.33873,-1.50159
+1.33922,-1.61124
+1.33959,-1.78189
+1.33997,-1.65253
+1.34034,-1.95048
+1.34072,-1.97878
+1.34122,-2.42542
+1.34159,-2.52047
+1.34197,-2.38442
+1.34235,-2.43608
+1.34272,-2.68969
+1.34321,-2.80443
+1.34359,-2.9119
+1.34398,-3.23615
+1.34434,-3.07187
+1.34473,-2.96695
+1.34522,-3.07159
+1.34559,-3.44296
+1.34597,-3.82122
+1.34634,-4.29586
+1.34671,-4.40046
+1.34709,-4.39572
+1.34771,-4.36827
+1.34797,-4.37362
+1.34835,-4.56526
+1.34872,-4.87664
+1.34912,-4.8639
+1.3496,-4.7427
+1.34996,-4.57946
+1.35035,-4.29888
+1.35072,-4.25676
+1.35109,-4.63084
+1.35159,-4.57581
+1.35197,-4.7232
+1.35234,-4.6375
+1.35273,-4.66124
+1.35322,-4.89364
+1.3536,-5.04134
+1.35396,-5.29935
+1.35435,-5.35281
+1.35472,-5.70124
+1.35509,-5.67106
+1.35559,-5.8159
+1.3561,-5.93096
+1.35636,-5.94443
+1.35672,-5.80457
+1.35722,-5.70198
+1.3576,-5.59111
+1.35797,-5.29389
+1.35835,-5.26477
+1.35871,-5.15629
+1.35922,-5.05737
+1.35959,-5.30166
+1.35997,-5.21238
+1.36034,-5.34357
+1.36073,-5.31484
+1.36122,-5.10268
+1.3616,-5.32389
+1.36197,-5.47852
+1.36234,-5.51706
+1.36273,-5.24464
+1.36321,-5.05622
+1.36359,-4.94742
+1.36396,-5.04153
+1.36434,-4.95213
+1.36472,-5.02758
+1.36509,-5.03595
+1.36559,-4.70551
+1.3661,-4.90726
+1.36638,-4.82472
+1.36671,-4.71108
+1.36709,-4.62946
+1.3676,-4.54247
+1.36797,-4.1181
+1.36834,-4.23709
+1.36872,-4.0176
+1.36909,-4.13408
+1.3696,-4.09873
+1.36997,-3.57447
+1.37035,-3.63582
+1.37072,-3.8861
+1.37108,-3.66725
+1.37159,-3.56064
+1.37197,-3.74689
+1.37235,-3.69637
+1.37272,-3.51806
+1.37322,-3.27215
+1.37359,-3.42415
+1.37397,-3.6398
+1.37434,-3.39725
+1.37471,-2.92106
+1.37509,-2.8317
+1.3756,-2.53434
+1.37609,-2.39561
+1.37634,-1.82278
+1.37672,-1.93803
+1.37709,-1.77918
+1.37759,-1.66744
+1.3781,-1.15033
+1.37835,-1.26089
+1.37872,-1.45783
+1.37922,-1.37696
+1.37959,-1.26366
+1.37997,-0.894205
+1.38034,-0.9665
+1.38072,-0.687791
+1.38109,-0.517481
+1.38159,-0.23315
+1.38199,-0.382326
+1.38234,+0.0930884
+1.38272,+0.371803
+1.38322,+0.227102
+1.38359,+0.0806557
+1.38397,-0.0162204
+1.38435,-0.234129
+1.38472,-0.261259
+1.3851,-0.256592
+1.38559,-0.0344625
+1.38597,+0.143246
+1.38635,-0.0708244
+1.38673,+0.0633239
+1.38709,+0.0198062
+1.3876,+0.229481
+1.38797,+0.236833
+1.38836,+0.527715
+1.38873,+0.40395
+1.38909,+0.447892
+1.38959,+0.403713
+1.38997,+0.574348
+1.39034,+0.690248
+1.39072,+0.376478
+1.3911,+0.276157
+1.39159,-0.085242
+1.39198,-0.108785
+1.39234,-0.0681446
+1.39273,-0.0168716
+1.39322,+0.0107165
+1.3936,-0.0385666
+1.39397,-0.456056
+1.39435,-0.247539
+1.39472,-0.209491
+1.39509,+0.0629724
+1.39559,+0.28203
+1.3961,+0.26483
+1.39635,+0.0952054
+1.39672,+0.172509
+1.3971,-0.157188
+1.39759,-0.265531
+1.39797,-0.16423
+1.39835,-0.607205
+1.39872,-0.633842
+1.39909,-0.937089
+1.39959,-1.08031
+1.39997,-1.30775
+1.40034,-1.46657
+1.40072,-1.15118
+1.40123,-0.888912
+1.40159,-0.910778
+1.40198,-0.904967
+1.40235,-0.952181
+1.40272,-1.11819
+1.40322,-0.91929
+1.40359,-0.866853
+1.40397,-0.665006
+1.40434,-2.27089
+1.40473,-2.64168
+1.4051,-2.37393
+1.4056,-2.73023
+1.40597,-2.37315
+1.40635,-2.59365
+1.40672,-2.33731
+1.4071,-2.72897
+1.4076,-2.73823
+1.40798,-2.76348
+1.40835,-2.75801
+1.40872,-2.90535
+1.4091,-3.52473
+1.4096,-3.28686
+1.40997,-4.10657
+1.41034,-3.46295
+1.41073,-3.85455
+1.41109,-3.50218
+1.4116,-3.62894
+1.41197,-3.5485
+1.41234,-3.48249
+1.41272,-3.48581
+1.4131,-3.20295
+1.41359,-2.85771
+1.41397,-2.35191
+1.41435,-2.60875
+1.41472,-2.30256
+1.41509,-1.76853
+1.41559,-1.80282
+1.41597,-1.89176
+1.41635,-1.92312
+1.41672,-1.77942
+1.4171,-1.78653
+1.4176,-2.07251
+1.41797,-2.31886
+1.41836,-2.46244
+1.41873,-2.58654
+1.4191,-3.26699
+1.4196,-2.92325
+1.41997,-2.81551
+1.42034,-2.63257
+1.42072,-2.76393
+1.4211,-2.72569
+1.4216,-2.88084
+1.42197,-2.69429
+1.42235,-2.8414
+1.4234,-2.48509
+1.42361,-2.07746
+1.42378,-2.38468
+1.42405,-1.95597
+1.42435,-2.2658
+1.42472,-1.99328
+1.4251,-1.85952
+1.42559,-1.82132
+1.42597,-1.69031
+1.42635,-1.03201
+1.42674,-0.550573
+1.4271,-1.07971
+1.4276,-1.02572
+1.42797,-1.60527
+1.42848,-1.71528
+1.42874,-2.10029
+1.4291,-1.92021
+1.4296,-1.8316
+1.42997,-2.19122
+1.43035,-2.76591
+1.43073,-3.34071
+1.4311,-2.93371
+1.4316,-2.9199
+1.43198,-3.12207
+1.43235,-3.17274
+1.43273,-2.99801
+1.4331,-3.24144
+1.4336,-3.1845
+1.43398,-3.24328
+1.43435,-3.41331
+1.43473,-3.61591
+1.4351,-3.67454
+1.4356,-3.95591
+1.43597,-4.06321
+1.43635,-3.71656
+1.43673,-3.57748
+1.4371,-3.43376
+1.4377,-3.37254
+1.4381,-3.34454
+1.43839,-3.14065
+1.4391,-3.17893
+1.43936,-3.51492
+1.43973,-3.42525
+1.43999,-3.21141
+1.44035,-3.25309
+1.44073,-3.77276
+1.4411,-3.94962
+1.4416,-4.18861
+1.44197,-3.56706
+1.44235,-3.75572
+1.44273,-3.9329
+1.44309,-3.87811
+1.4436,-3.79797
+1.44398,-4.10161
+1.44435,-3.90798
+1.44473,-3.59737
+1.4451,-4.01178
+1.4456,-3.85214
+1.44598,-4.50209
+1.44636,-3.90195
+1.44673,-4.02316
+1.44709,-4.10244
+1.4476,-4.14927
+1.44798,-4.02623
+1.44835,-4.35291
+1.44887,-4.62227
+1.44912,-4.54718
+1.44961,-4.72648
+1.44998,-5.00289
+1.45036,-5.5882
+1.45074,-5.28187
+1.45111,-5.31105
+1.45162,-5.34871
+1.45199,-5.39729
+1.45235,-5.7144
+1.45273,-5.52126
+1.45311,-5.36481
+1.4536,-5.66
+1.45398,-5.46927
+1.45435,-5.4537
+1.45474,-5.53243
+1.4551,-5.4561
+1.45561,-5.6256
+1.45598,-5.33366
+1.45636,-5.30298
+1.45674,-5.70558
+1.45712,-5.44097
+1.45761,-5.00046
+1.45797,-4.90642
+1.45835,-4.95333
+1.45875,-4.81884
+1.45911,-4.95257
+1.4596,-4.99977
+1.45998,-5.02837
+1.46035,-4.92886
+1.46073,-4.68263
+1.4611,-4.93082
+1.46161,-5.24513
+1.46198,-5.12326
+1.46235,-5.20884
+1.46273,-5.46105
+1.4631,-5.51587
+1.4636,-5.30626
+1.46398,-5.01639
+1.46435,-4.96327
+1.46473,-5.00886
+1.46511,-5.37491
+1.4656,-5.37385
+1.46598,-5.64635
+1.46636,-5.52742
+1.46674,-5.57174
+1.4671,-5.50112
+1.4676,-5.52432
+1.46797,-5.99462
+1.46836,-5.99495
+1.46873,-6.08306
+1.46911,-5.9531
+1.4696,-5.85959
+1.46998,-5.42829
+1.47035,-5.52282
+1.47074,-5.51589
+1.4711,-5.2563
+1.47161,-5.1766
+1.47198,-5.27684
+1.47235,-5.18939
+1.47273,-5.14166
+1.4731,-4.89762
+1.47361,-4.73054
+1.47397,-4.91171
+1.47436,-5.003
+1.47473,-4.60938
+1.4751,-4.82516
+1.4756,-4.968
+1.47598,-4.87454
+1.47635,-4.99595
+1.47673,-4.83642
+1.47711,-5.19968
+1.47761,-5.47482
+1.47798,-5.64276
+1.47835,-5.38794
+1.47873,-5.65592
+1.47923,-5.65987
+1.4796,-5.39539
+1.47999,-5.32613
+1.48035,-5.37845
+1.48073,-5.10531
+1.4811,-4.95007
+1.48161,-4.60858
+1.48198,-4.38375
+1.48236,-4.24033
+1.48273,-4.06709
+1.4831,-3.8899
+1.4836,-4.0022
+1.48398,-3.93052
+1.48437,-3.86431
+1.48474,-4.067
+1.48511,-4.07617
+1.4856,-3.57956
+1.48598,-3.62376
+1.48636,-3.81041
+1.48673,-4.11415
+1.48712,-4.2251
+1.48761,-4.26265
+1.48798,-4.42914
+1.48836,-4.46704
+1.48874,-4.53772
+1.48912,-4.42654
+1.48961,-5.10511
+1.48998,-5.16382
+1.49036,-5.25908
+1.49073,-4.87939
+1.49111,-4.62008
+1.4916,-4.53048
+1.49198,-4.51217
+1.49235,-4.3379
+1.49273,-4.2478
+1.49311,-4.22876
+1.49361,-4.27004
+1.49398,-4.31415
+1.49436,-4.00419
+1.49473,-4.05533
+1.49511,-4.40456
+1.49561,-3.93659
+1.49599,-3.80797
+1.49636,-3.28632
+1.49673,-3.33536
+1.49711,-3.39589
+1.49761,-3.43736
+1.49798,-3.42491
+1.49836,-3.57348
+1.49873,-3.83734
+1.49911,-3.84229
+1.49961,-4.27126
+1.49999,-4.29961
+1.50035,-4.85866
+1.50073,-4.7794
+1.5011,-4.7624
+1.50161,-4.76221
+1.50198,-4.68596
+1.50235,-4.70732
+1.50273,-4.49878
+1.50311,-4.37874
+1.5036,-4.43562
+1.50399,-4.27497
+1.50436,-4.30203
+1.50473,-4.34456
+1.50511,-4.29914
+1.50561,-4.26145
+1.50598,-4.22857
+1.50635,-4.06058
+1.50673,-4.09805
+1.50711,-4.06688
+1.50761,-3.94082
+1.50798,-3.98486
+1.50836,-3.90767
+1.50874,-3.91104
+1.50911,-3.99136
+1.50962,-3.94071
+1.50998,-3.90059
+1.51035,-4.03774
+1.51074,-3.93967
+1.5111,-3.7929
+1.51161,-3.7974
+1.51199,-3.73101
+1.51236,-3.7576
+1.51273,-3.61811
+1.5131,-3.4615
+1.51361,-3.3357
+1.51398,-3.41941
+1.51435,-3.23625
+1.51473,-3.20443
+1.51511,-3.2067
+1.5156,-3.16445
+1.51599,-3.22852
+1.51636,-3.15296
+1.51673,-3.17476
+1.51711,-3.15559
+1.5176,-3.06419
+1.51798,-2.89752
+1.51835,-2.82263
+1.51873,-2.83574
+1.5191,-2.84271
+1.51961,-2.77885
+1.51999,-2.47641
+1.52036,-2.29813
+1.52075,-2.12874
+1.52111,-2.12722
+1.52161,-2.10385
+1.52198,-1.98131
+1.52236,-1.93668
+1.52274,-1.90352
+1.52311,-1.76946
+1.52361,-1.60936
+1.52398,-1.62835
+1.52436,-1.32011
+1.52473,-1.1279
+1.5258,-1.07344
+1.52607,-0.453841
+1.52625,-0.590618
+1.5265,-0.47802
+1.52675,-0.514991
+1.52711,-0.514377
+1.5276,-0.584713
+1.52799,-0.621419
+1.52836,-0.941689
+1.52873,-1.16812
+1.5291,-1.03371
+1.52961,-1.5926
+1.52998,-1.56902
+1.53036,-1.73079
+1.53073,-1.54772
+1.5311,-0.889563
+1.5316,-0.137814
+1.53198,-0.171935
+1.53235,-0.147152
+1.53273,-0.0530861
+1.5331,+0.00344749
+1.53361,+0.0851082
+1.53399,+0.223663
+1.53435,+0.304066
+1.53474,+0.358568
+1.5351,-0.237163
+1.53561,-0.600901
+1.53599,-0.659906
+1.53635,-0.649866
+1.53673,-0.683381
+1.53711,-0.634833
+1.53747,-0.744766
+1.53798,-0.471082
+1.53835,+0.20039
+1.53873,+0.249589
+1.5391,+0.387526
+1.53948,+0.07808
+1.53999,+0.235605
+1.54036,+0.413214
+1.54073,+0.512471
+1.54111,+0.348114
+1.54147,+0.523474
+1.54198,+0.262108
+1.54236,+0.274733
+1.54273,+0.281671
+1.54311,+0.35727
+1.54348,+0.413812
+1.54399,+1.0329
+1.54435,+0.975404
+1.54474,+0.940937
+1.54511,+1.76324
+1.54548,+1.83345
+1.5461,+1.94762
+1.54636,+2.00182
+1.54673,+2.04986
+1.5471,+1.95931
+1.54761,+1.97645
+1.54798,+1.21185
+1.54836,+1.28051
+1.54872,+1.24998
+1.54912,+0.583825
+1.54961,+0.418961
+1.54998,+0.410611
+1.55035,+0.0321384
+1.55074,+0.0279549
+1.55111,-0.00310265
+1.55161,+0.725334
+1.55198,+1.002
+1.55236,+0.896754
+1.55273,+0.897137
+1.55313,+1.21097
+1.55361,+1.17959
+1.554,+1.17762
+1.55437,+1.1182
+1.55474,+1.14732
+1.55511,+1.87433
+1.55561,+1.11044
+1.55599,+1.74717
+1.55636,+1.65725
+1.55673,+1.60395
+1.5571,+1.89702
+1.55761,+2.19706
+1.55799,+2.08669
+1.55836,+1.95222
+1.55874,+1.90777
+1.55911,+1.31733
+1.55961,+1.52378
+1.55999,+0.750882
+1.56037,+0.975271
+1.56074,+1.44898
+1.56113,+1.30213
+1.56161,+1.18315
+1.56198,+1.14064
+1.56236,+1.41003
+1.56273,+1.65542
+1.56312,+1.57362
+1.56361,+1.46287
+1.56399,+1.96312
+1.56436,+2.25866
+1.56474,+1.92771
+1.56512,+2.23859
+1.5656,+2.17083
+1.56598,+2.38164
+1.56637,+2.06788
+1.56674,+1.88335
+1.56712,+2.24584
+1.56748,+2.50382
+1.56799,+2.17539
+1.56836,+2.00544
+1.56873,+1.97849
+1.56916,+1.38815
+1.56966,+1.24215
+1.57002,+1.09768
+1.57038,+1.0815
+1.57077,+1.39028
+1.5713,+1.63739
+1.57166,+1.39708
+1.57201,+1.37655
+1.57241,+1.27503
+1.57277,+1.31951
+1.57317,+1.53539
+1.57366,+1.60275
+1.574,+1.99254
+1.57439,+2.10578
+1.57477,+2.12544
+1.57514,+1.57106
+1.57566,+1.76979
+1.57602,+1.66814
+1.5764,+1.91921
+1.57676,+1.84309
+1.57715,+1.86867
+1.57766,+2.62195
+1.57803,+2.29058
+1.57839,+2.21167
+1.57878,+1.7594
+1.57914,+1.64705
+1.57966,+1.32796
+1.58002,+1.38914
+1.5804,+1.24852
+1.58078,+1.57767
+1.58114,+1.58211
+1.58163,+0.825752
+1.582,+1.21652
+1.58238,+1.11257
+1.58277,+1.19882
+1.58315,+1.32869
+1.58366,+1.78062
+1.58403,+1.68729
+1.58439,+1.59315
+1.58478,+1.64048
+1.58515,+1.17357
+1.58564,+1.5387
+1.58602,+1.11833
+1.5864,+1.64307
+1.58677,+1.59348
+1.58717,+1.38813
+1.58766,+1.20665
+1.58802,+1.58604
+1.5884,+1.4273
+1.58878,+0.971544
+1.58916,+1.44281
+1.58953,+1.12496
+1.59004,+1.10734
+1.59039,+0.649645
+1.59076,+0.739324
+1.59113,+0.727296
+1.59163,+0.553032
+1.59202,+0.310997
+1.59239,+0.434394
+1.59278,+0.518913
+1.59316,+0.11446
+1.59366,+0.403948
+1.59401,+0.522962
+1.5944,+0.447757
+1.59478,+0.181659
+1.59515,+0.298511
+1.59565,+0.169348
+1.59603,+0.0877111
+1.5964,+0.0874281
+1.59678,+0.0848767
+1.59716,+0.157344
+1.59751,-0.136142
+1.59804,-0.223254
+1.59841,-0.255756
+1.59878,-0.076955
+1.59915,-0.21054
+1.59952,+0.0665515
+1.60004,+0.0448978
+1.60041,+0.0583764
+1.60095,+0.127972
+1.60116,+0.00530998
+1.60166,+0.000757655
+1.602,-0.0564113
+1.60239,+0.795886
+1.60275,+0.904599
+1.60314,+1.03303
+1.60365,+0.914784
+1.60402,+0.901878
+1.6044,+0.140254
+1.60477,+0.209292
+1.60516,+0.325963
+1.60551,+0.289881
+1.60602,+0.516654
+1.6064,-0.156036
+1.60678,-0.202664
+1.60715,+0.371311
+1.60752,+0.330896
+1.60803,+0.305747
+1.60841,+0.331213
+1.60876,+0.347052
+1.60916,+0.293824
+1.60952,+0.495231
+1.61005,+0.504167
+1.61039,+0.278559
+1.61079,+0.176244
+1.61117,-0.386212
+1.61167,-0.530676
+1.61203,-0.516787
+1.61241,-0.243094
+1.61278,-0.361519
+1.61315,-0.169328
+1.61366,-0.329723
+1.61402,-0.442161
+1.6144,+0.452024
+1.61477,+0.468541
+1.61513,+0.327111
+1.6155,+0.601484
+1.61601,+0.622013
+1.61638,+0.376633
+1.61677,+0.26801
+1.61715,+0.151835
+1.61753,+0.304609
+1.61804,+0.249335
+1.61841,-0.564003
+1.61877,-0.444265
+1.61915,-0.264475
+1.61952,-0.391473
+1.62003,-0.255866
+1.62041,+0.105516
+1.62079,+0.545035
+1.62117,+0.455538
+1.62167,+0.339801
+1.62203,+0.452298
+1.6224,+0.533094
+1.62279,+0.629318
+1.62316,+0.536911
+1.62353,+0.565095
+1.62404,+0.609075
+1.62439,+0.385824
+1.62476,-0.00938757
+1.62514,-0.00384066
+1.62551,+0.222987
+1.62603,+0.507209
+1.6264,+0.62673
+1.62675,+0.537147
+1.62712,+0.846178
+1.6282,+0.784567
+1.62847,+0.645638
+1.62864,+0.586122
+1.62882,+0.625993
+1.62912,+0.973699
+1.62949,+0.808735
+1.62999,+0.415173
+1.63037,+0.64677
+1.63074,+0.557248
+1.63125,+0.219113
+1.63162,+0.176316
+1.63199,+0.393959
+1.63237,+0.401201
+1.63274,+0.537749
+1.63312,+0.279564
+1.63348,+0.140881
+1.63399,+0.292458
+1.63436,+0.124157
+1.63474,+0.0842965
+1.63512,+0.462966
+1.63549,+0.497823
+1.63599,+0.282109
+1.63637,+0.358652
+1.63674,+0.720609
+1.63713,+0.702222
+1.63749,+0.879011
+1.63799,+0.77607
+1.63836,+0.685575
+1.63874,+0.894779
+1.63911,+0.79431
+1.63949,+1.12021
+1.63999,+1.24986
+1.64037,+1.20986
+1.64073,+0.827274
+1.64113,+1.40071
+1.64162,+1.53158
+1.64199,+1.75196
+1.64237,+1.71458
+1.64274,+1.62886
+1.64312,+1.60836
+1.64349,+1.62767
+1.64399,+1.67607
+1.64436,+1.63343
+1.64474,+1.70764
+1.64512,+1.27966
+1.64549,+1.30678
+1.64599,+1.3665
+1.64636,+1.36295
+1.64675,+1.40895
+1.64712,+1.39162
+1.64748,+1.18041
+1.64799,+1.17376
+1.64836,+1.2594
+1.64874,+1.8882
+1.64913,+1.99092
+1.64949,+1.81428
+1.64999,+1.71189
+1.65036,+1.97954
+1.65075,+2.14329
+1.65112,+2.24002
+1.65149,+2.28359
+1.65199,+2.70288
+1.65237,+2.58531
+1.65274,+2.13532
+1.65313,+2.26552
+1.65349,+2.44444
+1.654,+2.56094
+1.65437,+2.49456
+1.65475,+2.74239
+1.65511,+2.80792
+1.6555,+3.22538
+1.65599,+2.75706
+1.65637,+2.92171
+1.65734,+3.33755
+1.65751,+3.13284
+1.65799,+3.11182
+1.65827,+3.21142
+1.6585,+3.25706
+1.65878,+2.9984
+1.65911,+2.86813
+1.65949,+2.61488
+1.65999,+3.10608
+1.66037,+3.06366
+1.66074,+2.50765
+1.66112,+2.93124
+1.66161,+3.35176
+1.66199,+3.20638
+1.66236,+3.21705
+1.66274,+3.52999
+1.66312,+3.55173
+1.66349,+3.31878
+1.66399,+3.06561
+1.66438,+3.26024
+1.66474,+3.49189
+1.66512,+3.32116
+1.66549,+3.27678
+1.666,+3.28087
+1.66637,+3.17605
+1.66675,+2.85861
+1.66712,+3.20077
+1.66749,+4.20748
+1.66799,+4.23472
+1.66837,+4.49666
+1.66874,+4.38446
+1.66913,+4.20306
+1.66949,+4.33782
+1.67,+4.60364
+1.67036,+4.99902
+1.67074,+4.93891
+1.67112,+4.78646
+1.67149,+4.14768
+1.67212,+4.29648
+1.67238,+3.98325
+1.67274,+4.34126
+1.67313,+4.43415
+1.67349,+4.09493
+1.674,+3.96703
+1.67437,+3.78053
+1.67475,+4.02402
+1.67512,+4.05794
+1.67549,+4.2824
+1.67599,+4.08255
+1.67637,+4.23783
+1.67674,+4.12449
+1.67713,+4.17567
+1.67749,+4.15092
+1.678,+4.07559
+1.67837,+4.04734
+1.67874,+3.95428
+1.67912,+3.97696
+1.67949,+3.53198
+1.67999,+3.52146
+1.68037,+3.70441
+1.68074,+3.7517
+1.68113,+3.71088
+1.68149,+3.70883
+1.68313,+3.78204
+1.68338,+3.78304
+1.6836,+3.87985
+1.68383,+3.68215
+1.68407,+4.5846
+1.68437,+4.54769
+1.68475,+4.43248
+1.68518,+4.21772
+1.68552,+4.51471
+1.68602,+4.58267
+1.68638,+4.7897
+1.68676,+4.87346
+1.68725,+5.06637
+1.68762,+5.04576
+1.68799,+4.24282
+1.68837,+4.42338
+1.68874,+4.36612
+1.68915,+4.34374
+1.68949,+4.38233
+1.68999,+4.53189
+1.69037,+4.38952
+1.69075,+4.37537
+1.69112,+4.38561
+1.6915,+4.82931
+1.69199,+4.79661
+1.69237,+4.73928
+1.69274,+4.90866
+1.69325,+4.92331
+1.69362,+4.57813
+1.694,+4.66169
+1.69437,+4.77502
+1.69474,+4.76393
+1.69512,+4.45663
+1.69549,+4.14104
+1.696,+4.42309
+1.69637,+4.56172
+1.69675,+4.57976
+1.69713,+4.82411
+1.69749,+4.96932
+1.69799,+4.82462
+1.69837,+4.9395
+1.69874,+4.75032
+1.69912,+4.94405
+1.6995,+4.82527
+1.7,+4.6958
+1.70037,+4.57412
+1.70075,+4.67707
+1.70112,+4.41489
+1.70149,+4.55084
+1.702,+4.72686
+1.70238,+4.74276
+1.70274,+5.19869
+1.70312,+5.35578
+1.7035,+5.32986
+1.704,+5.19164
+1.70438,+5.39985
+1.70474,+5.36008
+1.70513,+5.28068
+1.70549,+5.29179
+1.706,+5.23723
+1.70637,+4.91584
+1.70675,+4.58191
+1.70712,+4.61098
+1.7075,+5.03147
+1.70799,+5.36346
+1.70837,+5.25761
+1.70874,+5.1034
+1.70912,+5.22906
+1.70949,+5.21547
+1.71,+5.05747
+1.71037,+5.38326
+1.71074,+5.32812
+1.71112,+5.52331
+1.7115,+5.9316
+1.712,+6.06559
+1.71238,+6.14867
+1.71274,+6.21663
+1.71312,+6.36034
+1.71349,+6.09634
+1.71399,+6.28175
+1.71437,+6.17688
+1.71474,+6.1749
+1.71512,+6.01217
+1.71549,+5.55126
+1.71599,+5.1008
+1.71637,+5.0609
+1.71674,+5.13225
+1.71714,+5.21248
+1.7175,+5.50606
+1.718,+5.18254
+1.71837,+5.18336
+1.71874,+5.04696
+1.71912,+4.57482
+1.7195,+4.59461
+1.72,+4.84462
+1.72038,+4.62977
+1.72075,+4.44815
+1.72112,+3.96384
+1.72149,+3.50029
+1.722,+3.66333
+1.72237,+3.27853
+1.72275,+3.41028
+1.72312,+3.49912
+1.72362,+3.4838
+1.724,+3.11571
+1.72437,+3.30816
+1.72475,+3.02252
+1.72512,+3.37788
+1.7255,+4.24089
+1.726,+4.2381
+1.72638,+4.61987
+1.72675,+4.85084
+1.72712,+5.04382
+1.72749,+5.11579
+1.728,+5.44761
+1.72837,+5.40848
+1.72875,+5.44407
+1.72913,+5.645
+1.72949,+4.83589
+1.7306,+4.82582
+1.73082,+4.86244
+1.73112,+4.84879
+1.73149,+4.57762
+1.73199,+4.05932
+1.73237,+4.07461
+1.73275,+3.9124
+1.73312,+3.81916
+1.73349,+3.55504
+1.73399,+3.80181
+1.73436,+3.68317
+1.73474,+3.29937
+1.73512,+3.29556
+1.73549,+3.51869
+1.736,+4.27649
+1.73637,+4.07941
+1.73675,+4.33035
+1.73712,+4.40156
+1.73749,+4.40188
+1.73799,+4.12632
+1.73837,+3.99805
+1.73874,+4.52995
+1.73912,+4.28855
+1.73949,+4.27574
+1.74,+3.90456
+1.74037,+3.99126
+1.74075,+3.76329
+1.74113,+3.91852
+1.74149,+3.6925
+1.742,+3.89829
+1.74237,+4.16461
+1.74275,+3.5696
+1.74312,+3.69574
+1.74349,+3.30166
+1.744,+3.13094
+1.74437,+3.15471
+1.74474,+3.00374
+1.74513,+2.77237
+1.74549,+2.69839
+1.746,+2.35787
+1.74637,+2.23222
+1.74675,+2.39905
+1.74712,+2.22178
+1.7475,+2.54047
+1.74799,+2.53473
+1.74837,+2.32685
+1.74874,+2.48897
+1.74913,+2.65022
+1.74949,+2.85342
+1.75,+2.82076
+1.75037,+2.43409
+1.75075,+2.50287
+1.75112,+2.711
+1.75149,+2.67993
+1.752,+2.95425
+1.75237,+3.02175
+1.75275,+3.03042
+1.75312,+3.08131
+1.7535,+2.77248
+1.75399,+2.69997
+1.75437,+2.63989
+1.75474,+2.50818
+1.75512,+2.20463
+1.75549,+2.19416
+1.756,+1.79673
+1.7565,+1.48641
+1.75678,+1.55224
+1.75713,+1.29055
+1.7575,+1.55258
+1.75801,+1.86435
+1.75837,+1.928
+1.75877,+1.98596
+1.75912,+2.10633
+1.75949,+1.61686
+1.76,+1.83427
+1.76038,+2.16008
+1.76075,+2.0229
+1.76112,+2.33463
+1.76149,+2.09076
+1.762,+2.07686
+1.76237,+2.35082
+1.76275,+2.02163
+1.76312,+1.95015
+1.76349,+2.18221
+1.764,+1.91158
+1.7645,+1.59354
+1.76475,+1.47367
+1.76512,+1.39751
+1.7655,+1.56207
+1.766,+1.15165
+1.76637,+1.10464
+1.76675,+1.35703
+1.76712,+1.34243
+1.76749,+1.45619
+1.768,+1.46773
+1.76837,+1.5199
+1.76875,+1.38812
+1.76912,+1.30268
+1.7695,+1.04304
+1.76999,+1.37388
+1.77037,+1.44654
+1.77075,+1.24693
+1.77113,+1.15449
+1.7715,+1.06648
+1.772,+1.10047
+1.77237,+1.32604
+1.77274,+1.43022
+1.77313,+1.24712
+1.77349,+1.29235
+1.774,+1.31279
+1.77437,+1.13985
+1.77475,+0.969161
+1.77512,+1.04728
+1.77549,+1.10281
+1.776,+1.09201
+1.77638,+0.590661
+1.77675,+0.480611
+1.77712,+1.16925
+1.7775,+1.04955
+1.778,+0.936109
+1.77837,+0.751777
+1.77874,+0.990433
+1.77913,+1.31371
+1.77949,+1.27127
+1.78,+1.33324
+1.78037,+1.6165
+1.78075,+1.737
+1.78112,+1.20004
+1.7815,+1.49903
+1.78199,+1.2949
+1.78237,+1.4722
+1.78275,+1.51289
+1.78312,+1.27981
+1.78349,+1.20789
+1.784,+0.799967
+1.78438,+0.680105
+1.78475,+0.708148
+1.78513,+0.641969
+1.7855,+0.49804
+1.786,+0.238274
+1.78638,+0.233802
+1.78675,+0.21338
+1.78712,-0.219364
+1.7875,-0.189001
+1.78787,-0.157771
+1.78837,-0.2303
+1.78875,-0.603208
+1.78913,-0.847643
+1.7895,-0.642826
+1.78987,-0.237756
+1.79037,-0.274545
+1.79075,-0.409174
+1.79112,-0.175108
+1.7915,-0.317795
+1.792,-0.101307
+1.79237,+0.0517141
+1.79286,+0.256007
+1.79312,+0.387379
+1.7935,+0.245121
+1.794,+0.122961
+1.79438,-0.0476254
+1.79475,-0.0939351
+1.79513,+0.0268604
+1.7955,-0.128104
+1.796,-0.11383
+1.79637,-0.360065
+1.79675,-0.344861
+1.79713,-0.552515
+1.79749,-0.840126
+1.798,-1.00401
+1.79838,-1.14666
+1.79875,-1.25147
+1.79912,-1.54258
+1.79951,-1.76292
+1.80001,-2.12986
+1.80037,-2.09245
+1.80074,-2.51531
+1.80113,-2.46647
+1.8015,-2.4491
+1.802,-2.2613
+1.80237,-2.01732
+1.80275,-1.85145
+1.80312,-1.88831
+1.8035,-1.72293
+1.804,-1.53627
+1.80437,-1.29945
+1.80475,-0.914638
+1.80513,-0.74828
+1.8055,-0.564776
+1.806,-0.614787
+1.80637,-0.805467
+1.80675,-1.0971
+1.80713,-0.88321
+1.80751,-0.845421
+1.80801,-1.0351
+1.80837,-1.09679
+1.80874,-1.09658
+1.80913,-1.52073
+1.80951,-1.8028
+1.81,-1.72669
+1.81038,-1.14026
+1.81075,-1.19757
+1.81112,-1.23812
+1.81151,-1.03792
+1.812,-0.946423
+1.81237,-1.14108
+1.81275,-1.08785
+1.81313,-0.784536
+1.81352,-0.51644
+1.814,-0.723984
+1.81438,-1.43772
+1.81475,-1.33057
+1.81512,-1.46924
+1.81551,-1.5223
+1.816,-1.37548
+1.81638,-1.52369
+1.81676,-1.69177
+1.81713,-1.61543
+1.8175,-1.74347
+1.81787,-1.54564
+1.81837,-1.19503
+1.81875,-1.02779
+1.81912,-0.916735
+1.81951,-1.1641
+1.82,-1.1004
+1.82037,-0.451166
+1.82075,-0.518896
+1.82113,-0.840629
+1.8215,-0.774421
+1.822,-1.19241
+1.82237,-1.5442
+1.82275,-1.53984
+1.82313,-1.67597
+1.8235,-1.7069
+1.82401,-1.77468
+1.82438,-2.05949
+1.82475,-2.04217
+1.82513,-2.0962
+1.8255,-2.04623
+1.82601,-1.68297
+1.82637,-1.60679
+1.82675,-1.55797
+1.82712,-1.46565
+1.82751,-1.4238
+1.82802,-1.64011
+1.82838,-1.7067
+1.82875,-1.89028
+1.82914,-1.28293
+1.82951,-1.49686
+1.83,-1.36436
+1.83038,-1.18688
+1.83076,-1.15899
+1.83113,-1.08956
+1.8315,-1.0689
+1.83201,-1.07708
+1.833,-1.30207
+1.8332,-0.981716
+1.83349,-1.41853
+1.834,-1.3164
+1.83438,-1.67524
+1.83475,-1.65704
+1.83512,-2.15483
+1.8355,-2.19147
+1.836,-1.89022
+1.83637,-1.86051
+1.83675,-1.71238
+1.83713,-1.72267
+1.83751,-1.42762
+1.83799,-1.2827
+1.83837,-0.914225
+1.83874,-1.29679
+1.83912,-0.832569
+1.8395,-0.771995
+1.83988,-0.985907
+1.84037,-0.859243
+1.84075,-0.921311
+1.84112,-0.931783
+1.84151,-1.39951
+1.84199,-1.53278
+1.84238,-1.65398
+1.84275,-1.35708
+1.84313,-1.43764
+1.8435,-1.6364
+1.844,-1.65321
+1.84438,-1.90552
+1.84475,-1.83314
+1.84525,-1.89863
+1.84549,-1.61603
+1.846,-1.48585
+1.84637,-1.48047
+1.84675,-1.7841
+1.84712,-1.8736
+1.8475,-2.09346
+1.848,-2.11508
+1.84838,-2.07484
+1.84875,-2.25335
+1.84913,-2.35699
+1.8495,-2.44258
+1.84987,-2.53638
+1.85037,-2.06659
+1.85075,-1.63744
+1.85113,-1.62236
+1.8515,-1.66718
+1.85187,-1.40435
+1.85237,-1.61521
+1.85275,-1.00085
+1.85313,-1.15144
+1.85351,-0.998013
+1.854,-0.557326
+1.85437,-1.09573
+1.85476,-1.13733
+1.85513,-1.25871
+1.8555,-0.959877
+1.85601,-1.28673
+1.85638,-1.04258
+1.85675,-1.46367
+1.85713,-1.12811
+1.8575,-1.32222
+1.85801,-2.03747
+1.85838,-2.19982
+1.85875,-2.29228
+1.85913,-1.99887
+1.8595,-1.87939
+1.86,-1.73039
+1.86038,-1.53922
+1.86076,-1.68976
+1.86115,-1.74819
+1.86151,-1.6928
+1.86187,-1.54555
+1.86238,-1.21861
+1.86275,-1.29196
+1.86313,-1.35783
+1.86351,-1.36428
+1.86401,-1.67687
+1.86438,-1.84014
+1.86474,-1.93794
+1.86513,-2.20625
+1.8655,-2.32621
+1.866,-2.40484
+1.86638,-2.4779
+1.86675,-2.41587
+1.86712,-2.53125
+1.8675,-2.52675
+1.86788,-2.19689
+1.86838,-2.18187
+1.86875,-1.96458
+1.86913,-1.689
+1.8695,-1.48425
+1.86987,-1.18992
+1.87037,-1.51082
+1.87076,-1.37863
+1.87112,-1.23749
+1.87151,-1.24129
+1.87187,-1.21207
+1.87238,-1.25422
+1.87275,-1.30752
+1.87313,-1.28693
+1.87351,-1.2075
+1.87401,-1.51972
+1.87438,-1.40945
+1.87476,-1.40954
+1.87513,-1.43385
+1.87563,-1.47275
+1.876,-1.37134
+1.87638,-1.10596
+1.87675,-1.02997
+1.87713,-0.99161
+1.8775,-1.04672
+1.87787,-0.677145
+1.87838,-0.780728
+1.87876,-0.681203
+1.87913,-0.664612
+1.87951,-0.695831
+1.87988,-0.709356
+1.88038,-0.707031
+1.88076,-0.909838
+1.88113,-0.996846
+1.88151,-1.28134
+1.88187,-1.79033
+1.88238,-1.75277
+1.88275,-1.88398
+1.88313,-1.87151
+1.8835,-1.70284
+1.88388,-1.58783
+1.88437,-1.80118
+1.88475,-1.51884
+1.88513,-1.43121
+1.88553,-1.12273
+1.88587,-0.663716
+1.88638,-0.347162
+1.88675,-0.312382
+1.88713,-0.325119
+1.88751,-0.651151
+1.88787,-0.730804
+1.88838,-0.438055
+1.88875,-0.430023
+1.88914,-0.349377
+1.8895,-0.556906
+1.88987,-0.630766
+1.89038,-0.604921
+1.89076,-0.673035
+1.89112,-0.641536
+1.89151,-0.448852
+1.89188,-0.455736
+1.89238,-0.396838
+1.89275,-0.27729
+1.89313,-0.415059
+1.89351,-0.149931
+1.89402,-0.0649218
+1.89439,+0.267199
+1.89476,+0.455134
+1.89513,+0.470819
+1.89551,+0.522955
+1.89602,+0.592976
+1.89638,+0.484282
+1.89675,+0.45558
+1.89714,+0.594504
+1.89751,+1.09033
+1.89788,+1.20703
+1.89837,+0.79795
+1.89875,+0.464298
+1.89912,+0.497637
+1.89951,+0.449819
+1.89988,+0.40485
+1.90038,+0.352103
+1.90076,+0.345079
+1.90113,+0.337168
+1.90151,-0.144787
+1.90188,-0.50137
+1.90238,-0.530552
+1.90275,-0.210964
+1.90313,-0.257933
+1.9035,-0.140808
+1.90388,-0.454006
+1.90438,-0.300507
+1.90476,-0.224816
+1.90513,-0.222675
+1.90551,-0.441572
+1.906,-0.381013
+1.90638,-0.148992
+1.90676,-0.161498
+1.90713,-0.21875
+1.9075,-0.217011
+1.90787,-0.126773
+1.90838,-0.130578
+1.90876,-0.25319
+1.90913,-0.275146
+1.90951,-0.0466622
+1.90987,+0.156135
+1.91038,-0.0848064
+1.91075,-0.293223
+1.91113,-0.159711
+1.91151,-0.158121
+1.91188,+0.137078
+1.91238,+0.0664253
+1.91276,+0.303517
+1.91314,+0.201104
+1.91351,+0.354523
+1.91388,+0.346218
+1.91438,+0.452291
+1.91475,+0.581571
+1.91513,+0.595423
+1.9155,+0.60662
+1.91588,+0.192274
+1.9165,+0.244589
+1.91675,+0.101995
+1.91714,+0.248875
+1.91751,+0.257589
+1.91788,+0.366266
+1.91838,+0.0989684
+1.91876,+0.13488
+1.91913,+0.116099
+1.9195,+0.147144
+1.91988,+0.441174
+1.92038,+0.473713
+1.92076,+0.222157
+1.92113,+0.195109
+1.92151,+0.0505669
+1.92188,-0.0151413
+1.92238,+0.0984918
+1.92275,+0.116411
+1.92313,+0.129214
+1.92351,+0.0839001
+1.92388,+0.205867
+1.92439,+0.0670928
+1.92476,+0.245291
+1.92513,+0.542309
+1.92551,+0.583106
+1.92588,+0.462846
+1.92639,+0.687995
+1.92676,+0.630863
+1.92714,+0.570136
+1.92751,+0.991176
+1.92788,+0.982808
+1.92838,+1.02574
+1.92876,+1.15504
+1.92913,+0.916853
+1.92951,+0.91314
+1.92988,+1.05902
+1.93039,+1.0067
+1.93076,+0.866239
+1.93114,+0.913498
+1.93151,+0.556161
+1.93188,+0.783361
+1.93238,+0.83154
+1.93276,+0.692919
+1.93314,+0.63955
+1.93352,+0.47416
+1.93388,+0.487843
+1.93438,+0.537363
+1.9354,+0.518985
+1.93562,+0.501235
+1.93589,+0.553031
+1.93638,+0.323541
+1.93675,+0.347797
+1.93713,+0.463225
+1.9375,+0.631318
+1.93788,+0.738778
+1.93837,+0.598814
+1.93876,+0.685518
+1.93913,+0.914985
+1.93951,+0.789487
+1.93988,+0.774131
+1.94038,+0.852415
+1.94075,+0.787861
+1.94113,+0.751477
+1.94151,+0.699011
+1.94187,+0.800318
+1.94238,+0.963404
+1.94276,+0.864879
+1.94313,+0.932198
+1.94351,+1.00776
+1.94387,+0.878806
+1.94438,+0.88097
+1.94476,+0.949064
+1.94514,+0.921509
+1.94553,+0.721931
+1.94587,+0.621526
+1.94639,+0.621538
+1.94687,+0.570066
+1.94714,+0.502142
+1.9475,+0.446778
+1.94788,+0.593754
+1.94837,+0.425097
+1.94876,+0.221642
+1.94913,+0.267308
+1.94951,+0.350317
+1.94987,+0.432742
+1.95038,+0.345969
+1.95075,+0.371339
+1.95113,+0.358685
+1.95151,+0.311084
+1.95188,+0.325242
+1.95238,+0.399003
+1.95276,+0.585543
+1.95313,+0.590967
+1.95351,+0.595903
+1.95388,+0.586221
+1.95438,+0.800006
+1.95475,+0.767713
+1.95513,+0.954812
+1.95553,+1.28776
+1.95587,+1.12001
+1.95638,+1.21693
+1.95676,+1.17649
+1.95713,+1.19375
+1.9575,+1.23248
+1.95788,+1.18746
+1.95838,+1.18825
+1.95876,+1.28103
+1.95913,+0.950048
+1.95951,+0.905346
+1.95988,+1.07182
+1.96038,+1.04829
+1.96075,+0.873185
+1.96113,+0.987815
+1.96151,+0.805827
+1.96187,+0.925184
+1.96238,+0.731037
+1.96277,+0.839862
+1.96313,+1.11954
+1.96352,+1.00862
+1.96388,+0.886528
+1.96438,+0.798077
+1.96475,+1.10159
+1.96514,+0.903877
+1.96553,+0.90369
+1.96587,+0.922168
+1.96638,+0.966843
+1.96677,+0.85077
+1.96713,+0.749485
+1.96751,+0.811688
+1.96788,+0.908723
+1.96838,+0.992997
+1.96875,+1.03085
+1.96914,+1.0325
+1.96951,+1.31143
+1.96988,+1.20798
+1.97038,+1.01712
+1.97075,+0.966063
+1.97113,+1.00907
+1.9715,+1.12205
+1.97188,+0.876437
+1.97239,+0.988002
+1.97276,+0.885081
+1.97313,+1.05372
+1.97351,+1.01834
+1.97388,+1.11557
+1.97438,+1.05749
+1.97476,+1.0045
+1.97513,+1.17462
+1.97553,+0.989895
+1.97588,+1.28216
+1.97639,+1.31678
+1.97676,+1.47653
+1.97713,+1.29695
+1.97751,+1.29048
+1.97788,+1.40668
+1.97838,+1.85459
+1.97876,+2.09627
+1.97913,+1.889
+1.97951,+2.04181
+1.97988,+1.99801
+1.98038,+1.80205
+1.98076,+1.7914
+1.98113,+2.06039
+1.98151,+2.14661
+1.98188,+2.04633
+1.98238,+1.96095
+1.98276,+1.91122
+1.98312,+2.00898
+1.98351,+1.98576
+1.98387,+2.14315
+1.98438,+2.30724
+1.98475,+2.28656
+1.98513,+2.13164
+1.98553,+2.0448
+1.98587,+1.71513
+1.98638,+1.73216
+1.98676,+1.71367
+1.98713,+1.64598
+1.98751,+1.62825
+1.98788,+1.19015
+1.98838,+1.19553
+1.98876,+1.09996
+1.98913,+1.02482
+1.98951,+0.896658
+1.98988,+1.34187
+1.99038,+1.48234
+1.99075,+1.46719
+1.99113,+1.47622
+1.99151,+1.54266
+1.99188,+1.8502
+1.99238,+1.83373
+1.99276,+1.95687
+1.99313,+2.12812
+1.99351,+2.38105
+1.99388,+2.07058
+1.99438,+2.01666
+1.99476,+2.10888
+1.99514,+1.88104
+1.99553,+1.84731
+1.99591,+1.82692
+1.9964,+1.74742
+1.99676,+1.60802
+1.99713,+1.65379
+1.99751,+1.63185
+1.99788,+1.63984
+1.99838,+1.6557
+1.99876,+1.39315
+1.99913,+1.51278
+1.99951,+1.31702
+1.99988,+1.16047
