+0,+1.03053
+0.0004,+1.1726
+0.0008,+1.1052
+0.0012,+1.44539
+0.0016,+1.77109
+0.0019,+1.8862
+0.0024,+1.94843
+0.0028,+2.08445
+0.0032,+2.18134
+0.0035,+1.99234
+0.004,+1.98874
+0.0044,+2.24439
+0.0048,+2.66748
+0.0052,+2.73176
+0.0056,+2.71879
+0.0059,+3.00423
+0.0064,+3.00429
+0.0068,+3.16157
+0.0072,+3.11023
+0.0076,+3.31839
+0.0079,+3.694
+0.0084,+3.72834
+0.0088,+3.76859
+0.0092,+3.72783
+0.0096,+3.79925
+0.0099,+3.73291
+0.0104,+3.74163
+0.0108,+3.7622
+0.0112,+3.48723
+0.0116,+3.62184
+0.0119,+3.56283
+0.0124,+3.26683
+0.0128,+2.87395
+0.0132,+2.83051
+0.0136,+2.84652
+0.0139,+2.90886
+0.0144,+2.83166
+0.0148,+2.74616
+0.0152,+3.05956
+0.0157,+3.02864
+0.0161,+3.05189
+0.0164,+3.32048
+0.0168,+3.65406
+0.0172,+3.74146
+0.0175,+3.69695
+0.0179,+3.67565
+0.0184,+3.70372
+0.0188,+3.85085
+0.0192,+3.84799
+0.0196,+3.73085
+0.0199,+3.69104
+0.0204,+3.59899
+0.0208,+3.60817
+0.0212,+3.62152
+0.0216,+3.75017
+0.0219,+3.77053
+0.0224,+3.85477
+0.0228,+3.86164
+0.0232,+3.96635
+0.0235,+4.17196
+0.0239,+4.34671
+0.0244,+4.46443
+0.0248,+4.52675
+0.0252,+4.70752
+0.0256,+4.74007
+0.0261,+4.92399
+0.0264,+5.00088
+0.0268,+5.03341
+0.0272,+5.08631
+0.0275,+5.15714
+0.0279,+5.14788
+0.0286,+5.35188
+0.0288,+5.48137
+0.0292,+5.46504
+0.0295,+5.54235
+0.0299,+5.53997
+0.0304,+5.85203
+0.0308,+5.96754
+0.0312,+6.02353
+0.0315,+5.96265
+0.0319,+6.14355
+0.0324,+6.0125
+0.0328,+6.07105
+0.0332,+6.06751
+0.0335,+6.04931
+0.0339,+6.14817
+0.0344,+5.9988
+0.0348,+6.0858
+0.0352,+6.02102
+0.0357,+6.18429
+0.0361,+6.04983
+0.0364,+6.21461
+0.0368,+5.95758
+0.0372,+6.04177
+0.0375,+6.06045
+0.0379,+6.01232
+0.0384,+6.11611
+0.0388,+5.99781
+0.0392,+6.01072
+0.0395,+5.97374
+0.0399,+6.0346
+0.0404,+5.90409
+0.0408,+6.12118
+0.0412,+6.30296
+0.0417,+6.49664
+0.0421,+6.52367
+0.0424,+6.48681
+0.0428,+6.76908
+0.0432,+7.22409
+0.0435,+7.2711
+0.0439,+6.97175
+0.0444,+7.10649
+0.0449,+7.34606
+0.0452,+7.22242
+0.0456,+7.11771
+0.046,+7.40445
+0.0464,+7.50885
+0.0468,+7.61916
+0.0472,+7.39051
+0.0476,+7.74522
+0.0479,+8.30701
+0.0484,+8.39751
+0.0488,+8.42836
+0.0492,+8.48917
+0.0496,+8.7884
+0.0499,+8.85546
+0.0504,+9.00911
+0.0508,+8.77305
+0.0512,+8.78732
+0.0516,+8.82363
+0.0519,+8.95911
+0.0524,+9.10728
+0.0528,+9.14622
+0.0532,+9.17939
+0.0535,+9.27431
+0.0539,+9.11665
+0.0544,+9.23629
+0.0548,+9.3557
+0.0552,+9.45265
+0.0555,+9.26244
+0.0562,+9.38227
+0.0565,+9.33182
+0.0568,+9.63855
+0.0572,+9.98315
+0.0575,+9.7729
+0.0579,+9.83414
+0.0584,+9.85008
+0.0596,+10.0761
+0.0598,+10.2468
+0.06,+10.4569
+0.0604,+10.522
+0.0608,+10.7787
+0.0612,+10.7286
+0.0616,+10.7468
+0.0619,+10.9856
+0.0624,+11.2604
+0.0628,+11.3195
+0.0632,+11.2886
+0.0636,+11.3709
+0.0639,+11.1859
+0.0645,+10.9366
+0.0648,+10.9751
+0.0652,+11.0326
+0.0656,+10.9993
+0.0661,+11.0401
+0.0664,+11.0363
+0.0668,+10.9939
+0.0672,+11.0397
+0.0676,+11.1442
+0.0679,+11.3966
+0.0684,+11.6193
+0.0688,+11.5878
+0.0692,+11.5529
+0.0696,+11.4271
+0.0699,+11.4552
+0.0704,+11.3698
+0.0708,+11.4901
+0.0712,+11.5787
+0.0716,+11.4186
+0.0719,+11.3645
+0.0725,+11.3283
+0.0728,+11.3571
+0.0732,+11.2283
+0.0736,+11.3621
+0.0739,+11.1901
+0.0744,+11.2756
+0.0748,+11.2133
+0.0752,+11.0176
+0.0756,+11.0544
+0.0759,+11.0602
+0.0766,+11.1008
+0.0768,+10.9856
+0.0772,+10.9777
+0.0776,+10.9018
+0.0779,+10.8766
+0.0784,+10.7054
+0.0788,+10.5308
+0.0792,+10.555
+0.0796,+10.5631
+0.0799,+10.4127
+0.0805,+10.2128
+0.0808,+10.202
+0.0812,+10.2786
+0.0816,+10.3035
+0.0819,+10.3156
+0.0824,+10.2509
+0.0828,+10.2083
+0.0832,+10.1688
+0.0836,+10.0462
+0.0839,+9.96993
+0.0844,+9.92846
+0.0848,+9.82923
+0.0852,+9.70861
+0.0855,+9.53245
+0.0859,+9.53279
+0.0864,+9.38865
+0.0868,+9.3499
+0.0872,+9.08996
+0.0876,+8.90574
+0.0879,+8.89833
+0.0884,+8.78205
+0.0888,+8.75044
+0.0892,+8.59764
+0.0896,+8.57539
+0.0899,+8.39154
+0.0904,+8.54195
+0.0908,+8.38696
+0.0912,+8.28792
+0.0916,+8.24085
+0.0919,+8.0546
+0.0924,+8.0431
+0.0928,+7.89705
+0.0932,+7.81674
+0.0936,+7.6228
+0.0941,+7.62212
+0.0944,+7.34394
+0.0948,+7.28501
+0.0952,+7.34683
+0.0956,+7.19558
+0.0959,+7.14612
+0.0965,+6.87578
+0.0968,+6.80252
+0.0972,+6.5662
+0.0976,+6.35506
+0.0979,+6.11494
+0.0984,+5.93037
+0.0988,+5.74619
+0.0992,+5.48462
+0.0996,+5.37926
+0.0999,+5.16168
+0.1005,+4.97554
+0.1008,+4.63604
+0.1012,+4.54999
+0.1016,+4.45064
+0.1019,+4.28942
+0.1024,+4.09825
+0.1028,+3.92851
+0.1032,+3.72654
+0.1036,+3.6098
+0.1039,+3.38684
+0.1045,+3.35828
+0.1048,+3.29608
+0.1052,+3.15419
+0.1056,+2.9411
+0.1059,+2.70899
+0.1064,+2.59151
+0.1069,+2.42962
+0.1072,+2.22036
+0.1076,+1.96499
+0.1079,+1.91989
+0.1084,+1.66087
+0.1088,+1.46312
+0.1092,+1.27206
+0.1096,+1.13893
+0.1099,+0.943059
+0.1104,+0.696723
+0.1108,+0.567244
+0.1112,+0.528043
+0.1116,+0.328625
+0.1119,-0.00379875
+0.1124,-0.138965
+0.1128,-0.314851
+0.1132,-0.55601
+0.1136,-0.751099
+0.1139,-0.92487
+0.1144,-1.14344
+0.1148,-1.41443
+0.1152,-1.61266
+0.1156,-1.82136
+0.1159,-1.8705
+0.1164,-1.96407
+0.1168,-2.18454
+0.1172,-2.27378
+0.1176,-2.58127
+0.1179,-2.75635
+0.1184,-2.89607
+0.1188,-3.07765
+0.1192,-3.32475
+0.1196,-3.37948
+0.1199,-3.6387
+0.1205,-3.82142
+0.1208,-3.97718
+0.1212,-4.20929
+0.1216,-4.30813
+0.1219,-4.42574
+0.1224,-4.54844
+0.1228,-4.68094
+0.1232,-4.8327
+0.1236,-5.04169
+0.1239,-5.25019
+0.1244,-5.56402
+0.1248,-5.69052
+0.1252,-5.84037
+0.1256,-5.95123
+0.1259,-6.32222
+0.1264,-6.48054
+0.1268,-6.68874
+0.1272,-6.77065
+0.1276,-6.92647
+0.1279,-6.98332
+0.1285,-7.05596
+0.1288,-7.21375
+0.1292,-7.39237
+0.1296,-7.60731
+0.1299,-7.65817
+0.1304,-7.87713
+0.1308,-7.91986
+0.1312,-8.01843
+0.1316,-8.232
+0.1319,-8.49867
+0.1324,-8.76112
+0.1328,-8.79492
+0.1332,-8.90549
+0.1336,-8.9853
+0.1339,-9.09667
+0.1344,-9.24087
+0.1348,-9.47864
+0.1352,-9.66142
+0.1356,-9.6338
+0.1359,-9.58106
+0.1365,-9.585
+0.1368,-9.78532
+0.1372,-9.90749
+0.1376,-10.027
+0.1379,-10.1786
+0.1384,-10.2073
+0.1388,-10.219
+0.1392,-10.1785
+0.1396,-10.3761
+0.1399,-10.3833
+0.1405,-10.5327
+0.1408,-10.6117
+0.1412,-10.5986
+0.1416,-10.5831
+0.1419,-10.4886
+0.1424,-10.5402
+0.1428,-10.6078
+0.1432,-10.8509
+0.1436,-10.9997
+0.1439,-11.1156
+0.1445,-11.0438
+0.1448,-11.0574
+0.1452,-11.26
+0.1456,-11.3024
+0.1459,-11.3233
+0.1464,-11.2305
+0.1468,-11.3236
+0.1472,-11.2865
+0.1476,-11.1661
+0.1479,-11.2009
+0.1484,-11.291
+0.1488,-11.3847
+0.1492,-11.2821
+0.1496,-11.3685
+0.1499,-11.3619
+0.1504,-11.3887
+0.1508,-11.2995
+0.1512,-11.2472
+0.1516,-11.2692
+0.1519,-11.2647
+0.1525,-11.1482
+0.1528,-11.1809
+0.1532,-11.1137
+0.1536,-11.0245
+0.1539,-11.0176
+0.1544,-11.0656
+0.1548,-11.0919
+0.1552,-11.0457
+0.1556,-10.9795
+0.1559,-11.0313
+0.1565,-10.9536
+0.1568,-10.7523
+0.1572,-10.7442
+0.1577,-10.7823
+0.158,-10.6563
+0.1584,-10.5174
+0.1588,-10.4561
+0.1592,-10.4715
+0.1596,-10.4247
+0.1599,-10.3633
+0.1605,-10.4454
+0.1608,-10.4565
+0.162,-10.5396
+0.1622,-10.4415
+0.1625,-10.4268
+0.1628,-10.4034
+0.1632,-10.4257
+0.1636,-10.2872
+0.1639,-10.3028
+0.1644,-10.0969
+0.1648,-9.88105
+0.1652,-9.71327
+0.1656,-9.52326
+0.1659,-9.36629
+0.1664,-9.34065
+0.1668,-9.31497
+0.1672,-9.06458
+0.1676,-8.95262
+0.1679,-8.84645
+0.1684,-8.85277
+0.1688,-8.83088
+0.1692,-8.77546
+0.1696,-8.77058
+0.1699,-8.69776
+0.1704,-8.51831
+0.1708,-8.46519
+0.1712,-8.4284
+0.1716,-8.39314
+0.1719,-8.26537
+0.1724,-8.08491
+0.1728,-7.98587
+0.1732,-7.89022
+0.1736,-7.83329
+0.1739,-7.68407
+0.1744,-7.6581
+0.1748,-7.52833
+0.1752,-7.54974
+0.1756,-7.51365
+0.1759,-7.33203
+0.1764,-7.32893
+0.1768,-7.19672
+0.1772,-7.12922
+0.1776,-6.94134
+0.1779,-6.89878
+0.1784,-6.78621
+0.1788,-6.82853
+0.1792,-6.65475
+0.1796,-6.60161
+0.1799,-6.59398
+0.1804,-6.67568
+0.1808,-6.55406
+0.1812,-6.45222
+0.1816,-6.33463
+0.1819,-6.2783
+0.1824,-6.30275
+0.1828,-6.14585
+0.1832,-6.12608
+0.1836,-5.95582
+0.1839,-5.94084
+0.1844,-5.70768
+0.1848,-5.70915
+0.1852,-5.64951
+0.1856,-5.64976
+0.1859,-5.59013
+0.1864,-5.48268
+0.1868,-5.43952
+0.1872,-5.34446
+0.1877,-5.31568
+0.1879,-5.19903
+0.1884,-5.01981
+0.1888,-5.08756
+0.1892,-5.10616
+0.1896,-5.01037
+0.1899,-4.98906
+0.1904,-4.93702
+0.1908,-4.81384
+0.1912,-4.75945
+0.1916,-4.65343
+0.1919,-4.67405
+0.1924,-4.78044
+0.1928,-4.65071
+0.1932,-4.52313
+0.1936,-4.42738
+0.1939,-4.33608
+0.1944,-4.33599
+0.1948,-4.13654
+0.1952,-4.0027
+0.1956,-4.04756
+0.1959,-3.87664
+0.1964,-3.69638
+0.1968,-3.66911
+0.1972,-3.67345
+0.1976,-3.5498
+0.1979,-3.50888
+0.1984,-3.31539
+0.1988,-3.32047
+0.1992,-3.28095
+0.1996,-3.24777
+0.1999,-3.15292
+0.2005,-3.1619
+0.2008,-20.2727
+0.2012,-20.2824
+0.2016,-20.4732
+0.2019,-20.481
+0.2024,-20.6834
+0.2028,-20.8056
+0.2032,-20.8594
+0.2036,-20.9698
+0.2039,-21.0502
+0.2045,-21.1727
+0.2048,-21.4625
+0.2052,-21.5289
+0.2056,-21.5794
+0.206,-21.5983
+0.2064,-21.6578
+0.2068,-21.6094
+0.2072,-21.6678
+0.2076,-21.8529
+0.2079,-22.0085
+0.2084,-21.9506
+0.2088,-21.8682
+0.2092,-21.8967
+0.2096,-21.8286
+0.2099,-21.7925
+0.2104,-21.8337
+0.2108,-21.8205
+0.2112,-21.9043
+0.2116,-21.8292
+0.2119,-21.7302
+0.2124,-21.872
+0.2128,-21.9183
+0.2132,-21.9008
+0.2136,-21.9382
+0.2139,-22.0892
+0.2144,-22.0225
+0.2148,-22.148
+0.2152,-22.1703
+0.2156,-22.227
+0.2159,-22.2491
+0.2164,-22.1336
+0.2168,-22.1863
+0.2172,-22.2884
+0.2176,-22.2793
+0.2181,-22.2925
+0.2184,-22.2986
+0.2188,-22.2928
+0.2192,-22.1861
+0.2196,-22.0787
+0.2199,-22.0545
+0.2204,-22.08
+0.2208,-21.9153
+0.2212,-21.8041
+0.2216,-21.7485
+0.2219,-21.5785
+0.2224,-21.6459
+0.2228,-21.6293
+0.2232,-21.6108
+0.2236,-21.6058
+0.2239,-21.6588
+0.2244,-21.5837
+0.2248,-21.5478
+0.2252,-21.4517
+0.2256,-21.4414
+0.2259,-21.5276
+0.2264,-21.3749
+0.2268,-21.2619
+0.2272,-21.2923
+0.2276,-21.2087
+0.2279,-21.1984
+0.2284,-21.2
+0.2288,-21.2197
+0.2292,-21.2851
+0.2296,-21.242
+0.2299,-21.1394
+0.2304,-21.012
+0.2308,-21.0257
+0.2312,-20.9572
+0.2316,-21.0119
+0.2319,-20.803
+0.2324,-20.7574
+0.2328,-20.7271
+0.2332,-20.6302
+0.2336,-20.5322
+0.2339,-20.4518
+0.2344,-20.4757
+0.2348,-20.4314
+0.2352,-20.273
+0.2356,-20.1633
+0.2359,-20.0911
+0.2364,-20.1165
+0.2368,-19.9751
+0.2372,-19.9238
+0.2376,-19.8593
+0.2379,-19.8424
+0.2384,-19.7399
+0.2388,-19.6517
+0.2392,-19.6355
+0.2396,-19.6405
+0.2399,-19.7044
+0.2405,-19.572
+0.2408,-19.6107
+0.2412,-19.6119
+0.2416,-19.5598
+0.2419,-19.4884
+0.2424,-19.4673
+0.2428,-19.4475
+0.2432,-19.4262
+0.2436,-19.3816
+0.244,-19.3158
+0.2443,-19.1768
+0.2448,-19.1199
+0.2452,-19.0399
+0.2456,-18.9771
+0.2459,-18.9626
+0.2464,-18.9768
+0.2468,-18.8824
+0.2472,-18.8468
+0.2476,-18.7208
+0.2479,-18.6821
+0.2484,-18.6402
+0.2488,-18.4794
+0.2492,-18.4456
+0.2496,-18.4731
+0.2499,-18.3804
+0.2504,-18.326
+0.2508,-18.3626
+0.2512,-18.3245
+0.2516,-18.351
+0.2519,-18.3289
+0.2525,-18.34
+0.2528,-18.3239
+0.2532,-18.2521
+0.2536,-18.1795
+0.2539,-18.1627
+0.2544,-18.0826
+0.2548,-17.9404
+0.2552,-17.8783
+0.2556,-17.7413
+0.2559,-17.7362
+0.2563,-17.7108
+0.2568,-17.7088
+0.2572,-17.7985
+0.2576,-17.7805
+0.2579,-17.7996
+0.2584,-17.786
+0.2588,-17.8649
+0.2592,-17.931
+0.2596,-17.9719
+0.2599,-17.8895
+0.2604,-17.9437
+0.2608,-17.9869
+0.2612,-17.9972
+0.2616,-18.0711
+0.262,-18.0533
+0.2624,-17.9919
+0.2628,-17.9691
+0.2632,-17.9586
+0.2644,-17.8508
+0.2646,-17.9032
+0.2648,-17.8573
+0.2652,-17.8195
+0.2656,-17.7251
+0.2659,-17.6746
+0.2663,-17.5805
+0.2668,-17.7214
+0.2672,-17.6331
+0.2676,-17.5107
+0.2679,-17.5419
+0.2683,-17.5082
+0.2688,-17.4493
+0.2692,-17.4126
+0.2696,-17.2077
+0.2699,-17.1391
+0.2703,-17.0725
+0.2708,-16.8886
+0.2712,-16.7229
+0.2716,-16.745
+0.272,-16.5846
+0.2725,-16.4161
+0.2728,-16.3127
+0.2732,-16.2207
+0.2736,-16.3734
+0.2739,-16.3089
+0.2744,-16.3134
+0.2748,-16.3072
+0.2752,-16.3569
+0.2756,-16.2968
+0.2759,-16.4122
+0.2763,-16.3321
+0.2768,-16.2826
+0.2772,-16.3431
+0.2776,-16.1542
+0.2779,-16.0337
+0.2783,-15.8972
+0.2788,-15.7291
+0.2792,-15.6718
+0.2796,-15.5613
+0.28,-15.4756
+0.2803,-15.3923
+0.2808,-15.2445
+0.2812,-15.0482
+0.2816,-15.0094
+0.2819,-14.9258
+0.2823,-14.7785
+0.2828,-14.733
+0.2832,-14.5422
+0.2836,-14.2947
+0.2839,-13.9771
+0.2843,-13.9408
+0.2848,-13.7604
+0.2852,-13.6016
+0.2856,-13.3834
+0.286,-13.1852
+0.2863,-13.1448
+0.2868,-12.9268
+0.2872,-12.7708
+0.2876,-12.5315
+0.2879,-12.3796
+0.2883,-12.0784
+0.289,-11.9261
+0.2892,-11.7467
+0.2896,-11.5747
+0.2899,-11.3376
+0.2905,-11.0275
+0.2908,-10.9043
+0.2912,-10.7751
+0.2916,-10.6901
+0.292,-10.4928
+0.2925,-10.3477
+0.2928,-10.2659
+0.2932,-10.1219
+0.2936,-9.98913
+0.294,-9.84041
+0.2943,-9.70186
+0.2948,-9.40945
+0.2952,-9.27919
+0.2956,-9.22189
+0.296,-9.10272
+0.2963,-8.98231
+0.2968,-8.80065
+0.2972,-8.59771
+0.2976,-8.40208
+0.2979,-8.2068
+0.2983,-8.122
+0.2989,-7.95729
+0.2992,-7.73851
+0.2996,-7.4965
+0.2999,-7.25311
+0.3003,-7.13081
+0.3008,-6.86988
+0.3012,-6.69751
+0.3016,-6.56088
+0.302,-6.42484
+0.3024,-6.23486
+0.3028,-6.13672
+0.3032,-5.92841
+0.3036,-5.77901
+0.3039,-5.83896
+0.3043,-5.63125
+0.3048,-5.52861
+0.3052,-5.36853
+0.3056,-5.27373
+0.3059,-5.22962
+0.3063,-5.1092
+0.3068,-4.95547
+0.3072,-4.86013
+0.3076,-4.64393
+0.3079,-4.48127
+0.3083,-4.44209
+0.3088,-4.27027
+0.3092,-4.15945
+0.3096,-3.95111
+0.31,-3.80973
+0.3103,-3.73354
+0.3108,-3.78688
+0.3112,-3.74158
+0.3116,-3.77863
+0.3119,-3.64522
+0.3125,-3.42941
+0.3128,-3.42857
+0.3132,-3.39139
+0.3136,-3.32009
+0.314,-3.25826
+0.3143,-3.15017
+0.3148,-2.92348
+0.3152,-2.76777
+0.3156,-2.55433
+0.316,-2.5023
+0.3163,-2.43193
+0.3168,-2.32769
+0.3172,-2.21835
+0.3176,-2.07396
+0.3179,-1.91118
+0.3183,-1.68657
+0.3188,-1.57479
+0.3192,-1.51673
+0.3197,-1.52099
+0.32,-1.38978
+0.3203,-1.26405
+0.3208,-1.24389
+0.3212,-1.18195
+0.3216,-1.15712
+0.322,-1.07769
+0.3224,-1.30838
+0.3228,-1.32629
+0.3232,-1.31703
+0.3236,-1.18365
+0.324,-1.08181
+0.3243,-0.956271
+0.3248,-0.957945
+0.3252,-0.9818
+0.3256,-0.903616
+0.326,-0.872876
+0.3263,-0.70065
+0.3268,-0.660826
+0.3272,-0.598233
+0.3276,-0.667099
+0.328,-0.670262
+0.3283,-0.763529
+0.3288,-0.697247
+0.3292,-0.455589
+0.3296,-0.428673
+0.3299,-0.42457
+0.3305,-0.336459
+0.3308,-0.338972
+0.3312,-0.366186
+0.3316,-0.294699
+0.332,-0.32703
+0.3325,-0.371594
+0.3328,-0.374592
+0.3332,-0.524402
+0.3336,-0.46829
+0.334,-0.459483
+0.3343,-0.463378
+0.3348,-0.424709
+0.3352,-0.4211
+0.3356,-0.474198
+0.3359,-0.43126
+0.3363,-0.303332
+0.3368,-0.203638
+0.3372,-0.150647
+0.3376,-0.220519
+0.3379,-0.35685
+0.3383,-0.447944
+0.3388,-0.60367
+0.3392,-0.60635
+0.3396,-0.595523
+0.34,-0.702448
+0.3403,-0.873404
+0.3408,-0.912886
+0.3412,-0.899526
+0.3416,-1.01107
+0.3419,-1.07032
+0.3424,-0.871541
+0.3429,-0.772146
+0.3432,-0.714827
+0.3436,-0.723308
+0.344,-0.800248
+0.3443,-0.75312
+0.3448,-0.872841
+0.3452,-1.05134
+0.3456,-1.04262
+0.346,-1.00252
+0.3463,-1.20053
+0.3468,-1.3169
+0.3472,-1.41551
+0.3476,-1.5081
+0.348,-1.53702
+0.3483,-1.61352
+0.3488,-1.71813
+0.3492,-1.89069
+0.3496,-1.96852
+0.3501,-2.02236
+0.3505,-2.23049
+0.3508,-2.26567
+0.3512,-2.40817
+0.3516,-2.45702
+0.352,-2.4799
+0.3525,-2.67884
+0.3528,-2.79231
+0.3532,-2.87267
+0.3536,-3.09587
+0.354,-3.24496
+0.3543,-3.2526
+0.3548,-3.42221
+0.3552,-3.5819
+0.3556,-3.81064
+0.356,-4.07577
+0.3563,-4.29408
+0.3568,-4.44209
+0.3572,-4.54395
+0.3576,-4.68432
+0.358,-4.90434
+0.3583,-5.18777
+0.3588,-5.37131
+0.3592,-5.4707
+0.3596,-5.72758
+0.36,-5.85135
+0.3603,-5.89304
+0.3608,-6.11795
+0.3612,-6.20002
+0.3616,-6.2388
+0.362,-6.41436
+0.3624,-6.45937
+0.3628,-6.65346
+0.3632,-6.87129
+0.3636,-6.91641
+0.364,-6.95474
+0.3643,-7.02308
+0.3648,-7.00042
+0.3652,-7.13517
+0.3656,-7.27847
+0.3668,-7.23384
+0.3669,-7.26361
+0.3672,-7.23703
+0.3676,-7.24694
+0.368,-7.32104
+0.3683,-7.5426
+0.3688,-7.67415
+0.3692,-7.79841
+0.3696,-7.78097
+0.3701,-7.92232
+0.3703,-7.95255
+0.3708,-8.03487
+0.3712,-8.05033
+0.3716,-8.06071
+0.372,-8.06559
+0.3725,-7.94189
+0.3728,-7.89648
+0.3732,-7.86182
+0.3736,-7.89491
+0.374,-7.80743
+0.3743,-7.83807
+0.3748,-7.84727
+0.3752,-7.87838
+0.3756,-7.89073
+0.376,-7.86733
+0.3763,-7.8555
+0.3768,-7.93033
+0.3772,-7.86623
+0.3776,-7.85588
+0.3779,-7.81504
+0.3783,-7.79109
+0.3788,-7.81837
+0.3792,-7.78872
+0.3796,-7.71137
+0.38,-7.63764
+0.3803,-7.71295
+0.3808,-7.66304
+0.3812,-7.68698
+0.3816,-7.67411
+0.382,-7.72633
+0.3823,-7.6859
+0.3828,-7.61778
+0.3832,-7.56913
+0.3836,-7.5665
+0.384,-7.53015
+0.3843,-7.45407
+0.3848,-7.44463
+0.3852,-7.40073
+0.3856,-7.44789
+0.386,-7.33712
+0.3863,-7.29532
+0.3868,-7.19602
+0.3872,-7.19215
+0.3876,-7.24309
+0.388,-7.37389
+0.3883,-7.44961
+0.3888,-7.35453
+0.3892,-7.38497
+0.3896,-7.33971
+0.39,-7.45103
+0.3903,-7.61379
+0.3908,-7.64439
+0.3912,-7.64269
+0.3916,-7.54183
+0.392,-7.50682
+0.3923,-7.44744
+0.3928,-7.50237
+0.3932,-7.57173
+0.3936,-7.66324
+0.394,-7.6449
+0.3943,-7.66579
+0.3948,-7.68134
+0.3952,-7.65955
+0.3956,-7.72635
+0.396,-7.66034
+0.3963,-7.67061
+0.3967,-7.70056
+0.3972,-7.64448
+0.3976,-7.71198
+0.3979,-7.83102
+0.3983,-7.7243
+0.3988,-7.92147
+0.3992,-8.05236
+0.3996,-8.10412
+0.3999,-8.28582
+0.4005,-8.37181
+0.4008,-8.48713
+0.4012,-8.57918
+0.4016,-8.85272
+0.402,-8.82947
+0.4023,-8.90655
+0.4028,-8.76853
+0.4032,-8.59139
+0.4036,-8.59217
+0.404,-8.49752
+0.4043,-8.48873
+0.4048,-8.41222
+0.4052,-8.37126
+0.4056,-8.35283
+0.406,-8.23725
+0.4063,-8.32016
+0.4068,-8.42107
+0.4072,-8.57006
+0.4076,-8.69306
+0.408,-8.61197
+0.4083,-8.47278
+0.4088,-8.43671
+0.4092,-8.38228
+0.4096,-8.46432
+0.41,-8.33235
+0.4103,-8.13941
+0.4108,-8.01324
+0.4112,-7.87275
+0.4116,-7.68395
+0.412,-7.56454
+0.4123,-7.47694
+0.4128,-7.48652
+0.4132,-7.38654
+0.4136,-7.31137
+0.4139,-7.31601
+0.4143,-7.15798
+0.4148,-7.08246
+0.4152,-7.01718
+0.4156,-6.83439
+0.416,-6.83404
+0.4163,-6.77147
+0.4168,-6.61071
+0.4172,-6.46927
+0.4176,-6.34552
+0.418,-6.361
+0.4183,-6.44557
+0.4188,-6.37071
+0.4192,-6.20889
+0.4196,-6.10957
+0.42,-5.94472
+0.4203,-5.86502
+0.4208,-5.71535
+0.4212,-5.61149
+0.4216,-5.62916
+0.422,-5.50645
+0.4223,-5.3092
+0.4228,-5.27405
+0.4232,-5.21503
+0.4236,-5.23219
+0.424,-5.13916
+0.4243,-5.01056
+0.4248,-4.93307
+0.4252,-4.8713
+0.4256,-4.6963
+0.426,-4.46796
+0.4263,-4.38547
+0.4268,-4.13095
+0.4272,-4.04678
+0.4276,-3.91115
+0.428,-3.85458
+0.4283,-3.69559
+0.4288,-3.45519
+0.4292,-3.2917
+0.4296,-3.16098
+0.43,-3.05804
+0.4303,-2.91642
+0.4308,-2.8233
+0.4312,-2.71485
+0.4316,-2.58608
+0.432,-2.46189
+0.4323,-2.45526
+0.4328,-2.54153
+0.4332,-2.4725
+0.4336,-2.33611
+0.434,-2.25943
+0.4343,-2.09855
+0.4348,-1.99799
+0.4352,-1.85143
+0.4356,-1.68774
+0.436,-1.59212
+0.4363,-1.42632
+0.4368,-1.14627
+0.4372,-1.00249
+0.4376,-0.770892
+0.438,-0.519094
+0.4383,-0.438674
+0.4388,-0.260521
+0.4392,-0.132861
+0.4396,-0.0199681
+0.44,+0.100525
+0.4403,+0.199018
+0.4408,+0.290224
+0.4412,+0.437177
+0.4416,+0.457013
+0.442,+0.512415
+0.4423,+0.682995
+0.4428,+0.759125
+0.4432,+0.828911
+0.4436,+0.891097
+0.444,+1.11039
+0.4443,+1.22785
+0.4448,+1.3163
+0.4452,+1.30428
+0.4456,+1.36611
+0.446,+1.43946
+0.4463,+1.42747
+0.4468,+1.46217
+0.4472,+1.48681
+0.4476,+1.58133
+0.448,+1.52484
+0.4483,+1.57973
+0.4488,+1.64937
+0.4492,+1.81011
+0.4496,+1.90492
+0.45,+1.90051
+0.4503,+2.03649
+0.4508,+2.18362
+0.4512,+2.27554
+0.4516,+2.39463
+0.452,+2.50521
+0.4523,+2.55458
+0.4528,+2.60191
+0.4532,+2.57478
+0.4536,+2.56491
+0.454,+2.66138
+0.4544,+2.63703
+0.4548,+2.55016
+0.4552,+2.57042
+0.4556,+2.50195
+0.456,+2.56379
+0.4563,+2.61239
+0.4568,+2.68931
+0.4572,+2.74599
+0.4576,+2.94328
+0.458,+2.97051
+0.4583,+3.09049
+0.4588,+3.16056
+0.4592,+3.32231
+0.4596,+3.43279
+0.46,+3.37478
+0.4603,+3.56164
+0.4608,+3.61091
+0.4612,+3.78422
+0.4616,+3.6939
+0.462,+3.72742
+0.4623,+3.82629
+0.4628,+4.01042
+0.4632,+4.12711
+0.4636,+4.17327
+0.464,+4.40367
+0.4643,+4.54864
+0.4648,+4.55965
+0.4652,+4.65551
+0.4656,+4.74995
+0.466,+5.00241
+0.4663,+4.98892
+0.4668,+5.14455
+0.4672,+5.27491
+0.4676,+5.56416
+0.468,+5.75377
+0.4692,+5.71362
+0.4693,+5.99782
+0.4696,+6.13485
+0.47,+6.45062
+0.4703,+6.51335
+0.4708,+6.75458
+0.4712,+6.97744
+0.4716,+7.14574
+0.472,+7.19085
+0.4723,+7.16593
+0.4728,+7.34223
+0.4732,+7.46383
+0.4736,+7.49049
+0.474,+7.52429
+0.4743,+7.64969
+0.4748,+7.75145
+0.4752,+7.76742
+0.4756,+7.72038
+0.476,+7.83974
+0.4763,+7.94588
+0.4768,+8.15628
+0.4772,+8.03661
+0.4776,+8.1768
+0.478,+8.18731
+0.4783,+8.24021
+0.4788,+8.36467
+0.4792,+8.25046
+0.4796,+8.31743
+0.48,+8.18794
+0.4803,+8.14909
+0.4807,+7.96014
+0.4812,+8.00566
+0.4816,+7.82566
+0.482,+7.83787
+0.4823,+7.68963
+0.4828,+7.47426
+0.4832,+7.51746
+0.4836,+7.44726
+0.484,+7.44518
+0.4843,+7.26412
+0.4848,+7.16306
+0.4852,+6.99163
+0.4856,+6.97042
+0.486,+6.82306
+0.4863,+6.57948
+0.4868,+6.4701
+0.4872,+6.14974
+0.4876,+5.87935
+0.488,+5.71152
+0.4883,+5.67288
+0.4888,+5.43242
+0.4892,+5.29239
+0.4896,+4.95479
+0.49,+4.61747
+0.4903,+4.48125
+0.4907,+4.15444
+0.4912,+4.01572
+0.4916,+3.70304
+0.492,+3.36019
+0.4923,+3.01115
+0.4928,+2.75469
+0.4932,+2.52938
+0.4936,+2.38845
+0.494,+2.31325
+0.4943,+2.05724
+0.4948,+1.92214
+0.4952,+1.78322
+0.4956,+1.78318
+0.496,+1.75203
+0.4963,+1.71042
+0.4968,+1.62568
+0.4972,+1.43748
+0.4976,+1.37903
+0.498,+1.1536
+0.4983,+1.09708
+0.4987,+0.958804
+0.4992,+0.782402
+0.4996,+0.565628
+0.5,+0.437904
+0.5003,+0.271945
+0.5007,+0.206354
+0.5012,+0.206348
+0.5016,+0.023291
+0.5022,+0.081179
+0.5025,-0.0311889
+0.5027,-0.0406391
+0.5032,-0.104402
+0.5036,-0.0783531
+0.504,-0.120877
+0.5043,+0.0228806
+0.5048,-0.0737212
+0.5052,-0.105695
+0.5056,+0.0175177
+0.506,-0.0296642
+0.5063,+0.0731686
+0.5067,+0.0521218
+0.5072,+0.128423
+0.5076,+0.0771754
+0.508,+0.211736
+0.5083,+0.0978614
+0.5087,+0.230462
+0.5092,+0.326831
+0.5096,+0.251719
+0.51,+0.209214
+0.5103,+0.256221
+0.5107,+0.400236
+0.5112,+0.431362
+0.5116,+0.586998
+0.512,+0.493168
+0.5123,+0.53297
+0.5128,+0.604172
+0.5132,+0.61234
+0.5136,+0.723856
+0.514,+0.886968
+0.5145,+1.00341
+0.5148,+1.01275
+0.5152,+1.20413
+0.5156,+1.28217
+0.516,+1.38643
+0.5163,+1.51794
+0.5167,+1.58918
+0.5172,+1.61849
+0.5176,+1.68475
+0.518,+1.7149
+0.5183,+1.7076
+0.5187,+1.74749
+0.5192,+1.86535
+0.5196,+1.95597
+0.52,+2.12282
+0.5203,+2.19127
+0.5207,+2.28111
+0.5212,+2.49899
+0.5216,+2.65947
+0.522,+2.80892
+0.5225,+2.88685
+0.5228,+3.10911
+0.5232,+3.07379
+0.5236,+3.10218
+0.524,+3.06791
+0.5243,+3.09025
+0.5247,+3.13711
+0.5252,+3.0651
+0.5256,+3.03982
+0.526,+2.92606
+0.5263,+2.84553
+0.5268,+2.75268
+0.5272,+2.66547
+0.5276,+2.63852
+0.528,+2.70907
+0.5283,+2.71679
+0.529,+2.60737
+0.5292,+2.56467
+0.5296,+2.3945
+0.53,+2.51817
+0.5303,+2.48298
+0.5307,+2.43942
+0.5312,+2.34965
+0.5316,+2.13297
+0.532,+1.93484
+0.5326,+1.73102
+0.5329,+1.59489
+0.5332,+1.47245
+0.5336,+1.39889
+0.534,+1.19091
+0.5343,+1.16225
+0.5348,+1.10994
+0.5352,+1.15334
+0.5356,+1.08135
+0.536,+1.01096
+0.5363,+0.981072
+0.5368,+0.916194
+0.5372,+0.840018
+0.5376,+0.760551
+0.538,+0.655213
+0.5383,+0.621786
+0.5387,+0.359351
+0.5392,+0.227039
+0.5396,+0.184251
+0.54,+0.149922
+0.5403,+0.0933592
+0.5408,+0.0438498
+0.5412,-0.099962
+0.5416,-0.118601
+0.542,-0.245306
+0.5423,-0.438235
+0.5428,-0.449398
+0.5432,-0.591807
+0.5436,-0.544584
+0.544,-0.73078
+0.5443,-0.924036
+0.5447,-1.09885
+0.5452,-1.10428
+0.5456,-1.19026
+0.546,-1.14537
+0.5463,-1.22099
+0.5467,-1.32328
+0.5472,-1.50604
+0.5476,-1.66002
+0.548,-1.67918
+0.5483,-1.63946
+0.5487,-1.61802
+0.5492,-1.71112
+0.5496,-1.76592
+0.55,-1.94503
+0.5503,-1.96238
+0.5507,-1.96096
+0.5512,-1.87411
+0.5516,-1.95289
+0.552,-1.93971
+0.5523,-1.98583
+0.553,-2.06179
+0.5532,-2.04016
+0.5536,-2.09679
+0.554,-1.89984
+0.5543,-1.83809
+0.5547,-1.96881
+0.5552,-1.93781
+0.5556,-1.89264
+0.556,-1.93391
+0.5563,-1.8878
+0.5569,-1.82249
+0.5572,-1.79029
+0.5576,-1.69915
+0.558,-1.79238
+0.5583,-1.73118
+0.5587,-1.5141
+0.5592,-1.48921
+0.5596,-1.35449
+0.56,-1.19518
+0.5603,-1.12188
+0.5607,-0.988046
+0.5612,-0.942002
+0.5616,-0.896109
+0.562,-0.777562
+0.5623,-0.666271
+0.5627,-0.51997
+0.5632,-0.272528
+0.5636,-0.262625
+0.564,-0.325421
+0.5643,-0.205875
+0.5647,-0.109088
+0.5652,-0.00349951
+0.5656,+0.128973
+0.566,+0.305077
+0.5663,+0.295069
+0.5667,+0.340394
+0.5672,+0.322824
+0.5676,+0.551927
+0.568,+0.68124
+0.5683,+0.869107
+0.5687,+0.982467
+0.5692,+1.12804
+0.5696,+1.1488
+0.57,+1.23833
+0.5703,+1.43623
+0.5716,+1.54398
+0.5717,+1.67832
+0.572,+1.69802
+0.5723,+1.75478
+0.5728,+1.72269
+0.5732,+1.72666
+0.5736,+1.84389
+0.574,+2.08057
+0.5743,+2.02761
+0.5747,+2.05442
+0.5752,+1.97453
+0.5756,+1.94504
+0.576,+1.93631
+0.5763,+2.04331
+0.5767,+2.10321
+0.5772,+2.22828
+0.5776,+2.13295
+0.578,+2.07345
+0.5783,+2.03034
+0.5787,+2.05003
+0.5792,+2.16167
+0.5796,+2.15475
+0.58,+2.18049
+0.5803,+2.08529
+0.5807,+2.16004
+0.5812,+2.22534
+0.5816,+2.17117
+0.582,+2.13243
+0.5823,+2.22196
+0.5827,+2.26937
+0.5833,+2.21423
+0.5836,+2.28205
+0.584,+2.32376
+0.5843,+2.44459
+0.5847,+2.37596
+0.5852,+2.19276
+0.5856,+2.30617
+0.586,+2.44734
+0.5863,+2.56772
+0.5867,+2.527
+0.5872,+2.51644
+0.5876,+2.5131
+0.588,+2.37152
+0.5883,+2.44091
+0.5887,+2.45158
+0.5892,+2.59681
+0.5896,+2.75079
+0.59,+2.69443
+0.5903,+2.6392
+0.5907,+2.60288
+0.5912,+2.78087
+0.5916,+2.75554
+0.592,+2.86474
+0.5923,+2.83734
+0.5927,+2.96384
+0.5932,+3.01887
+0.5936,+2.98536
+0.594,+3.04205
+0.5943,+3.15487
+0.5947,+3.34454
+0.5952,+3.36854
+0.5956,+3.57687
+0.596,+3.78766
+0.5964,+3.91557
+0.5967,+3.97789
+0.5972,+4.04349
+0.5976,+4.16101
+0.598,+4.2691
+0.5983,+4.32331
+0.5987,+4.33913
+0.5992,+4.53318
+0.5996,+4.62641
+0.6,+4.74406
+0.6003,+4.85211
+0.6007,+4.8824
+0.6012,+4.98938
+0.6016,+5.11665
+0.602,+5.16571
+0.6023,+0.899187
+0.6027,+0.732028
+0.6032,+0.430295
+0.6036,+0.142677
+0.604,-0.244586
+0.6043,-0.610664
+0.6047,-0.700934
+0.6052,-0.953336
+0.6056,-1.29079
+0.606,-1.36631
+0.6063,-1.49486
+0.6067,-1.85436
+0.6072,-2.17888
+0.6076,-2.38867
+0.608,-2.64027
+0.6084,-2.74807
+0.6087,-2.98169
+0.6092,-3.22382
+0.6096,-3.33987
+0.61,-3.64331
+0.6103,-3.92854
+0.6107,-3.97456
+0.6112,-4.02581
+0.6116,-4.18836
+0.612,-4.27402
+0.6123,-4.49312
+0.6127,-4.59899
+0.6132,-4.82566
+0.6136,-5.00859
+0.614,-5.17335
+0.6143,-5.17185
+0.6147,-5.324
+0.6152,-5.4659
+0.6156,-5.34115
+0.616,-5.5514
+0.6163,-5.66332
+0.6167,-5.79793
+0.6172,-5.89977
+0.6176,-5.78629
+0.618,-5.72325
+0.6183,-5.89543
+0.6187,-5.92411
+0.6192,-5.83092
+0.6196,-5.87968
+0.62,-5.61634
+0.6203,-5.40693
+0.6207,-5.32716
+0.6212,-5.20144
+0.6216,-5.15781
+0.622,-5.12726
+0.6224,-4.946
+0.6228,-4.84436
+0.6232,-4.81786
+0.6247,-4.82211
+0.625,-4.8815
+0.6252,-4.72428
+0.6257,-4.52393
+0.626,-4.23419
+0.6263,-4.18473
+0.6267,-4.02817
+0.6272,-3.91769
+0.6276,-3.83902
+0.628,-3.7347
+0.6283,-3.65957
+0.6287,-3.47817
+0.6292,-3.45158
+0.6296,-3.37763
+0.63,-3.36824
+0.6304,-3.2616
+0.6307,-3.15113
+0.6312,-3.04894
+0.6316,-2.8551
+0.632,-2.72733
+0.6324,-2.59413
+0.6327,-2.4952
+0.6332,-2.44096
+0.6336,-2.38282
+0.634,-2.3189
+0.6343,-2.31983
+0.6349,-2.11264
+0.6352,-2.083
+0.6356,-2.05152
+0.636,-2.02269
+0.6364,-2.03151
+0.6367,-1.80548
+0.6372,-1.58796
+0.6376,-1.51406
+0.638,-1.37179
+0.6384,-1.26505
+0.6387,-1.16482
+0.6392,-1.07247
+0.6396,-0.836347
+0.64,-0.716429
+0.6403,-0.352267
+0.6411,-0.311937
+0.6413,-0.240038
+0.6416,+0.0963025
+0.642,+0.306383
+0.6423,+0.621124
+0.6427,+0.66644
+0.6432,+0.900909
+0.6436,+0.82255
+0.644,+1.03357
+0.6443,+1.12946
+0.6447,+1.3981
+0.6452,+1.64411
+0.6456,+1.62549
+0.646,+1.76414
+0.6463,+2.00319
+0.6467,+2.2664
+0.6472,+2.52744
+0.6476,+2.78128
+0.648,+2.84955
+0.6483,+2.90358
+0.6488,+2.99949
+0.6493,+3.04889
+0.6496,+3.43036
+0.65,+3.70865
+0.6504,+3.96669
+0.6507,+4.12179
+0.6511,+4.27451
+0.6516,+4.64925
+0.652,+4.93912
+0.6523,+5.451
+0.6527,+5.77176
+0.6532,+6.09935
+0.6536,+6.31909
+0.654,+6.46663
+0.6544,+6.7931
+0.6547,+7.19195
+0.6552,+7.56728
+0.6556,+7.86432
+0.656,+8.20711
+0.6563,+8.45404
+0.6567,+8.66441
+0.6572,+9.01949
+0.6576,+9.18105
+0.658,+9.51511
+0.6583,+9.61567
+0.6587,+9.79834
+0.6592,+9.92292
+0.6596,+10.1556
+0.66,+10.3688
+0.6603,+10.4781
+0.6607,+10.6766
+0.6612,+10.6765
+0.6616,+10.9482
+0.662,+11.1477
+0.6624,+11.2712
+0.6627,+11.3776
+0.6632,+11.5118
+0.6636,+11.6738
+0.664,+11.6071
+0.6643,+11.6519
+0.6647,+11.7278
+0.6652,+11.9747
+0.6656,+11.9104
+0.666,+11.945
+0.6663,+12.1112
+0.6667,+12.1938
+0.6672,+12.2824
+0.6676,+12.215
+0.668,+12.4439
+0.6684,+12.3464
+0.6687,+12.3376
+0.6692,+12.2677
+0.6696,+12.2913
+0.67,+12.184
+0.6703,+12.0138
+0.6707,+11.9731
+0.6712,+11.7751
+0.6716,+11.4912
+0.672,+11.175
+0.6724,+10.9895
+0.6727,+10.8225
+0.674,+10.6905
+0.6742,+10.4473
+0.6744,+10.1716
+0.6747,+10.0701
+0.6752,+9.74079
+0.6756,+9.57717
+0.676,+9.31672
+0.6763,+9.20618
+0.6767,+9.05031
+0.6772,+8.63783
+0.6776,+8.2521
+0.678,+8.07192
+0.6784,+7.77086
+0.6787,+7.2803
+0.6792,+7.02665
+0.6796,+6.70322
+0.68,+6.42229
+0.6803,+5.97884
+0.6807,+5.59991
+0.6812,+5.27186
+0.6816,+4.91881
+0.682,+4.49464
+0.6823,+4.25249
+0.6827,+3.9164
+0.6832,+3.43804
+0.6836,+3.07241
+0.684,+2.67961
+0.6843,+2.47073
+0.6847,+2.3431
+0.6852,+2.0336
+0.6856,+1.70545
+0.686,+1.47746
+0.6863,+1.19984
+0.6867,+0.876185
+0.6872,+0.544359
+0.6876,+0.287458
+0.688,+0.175354
+0.6884,-0.195892
+0.6887,-0.542321
+0.6892,-0.740581
+0.6896,-0.847487
+0.69,-1.0715
+0.6903,-1.4185
+0.6907,-1.69541
+0.6912,-1.7219
+0.6916,-2.09354
+0.692,-2.3306
+0.6923,-2.56449
+0.6927,-2.7373
+0.6932,-2.95419
+0.6936,-3.17659
+0.694,-3.54309
+0.6943,-3.49007
+0.6947,-3.49599
+0.6952,-3.70679
+0.6956,-3.66278
+0.696,-3.70325
+0.6963,-3.60977
+0.6967,-3.8303
+0.6972,-3.74367
+0.6976,-3.88431
+0.698,-3.76955
+0.6984,-3.96778
+0.6987,-4.16276
+0.6992,-4.22742
+0.6996,-4.25434
+0.7,-4.4179
+0.7003,-4.3783
+0.7007,-4.30892
+0.7012,-4.4134
+0.7016,-4.55027
+0.702,-4.53457
+0.7024,-4.5497
+0.7027,-4.36557
+0.7032,-4.43703
+0.7036,-4.45072
+0.704,-4.43631
+0.7043,-4.54159
+0.7047,-4.54953
+0.7052,-4.49873
+0.7056,-4.38697
+0.706,-4.4411
+0.7064,-4.48318
+0.7067,-4.41774
+0.7072,-4.36273
+0.7076,-4.32262
+0.708,-4.08457
+0.7084,-4.07461
+0.7087,-3.90463
+0.7092,-3.90371
+0.7096,-3.67679
+0.71,-3.42323
+0.7104,-3.21295
+0.7107,-3.33739
+0.7112,-3.22811
+0.7116,-3.27277
+0.712,-3.47035
+0.7124,-3.34337
+0.7127,-3.4574
+0.7132,-3.33818
+0.7136,-3.32934
+0.714,-3.41666
+0.7144,-3.46073
+0.7147,-3.41801
+0.7152,-3.2529
+0.7156,-3.1435
+0.716,-2.98741
+0.7164,-2.9645
+0.7167,-2.90084
+0.7172,-2.7429
+0.7176,-2.61041
+0.718,-2.47328
+0.7184,-2.31732
+0.7187,-1.89377
+0.7192,-1.73375
+0.7196,-1.50936
+0.72,-1.3463
+0.7204,-1.01294
+0.7207,-0.732296
+0.7212,-0.491569
+0.7216,-0.258951
+0.722,-0.128993
+0.7224,+0.172233
+0.7227,+0.325427
+0.7232,+0.43716
+0.7236,+0.670988
+0.724,+0.974041
+0.7243,+1.02918
+0.7247,+1.27137
+0.7252,+1.27598
+0.7256,+1.35363
+0.726,+1.51201
+0.7264,+1.59403
+0.7269,+1.64657
+0.7272,+1.88451
+0.7276,+2.09189
+0.728,+2.18406
+0.7284,+2.53471
+0.7287,+2.75274
+0.7292,+3.02679
+0.7296,+3.28546
+0.73,+3.46937
+0.7303,+3.66417
+0.7307,+3.8532
+0.7312,+4.08639
+0.7316,+4.20194
+0.732,+4.48611
+0.7324,+4.65713
+0.7327,+4.88406
+0.7332,+5.17615
+0.7336,+5.41025
+0.734,+5.77367
+0.7344,+6.1437
+0.7347,+6.56025
+0.7352,+6.78659
+0.7356,+7.01132
+0.736,+7.12309
+0.7364,+7.42733
+0.7367,+7.66502
+0.7372,+7.79742
+0.7376,+8.04498
+0.738,+8.19172
+0.7384,+8.22579
+0.7387,+8.35305
+0.7392,+8.63915
+0.7396,+9.00525
+0.74,+9.26501
+0.7404,+9.34864
+0.7407,+9.44901
+0.7412,+9.63258
+0.7416,+9.73807
+0.742,+10.0565
+0.7424,+10.3221
+0.7427,+10.5916
+0.7432,+10.5685
+0.7436,+10.6515
+0.744,+10.8135
+0.7444,+10.9055
+0.7447,+11.0223
+0.7452,+11.199
+0.7456,+11.329
+0.746,+11.3164
+0.7464,+11.3093
+0.7467,+11.4012
+0.7472,+11.5595
+0.7476,+11.5668
+0.748,+11.7187
+0.7484,+11.824
+0.7487,+12.0084
+0.7492,+12.1549
+0.7496,+12.3426
+0.75,+12.5824
+0.7504,+12.8369
+0.7507,+12.7815
+0.7511,+12.8888
+0.7516,+13.0814
+0.752,+13.0227
+0.7523,+12.9903
+0.7527,+13.0125
+0.7532,+12.9429
+0.7536,+12.8486
+0.754,+12.6671
+0.7544,+12.6852
+0.7547,+12.5672
+0.7552,+12.5757
+0.7556,+12.4313
+0.756,+12.4935
+0.7565,+12.4808
+0.7567,+12.4473
+0.7572,+12.2284
+0.7576,+12.114
+0.758,+11.9506
+0.7584,+11.6936
+0.7587,+11.6678
+0.7592,+11.3934
+0.7596,+11.1982
+0.76,+11.1207
+0.7604,+10.962
+0.7607,+10.7696
+0.7612,+10.613
+0.7616,+10.3988
+0.762,+10.2684
+0.7624,+10.1514
+0.7627,+10.1041
+0.7632,+9.9708
+0.7636,+9.85377
+0.764,+9.45388
+0.7644,+9.30058
+0.7647,+9.03
+0.7651,+8.85499
+0.7656,+8.68974
+0.766,+8.5762
+0.7664,+8.1715
+0.7667,+7.80278
+0.7672,+7.75119
+0.7676,+7.32418
+0.768,+7.04567
+0.7684,+6.73188
+0.7687,+6.36658
+0.7692,+6.20284
+0.7696,+6.00684
+0.77,+5.77256
+0.7704,+5.53611
+0.7707,+5.29415
+0.7711,+4.78145
+0.7716,+4.74428
+0.772,+4.50266
+0.7724,+4.39627
+0.7727,+4.20708
+0.7731,+3.99838
+0.7736,+3.6973
+0.774,+3.27835
+0.7744,+3.05311
+0.7747,+2.91995
+0.7751,+2.77563
+0.7764,+2.53276
+0.7765,+2.36434
+0.7768,+2.10002
+0.7772,+1.86089
+0.7776,+1.7031
+0.778,+1.68416
+0.7784,+1.52047
+0.7787,+1.49788
+0.7791,+1.31876
+0.7796,+1.31576
+0.78,+1.08973
+0.7804,+0.979334
+0.7807,+0.90004
+0.7811,+0.931453
+0.7816,+0.724633
+0.782,+0.477751
+0.7824,+0.607567
+0.7827,+0.512871
+0.7831,+0.352841
+0.7836,+0.140147
+0.784,+0.185369
+0.7844,+0.200707
+0.7847,+0.150853
+0.7851,+0.0864851
+0.7856,+0.00667387
+0.786,+0.0652535
+0.7864,-0.0827166
+0.7869,-0.176399
+0.7872,-0.194741
+0.7876,-0.109984
+0.788,-0.101083
+0.7884,-0.0326309
+0.7887,+0.00166207
+0.7891,+0.0569626
+0.7896,+0.14524
+0.79,+0.0660754
+0.7904,+0.21821
+0.7909,+0.264528
+0.7912,+0.435203
+0.7916,+0.553013
+0.792,+0.588757
+0.7924,+0.668531
+0.7927,+0.446646
+0.7931,+0.348912
+0.7936,+0.374161
+0.794,+0.453773
+0.7944,+0.473196
+0.7947,+0.677716
+0.7951,+0.646129
+0.7956,+0.611361
+0.796,+0.77512
+0.7964,+0.805338
+0.7968,+0.947888
+0.7971,+1.15449
+0.7976,+1.11013
+0.798,+1.12955
+0.7984,+1.17227
+0.7987,+1.25425
+0.7991,+1.20628
+0.7996,+1.23608
+0.8,+1.16702
+0.8004,+1.25646
+0.8007,+1.41552
+0.8011,+1.44784
+0.8016,+1.60969
+0.802,+1.73413
+0.8024,+1.78184
+0.8027,+1.76299
+0.8031,+1.94509
+0.8036,+1.85702
+0.804,+1.71815
+0.8044,+1.61435
+0.8047,+1.60118
+0.8051,+1.6872
+0.8056,+1.78818
+0.806,+1.83094
+0.8064,+1.85006
+0.8067,+1.82743
+0.8071,+1.82412
+0.8076,+2.06566
+0.808,+2.16155
+0.8084,+2.29283
+0.8087,+2.24182
+0.8091,+2.21407
+0.8096,+2.21318
+0.81,+2.32026
+0.8104,+2.35853
+0.8107,+2.32695
+0.8111,+2.36811
+0.8116,+2.28878
+0.812,+2.43327
+0.8124,+2.32104
+0.8127,+2.34438
+0.8131,+2.29871
+0.8136,+2.29133
+0.814,+2.251
+0.8144,+2.31757
+0.8147,+2.35845
+0.8151,+2.31857
+0.8156,+2.44251
+0.816,+2.43769
+0.8164,+2.55445
+0.8167,+2.75175
+0.8172,+2.79855
+0.8176,+2.85262
+0.818,+2.96043
+0.8184,+2.8333
+0.8187,+2.92177
+0.8191,+3.02137
+0.8196,+2.96838
+0.82,+2.93333
+0.8204,+3.03089
+0.8207,+2.96845
+0.8211,+3.0629
+0.8216,+3.06604
+0.822,+2.99337
+0.8224,+3.18726
+0.8227,+3.18902
+0.8231,+3.08321
+0.8236,+2.98242
+0.824,+3.05742
+0.8244,+2.93221
+0.8247,+2.83784
+0.8251,+2.76623
+0.8256,+2.73227
+0.826,+2.61463
+0.8264,+2.45852
+0.8267,+2.43953
+0.8271,+2.52068
+0.8277,+2.50867
+0.828,+2.48164
+0.8284,+2.61266
+0.8287,+2.88689
+0.8291,+2.90566
+0.8296,+2.93725
+0.83,+2.92762
+0.8304,+2.90738
+0.8307,+2.82048
+0.8311,+2.84367
+0.8316,+2.88548
+0.832,+2.85787
+0.8324,+2.68043
+0.8327,+2.55621
+0.8331,+2.58218
+0.8336,+2.62879
+0.834,+2.67731
+0.8344,+2.5717
+0.8347,+2.74195
+0.8351,+2.77947
+0.8356,+2.91527
+0.836,+2.94444
+0.8364,+3.05606
+0.8368,+3.08809
+0.8371,+3.01906
+0.8376,+2.90869
+0.838,+2.93581
+0.8384,+3.16954
+0.8387,+2.92989
+0.8391,+2.85071
+0.8396,+2.78357
+0.84,+2.74857
+0.8404,+2.86152
+0.8408,+2.89538
+0.8411,+2.96267
+0.8417,+3.06037
+0.842,+3.04341
+0.8424,+3.05233
+0.8428,+3.26895
+0.8432,+3.2884
+0.8437,+3.20332
+0.844,+3.31109
+0.8444,+3.19886
+0.8448,+3.08266
+0.8451,+3.09793
+0.8456,+3.13543
+0.846,+3.27979
+0.8464,+3.19301
+0.8468,+3.05818
+0.8472,+3.13487
+0.8477,+3.04774
+0.848,+2.78764
+0.8484,+2.6375
+0.8488,+2.6647
+0.8491,+2.54921
+0.8497,+2.53639
+0.85,+2.33091
+0.8504,+2.16401
+0.8508,+2.1918
+0.8511,+2.07429
+0.8517,+2.14875
+0.852,+2.22413
+0.8524,+2.35574
+0.8528,+2.25119
+0.8531,+2.138
+0.8536,+1.94601
+0.854,+2.06118
+0.8544,+2.02754
+0.8548,+1.9902
+0.8551,+2.02005
+0.8557,+1.99634
+0.856,+2.02375
+0.8564,+1.91924
+0.8568,+1.84444
+0.8572,+1.83132
+0.8576,+1.81204
+0.8582,+1.57664
+0.8584,+1.61466
+0.8588,+1.61551
+0.8591,+1.56477
+0.8597,+1.5264
+0.86,+1.46873
+0.8604,+1.3691
+0.8608,+1.46627
+0.8612,+1.3659
+0.8617,+1.41239
+0.862,+1.57635
+0.8624,+1.49784
+0.8628,+1.43535
+0.8631,+1.38541
+0.8637,+1.45976
+0.864,+1.29635
+0.8644,+1.36865
+0.8648,+1.1356
+0.8652,+1.37986
+0.8656,+1.27897
+0.866,+1.04993
+0.8664,+1.14588
+0.8668,+0.984029
+0.8672,+0.804853
+0.8677,+0.596523
+0.868,+0.693966
+0.8684,+0.622051
+0.8688,+0.774574
+0.8691,+0.572304
+0.8697,+0.522039
+0.87,+0.69863
+0.8704,+0.661714
+0.8708,+0.803306
+0.8712,+0.859496
+0.8717,+0.861226
+0.872,+0.803191
+0.8724,+0.714493
+0.8728,+0.712629
+0.8731,+0.781229
+0.8736,+0.991759
+0.874,+0.866281
+0.8744,+0.818845
+0.8748,+0.927832
+0.8751,+0.864556
+0.8757,+0.916273
+0.876,+0.907725
+0.8764,+1.07822
+0.8768,+1.17711
+0.8771,+1.18688
+0.8777,+1.14364
+0.8788,+1.34723
+0.879,+1.45524
+0.8792,+1.49109
+0.8797,+1.62586
+0.88,+1.63828
+0.8804,+1.72987
+0.8808,+1.73358
+0.8812,+1.65167
+0.8817,+1.8227
+0.882,+1.78076
+0.8824,+1.66675
+0.8828,+1.62511
+0.8831,+1.57313
+0.8837,+1.80583
+0.884,+1.79528
+0.8844,+2.04154
+0.8848,+2.23547
+0.8851,+2.31487
+0.8856,+2.14959
+0.886,+2.28024
+0.8864,+2.37293
+0.8868,+2.51465
+0.8871,+2.66386
+0.8877,+2.53241
+0.888,+2.82752
+0.8884,+2.7157
+0.8888,+2.60498
+0.8891,+2.7488
+0.8897,+3.10971
+0.89,+3.11183
+0.8904,+3.2114
+0.8908,+3.19233
+0.8912,+3.06272
+0.8916,+3.07571
+0.892,+3.00687
+0.8924,+3.23799
+0.8928,+3.21174
+0.8932,+3.08902
+0.8937,+3.11285
+0.894,+3.22501
+0.8944,+3.28207
+0.8948,+3.49052
+0.8952,+3.56173
+0.8956,+3.62761
+0.896,+3.60377
+0.8964,+3.46849
+0.8968,+3.53282
+0.8974,+3.81002
+0.8976,+3.76646
+0.8981,+3.74251
+0.8986,+3.80209
+0.8989,+3.70443
+0.8992,+3.72316
+0.8996,+3.69917
+0.9,+3.8919
+0.9004,+4.05556
+0.9007,+4.26486
+0.9011,+4.16804
+0.9015,+4.05748
+0.902,+4.01839
+0.9024,+3.83324
+0.9027,+3.85948
+0.9031,+4.1186
+0.9036,+4.26343
+0.904,+4.14869
+0.9044,+4.08249
+0.9047,+3.93155
+0.9051,+3.93676
+0.9056,+4.02753
+0.906,+4.04618
+0.9064,+4.19232
+0.9067,+4.20511
+0.9071,+4.09942
+0.9076,+4.1097
+0.908,+4.15116
+0.9084,+4.10985
+0.9087,+4.23978
+0.9091,+4.25549
+0.9096,+4.18508
+0.91,+4.22759
+0.9104,+4.15886
+0.9107,+4.15781
+0.9111,+4.03373
+0.9116,+3.79164
+0.912,+3.60983
+0.9124,+3.52654
+0.9127,+3.43241
+0.9131,+3.22758
+0.9136,+3.07897
+0.914,+2.98773
+0.9144,+2.76228
+0.9147,+2.68905
+0.9151,+2.65506
+0.9156,+2.60915
+0.916,+2.51098
+0.9164,+2.36502
+0.9167,+2.24749
+0.9171,+2.27831
+0.9176,+2.12766
+0.918,+2.01686
+0.9184,+2.07751
+0.9187,+1.99784
+0.9191,+1.7973
+0.9196,+1.65532
+0.92,+1.5364
+0.9204,+1.50557
+0.9207,+1.38765
+0.9211,+1.18034
+0.9216,+1.11765
+0.922,+1.06766
+0.9224,+0.988987
+0.9227,+0.810029
+0.9231,+0.819242
+0.9236,+0.861183
+0.924,+1.03922
+0.9244,+1.04985
+0.9247,+0.976463
+0.9251,+1.05556
+0.9256,+1.13765
+0.926,+1.14411
+0.9264,+1.15327
+0.9267,+0.991641
+0.9271,+0.995871
+0.9276,+1.04058
+0.928,+0.997473
+0.9284,+0.823948
+0.9287,+0.731771
+0.9294,+0.61939
+0.9296,+0.502872
+0.93,+0.342703
+0.9304,+0.0948828
+0.9307,+0.223766
+0.9311,+0.0929291
+0.9316,-0.275354
+0.932,-0.450547
+0.9324,-0.54908
+0.9328,-0.609435
+0.9331,-0.877873
+0.9336,-0.933529
+0.934,-0.941605
+0.9344,-0.926595
+0.9347,-1.16805
+0.9351,-1.2519
+0.9356,-1.12507
+0.936,-1.22997
+0.9364,-1.28106
+0.9367,-1.28486
+0.9371,-1.17909
+0.9376,-1.19097
+0.938,-1.34246
+0.9384,-1.32707
+0.9387,-1.27891
+0.9391,-1.39811
+0.9396,-1.46466
+0.94,-1.56986
+0.9404,-1.56983
+0.9407,-1.68726
+0.9411,-1.82377
+0.9416,-1.88842
+0.942,-1.92613
+0.9424,-2.04262
+0.9427,-2.0266
+0.9431,-1.91382
+0.9436,-1.86553
+0.944,-1.84722
+0.9444,-1.91129
+0.9447,-1.9483
+0.9451,-2.03117
+0.9456,-2.08909
+0.946,-2.04091
+0.9464,-2.10459
+0.9467,-2.42042
+0.9471,-2.46963
+0.9476,-2.5901
+0.948,-2.56758
+0.9484,-2.71224
+0.9487,-2.75452
+0.9492,-2.79592
+0.9496,-3.0024
+0.95,-3.00932
+0.9504,-3.17697
+0.9507,-3.13258
+0.9511,-3.22397
+0.9516,-3.25201
+0.952,-3.30495
+0.9524,-3.19059
+0.9527,-3.32321
+0.9531,-3.3622
+0.9536,-3.29501
+0.954,-3.63211
+0.9544,-3.64702
+0.9547,-3.59927
+0.9551,-3.7374
+0.9556,-3.96881
+0.956,-4.09568
+0.9564,-4.29514
+0.9567,-4.19509
+0.9571,-4.22168
+0.9576,-4.3489
+0.958,-4.34061
+0.9584,-4.36116
+0.9587,-4.39585
+0.9591,-4.33001
+0.9596,-4.16615
+0.96,-4.24007
+0.9604,-4.32687
+0.9607,-4.43154
+0.9611,-4.50655
+0.9616,-4.49153
+0.962,-4.47918
+0.9624,-4.35971
+0.9627,-4.35132
+0.9631,-4.47341
+0.9635,-4.40808
+0.964,-4.48893
+0.9644,-4.40447
+0.9647,-4.51223
+0.9651,-4.33202
+0.9655,-4.31022
+0.966,-4.18738
+0.9664,-4.15071
+0.9667,-4.0987
+0.9671,-4.06867
+0.9675,-4.01633
+0.9681,-3.65402
+0.9684,-3.54079
+0.9688,-3.36684
+0.9691,-3.35837
+0.9695,-3.34398
+0.97,-3.18917
+0.9704,-3.08319
+0.9707,-2.93047
+0.9711,-2.92142
+0.9715,-2.76431
+0.972,-2.70812
+0.9724,-2.51015
+0.9728,-2.36071
+0.9731,-2.16369
+0.9736,-1.95243
+0.974,-1.90285
+0.9744,-1.8137
+0.9747,-1.90108
+0.9751,-1.56363
+0.9756,-1.51323
+0.976,-1.42541
+0.9764,-1.26189
+0.9767,-1.12513
+0.9771,-1.04808
+0.9776,-0.779342
+0.978,-0.541624
+0.9784,-0.230448
+0.9787,+0.112544
+0.9791,+0.359447
+0.9796,+0.623472
+0.98,+0.80108
+0.9812,+0.873211
+0.9814,+1.03827
+0.9816,+1.40141
+0.982,+1.53428
+0.9824,+1.62836
+0.9827,+1.61928
+0.9831,+1.80625
+0.9835,+1.81064
+0.984,+1.86658
+0.9844,+1.93344
+0.9848,+2.25447
+0.9851,+2.56967
+0.9856,+2.61308
+0.986,+2.78839
+0.9864,+2.955
+0.9867,+3.15498
+0.9871,+3.15751
+0.9876,+3.34272
+0.988,+3.57246
+0.9884,+3.88053
+0.9888,+3.95895
+0.9891,+4.01991
+0.9896,+4.08906
+0.99,+4.25546
+0.9904,+4.42859
+0.9907,+4.63476
+0.9911,+4.908
+0.9915,+5.09879
+0.992,+5.10297
+0.9924,+5.23573
+0.9927,+5.38099
+0.9931,+5.57435
+0.9936,+5.84471
+0.994,+5.9109
+0.9944,+5.89569
+0.9947,+5.80558
+0.9951,+5.92951
+0.9955,+5.94612
+0.996,+6.05704
+0.9964,+5.99909
+0.9967,+5.88382
+0.9971,+5.82852
+0.9975,+5.71486
+0.998,+5.70673
+0.9984,+5.78598
+0.9987,+5.90779
+0.9991,+5.97324
+0.9995,+6.06988
+1,+5.97094
+1.0004,+6.00403
+1.0007,+6.15433
+1.0011,+6.12031
+1.0015,+6.10053
+1.002,+6.11937
+1.0024,+6.17602
+1.0028,+6.21834
+1.0031,+6.01501
+1.0035,+5.80872
+1.004,+5.85622
+1.0044,+5.67299
+1.0048,-6.78843
+1.0051,-6.71901
+1.0055,-6.78598
+1.006,-6.70961
+1.0064,-6.56014
+1.0068,-6.3031
+1.0071,-6.29093
+1.0075,-6.15524
+1.008,-6.1055
+1.0084,-6.01684
+1.0087,-6.15366
+1.0091,-6.21048
+1.0096,-6.13115
+1.01,-6.21172
+1.0104,-6.20525
+1.0108,-6.20906
+1.0111,-6.1295
+1.0115,-6.33348
+1.012,-6.30221
+1.0124,-6.44614
+1.0128,-6.32479
+1.0131,-6.21656
+1.0135,-6.13339
+1.014,-6.06803
+1.0144,-6.05353
+1.0147,-6.13952
+1.0151,-5.98627
+1.0155,-5.78511
+1.016,-5.81568
+1.0164,-5.71367
+1.0168,-5.72873
+1.0171,-5.74694
+1.0175,-5.77968
+1.018,-5.74892
+1.0184,-5.72357
+1.0187,-5.62222
+1.0191,-5.77637
+1.0196,-5.89097
+1.02,-5.71365
+1.0205,-5.59423
+1.0208,-5.50152
+1.0211,-5.57483
+1.0216,-5.56572
+1.022,-5.58091
+1.0224,-5.4854
+1.0228,-5.29751
+1.0231,-5.11337
+1.0235,-4.91942
+1.024,-5.03746
+1.0244,-5.15424
+1.0248,-5.12801
+1.0251,-5.10149
+1.0255,-5.19561
+1.026,-5.14271
+1.0264,-5.101
+1.0267,-5.07102
+1.0271,-5.19754
+1.0275,-5.269
+1.028,-5.26634
+1.0284,-5.30696
+1.0288,-5.29773
+1.0293,-5.14456
+1.0296,-4.97623
+1.03,-4.88398
+1.0304,-5.10167
+1.0307,-5.23649
+1.0311,-5.11685
+1.0315,-5.158
+1.032,-5.11995
+1.0324,-5.09179
+1.0327,-5.22118
+1.0331,-5.43279
+1.0335,-5.535
+1.034,-5.56195
+1.0344,-5.4042
+1.0348,-5.35612
+1.0351,-5.5576
+1.0355,-5.58767
+1.036,-5.58818
+1.0364,-5.77248
+1.0368,-5.7686
+1.0371,-5.70943
+1.0375,-5.69817
+1.038,-5.96329
+1.0384,-6.06771
+1.0387,-6.34888
+1.0391,-6.21655
+1.0395,-6.33876
+1.04,-6.3662
+1.0404,-6.2293
+1.0408,-6.2521
+1.0411,-6.3661
+1.0415,-6.53294
+1.042,-6.51177
+1.0424,-6.58321
+1.0428,-6.48587
+1.0431,-6.62459
+1.0435,-6.52344
+1.044,-6.66239
+1.0444,-6.86325
+1.0448,-6.92815
+1.0451,-6.95456
+1.0455,-6.94238
+1.046,-6.71912
+1.0464,-6.69002
+1.0467,-6.70217
+1.0471,-6.78193
+1.0475,-6.8652
+1.048,-6.84056
+1.0484,-6.75361
+1.0488,-6.7785
+1.0491,-6.58984
+1.0495,-6.4308
+1.05,-6.61505
+1.0504,-6.55688
+1.0509,-6.56825
+1.0511,-6.48298
+1.0515,-6.59233
+1.052,-6.61667
+1.0524,-6.38915
+1.0528,-6.35478
+1.0531,-6.51892
+1.0535,-6.5563
+1.054,-6.60422
+1.0544,-6.5448
+1.0548,-6.30922
+1.0551,-6.34861
+1.0555,-6.25088
+1.056,-6.12587
+1.0564,-6.17742
+1.0568,-6.06363
+1.0571,-5.88905
+1.0575,-5.80606
+1.058,-5.38693
+1.0584,-5.22054
+1.0588,-5.10734
+1.0591,-4.73382
+1.0595,-4.44712
+1.06,-4.28894
+1.0604,-4.09001
+1.0608,-3.91725
+1.0611,-3.6723
+1.0615,-3.40378
+1.062,-3.3266
+1.0624,-3.17445
+1.0628,-3.08412
+1.0631,-2.9869
+1.0635,-2.72276
+1.064,-2.49587
+1.0644,-2.22591
+1.0648,-1.96059
+1.0651,-1.74134
+1.0655,-1.53201
+1.066,-1.39089
+1.0664,-1.12271
+1.0668,-0.874164
+1.0674,-0.764319
+1.0677,-0.62428
+1.068,-0.408518
+1.0684,-0.231371
+1.0688,-0.0538429
+1.0691,+0.0359092
+1.0695,+0.247778
+1.07,+0.656903
+1.0707,+0.835443
+1.071,+1.11507
+1.0712,+1.35102
+1.0715,+1.59708
+1.072,+1.84176
+1.0724,+1.89794
+1.0728,+2.19414
+1.0731,+2.36624
+1.0735,+2.64525
+1.074,+2.67944
+1.0744,+2.79756
+1.0747,+2.86314
+1.0751,+3.03367
+1.0755,+3.01993
+1.076,+3.07474
+1.0764,+3.20942
+1.0768,+3.30676
+1.0771,+3.33196
+1.0775,+3.27208
+1.078,+3.27063
+1.0784,+3.42367
+1.0788,+3.48572
+1.0791,+3.54291
+1.0795,+3.57476
+1.08,+3.67887
+1.0804,+3.72234
+1.0808,+3.5354
+1.0811,+3.54232
+1.0815,+3.61369
+1.082,+3.56155
+1.0824,+3.34983
+1.0836,+3.27353
+1.0838,+3.15629
+1.084,+3.14011
+1.0844,+3.03075
+1.0851,+2.90409
+1.0853,+2.98019
+1.0856,+2.95916
+1.086,+2.7918
+1.0864,+2.75079
+1.0868,+2.58764
+1.0871,+2.50215
+1.0875,+2.53555
+1.088,+2.49039
+1.0884,+2.27804
+1.0887,+2.1654
+1.0891,+1.93528
+1.0895,+1.88876
+1.09,+1.81774
+1.0904,+1.66286
+1.0907,+1.53502
+1.0911,+1.52273
+1.0915,+1.24738
+1.092,+1.18995
+1.0924,+1.13452
+1.0928,+1.09122
+1.0931,+1.06844
+1.0935,+0.937856
+1.094,+0.933119
+1.0944,+0.725794
+1.0948,+0.738145
+1.0951,+0.440985
+1.0955,+0.259602
+1.096,-0.00102341
+1.0964,-0.19611
+1.0967,-0.344752
+1.0971,-0.482226
+1.0975,-0.699974
+1.098,-0.997474
+1.0984,-1.14363
+1.0988,-1.30603
+1.0991,-1.52977
+1.1,-1.59719
+1.1001,-1.66297
+1.1004,-1.82458
+1.1008,-1.96478
+1.1013,-2.21572
+1.1015,-2.36296
+1.102,-2.53396
+1.1024,-2.73045
+1.103,-2.84277
+1.1032,-2.96064
+1.1035,-3.15298
+1.1045,-3.31044
+1.1047,-3.40647
+1.105,-3.58133
+1.1052,-3.77851
+1.1055,-3.85798
+1.1064,-3.91629
+1.1066,-3.91683
+1.1068,-4.02844
+1.1071,-4.08057
+1.1075,-4.10112
+1.108,-4.31382
+1.1084,-4.61115
+1.1088,-4.80896
+1.1092,-4.90139
+1.1095,-5.01777
+1.11,-5.33294
+1.1104,-5.51982
+1.1108,-5.70784
+1.1111,-5.93324
+1.1115,-6.17924
+1.112,-6.32467
+1.1124,-6.24223
+1.1128,-6.35055
+1.1131,-6.3596
+1.1135,-6.61009
+1.114,-6.70913
+1.1144,-6.76408
+1.1148,-7.06154
+1.1151,-7.35762
+1.1155,-7.46872
+1.116,-7.50424
+1.1164,-7.64853
+1.1168,-7.70045
+1.1171,-7.95343
+1.1175,-7.95047
+1.118,-7.97628
+1.1184,-8.27441
+1.1188,-8.28637
+1.1191,-8.30689
+1.1195,-8.56764
+1.12,-8.73118
+1.1204,-8.90907
+1.1208,-9.08602
+1.1211,-9.26068
+1.1215,-9.47293
+1.122,-9.70079
+1.1224,-9.73261
+1.1228,-9.76998
+1.1231,-9.80301
+1.1235,-9.73671
+1.124,-9.91382
+1.1244,-9.95117
+1.1248,-10.0178
+1.1251,-10.061
+1.1255,-10.2765
+1.126,-10.4401
+1.1264,-10.6716
+1.1268,-10.9019
+1.1271,-11.0388
+1.1275,-11.0604
+1.128,-11.1034
+1.1284,-11.2641
+1.1288,-11.2749
+1.1291,-11.3119
+1.1295,-11.281
+1.1299,-11.149
+1.1304,-11.1401
+1.1308,-11.1129
+1.1311,-10.8892
+1.1316,-11.0628
+1.132,-11.0844
+1.1324,-11.1131
+1.1328,-11.3662
+1.1331,-11.5166
+1.1335,-11.5577
+1.134,-11.7844
+1.1344,-11.7301
+1.1348,-11.8373
+1.1351,-12.0505
+1.1355,-12.0468
+1.136,-12.2075
+1.1364,-12.2793
+1.1368,-12.1758
+1.1371,-12.2175
+1.1375,-12.1873
+1.1379,-12.2005
+1.1384,-12.2781
+1.1388,-12.2608
+1.1391,-12.2846
+1.1395,-12.3603
+1.14,-12.2494
+1.1404,-12.279
+1.1408,-12.2094
+1.1411,-12.19
+1.1415,-12.1547
+1.142,-12.0555
+1.1424,-12.0361
+1.1428,-12.0521
+1.1431,-11.919
+1.1435,-11.9276
+1.144,-11.9203
+1.1444,-11.7948
+1.1448,-11.7533
+1.1451,-11.6813
+1.1455,-11.5897
+1.1459,-11.4686
+1.1464,-11.3237
+1.1468,-11.1066
+1.1471,-11.107
+1.1475,-10.8913
+1.148,-10.8023
+1.1484,-10.7705
+1.1488,-10.7505
+1.1491,-10.4916
+1.1495,-10.3011
+1.15,-9.91442
+1.1504,-9.70207
+1.1508,-9.68517
+1.1511,-9.50431
+1.1515,-9.21833
+1.152,-8.9528
+1.1524,-8.68838
+1.1528,-8.4017
+1.1531,-8.29021
+1.1535,-8.17383
+1.1539,-8.27643
+1.1544,-8.14694
+1.1548,-7.8133
+1.1551,-7.63303
+1.1555,-7.36657
+1.156,-7.13041
+1.1564,-6.81353
+1.1568,-6.56717
+1.1571,-6.30396
+1.1575,-6.09457
+1.158,-5.82465
+1.1584,-5.49256
+1.1588,-5.26002
+1.1591,-4.88868
+1.1595,-4.75142
+1.16,-4.61943
+1.1604,-4.43818
+1.1608,-4.37424
+1.1611,-4.21739
+1.1615,-3.97274
+1.1621,-3.79815
+1.1624,-3.6646
+1.1628,-3.4938
+1.1631,-3.37484
+1.1635,-3.17538
+1.164,-2.75758
+1.1644,-2.62714
+1.1648,-2.33647
+1.1651,-2.0436
+1.1655,-1.81583
+1.166,-1.54321
+1.1664,-1.31757
+1.1668,-0.98238
+1.1671,-0.832031
+1.1675,-0.63935
+1.168,-0.70838
+1.1684,-0.491091
+1.1688,-0.322333
+1.1691,-0.0957747
+1.1695,+0.141632
+1.1699,+0.32311
+1.1704,+0.597991
+1.1708,+0.733844
+1.1711,+1.1252
+1.1715,+1.41546
+1.172,+1.74756
+1.1724,+2.07879
+1.1728,+2.36767
+1.1731,+2.51859
+1.1735,+2.71347
+1.174,+2.97105
+1.1744,+3.12426
+1.1748,+3.2305
+1.1751,+3.33128
+1.1755,+3.45288
+1.176,+3.63411
+1.1764,+3.69922
+1.1768,+3.80001
+1.1771,+3.94124
+1.1775,+4.05852
+1.1779,+4.15508
+1.1784,+4.23003
+1.1788,+4.43344
+1.1791,+4.46756
+1.1795,+4.58771
+1.18,+4.67204
+1.1804,+4.77357
+1.1808,+4.8436
+1.1811,+4.85278
+1.1815,+4.80597
+1.182,+4.92155
+1.1824,+4.97132
+1.1828,+5.01796
+1.1831,+5.20122
+1.1835,+5.07603
+1.184,+5.27541
+1.1844,+5.39955
+1.1848,+5.42573
+1.186,+5.58556
+1.1862,+5.90399
+1.1864,+5.86803
+1.1868,+5.79714
+1.1871,+5.9043
+1.1875,+5.91272
+1.188,+6.16981
+1.1884,+6.15839
+1.1888,+6.17548
+1.1891,+6.3311
+1.1895,+6.35552
+1.19,+6.26791
+1.1904,+6.52462
+1.1908,+6.84131
+1.1911,+6.89678
+1.1915,+7.02005
+1.192,+7.03637
+1.1924,+6.97153
+1.1929,+6.96315
+1.1931,+7.09972
+1.1935,+7.24933
+1.1939,+7.2817
+1.1944,+7.24736
+1.1948,+7.12056
+1.1951,+7.02241
+1.1955,+6.99907
+1.196,+7.11625
+1.1964,+7.222
+1.1968,+7.39735
+1.1971,+7.25746
+1.1976,+7.25745
+1.1979,+7.24938
+1.1984,+7.27497
+1.1988,+7.36318
+1.1991,+7.5394
+1.1995,+7.60717
+1.2,+7.40571
+1.2004,+7.29727
+1.2008,+7.16235
+1.2011,+7.10491
+1.2015,+7.02052
+1.2019,+7.15656
+1.2024,+7.14784
+1.2028,+7.09666
+1.2031,+6.93655
+1.2035,+6.7919
+1.204,+6.82691
+1.2044,+6.72071
+1.2048,+6.71032
+1.2051,+6.79055
+1.2055,-0.498808
+1.206,-0.555429
+1.2064,-0.585216
+1.2068,-0.549096
+1.2071,-0.682404
+1.2075,-0.735147
+1.208,-0.846786
+1.2084,-0.825944
+1.2088,-0.927016
+1.2091,-1.03198
+1.2095,-1.09131
+1.2099,-1.18498
+1.2104,-1.38606
+1.2108,-1.50809
+1.2111,-1.50729
+1.2115,-1.70611
+1.212,-1.75966
+1.2124,-1.95035
+1.2128,-1.97717
+1.2131,-2.04707
+1.2135,-2.16897
+1.214,-2.22964
+1.2144,-2.18144
+1.2148,-2.34631
+1.2151,-2.42437
+1.2155,-2.4544
+1.216,-2.49508
+1.2164,-2.55203
+1.2168,-2.66831
+1.2171,-2.62175
+1.2175,-2.65123
+1.2179,-2.7889
+1.2184,-2.82748
+1.2188,-2.83742
+1.2191,-2.82346
+1.2195,-2.84479
+1.22,-2.95365
+1.2204,-2.87048
+1.2208,-2.82356
+1.2211,-3.00567
+1.2215,-3.00245
+1.222,-2.92737
+1.2224,-3.10087
+1.2228,-3.14555
+1.2233,-3.27906
+1.2235,-3.37085
+1.224,-3.41811
+1.2244,-3.52045
+1.2248,-3.65081
+1.2251,-3.70658
+1.2255,-3.82874
+1.2259,-3.94551
+1.2264,-3.95492
+1.2268,-4.08055
+1.2271,-4.15279
+1.2275,-4.20036
+1.228,-4.34112
+1.2284,-4.50413
+1.2288,-4.48714
+1.2291,-4.53587
+1.2295,-4.56976
+1.23,-4.77152
+1.2304,-4.83724
+1.2308,-4.90096
+1.2311,-4.93026
+1.2315,-5.05997
+1.2319,-5.07319
+1.2324,-5.13614
+1.2328,-5.36306
+1.2331,-5.44295
+1.2335,-5.67331
+1.2339,-5.70267
+1.2344,-5.79187
+1.2348,-5.78996
+1.2351,-5.94967
+1.2355,-6.0806
+1.2359,-6.26879
+1.2364,-6.4249
+1.2368,-6.46482
+1.2371,-6.59971
+1.2375,-6.64025
+1.238,-6.70979
+1.2384,-6.90794
+1.2388,-7.09704
+1.2391,-7.13692
+1.2395,-7.0775
+1.24,-7.11491
+1.2404,-7.10077
+1.2408,-7.22324
+1.2411,-7.20024
+1.2415,-7.25311
+1.2419,-7.28694
+1.2424,-7.25375
+1.2428,-7.25027
+1.2431,-7.31318
+1.2435,-7.40667
+1.2439,-7.3951
+1.2444,-7.4297
+1.2448,-7.44409
+1.2451,-7.48149
+1.2455,-7.41116
+1.246,-7.49493
+1.2464,-7.39638
+1.2468,-7.43546
+1.2471,-7.44395
+1.2475,-7.48929
+1.2479,-7.5741
+1.2484,-7.60817
+1.2488,-7.54266
+1.2491,-7.48111
+1.2495,-7.46329
+1.2499,-7.33254
+1.2504,-7.42339
+1.2508,-7.34871
+1.2511,-7.33938
+1.2515,-7.2265
+1.2519,-7.00992
+1.2524,-6.93471
+1.2528,-6.75235
+1.2531,-6.72133
+1.2536,-6.69367
+1.254,-6.68329
+1.2544,-6.63189
+1.2548,-6.56206
+1.2551,-6.52937
+1.2555,-6.48867
+1.2559,-6.37123
+1.2564,-6.18224
+1.2568,-6.14188
+1.2571,-6.05819
+1.2575,-5.86695
+1.2579,-5.69169
+1.2584,-5.4141
+1.2588,-5.2215
+1.2591,-4.92464
+1.2595,-4.69089
+1.2599,-4.59246
+1.2604,-4.39245
+1.2608,-4.24623
+1.2611,-4.08326
+1.2615,-4.01953
+1.2619,-3.8877
+1.2624,-3.8269
+1.2628,-3.59655
+1.2631,-3.512
+1.2635,-3.28566
+1.264,-3.16859
+1.2645,-3.15082
+1.2648,-2.976
+1.2651,-2.79679
+1.2655,-2.48014
+1.2659,-2.23341
+1.2664,-2.06865
+1.2668,-1.99458
+1.2671,-1.78321
+1.2675,-1.64642
+1.2679,-1.5397
+1.2684,-1.33126
+1.2688,-1.11529
+1.2691,-0.864882
+1.2695,-0.795999
+1.2699,-0.633596
+1.2704,-0.393445
+1.2708,-0.193254
+1.2711,+0.0222702
+1.2715,+0.123636
+1.2719,+0.500347
+1.2724,+0.758585
+1.2728,+0.765513
+1.2731,+0.879694
+1.2736,+1.25305
+1.2739,+1.43676
+1.2744,+1.65962
+1.2748,+1.76466
+1.2751,+1.96469
+1.2755,+2.08395
+1.2759,+2.13004
+1.2764,+2.17689
+1.2768,+2.5336
+1.2771,+2.82979
+1.2775,+2.7479
+1.2779,+2.91858
+1.2784,+2.9479
+1.2788,+3.21985
+1.2791,+3.37715
+1.2795,+3.71488
+1.2799,+3.878
+1.2804,+4.29371
+1.2808,+4.43224
+1.2811,+4.65742
+1.2815,+4.90926
+1.2819,+5.11152
+1.2824,+5.35905
+1.2828,+5.54901
+1.2831,+5.81519
+1.2835,+5.93325
+1.2839,+6.01325
+1.2844,+6.00592
+1.2848,+6.14102
+1.2851,+6.27147
+1.2855,+6.43096
+1.2859,+6.5935
+1.2864,+6.74532
+1.2868,+6.97895
+1.2871,+6.90348
+1.2884,+6.98818
+1.2886,+7.31264
+1.2888,+7.46763
+1.2891,+7.64558
+1.2895,+7.64017
+1.2899,+7.66975
+1.2904,+7.85454
+1.2909,+8.04282
+1.2912,+8.04893
+1.2915,+8.34637
+1.2919,+8.37663
+1.2924,+8.52791
+1.2928,+8.65883
+1.2931,+8.72129
+1.2935,+8.94041
+1.2939,+9.06541
+1.2944,+9.00966
+1.2948,+9.03741
+1.2951,+9.25879
+1.2955,+9.40632
+1.2959,+9.75385
+1.2964,+9.99588
+1.2968,+10.1489
+1.2971,+10.4919
+1.2975,+10.4136
+1.2979,+10.7807
+1.2984,+10.9804
+1.2988,+11.0414
+1.2991,+11.1756
+1.2995,+11.2239
+1.2999,+11.2327
+1.3004,+11.2625
+1.3008,+11.4251
+1.3011,+11.5311
+1.3015,+11.7155
+1.3019,+11.6993
+1.3024,+11.8912
+1.3028,+12.073
+1.3031,+12.2353
+1.3035,+12.2451
+1.304,+12.2308
+1.3044,+12.2572
+1.3048,+12.3967
+1.3051,+12.3174
+1.3055,+12.4256
+1.3059,+12.5209
+1.3064,+12.588
+1.3068,+12.7242
+1.3071,+12.6607
+1.3075,+12.6995
+1.3079,+12.9988
+1.3084,+13.1842
+1.3088,+13.1979
+1.3091,+13.426
+1.3095,+13.7703
+1.3099,+13.9886
+1.3104,+13.9278
+1.3108,+14.0796
+1.3111,+14.1321
+1.3115,+14.1385
+1.3119,+14.2267
+1.3124,+14.2595
+1.3128,+14.2819
+1.3131,+14.3411
+1.3135,+14.2571
+1.3139,+14.2458
+1.3145,+14.4274
+1.3148,+14.4451
+1.3151,+14.3884
+1.3155,+14.6985
+1.3159,+14.6833
+1.3164,+14.6677
+1.3168,+14.7375
+1.3171,+14.6874
+1.3175,+14.8041
+1.3179,+14.8272
+1.3184,+14.8122
+1.3188,+14.8569
+1.3191,+15.3158
+1.3195,+15.4416
+1.3199,+15.4911
+1.3204,+15.5164
+1.3208,+15.6443
+1.3211,+15.6815
+1.3215,+15.679
+1.3219,+15.7612
+1.3224,+15.8976
+1.3228,+15.9864
+1.3231,+15.9408
+1.3235,+16.0003
+1.3239,+16.1036
+1.3244,+16.3112
+1.3248,+16.4232
+1.3251,+16.5458
+1.3255,+16.599
+1.3259,+16.564
+1.3264,+16.6598
+1.3268,+16.6411
+1.3271,+16.4794
+1.3275,+16.6027
+1.3279,+16.5794
+1.3284,+16.606
+1.3288,+16.4611
+1.3291,+16.456
+1.3295,+16.4295
+1.3299,+16.6072
+1.3304,+16.5624
+1.3308,+16.6237
+1.3311,+16.5329
+1.3315,+16.3799
+1.3319,+16.3754
+1.3324,+16.2968
+1.3328,+16.524
+1.3331,+16.6258
+1.3335,+16.6521
+1.3339,+16.5784
+1.3344,+16.5858
+1.3348,+16.6746
+1.3351,+16.794
+1.3355,+16.8042
+1.3359,+16.8293
+1.3364,+16.7967
+1.3368,+16.62
+1.3371,+16.5333
+1.3375,+16.5775
+1.3379,+16.5506
+1.3384,+16.5626
+1.3388,+16.4316
+1.3391,+16.5164
+1.3395,+16.4133
+1.3399,+16.3228
+1.3404,+16.3421
+1.3408,+16.4111
+1.3411,+16.3742
+1.3415,+16.2689
+1.3419,+16.2085
+1.3424,+16.1454
+1.3428,+16.0535
+1.3431,+15.9705
+1.3435,+15.9425
+1.3439,+15.9856
+1.3444,+15.8221
+1.3449,+15.8496
+1.3452,+15.8173
+1.3455,+15.8531
+1.3459,+15.8724
+1.3464,+15.8166
+1.3468,+15.8992
+1.3471,+15.8736
+1.3475,+15.9338
+1.3479,+15.8695
+1.3484,+15.937
+1.3488,+15.8274
+1.3491,+15.8212
+1.3495,+15.7343
+1.3499,+15.6542
+1.3504,+15.6142
+1.3508,+15.4749
+1.3511,+15.3306
+1.3515,+15.1645
+1.3519,+15.0561
+1.3524,+14.967
+1.3528,+14.7179
+1.3531,+14.5725
+1.3535,+14.456
+1.3539,+14.4072
+1.3544,+14.2888
+1.3548,+14.2304
+1.3551,+14.1807
+1.3555,+14.1123
+1.3559,+14.0333
+1.3564,+13.9325
+1.3568,+14.0164
+1.3571,+13.9418
+1.3575,+13.9518
+1.3579,+13.8667
+1.3584,+13.6124
+1.3588,+13.5757
+1.3591,+13.3733
+1.3595,+13.3328
+1.3599,+13.2605
+1.3604,+13.2237
+1.3608,+13.0478
+1.3611,+13.0652
+1.3615,+12.9447
+1.3619,+12.8647
+1.3624,+13.0378
+1.3628,+12.865
+1.3631,+13.0062
+1.3635,+12.8869
+1.3639,+12.8862
+1.3644,+12.6859
+1.3648,+12.6329
+1.3651,+12.4927
+1.3655,+12.3709
+1.3659,+12.3267
+1.3664,+12.1588
+1.3668,+12.1017
+1.3672,+11.9856
+1.3675,+12.0045
+1.3679,+11.9483
+1.3684,+12.1196
+1.3688,+12.1567
+1.3691,+12.107
+1.3695,+12.0846
+1.3699,+11.9508
+1.3704,+11.9357
+1.3708,+11.9914
+1.3711,+12.0063
+1.3715,+11.9783
+1.3719,+11.7251
+1.3724,+11.6141
+1.3728,+11.4166
+1.3731,+11.4113
+1.3735,+11.3874
+1.3739,+11.38
+1.3744,+11.5242
+1.3748,+11.3714
+1.3753,+11.346
+1.3756,+11.1246
+1.3759,+11.3064
+1.3764,+11.0391
+1.3768,+11.0197
+1.3771,+11.0704
+1.3775,+11.0719
+1.3779,+11.0652
+1.3784,+10.9567
+1.3788,+11.0848
+1.3791,+11.0187
+1.3795,+11.139
+1.3799,+11.1495
+1.3804,+11.3587
+1.3808,+11.2689
+1.3812,+11.0636
+1.3815,+10.7642
+1.3819,+10.7829
+1.3824,+10.6367
+1.3828,+10.5978
+1.3831,+10.5072
+1.3835,+10.537
+1.3839,+10.2387
+1.3844,+10.1622
+1.3848,+10.2667
+1.3851,+10.3605
+1.3855,+10.5949
+1.3859,+10.5495
+1.3864,+10.6404
+1.3868,+10.5265
+1.3871,+10.5593
+1.3875,+10.4071
+1.3879,+10.5659
+1.3884,+10.5297
+1.3888,+10.322
+1.3891,+10.1436
+1.3895,+10.0795
+1.3908,+9.93747
+1.391,+9.73414
+1.3913,+9.71967
+1.3915,+9.41269
+1.3919,+9.4025
+1.3924,+9.34797
+1.3928,+9.10902
+1.3931,+9.22334
+1.3935,+9.17378
+1.3939,+9.08407
+1.3944,+8.99993
+1.3948,+9.0919
+1.3952,+8.89897
+1.3955,+9.11452
+1.3959,+8.97308
+1.3964,+8.86614
+1.3968,+8.97338
+1.3971,+8.88716
+1.3975,+8.74011
+1.3979,+8.61044
+1.3983,+8.58759
+1.3988,+8.32336
+1.3991,+8.29321
+1.3995,+8.08382
+1.3999,+7.98929
+1.4003,+7.83752
+1.4008,+7.68348
+1.4011,+7.53918
+1.4015,+7.42963
+1.4019,+7.40959
+1.4024,+7.22584
+1.4028,+7.09476
+1.4031,+7.02625
+1.4035,+6.92802
+1.4039,+6.74812
+1.4045,+6.68513
+1.4048,+6.57409
+1.4051,+6.4339
+1.4057,+6.29571
+1.4059,+6.05981
+1.4064,+4.96624
+1.4068,+4.74602
+1.4072,+4.47672
+1.4075,+4.27452
+1.4079,+4.12487
+1.4084,+4.0524
+1.4088,+3.93905
+1.4092,+3.7381
+1.4095,+3.46345
+1.4099,+3.22782
+1.4104,+3.10639
+1.4108,+2.98928
+1.4111,+2.71856
+1.4115,+2.69198
+1.4119,+2.51908
+1.4124,+2.19355
+1.4128,+1.95548
+1.4131,+1.83662
+1.4135,+1.78017
+1.4139,+1.5935
+1.4144,+1.43573
+1.4148,+1.25436
+1.4151,+1.20463
+1.4155,+0.986257
+1.4159,+0.849017
+1.4164,+0.650291
+1.4168,+0.551978
+1.4171,+0.469441
+1.4175,+0.330254
+1.4179,+0.218648
+1.4184,+0.173849
+1.4188,+0.221315
+1.4192,+0.0770731
+1.4195,-0.174017
+1.4199,-0.391379
+1.4205,-0.490498
+1.4208,-0.709531
+1.4211,-0.879384
+1.4215,-0.939697
+1.4219,-1.06605
+1.4224,-1.28133
+1.4228,-1.55184
+1.4231,-1.66002
+1.4235,-1.77224
+1.4239,-1.81376
+1.4244,-1.7977
+1.4248,-1.9085
+1.4251,-2.09022
+1.4256,-2.35377
+1.4259,-2.42954
+1.4264,-2.59181
+1.4268,-2.80254
+1.4271,-3.08987
+1.4275,-3.19803
+1.4279,-3.37292
+1.4284,-3.61286
+1.4288,-3.70612
+1.4291,-3.74593
+1.4295,-3.84263
+1.4299,-3.98801
+1.4304,-4.13705
+1.4308,-4.26425
+1.4312,-4.26023
+1.4315,-4.35512
+1.4319,-4.47259
+1.4324,-4.55194
+1.4328,-4.59479
+1.4332,-4.6621
+1.4335,-4.6723
+1.4339,-4.82962
+1.4344,-4.94851
+1.4348,-4.90826
+1.4352,-5.05043
+1.4355,-5.26612
+1.4359,-5.26451
+1.4364,-5.31282
+1.4368,-5.36866
+1.4371,-5.45887
+1.4375,-5.60847
+1.4379,-5.65563
+1.4384,-5.63748
+1.4388,-5.79301
+1.4391,-5.81052
+1.4395,-5.81525
+1.4399,-5.90442
+1.4404,-5.91867
+1.4408,-6.08765
+1.4412,-6.16892
+1.4415,-6.16792
+1.4419,-6.32675
+1.4424,-6.50999
+1.4428,-6.53916
+1.4432,-6.6746
+1.4435,-6.65539
+1.4439,-6.69568
+1.4444,-6.71793
+1.4448,-6.73097
+1.4451,-6.87376
+1.4455,-6.94987
+1.4459,-6.89462
+1.4464,-6.90014
+1.4468,-6.88529
+1.4472,-6.80196
+1.4475,-6.72312
+1.4479,-6.72916
+1.4484,-6.81287
+1.4488,-6.77348
+1.4491,-6.69104
+1.4495,-6.62415
+1.4499,-6.6088
+1.4504,-6.4671
+1.4508,-6.33746
+1.4511,-6.33883
+1.4515,-6.41805
+1.4519,-6.44675
+1.4524,-6.38751
+1.4528,-6.40874
+1.4532,-6.37193
+1.4535,-6.39947
+1.4539,-6.43023
+1.4544,-6.43582
+1.4548,-6.6764
+1.4552,-6.6538
+1.4555,-6.61289
+1.456,-6.60332
+1.4564,-6.67697
+1.4568,-6.5479
+1.4572,-6.50816
+1.4575,-6.48861
+1.4579,-6.40223
+1.4584,-6.45992
+1.4588,-6.19526
+1.4592,-6.11957
+1.4595,-6.164
+1.4599,-6.07344
+1.4604,-5.95937
+1.4608,-5.99045
+1.4612,-6.07334
+1.4615,-6.0834
+1.4619,-5.99447
+1.4624,-5.93053
+1.4628,-5.9718
+1.4632,-5.95474
+1.4635,-5.85067
+1.4639,-5.76979
+1.4644,-5.79915
+1.4648,-5.77075
+1.4652,-5.57971
+1.4655,-5.4732
+1.4659,-5.51729
+1.4664,-5.32857
+1.4668,-5.23612
+1.4672,-5.23575
+1.4675,-5.13474
+1.4679,-5.13345
+1.4684,-5.00358
+1.4688,-4.83478
+1.4691,-4.72223
+1.4695,-4.60928
+1.4699,-4.52911
+1.4704,-4.56082
+1.4708,-4.5359
+1.4712,-4.37225
+1.4715,-4.19059
+1.4719,-3.95037
+1.4724,-3.96036
+1.4728,-3.95965
+1.4732,-4.00354
+1.4735,-3.98192
+1.4739,-3.93051
+1.4744,-3.91987
+1.4748,-3.82083
+1.4752,-3.83326
+1.4755,-3.92295
+1.4759,-4.01139
+1.4764,-3.744
+1.4768,-3.68175
+1.4772,-3.6905
+1.4776,-3.51449
+1.4782,-3.42843
+1.4785,-3.2777
+1.479,-3.175
+1.4792,-3.11916
+1.4795,-3.09782
+1.4799,-3.12505
+1.4804,-3.21506
+1.481,-3.04768
+1.4816,-2.89625
+1.4821,-2.88936
+1.4824,-2.766
+1.483,-2.69008
+1.4832,-2.63934
+1.4842,-2.40701
+1.4845,-2.28332
+1.4847,-2.16635
+1.4848,-2.14635
+1.4852,-2.15195
+1.4855,-2.11753
+1.4859,-2.02829
+1.4864,-1.9156
+1.4868,-1.83969
+1.4876,-1.76981
+1.4878,-1.71198
+1.488,-1.52902
+1.4883,-1.29442
+1.4888,-1.1907
+1.4892,-1.06354
+1.4895,-0.944606
+1.4899,-0.94178
+1.4903,-0.872181
+1.4908,-0.759621
+1.4912,-0.55736
+1.4915,-0.389557
+1.4919,-0.215953
+1.4932,-0.164337
+1.4934,-0.0721717
+1.4936,+0.0727522
+1.4939,+0.324301
+1.4943,+0.526208
+1.4948,+0.582981
+1.4952,+0.687947
+1.4955,+0.741865
+1.4959,+0.816672
+1.4963,+0.765998
+1.4969,+0.866573
+1.4972,+1.0273
+1.4975,+1.07891
+1.4979,+1.15293
+1.4983,+1.2605
+1.4988,+1.57931
+1.4991,+1.69389
+1.4995,+1.71055
+1.4999,+1.83534
+1.5003,+2.00389
+1.5008,+2.14783
+1.5011,+2.34786
+1.5015,+2.4657
+1.5019,+2.54639
+1.5024,+2.67568
+1.5028,+2.6183
+1.5032,+2.74315
+1.5035,+2.98622
+1.5039,+3.02762
+1.5043,+3.18507
+1.5048,+3.39387
+1.5052,+3.51807
+1.5065,+3.59793
+1.5068,+3.81019
+1.5072,+3.84755
+1.5075,+4.00361
+1.5079,+4.08142
+1.5083,+4.08992
+1.5088,+4.20443
+1.5092,+4.3519
+1.5095,+4.32673
+1.5099,+4.46448
+1.5103,+4.60143
+1.5108,+4.62059
+1.5112,+4.8316
+1.5115,+4.93344
+1.5119,+5.02435
+1.5124,+5.11661
+1.5128,+5.20035
+1.5132,+5.22347
+1.5135,+5.39604
+1.5139,+5.38426
+1.5144,+5.46586
+1.5148,+5.50572
+1.5152,+5.54816
+1.5155,+5.58507
+1.5159,+5.75461
+1.5163,+5.82882
+1.5168,+5.99439
+1.5172,+6.05545
+1.5175,+6.02905
+1.5179,+6.18283
+1.5183,+6.18289
+1.5188,+6.29604
+1.5192,+6.30817
+1.5195,+6.39473
+1.5199,+6.3964
+1.5203,+6.51247
+1.5208,+6.45851
+1.5211,+6.55555
+1.5215,+6.57442
+1.5219,+6.58478
+1.5224,+6.67708
+1.5228,+6.62753
+1.5232,+6.71453
+1.5235,+6.60124
+1.5239,+6.60832
+1.5243,+6.57592
+1.5248,+6.62402
+1.5252,+6.61957
+1.5255,+6.72044
+1.5259,+6.78923
+1.5264,+6.87252
+1.5268,+6.80675
+1.5272,+6.88128
+1.5275,+7.04283
+1.5279,+7.15099
+1.5283,+7.25167
+1.5288,+7.22634
+1.5292,+7.2952
+1.5297,+7.35405
+1.5299,+7.46822
+1.5304,+7.48549
+1.5308,+7.71075
+1.5312,+7.69258
+1.5315,+7.67579
+1.5319,+7.66098
+1.5324,+7.66098
+1.5328,+7.76954
+1.5332,+7.72327
+1.5335,+7.74369
+1.5339,+7.65075
+1.5343,+7.60532
+1.5348,+7.58852
+1.5352,+7.6638
+1.5355,+7.65817
+1.5359,+7.59348
+1.5363,+7.51493
+1.5368,+7.38009
+1.5372,+7.37455
+1.5375,+7.36963
+1.5379,+7.34673
+1.5384,+7.23274
+1.5388,+7.21391
+1.5392,+7.20214
+1.5395,+7.16502
+1.5399,+7.22736
+1.5403,+7.3017
+1.5408,+7.33356
+1.5412,+7.35528
+1.5415,+7.23169
+1.5419,+7.09156
+1.5424,+7.03371
+1.5428,+6.98384
+1.5432,+6.85058
+1.5435,+6.91403
+1.5439,+6.78855
+1.5443,+6.73279
+1.5448,+6.69931
+1.5452,+6.6279
+1.5455,+6.60723
+1.5459,+6.74456
+1.5463,+6.93911
+1.5468,+6.8628
+1.5472,+7.01227
+1.5475,+6.96821
+1.5479,+7.00783
+1.5483,+7.02499
+1.5488,+6.99712
+1.5492,+6.92683
+1.5495,+6.95718
+1.5499,+6.96786
+1.5503,+7.05633
+1.5508,+7.19925
+1.5512,+7.05175
+1.5515,+6.96732
+1.5519,+6.96884
+1.5524,+6.84114
+1.5528,+6.92752
+1.5532,+6.87272
+1.5535,+6.93453
+1.5539,+6.67574
+1.5544,+6.3468
+1.5548,+6.31584
+1.5552,+6.20238
+1.5555,+6.25933
+1.5559,+6.24417
+1.5563,+6.33034
+1.5568,+6.23842
+1.5572,+6.4055
+1.5575,+6.14474
+1.5579,+6.17105
+1.5583,+6.29013
+1.5588,+6.13163
+1.5592,+6.02431
+1.5595,+5.92371
+1.5599,+5.81416
+1.5603,+5.77149
+1.5608,+5.67607
+1.5612,+5.57625
+1.5615,+5.59475
+1.5619,+5.67443
+1.5624,+5.58263
+1.5628,+5.44112
+1.5632,+5.46785
+1.5635,+5.38896
+1.5639,+5.31123
+1.5643,+5.2106
+1.5648,+5.19908
+1.5652,+4.99628
+1.5655,+5.00735
+1.5659,+4.91723
+1.5663,+4.80598
+1.5668,+4.81532
+1.5672,+4.82198
+1.5675,+4.77796
+1.5679,+4.92131
+1.5683,+4.95738
+1.5688,+5.08029
+1.5692,+5.22054
+1.5695,+5.19998
+1.5699,+5.20658
+1.5704,+5.2261
+1.5708,+5.30292
+1.5712,+5.25824
+1.5715,+5.349
+1.5719,+5.19602
+1.5724,+4.93793
+1.5728,+4.79349
+1.5732,+4.76342
+1.5735,+4.78284
+1.5739,+4.69894
+1.5743,+4.78513
+1.5748,+4.74982
+1.5752,+4.72954
+1.5755,+4.74428
+1.5759,+4.68131
+1.5763,+4.88373
+1.5768,+4.92288
+1.5772,+4.77316
+1.5777,+4.73785
+1.5779,+4.66687
+1.5784,+4.65996
+1.5788,+4.58244
+1.5792,+4.68726
+1.5795,+4.50153
+1.58,+4.54581
+1.5803,+4.40773
+1.5808,+4.18073
+1.5812,+4.23285
+1.5815,+4.10974
+1.5819,+4.08833
+1.5824,+3.92391
+1.5828,+3.89028
+1.5832,+3.72841
+1.5835,+3.77513
+1.5839,+3.70561
+1.5843,+3.78504
+1.5848,+3.84571
+1.5852,+3.83745
+1.5855,+3.96147
+1.5859,+3.97764
+1.5863,+3.98062
+1.5868,+4.05446
+1.5872,+4.1605
+1.5875,+4.33291
+1.5879,+4.31403
+1.5883,+4.32522
+1.5888,+4.49489
+1.5892,+4.48076
+1.5895,+4.36408
+1.5899,+4.33129
+1.5903,+4.2611
+1.5908,+4.34466
+1.5912,+4.22383
+1.5915,+4.11818
+1.592,+4.23318
+1.5924,+4.23754
+1.5928,+4.11522
+1.5932,+4.07856
+1.5935,+4.10489
+1.5939,+4.13817
+1.5944,+4.1927
+1.5956,+4.03076
+1.5958,+3.96449
+1.596,+3.85827
+1.5963,+3.7956
+1.5968,+3.59618
+1.5972,+3.62556
+1.5975,+3.69593
+1.5979,+3.81037
+1.5983,+3.83663
+1.5988,+3.86255
+1.5992,+3.90304
+1.5995,+3.91479
+1.5999,+4.00727
+1.6003,+3.96109
+1.6008,+4.10194
+1.6012,+3.98163
+1.6015,+3.8609
+1.6019,+3.75541
+1.6023,+3.69475
+1.6028,+3.73807
+1.6032,+3.82214
+1.6035,+3.91136
+1.6039,+3.94529
+1.6043,+3.83734
+1.6048,+3.78147
+1.6052,+3.76657
+1.6055,+3.8975
+1.6059,+3.95716
+1.6063,+3.93282
+1.6068,+3.80853
+1.6072,+3.69629
+1.6075,+3.56856
+1.608,+3.49309
+1.6083,+4.50659
+1.6088,+4.54995
+1.6092,+4.58196
+1.6095,+4.40616
+1.6099,+4.36706
+1.6104,+4.30805
+1.6108,+4.33848
+1.6112,+4.40986
+1.6115,+4.4669
+1.6119,+4.35689
+1.6124,+4.25896
+1.6128,+4.2393
+1.6132,+4.25034
+1.6135,+4.36634
+1.6139,+4.34929
+1.6143,+4.42052
+1.6148,+4.47645
+1.6152,+4.31995
+1.6155,+4.38697
+1.6159,+4.47831
+1.6163,+4.60719
+1.6168,+4.56086
+1.6172,+4.50235
+1.6175,+4.47913
+1.6179,+4.41826
+1.6194,+4.31379
+1.6196,+4.34611
+1.6199,+4.29777
+1.6201,+4.25284
+1.6203,+4.37334
+1.6208,+4.38554
+1.6212,+4.43475
+1.6215,+4.32825
+1.6219,+4.27846
+1.6224,+4.4023
+1.6228,+4.52176
+1.6232,+4.44076
+1.6235,+4.57306
+1.6239,+4.52537
+1.6243,+4.3956
+1.6248,+4.38584
+1.6252,+4.4919
+1.6255,+4.71035
+1.6259,+4.6764
+1.6263,+4.5852
+1.6268,+4.70085
+1.6272,+4.66566
+1.6275,+4.5537
+1.6279,+4.5761
+1.6283,+4.6144
+1.6288,+4.55118
+1.6292,+4.25775
+1.6295,+4.1126
+1.63,+4.0954
+1.6303,+3.94706
+1.6308,+3.7432
+1.6312,+3.75068
+1.6316,+3.96222
+1.6322,+4.01572
+1.6324,+3.96502
+1.6328,+3.96663
+1.6332,+4.15472
+1.6335,+4.31669
+1.6339,+4.3813
+1.6343,+4.55836
+1.6348,+4.6101
+1.6352,+4.64125
+1.6355,+4.54454
+1.6359,+4.53462
+1.6363,+4.63273
+1.6368,+4.60017
+1.6372,+4.53668
+1.6375,+4.30592
+1.6379,+4.2601
+1.6386,+4.16068
+1.6388,+4.18054
+1.6392,+4.19975
+1.6397,+4.22657
+1.6399,+4.03449
+1.6403,+3.9668
+1.6408,+4.00475
+1.6412,+4.09231
+1.6415,+4.2281
+1.6419,+4.32927
+1.6423,+4.27416
+1.6428,+4.31586
+1.6432,+4.34821
+1.6435,+4.26435
+1.6439,+4.51062
+1.6443,+4.36471
+1.6448,+4.41694
+1.6452,+4.2387
+1.6455,+4.27086
+1.6459,+4.21729
+1.6463,+4.35177
+1.6468,+4.21937
+1.6472,+4.17402
+1.6475,+4.10523
+1.6479,+3.97629
+1.6483,+4.1485
+1.6488,+4.2855
+1.6492,+4.43091
+1.6495,+4.37278
+1.6499,+4.49756
+1.6503,+4.50751
+1.6508,+4.55996
+1.6512,+4.53486
+1.6515,+4.5561
+1.6519,+4.55892
+1.6523,+4.37253
+1.6528,+4.18527
+1.6532,+4.05163
+1.6535,+4.01331
+1.6539,+3.82707
+1.6543,+3.87367
+1.6548,+3.88192
+1.6552,+3.91614
+1.6555,+3.91263
+1.6559,+3.99789
+1.6563,+3.92826
+1.6568,+3.90309
+1.6572,+4.04638
+1.6575,+4.12644
+1.6579,+4.17787
+1.6583,+4.086
+1.6588,+3.98686
+1.6592,+3.92581
+1.6595,+4.02566
+1.6599,+3.94782
+1.6603,+4.15258
+1.6608,+4.10251
+1.6612,+4.12627
+1.6615,+3.93906
+1.6619,+3.96279
+1.6623,+3.97659
+1.6628,+4.05089
+1.6632,+4.08423
+1.6635,+3.8607
+1.6639,+3.77297
+1.6643,+3.7178
+1.6648,+3.74896
+1.6652,+3.55215
+1.6655,+3.6698
+1.6659,+3.44783
+1.6663,+3.39569
+1.6668,+3.49293
+1.6672,+3.37342
+1.6675,+3.55606
+1.6679,+3.52696
+1.6683,+3.43685
+1.6688,+3.3008
+1.6692,+3.32888
+1.6695,+3.16246
+1.67,+3.2512
+1.6703,+3.12349
+1.6708,+3.07888
+1.6712,+3.07664
+1.6715,+3.02351
+1.6719,+3.09036
+1.6723,+3.15261
+1.6728,+3.32017
+1.6732,+3.36212
+1.6735,+3.4649
+1.6739,+3.28435
+1.6743,+3.44902
+1.6748,+3.33709
+1.6752,+3.34775
+1.6755,+3.37444
+1.6759,+3.38826
+1.6763,+3.24684
+1.6768,+3.08923
+1.6772,+3.14202
+1.6775,+3.07732
+1.6779,+3.289
+1.6783,+3.16118
+1.6788,+3.12515
+1.6792,+3.18357
+1.6795,+3.0764
+1.6799,+3.02111
+1.6803,+3.00727
+1.6808,+2.9785
+1.6812,+2.80155
+1.6816,+2.79269
+1.6819,+2.76726
+1.6823,+2.82949
+1.6828,+2.88941
+1.6832,+2.72904
+1.6835,+2.75066
+1.6839,+2.7441
+1.6843,+2.8762
+1.6847,+2.94537
+1.6852,+3.01741
+1.6855,+3.07089
+1.6859,+3.01289
+1.6863,+3.06365
+1.6868,+3.11811
+1.6872,+3.28538
+1.6875,+3.17047
+1.6879,+2.93429
+1.6883,+2.90344
+1.6888,+2.82869
+1.6892,+2.77523
+1.6896,+2.65724
+1.6899,+2.69476
+1.6903,+2.69581
+1.6908,+2.60806
+1.6912,+2.63273
+1.6915,+2.66191
+1.6919,+2.81779
+1.6923,+2.72768
+1.6928,+2.87864
+1.6932,+2.93349
+1.6935,+2.9303
+1.6939,+2.90598
+1.6943,+2.74321
+1.6948,+2.76576
+1.6952,+2.63416
+1.6955,+2.58379
+1.6959,+2.59606
+1.6963,+2.61304
+1.6968,+2.49292
+1.698,+2.43262
+1.6981,+2.52456
+1.6984,+2.44801
+1.6988,+2.45461
+1.6992,+2.35392
+1.6995,+2.36782
+1.6999,+2.42039
+1.7004,+2.3313
+1.7008,+2.1849
+1.7012,+2.1733
+1.7015,+2.21336
+1.7019,+2.20066
+1.7023,+2.09245
+1.7028,+1.95415
+1.7032,+1.84769
+1.7038,+1.93989
+1.7041,+1.8282
+1.7043,+1.89412
+1.7048,+2.03069
+1.7052,+2.12456
+1.7055,+1.94747
+1.7059,+1.85047
+1.7063,+1.99041
+1.7068,+2.03518
+1.7072,+2.13758
+1.7075,+2.07863
+1.7079,+2.19047
+1.7083,+2.05798
+1.7088,+1.96108
+1.7092,+1.85042
+1.7096,+2.00457
+1.7099,+2.01396
+1.7103,+2.11275
+1.7108,+2.07619
+1.7112,+2.08419
+1.7115,+1.92943
+1.7119,+1.83803
+1.7123,+1.88524
+1.7128,+1.88087
+1.7132,+1.84761
+1.7135,+1.69023
+1.7139,+1.75176
+1.7143,+1.7328
+1.7148,+1.72574
+1.7152,+1.62287
+1.7156,+1.54512
+1.7159,+1.57645
+1.7163,+1.46221
+1.7168,+1.49439
+1.7172,+1.53035
+1.7176,+1.59953
+1.7179,+1.61389
+1.7183,+1.49098
+1.7188,+1.37274
+1.7192,+1.4075
+1.7196,+1.53678
+1.7199,+1.47381
+1.7203,+1.55422
+1.7208,+1.62533
+1.7212,+1.57279
+1.7215,+1.53694
+1.7219,+1.30595
+1.7223,+1.20154
+1.7228,+1.37315
+1.7232,+1.27666
+1.7236,+1.31266
+1.7239,+1.3492
+1.7243,+1.43068
+1.7248,+1.32456
+1.7252,+1.1978
+1.7255,+1.12631
+1.7259,+1.36296
+1.7263,+1.43044
+1.7268,+1.30606
+1.7272,+1.31809
+1.7276,+1.2205
+1.7279,+1.1106
+1.7283,+1.03012
+1.7288,+0.979614
+1.7292,+0.936201
+1.7296,+1.03673
+1.7299,+0.905726
+1.7303,+0.856337
+1.7308,+0.825331
+1.7312,+0.800887
+1.7316,+0.727105
+1.7319,+0.835448
+1.7323,+0.627072
+1.7328,+0.566129
+1.7332,+0.56269
+1.7335,+0.447937
+1.7339,+0.439497
+1.7343,+0.410406
+1.7348,+0.348565
+1.7352,+0.332744
+1.7356,+0.29945
+1.7359,+0.168883
+1.7363,+0.369121
+1.7368,+0.426233
+1.7372,+0.523636
+1.7375,+0.486408
+1.7379,+0.257981
+1.7383,+0.304795
+1.7387,+0.384419
+1.7392,+0.469781
+1.7396,+0.469911
+1.7399,+0.473996
+1.7403,+0.298107
+1.7408,+0.342399
+1.7412,+0.284328
+1.7416,+0.211189
+1.7419,+0.387076
+1.7423,+0.284065
+1.7428,+0.331125
+1.7432,+0.143048
+1.7435,+0.0650911
+1.7439,+0.0807662
+1.7443,+0.237571
+1.7448,+0.192876
+1.7452,+0.202748
+1.7456,+0.31934
+1.7459,+0.248122
+1.7463,+0.141054
+1.7467,+0.0518534
+1.7472,+0.115894
+1.7476,+0.136284
+1.7479,+0.0358937
+1.7483,-0.108117
+1.7487,-0.286351
+1.7492,-0.379234
+1.7495,-0.522616
+1.7499,-0.673794
+1.7503,-0.640131
+1.7507,-0.741627
+1.7512,-0.746349
+1.7516,-0.780316
+1.7519,-0.755578
+1.7523,-0.74887
+1.7528,-0.689835
+1.7532,-0.693353
+1.7536,-0.602597
+1.7539,-0.428863
+1.7543,-0.402976
+1.7548,-0.238449
+1.7552,-0.310278
+1.7556,-0.392987
+1.7559,-0.298781
+1.7563,-0.352031
+1.7568,-0.394189
+1.7572,-0.338383
+1.7576,-0.3946
+1.7579,-0.379646
+1.7583,-0.407085
+1.7588,-0.501342
+1.7592,-0.424404
+1.7595,-0.473434
+1.7599,-0.605757
+1.7603,-0.579408
+1.7607,-0.654915
+1.7612,-0.774952
+1.7616,-0.877369
+1.7619,-0.965536
+1.7623,-0.964348
+1.7628,-0.988563
+1.7632,-1.01649
+1.7636,-0.928377
+1.7639,-0.945695
+1.7643,-0.926528
+1.7647,-0.84249
+1.7652,-0.83368
+1.7656,-0.614383
+1.7659,-0.613477
+1.7663,-0.649289
+1.7667,-0.650053
+1.7672,-0.702117
+1.7676,-0.675169
+1.7679,-0.699629
+1.7683,-0.525072
+1.7687,-0.518516
+1.7692,-0.525222
+1.7696,-0.730094
+1.7699,-0.758631
+1.7703,-0.742057
+1.7707,-0.688647
+1.7713,-0.674814
+1.7716,-0.75041
+1.7719,-0.693098
+1.7723,-0.939822
+1.7728,-0.927735
+1.7732,-0.926565
+1.7736,-0.914819
+1.7739,-0.839653
+1.7743,-0.938581
+1.7747,-1.06786
+1.7752,-1.09807
+1.7756,-0.989935
+1.7759,-1.03364
+1.7763,-1.03043
+1.7767,-1.19348
+1.7772,-1.10379
+1.7776,-1.04827
+1.7779,-1.16592
+1.7783,-1.05525
+1.7787,-0.967334
+1.7792,-0.995611
+1.7796,-1.17118
+1.7799,-1.10658
+1.7803,-1.17849
+1.7807,-1.00988
+1.7812,-1.14544
+1.7816,-1.26577
+1.7819,-1.28545
+1.7823,-1.43417
+1.7827,-1.5197
+1.7832,-1.47409
+1.7836,-1.40073
+1.7839,-1.52652
+1.7843,-1.38054
+1.7847,-1.39691
+1.7852,-1.34592
+1.7856,-1.21671
+1.7859,-1.13248
+1.7863,-1.18471
+1.7867,-1.18687
+1.7872,-1.3279
+1.7876,-1.32549
+1.7879,-1.27855
+1.7883,-1.36675
+1.7887,-1.41003
+1.7892,-1.44363
+1.7896,-1.36447
+1.7899,-1.48598
+1.7903,-1.50822
+1.7907,-1.55317
+1.7912,-1.56447
+1.7917,-1.53201
+1.7919,-1.6151
+1.7923,-1.67805
+1.7927,-1.64518
+1.7932,-1.49665
+1.7936,-1.62677
+1.7939,-1.51458
+1.7943,-1.31212
+1.7947,-1.21129
+1.7952,-1.13934
+1.7956,-1.17235
+1.7959,-0.984777
+1.7963,-0.85462
+1.7967,-0.99621
+1.7972,-0.994127
+1.7976,-1.02294
+1.7979,-1.14992
+1.7983,-1.27012
+1.7987,-1.32728
+1.7992,-1.40384
+1.8004,-1.3098
+1.8005,-1.51442
+1.8008,-1.58641
+1.8012,-1.45307
+1.8016,-1.75824
+1.8019,-1.77712
+1.8023,-1.77544
+1.8027,-1.65888
+1.8032,-1.63004
+1.8036,-1.54711
+1.8039,-1.62986
+1.8043,-1.5923
+1.8047,-1.58852
+1.8052,-1.67282
+1.8056,-1.49326
+1.8059,-1.38298
+1.8063,-1.27085
+1.8067,-1.46977
+1.8072,-1.64263
+1.8076,-1.62065
+1.8079,-1.62995
+1.8083,-1.60037
+1.8087,-1.548
+1.8092,-1.47644
+1.8096,-1.31344
+1.8099,-1.56756
+1.8103,-1.66701
+1.8107,-1.59535
+1.8112,-1.42381
+1.8116,-1.45947
+1.8119,-1.43392
+1.8123,-1.39653
+1.8127,-1.52302
+1.8132,-1.52857
+1.8136,-1.55357
+1.8139,-1.50767
+1.8143,-1.48601
+1.8147,-1.39582
+1.8152,-1.63029
+1.8155,-1.84521
+1.8159,-1.90796
+1.8163,-2.03279
+1.8167,-1.97661
+1.8172,-1.93819
+1.8176,-1.87775
+1.8179,-1.76533
+1.8183,-1.73907
+1.8187,-1.83976
+1.8192,-1.69132
+1.8196,-1.4976
+1.8199,-1.51745
+1.8203,-1.38701
+1.8207,-1.47937
+1.8212,-1.59083
+1.8216,-1.64733
+1.8219,-1.70456
+1.8226,-1.71427
+1.8228,-1.72179
+1.8232,-1.7715
+1.8236,-1.82753
+1.8239,-1.80765
+1.8243,-2.00646
+1.8247,-1.88594
+1.8252,-1.75113
+1.8256,-1.76509
+1.8259,-1.65572
+1.8263,-1.71878
+1.8267,-1.71153
+1.8272,-1.6804
+1.8276,-1.56298
+1.8279,-1.73389
+1.8283,-1.76146
+1.8287,-1.79039
+1.8292,-1.9123
+1.8296,-1.89475
+1.8299,-1.97191
+1.8303,-2.00985
+1.8307,-1.8729
+1.8312,-1.76216
+1.8316,-1.80039
+1.8319,-1.66299
+1.8323,-1.55815
+1.8327,-1.66172
+1.8332,-1.7307
+1.8336,-1.82587
+1.835,-1.79833
+1.8352,-1.7727
+1.8355,-1.90557
+1.8357,-1.93109
+1.836,-2.05174
+1.8363,-2.07118
+1.8367,-2.07116
+1.8372,-1.83421
+1.8376,-1.76791
+1.8379,-1.70286
+1.8383,-1.75176
+1.8387,-1.78108
+1.8392,-1.79517
+1.8396,-1.89679
+1.8399,-1.91764
+1.8403,-1.92445
+1.8407,-1.90209
+1.8412,-2.09916
+1.8416,-1.96125
+1.8419,-1.97297
+1.8424,-1.94901
+1.8427,-1.92988
+1.8432,-1.75168
+1.8436,-1.75513
+1.8439,-1.64869
+1.8443,-1.68242
+1.8447,-1.83349
+1.8452,-1.89661
+1.8456,-1.9334
+1.8459,-1.81815
+1.8463,-1.81925
+1.8467,-1.84137
+1.8472,-1.93042
+1.8476,-1.86721
+1.8479,-1.93929
+1.8483,-1.82385
+1.8487,-1.71326
+1.8492,-1.59261
+1.8496,-1.56512
+1.8499,-1.66348
+1.8503,-1.78155
+1.8507,-1.72935
+1.8512,-1.70175
+1.8516,-1.66144
+1.8519,-1.58327
+1.8523,-1.73167
+1.8527,-1.78457
+1.8532,-1.83586
+1.8536,-1.88813
+1.8539,-2.05505
+1.8543,-2.06518
+1.8547,-2.06439
+1.8552,-2.11667
+1.8556,-2.09921
+1.8559,-2.29461
+1.8563,-2.31229
+1.8567,-2.25997
+1.8572,-2.22568
+1.8576,-2.31223
+1.8579,-2.12171
+1.8583,-2.21003
+1.8587,-2.19031
+1.8592,-2.31643
+1.8596,-2.45225
+1.8599,-2.15515
+1.8603,-2.09696
+1.8607,-2.10863
+1.8612,-2.07731
+1.8616,-2.21337
+1.8619,-2.21925
+1.8623,-2.04028
+1.8627,-2.1244
+1.8632,-1.96757
+1.8636,-2.01185
+1.8639,-2.16106
+1.8643,-2.09858
+1.8647,-2.10789
+1.8652,-2.30663
+1.8656,-2.24815
+1.8659,-2.29317
+1.8663,-2.31664
+1.8667,-2.17212
+1.8672,-2.28754
+1.8676,-2.1581
+1.8679,-2.12267
+1.8683,-2.17145
+1.8687,-2.12205
+1.8692,-1.96143
+1.8696,-1.8411
+1.8699,-1.82592
+1.8703,-1.91996
+1.8707,-2.04008
+1.8712,-2.07316
+1.8716,-2.18176
+1.8719,-2.18359
+1.8723,-2.16128
+1.8728,-2.14422
+1.8732,-2.16854
+1.8736,-2.26541
+1.8739,-2.21469
+1.8743,-2.16625
+1.8747,-2.27331
+1.8752,-2.21608
+1.8756,-2.20743
+1.8759,-2.22455
+1.8763,-2.3376
+1.8767,-2.3392
+1.8772,-2.3161
+1.8776,-2.2539
+1.8779,-2.34563
+1.8783,-2.2713
+1.8787,-2.16614
+1.8792,-2.18862
+1.8796,-2.13045
+1.8799,-2.19407
+1.8803,-1.9433
+1.8807,-1.94185
+1.8812,-1.86535
+1.8816,-1.91281
+1.8819,-1.81727
+1.8823,-1.84598
+1.8827,-1.83185
+1.8832,-1.89691
+1.8836,-1.96238
+1.8839,-2.01805
+1.8843,-2.2151
+1.8847,-2.27968
+1.8852,-2.4902
+1.8856,-2.60416
+1.8859,-2.60116
+1.8863,-2.54472
+1.8867,-2.54636
+1.8872,-2.45001
+1.8876,-2.46814
+1.8879,-2.35435
+1.8883,-2.22116
+1.8887,-2.15601
+1.8892,-2.14606
+1.8896,-2.11731
+1.8899,-2.27161
+1.8903,-2.38567
+1.8907,-2.27687
+1.8912,-2.24015
+1.8916,-2.31474
+1.8919,-2.35364
+1.8923,-2.47661
+1.8927,-2.43031
+1.8932,-2.35498
+1.8936,-2.3105
+1.8939,-2.30119
+1.8943,-2.38589
+1.8947,-2.48193
+1.8952,-2.5922
+1.8956,-2.46474
+1.8959,-2.38931
+1.8963,-2.37481
+1.8967,-2.51018
+1.8972,-2.58493
+1.8976,-2.49335
+1.8979,-2.49708
+1.8983,-2.5418
+1.8987,-2.6124
+1.8992,-2.71732
+1.8996,-2.72054
+1.9001,-2.83932
+1.9003,-2.79756
+1.9009,-2.83103
+1.9012,-2.64207
+1.9017,-2.67583
+1.9028,-2.57626
+1.903,-2.48584
+1.9032,-2.48769
+1.9036,-2.37189
+1.904,-2.30624
+1.9043,-2.30314
+1.9047,-2.44329
+1.9052,-2.44826
+1.9056,-2.63072
+1.906,-2.7587
+1.9063,-2.87593
+1.9067,-2.80133
+1.9072,-2.67382
+1.9076,-2.64005
+1.908,-2.72012
+1.9083,-2.75849
+1.9087,-2.63192
+1.9092,-2.57576
+1.9096,-2.59834
+1.91,-2.66341
+1.9104,-2.62339
+1.9107,-2.56982
+1.9112,-2.61055
+1.9116,-2.66434
+1.912,-2.70392
+1.9123,-2.6387
+1.9127,-2.76347
+1.9132,-2.82263
+1.9136,-2.81385
+1.914,-2.64891
+1.9143,-2.62902
+1.9147,-2.78312
+1.9152,-2.99289
+1.9156,-2.99415
+1.916,-2.97597
+1.9163,-3.10271
+1.9167,-2.91996
+1.9172,-2.92345
+1.9176,-2.89016
+1.918,-2.75536
+1.9184,-2.65268
+1.9187,-2.59581
+1.9192,-2.48388
+1.9196,-2.52272
+1.92,-2.52597
+1.9204,-2.42561
+1.9207,-2.55204
+1.9212,-2.47888
+1.9216,-2.52028
+1.922,-2.7641
+1.9223,-2.8792
+1.9227,-3.01709
+1.9232,-3.07045
+1.9236,-3.16051
+1.924,-3.10409
+1.9243,-3.04309
+1.9247,-3.11892
+1.9252,-3.08345
+1.9256,-3.13402
+1.926,-3.16055
+1.9264,-3.24272
+1.9267,-3.07994
+1.9272,-2.95148
+1.9276,-2.835
+1.928,-2.92682
+1.9284,-3.05587
+1.9287,-2.8571
+1.9292,-2.99628
+1.9296,-2.82417
+1.93,-2.80534
+1.9304,-2.5563
+1.9307,-2.59638
+1.9312,-2.65937
+1.9316,-2.61528
+1.932,-2.45589
+1.9323,-2.35319
+1.9327,-2.56903
+1.9332,-2.50464
+1.9336,-2.65441
+1.934,-2.63175
+1.9343,-2.80005
+1.9347,-2.77728
+1.9352,-2.80237
+1.9356,-2.84389
+1.936,-3.06333
+1.9364,-3.00748
+1.9367,-3.06287
+1.9372,-3.03927
+1.9376,-3.02527
+1.938,-2.92023
+1.9384,-2.91109
+1.9387,-2.82764
+1.9392,-2.79697
+1.9396,-2.80792
+1.94,-2.76937
+1.9403,-2.71125
+1.9407,-2.55425
+1.9412,-2.40169
+1.9416,-2.328
+1.942,-2.35601
+1.9423,-2.38739
+1.9427,-2.4842
+1.9432,-2.45485
+1.9436,-2.52801
+1.944,-2.5527
+1.9444,-2.7323
+1.9447,-2.93409
+1.9452,-3.10485
+1.9456,-3.03
+1.946,-2.96579
+1.9463,-2.87269
+1.9467,-2.85547
+1.9472,-2.90167
+1.9476,-2.72217
+1.948,-2.49423
+1.9483,-2.51576
+1.9487,-2.37099
+1.9492,-2.33177
+1.9496,-2.38881
+1.95,-2.44198
+1.9504,-2.59996
+1.9507,-2.53748
+1.9512,-2.51158
+1.9516,-2.47086
+1.952,-2.63329
+1.9524,-2.3989
+1.9527,-2.34055
+1.9532,-2.35365
+1.9536,-2.51702
+1.954,-2.51749
+1.9544,-2.44782
+1.9547,-2.50087
+1.9552,-2.48765
+1.9556,-2.59582
+1.956,-2.56455
+1.9563,-2.70813
+1.9567,-2.64732
+1.9572,-2.54397
+1.9576,-2.48544
+1.958,-2.56437
+1.9583,-2.50754
+1.9587,-2.53826
+1.9592,-2.54986
+1.9596,-2.45639
+1.9599,-2.45923
+1.9603,-2.39459
+1.9607,-2.48231
+1.9612,-2.72311
+1.9616,-2.5618
+1.9619,-2.53254
+1.9623,-2.49715
+1.9627,-2.49612
+1.9631,-2.45969
+1.9636,-2.50786
+1.9639,-2.50282
+1.9643,-2.55542
+1.9647,-2.48624
+1.9651,-2.37065
+1.9656,-2.36754
+1.9659,-2.29949
+1.9663,-2.26207
+1.9667,-2.17788
+1.9671,-2.27567
+1.9676,-2.31295
+1.9679,-2.24743
+1.9683,-2.22616
+1.9688,-2.27722
+1.9692,-2.10493
+1.9696,-2.34137
+1.9699,-2.35038
+1.9703,-2.42347
+1.9707,-2.4092
+1.9711,-2.41684
+1.9716,-2.36183
+1.9719,-2.51379
+1.9723,-2.55768
+1.9728,-2.44491
+1.9732,-2.49169
+1.9736,-2.26498
+1.9739,-2.3841
+1.9744,-2.41634
+1.9748,-2.43633
+1.9752,-2.30256
+1.9756,-2.35907
+1.9759,-2.30598
+1.9763,-2.242
+1.9767,-2.42606
+1.9772,-2.56604
+1.9776,-2.53901
+1.9779,-2.41322
+1.9783,-2.3599
+1.9787,-2.39085
+1.9792,-2.37632
+1.9796,-2.34539
+1.9799,-2.33346
+1.9803,-2.3048
+1.9807,-2.35376
+1.9813,-2.29505
+1.9816,-2.4202
+1.9819,-2.48482
+1.9823,-2.57197
+1.9827,-2.50948
+1.9831,-2.6164
+1.9836,-2.67482
+1.9839,-2.55127
+1.9843,-2.53418
+1.9847,-2.35136
+1.9852,-2.42445
+1.9856,-2.31933
+1.9859,-2.23219
+1.9863,-2.11058
+1.9867,-2.15285
+1.9872,-2.08122
+1.9876,-2.08296
+1.9879,-2.16245
+1.9883,-2.27884
+1.9887,-2.27669
+1.9893,-2.13136
+1.9896,-2.20642
+1.9899,-2.25936
+1.9903,-2.287
+1.9907,-2.1848
+1.9912,-2.2262
+1.9916,-2.17364
+1.9919,-2.18647
+1.9923,-2.20325
+1.9927,-2.29559
+1.9931,-2.3634
+1.9936,-2.39796
+1.9939,-2.39187
+1.9943,-2.47405
+1.9947,-2.67523
+1.9952,-2.66062
+1.9956,-2.50715
+1.9959,-2.55618
+1.9963,-2.411
+1.9967,-2.3711
+1.9971,-2.34699
+1.9976,-2.26321
+1.9979,-2.28479
+1.9983,-2.17376
+1.9987,-1.85549
+1.9991,-1.61717
+1.9996,-1.53652
+1.9999,-1.24382
