+0,-1.32017
+0.00061,-1.5
+0.00987,-1.81499
+0.01015,-2.32541
+0.01067,-2.78393
+0.01092,-3.34055
+0.01989,-3.48444
+0.0201,-3.79053
+0.02062,-3.77314
+0.02079,-3.91138
+0.02108,-4.07231
+0.02146,-4.45283
+0.02196,-4.43034
+0.02233,-4.28667
+0.02271,-4.30002
+0.02308,-4.20235
+0.02346,-4.27103
+0.02396,-4.22081
+0.02433,-4.18471
+0.02471,-4.13796
+0.02509,-4.21721
+0.02545,-4.21738
+0.02596,-4.59707
+0.02633,-4.84719
+0.02671,-4.97562
+0.02708,-4.81283
+0.02746,-4.91768
+0.02796,-5.05332
+0.02833,-5.21582
+0.02872,-5.53104
+0.02909,-5.69424
+0.02945,-5.59541
+0.02996,-5.45929
+0.03034,-5.50786
+0.03071,-5.40658
+0.03108,-5.49026
+0.03145,-5.43337
+0.03196,-5.2109
+0.03233,-5.27594
+0.03272,-5.2745
+0.03319,-5.12273
+0.03346,-5.26446
+0.03396,-5.2041
+0.0344,-5.14309
+0.0349,-5.32528
+0.03534,-5.41643
+0.0356,-5.42635
+0.03608,-5.76286
+0.03646,-6.01687
+0.03673,-5.96216
+0.03709,-6.02475
+0.03746,-6.07617
+0.03796,-6.1854
+0.03833,-6.06807
+0.03871,-6.06933
+0.0391,-6.34111
+0.03946,-6.56388
+0.03995,-6.42065
+0.04034,-6.26912
+0.04071,-6.26105
+0.04109,-6.09256
+0.04146,-6.12582
+0.04196,-6.24319
+0.04233,-6.51842
+0.0427,-6.29278
+0.04321,-6.17447
+0.04358,-6.193
+0.04396,-6.27337
+0.04434,-6.15362
+0.04471,-6.1633
+0.04509,-6.52388
+0.04547,-6.49444
+0.04596,-6.45516
+0.04633,-6.35006
+0.0467,-6.72187
+0.04709,-6.83146
+0.04746,-6.96842
+0.04796,-7.29037
+0.04834,-7.41039
+0.04871,-7.47705
+0.04908,-7.30911
+0.04946,-7.4753
+0.04996,-7.55381
+0.05033,-7.61354
+0.05071,-7.46899
+0.05109,-7.67336
+0.05145,-7.37772
+0.05197,-7.35626
+0.05234,-7.50162
+0.05272,-7.60764
+0.05308,-7.90103
+0.05347,-7.69274
+0.05396,-7.90697
+0.05434,-7.8931
+0.05471,-8.10714
+0.0551,-8.23867
+0.05546,-8.30541
+0.05596,-8.25586
+0.05633,-8.24341
+0.05672,-8.48294
+0.0571,-8.44261
+0.05746,-8.73445
+0.05797,-8.62671
+0.05834,-8.90655
+0.05871,-8.69949
+0.05909,-8.62301
+0.05946,-8.68854
+0.05996,-8.57203
+0.06034,-8.64273
+0.06072,-8.38349
+0.06109,-8.37616
+0.06146,-8.17289
+0.06196,-8.0256
+0.06234,-7.8018
+0.06271,-7.6489
+0.06322,-7.24277
+0.06348,-7.00384
+0.06396,-6.66539
+0.06433,-6.69982
+0.06472,-6.51054
+0.06509,-6.32314
+0.06546,-6.00242
+0.06597,-5.70787
+0.06634,-5.74954
+0.06671,-5.51481
+0.06709,-5.5334
+0.06746,-5.49076
+0.06796,-5.53633
+0.06834,-5.002
+0.06871,-5.07623
+0.06909,-4.90856
+0.06946,-5.20869
+0.06997,-5.2638
+0.07034,-5.0636
+0.07071,-5.34443
+0.07109,-5.36421
+0.07159,-5.44527
+0.07196,-5.5061
+0.07234,-5.686
+0.07278,-5.61429
+0.07309,-5.52049
+0.07347,-5.15345
+0.07397,-5.27346
+0.07434,-5.11202
+0.07471,-4.99274
+0.07509,-4.4941
+0.07547,-4.133
+0.07597,-3.72407
+0.07634,-3.47836
+0.07672,-2.70725
+0.07709,-2.25362
+0.07808,-2.24733
+0.07829,-1.87178
+0.07855,-1.44503
+0.07876,-1.27805
+0.07908,-1.45521
+0.07946,-1.51122
+0.07996,-1.50853
+0.08033,-1.04659
+0.08072,-1.04401
+0.08108,-1.06796
+0.08146,-0.512809
+0.08195,-0.304279
+0.08234,-0.312803
+0.08271,+0.244091
+0.08309,+0.853017
+0.08346,+1.54816
+0.08396,+1.89711
+0.08433,+1.82225
+0.08471,+2.09607
+0.08508,+2.25689
+0.08547,+2.26755
+0.08595,+2.42338
+0.08634,+2.7239
+0.08671,+2.73176
+0.08709,+2.75366
+0.08746,+2.68229
+0.08796,+2.90313
+0.08833,+3.20135
+0.08871,+3.18138
+0.08908,+3.39446
+0.08947,+4.08636
+0.08996,+4.74575
+0.09034,+4.97075
+0.09072,+5.22327
+0.09109,+5.52441
+0.09146,+6.07546
+0.09195,+6.70336
+0.09234,+7.03063
+0.09272,+7.33033
+0.09309,+7.5578
+0.09359,+7.82723
+0.09396,+8.19506
+0.09433,+9.15193
+0.09471,+10.0879
+0.09508,+10.5736
+0.09546,+10.9099
+0.09596,+11.1883
+0.09633,+11.9331
+0.09672,+12.5721
+0.09709,+13.2901
+0.09746,+13.3888
+0.09795,+13.7331
+0.09834,+13.6065
+0.09871,+13.5842
+0.09908,+13.9228
+0.09946,+13.9588
+0.09996,+13.953
+0.10033,+13.9604
+0.10072,+13.9118
+0.10109,+14.0333
+0.10146,+14.4359
+0.10196,+14.2769
+0.10233,+14.45
+0.10271,+14.3876
+0.10308,+14.4891
+0.10345,+14.3914
+0.10396,+14.5228
+0.10434,+14.6534
+0.10471,+14.7144
+0.10509,+14.791
+0.10546,+14.5577
+0.10596,+14.5782
+0.10634,+14.3491
+0.10671,+14.4081
+0.10709,+14.3332
+0.10745,+14.4616
+0.10796,+14.2643
+0.10834,+14.0616
+0.10871,+13.9001
+0.10908,+13.9063
+0.10947,+13.9952
+0.10996,+13.9274
+0.11033,+13.9521
+0.11071,+13.9048
+0.11109,+13.7534
+0.11146,+13.7113
+0.11196,+13.7812
+0.11233,+13.5539
+0.11272,+13.5642
+0.11309,+13.2583
+0.11347,+12.9636
+0.11396,+12.7704
+0.11434,+12.2977
+0.11471,+11.9426
+0.11508,+11.6492
+0.11546,+11.372
+0.11596,+11.0347
+0.11633,+10.6001
+0.11671,+9.89931
+0.11709,+9.50313
+0.11746,+8.99261
+0.11796,+8.67243
+0.11834,+8.6135
+0.11871,+8.06216
+0.11909,+7.78359
+0.11945,+7.32776
+0.11996,+6.81791
+0.12034,+6.44803
+0.12071,+6.62806
+0.12108,+6.32982
+0.12146,+6.02393
+0.12196,+5.65877
+0.12234,+4.94257
+0.12271,+4.68966
+0.12308,+3.80116
+0.12346,+3.40784
+0.12397,+2.80374
+0.12433,+2.31484
+0.12471,+1.14001
+0.12508,+0.35414
+0.12546,-0.0812129
+0.12583,-0.833911
+0.12633,-1.08901
+0.12671,-1.51231
+0.12708,-1.86642
+0.12747,-2.14682
+0.12783,-2.55802
+0.12834,-2.81749
+0.12871,-2.8609
+0.12909,-3.18325
+0.12946,-3.62005
+0.12996,-3.97159
+0.13033,-4.47972
+0.13072,-5.01414
+0.13109,-4.93809
+0.13146,-5.66832
+0.13197,-5.67996
+0.13234,-5.80039
+0.13272,-6.02288
+0.13309,-6.20285
+0.13348,-6.44755
+0.13396,-6.71603
+0.13434,-6.79985
+0.13471,-6.91311
+0.13509,-7.32655
+0.13558,-7.53355
+0.13597,-7.66412
+0.13634,-7.97012
+0.13672,-8.28761
+0.13709,-8.50035
+0.13746,-8.70933
+0.13797,-8.5792
+0.13834,-8.84186
+0.13872,-9.01096
+0.1391,-9.05136
+0.13947,-9.00655
+0.13996,-9.28319
+0.14034,-9.38337
+0.14072,-9.40062
+0.14109,-9.37631
+0.14148,-9.411
+0.14197,-9.40492
+0.14234,-9.09065
+0.14271,-8.85496
+0.14309,-9.08019
+0.14347,-9.12528
+0.14384,-9.22824
+0.14434,-9.27827
+0.14471,-9.04628
+0.14508,-9.20619
+0.14547,-9.21979
+0.14583,-9.03527
+0.14633,-9.28052
+0.14672,-9.32644
+0.14709,-8.97451
+0.14747,-8.81308
+0.14784,-8.56846
+0.14834,-8.46644
+0.14871,-8.35526
+0.14909,-7.9264
+0.14947,-7.88727
+0.14997,-7.94386
+0.15034,-7.73652
+0.15072,-7.55262
+0.15109,-7.50187
+0.15147,-7.37205
+0.15196,-7.27058
+0.15234,-7.04892
+0.15272,-7.10391
+0.15309,-7.10327
+0.15347,-6.63079
+0.15396,-6.57348
+0.15435,-6.20669
+0.15472,-6.20465
+0.15509,-6.07543
+0.15548,-5.91154
+0.15584,-5.46438
+0.15634,-5.36769
+0.15672,-5.07364
+0.1571,-4.80328
+0.15748,-4.73399
+0.15784,-4.53684
+0.15834,-4.46564
+0.15872,-3.72272
+0.15909,-3.37312
+0.15947,-3.17331
+0.15997,-3.14774
+0.16034,-2.77458
+0.16072,-2.50479
+0.16109,-2.18133
+0.16147,-2.24302
+0.16197,-2.09203
+0.16234,-1.93524
+0.16272,-1.83341
+0.1631,-1.79197
+0.16347,-1.61802
+0.16384,-1.33143
+0.16446,-1.0972
+0.16472,-1.07746
+0.16509,-1.17795
+0.16548,-0.947394
+0.16597,-0.933401
+0.16634,-0.403347
+0.16672,-0.799696
+0.16709,-0.775153
+0.16747,-0.705983
+0.16796,-0.922023
+0.16835,-1.1618
+0.16872,-1.16113
+0.16909,-1.11056
+0.16947,-1.03005
+0.16997,-0.792283
+0.17034,-0.851879
+0.17071,-0.645956
+0.17109,-0.608186
+0.17148,-0.640401
+0.17184,-0.465592
+0.17234,-0.400196
+0.17271,-0.241822
+0.1731,-0.117567
+0.17347,-0.0403001
+0.17384,+0.355922
+0.17434,+0.251803
+0.17472,+0.417786
+0.17517,+0.530628
+0.17548,+0.461317
+0.17597,+0.468409
+0.17635,+0.538729
+0.17673,+0.466756
+0.1771,+0.432237
+0.17748,+0.4323
+0.17784,-0.0569271
+0.17835,-0.0975607
+0.17872,-0.083488
+0.17909,+0.0886369
+0.17947,+0.28607
+0.18048,+0.274295
+0.18074,+0.586115
+0.18103,+0.819558
+0.1813,+0.906956
+0.18154,+1.08228
+0.18197,+0.990376
+0.18234,+0.792609
+0.18271,+0.702224
+0.18309,+0.769017
+0.18347,+0.797176
+0.18384,+1.03557
+0.18434,+1.16759
+0.18472,+0.935058
+0.18509,+0.897841
+0.18548,+0.809356
+0.18584,+0.952823
+0.18634,+1.06032
+0.18671,+1.08954
+0.1871,+1.14854
+0.18748,+1.07239
+0.18784,+0.843742
+0.18834,+0.438048
+0.18872,+0.482041
+0.18909,+0.433099
+0.18947,+0.286451
+0.18997,+0.630429
+0.19034,+0.794701
+0.19071,+0.552257
+0.1911,+0.216537
+0.19147,+0.319791
+0.19184,+0.4065
+0.19234,+0.458198
+0.19272,+0.530382
+0.19309,+0.692521
+0.19347,+0.824516
+0.19384,+1.05814
+0.19434,+0.868169
+0.19484,+1.57188
+0.19521,+1.64097
+0.19548,+1.60453
+0.19584,+2.2535
+0.19634,+2.84973
+0.19672,+3.33494
+0.1971,+3.68633
+0.19747,+4.10063
+0.19783,+3.91062
+0.19835,+4.59148
+0.19872,+4.61194
+0.19909,+5.35585
+0.19947,+6.01669
+0.19997,+6.05275
+0.20034,+6.19299
+0.20072,+6.48875
+0.20109,+6.77531
+0.20148,+7.0057
+0.20184,+7.56232
+0.20234,+7.82142
+0.20271,+7.94471
+0.2031,+7.94396
+0.20348,+8.09686
+0.20384,+8.3881
+0.20434,+8.5748
+0.20472,+8.8463
+0.20509,+9.11708
+0.20547,+9.43033
+0.20584,+9.671
+0.20635,+9.85889
+0.20672,+10.3404
+0.20709,+10.495
+0.20747,+10.7157
+0.20784,+10.6268
+0.20834,+10.8534
+0.20873,+10.9933
+0.2091,+11.1239
+0.20947,+11.1099
+0.20997,+11.0286
+0.21035,+11.0263
+0.21072,+11.1698
+0.21109,+11.4749
+0.21148,+11.5794
+0.21197,+11.8149
+0.21234,+12.0124
+0.21273,+11.8455
+0.2131,+12.0045
+0.21347,+12.2226
+0.21384,+12.3183
+0.21435,+12.2236
+0.21472,+12.1684
+0.2151,+11.8913
+0.21547,+11.8968
+0.21585,+11.9105
+0.21635,+11.4933
+0.21672,+11.3899
+0.21709,-7.07437
+0.21748,-6.85959
+0.21784,-6.62175
+0.21834,-6.3671
+0.21872,-6.18594
+0.21909,-6.24289
+0.21947,-5.88301
+0.21997,-5.19515
+0.22035,-5.18199
+0.22072,-4.70458
+0.22109,-4.31658
+0.22146,-3.80688
+0.22184,-3.33283
+0.22235,-3.02744
+0.22272,-2.37536
+0.22309,-1.62283
+0.22347,-1.14344
+0.22384,-0.777814
+0.22434,-0.0197736
+0.22473,+0.255164
+0.22509,+0.44593
+0.2256,+0.610389
+0.22586,+0.887562
+0.22635,+1.23234
+0.22672,+1.49498
+0.2271,+1.64817
+0.22747,+2.00935
+0.22784,+2.2112
+0.22835,+2.44893
+0.22872,+2.84346
+0.2291,+3.51082
+0.22947,+4.00425
+0.22997,+4.39971
+0.23034,+4.77408
+0.23071,+5.26148
+0.2311,+5.77008
+0.23147,+6.20586
+0.23197,+6.61953
+0.23234,+7.05917
+0.23272,+7.36006
+0.23309,+7.65686
+0.23347,+8.00444
+0.23384,+8.32285
+0.23435,+8.65536
+0.23472,+8.97813
+0.2351,+9.17369
+0.23548,+9.46409
+0.23584,+9.6515
+0.23634,+10.0919
+0.23672,+10.1379
+0.23709,+10.2238
+0.23747,+10.3788
+0.23798,+10.6246
+0.23834,+10.8542
+0.23872,+11.0124
+0.2391,+11.1577
+0.23948,+11.3546
+0.23997,+11.3954
+0.24035,+11.0529
+0.24072,+10.969
+0.24109,+10.7831
+0.24147,+10.6962
+0.24185,+10.4783
+0.24235,+10.2078
+0.24272,+9.99459
+0.2431,+9.72006
+0.24347,+9.29436
+0.24386,+8.97064
+0.24435,+8.83562
+0.24472,+8.88762
+0.2451,+8.57741
+0.2456,+8.14091
+0.24586,+7.75587
+0.24634,+7.39098
+0.24672,+6.83723
+0.2471,+6.62386
+0.24747,+6.33571
+0.24784,+6.2397
+0.24835,+6.00685
+0.24873,+5.57438
+0.2491,+5.31184
+0.24947,+5.13976
+0.24998,+4.93281
+0.25035,+4.79663
+0.25072,+4.67834
+0.25109,+4.37525
+0.25147,+4.00201
+0.25184,+3.81714
+0.25234,+3.52093
+0.25273,+3.30455
+0.2531,+3.25358
+0.25348,+2.99383
+0.25385,+2.74784
+0.25435,+2.68132
+0.25473,+2.55218
+0.2551,+2.39731
+0.25547,+2.4789
+0.25584,+2.36685
+0.25634,+2.31949
+0.25673,+2.56779
+0.25709,+2.55576
+0.25747,+3.00831
+0.25785,+3.31342
+0.25835,+3.26907
+0.25872,+3.44089
+0.25911,+3.86321
+0.25948,+4.29753
+0.25997,+4.63722
+0.26034,+5.18781
+0.26073,+5.40071
+0.26109,+5.90579
+0.26148,+5.99095
+0.26184,+6.4287
+0.26235,+6.85235
+0.26272,+7.29946
+0.2631,+7.47261
+0.26347,+7.61661
+0.26385,+7.71221
+0.26435,+7.88364
+0.26472,+8.16313
+0.26511,+8.27381
+0.26548,+8.50233
+0.26585,+8.26592
+0.26634,+8.33949
+0.26673,+8.54183
+0.2671,+8.84891
+0.26748,+9.09535
+0.26784,+9.28759
+0.26835,+9.62102
+0.26873,+9.57482
+0.2691,+9.72213
+0.26948,+10.0928
+0.26984,+10.5354
+0.27035,+10.9211
+0.27073,+11.0277
+0.2711,+11.2189
+0.27147,+11.2775
+0.27185,+11.1531
+0.27234,+10.9717
+0.27272,+11.1588
+0.27309,+11.1409
+0.27348,+10.8025
+0.27384,+10.7876
+0.27434,+10.5872
+0.27472,+10.3652
+0.2751,+10.1363
+0.27548,+9.94645
+0.27597,+9.65625
+0.27634,+9.43989
+0.27673,+9.19802
+0.2771,+8.97111
+0.27747,+8.42176
+0.27786,+7.91994
+0.27835,+7.52471
+0.27872,+7.12806
+0.2791,+6.57984
+0.27948,+5.9389
+0.27985,+5.37425
+0.28035,+4.51806
+0.28073,+3.50642
+0.2811,+2.48802
+0.28148,+1.87164
+0.28184,+1.23752
+0.28288,+0.645278
+0.28315,-0.16766
+0.28333,-1.07104
+0.28353,-1.74002
+0.28384,-2.15345
+0.28434,-2.69589
+0.28472,-3.20964
+0.2851,-3.56654
+0.28547,-3.94709
+0.28584,-4.58252
+0.28647,-5.41418
+0.28673,-5.87639
+0.2871,-6.17923
+0.28748,-6.54295
+0.28784,-6.89969
+0.28834,-7.1472
+0.28872,-7.57309
+0.28909,-7.90345
+0.28947,-8.16649
+0.28996,-8.30624
+0.29034,-8.46691
+0.29072,-8.78203
+0.29109,-9.18834
+0.29146,-9.40579
+0.29184,-9.67285
+0.29234,-9.97127
+0.29272,-9.92468
+0.2931,-10.2075
+0.29347,-10.4466
+0.29384,-10.7086
+0.29435,-10.8453
+0.29472,-10.8011
+0.29509,-10.8847
+0.29547,-10.7006
+0.29583,-10.7113
+0.29635,-10.3757
+0.29673,-9.83067
+0.29709,-9.55235
+0.29746,-9.40214
+0.29784,-8.7911
+0.29834,-8.10011
+0.29872,-7.42425
+0.29909,-7.17794
+0.29947,-6.85298
+0.29984,-6.5309
+0.30034,-6.03331
+0.30072,-5.59816
+0.30109,-4.89915
+0.30147,-4.19982
+0.30185,-4.22494
+0.30234,-3.8778
+0.30272,-3.72681
+0.3031,-2.97328
+0.30347,-2.63873
+0.30384,-1.8843
+0.30434,-1.68223
+0.30473,-1.45258
+0.30509,-1.60862
+0.30547,-1.31927
+0.30584,-0.868713
+0.30635,-0.757096
+0.30672,-0.495539
+0.30709,-0.0344034
+0.30747,+0.234947
+0.30785,+0.409727
+0.30834,+0.68524
+0.30872,+0.685852
+0.30909,+1.39463
+0.30947,+1.70647
+0.30997,+1.77198
+0.31034,+1.98939
+0.31072,+2.21536
+0.3111,+2.05387
+0.31148,+2.18157
+0.31184,+2.2899
+0.31234,+2.26688
+0.31272,+2.39015
+0.3131,+2.35575
+0.31347,+2.30574
+0.31384,+2.15394
+0.31434,+2.13213
+0.31472,+2.20456
+0.3151,+2.28264
+0.31547,+1.90475
+0.31584,+1.82467
+0.31634,+1.88703
+0.31685,+1.83403
+0.31711,+1.65824
+0.31747,+1.64808
+0.31785,+1.88721
+0.31835,+1.54301
+0.31872,+1.23632
+0.31909,+1.24927
+0.31947,+1.3542
+0.31985,+1.45379
+0.32035,+1.19711
+0.32072,+1.1567
+0.32109,+1.0143
+0.32148,+0.820239
+0.32185,+0.71602
+0.32235,+1.06497
+0.32272,+1.09021
+0.32309,+1.02951
+0.32347,+0.974917
+0.32385,+0.418444
+0.32434,+0.235247
+0.32473,+0.153
+0.3251,-0.106309
+0.32547,-0.0945021
+0.32584,+0.108199
+0.32635,+0.0278896
+0.32673,+0.0767897
+0.3271,+0.102411
+0.32747,+0.396038
+0.32785,+0.941146
+0.32834,+1.3736
+0.32873,+1.5165
+0.3291,+1.98077
+0.32947,+2.11112
+0.32984,+2.22002
+0.33035,+2.08743
+0.33071,+2.17995
+0.3311,+2.24701
+0.33147,+2.25287
+0.33184,+2.17118
+0.33235,+2.13714
+0.33272,+2.16233
+0.3331,+2.05593
+0.33347,+1.74987
+0.33386,+1.80154
+0.33434,+1.94085
+0.33472,+2.02365
+0.33509,+1.7646
+0.33547,+1.42538
+0.33584,+1.18407
+0.33634,+0.913604
+0.33686,+0.417665
+0.33712,+0.0237861
+0.33748,+0.299005
+0.33785,-0.170298
+0.33834,-0.670063
+0.33871,-1.36564
+0.3391,-1.67347
+0.33947,-1.60259
+0.33985,-1.88164
+0.34037,-1.96148
+0.34073,-2.18174
+0.3411,-2.05617
+0.34147,-2.44189
+0.34184,-2.63301
+0.34234,-2.55428
+0.34273,-2.54676
+0.3431,-2.50106
+0.34347,-2.81698
+0.34384,-2.85629
+0.34435,-3.12802
+0.34473,-3.2256
+0.3451,-3.5525
+0.34548,-4.35305
+0.34586,-5.18918
+0.34636,-5.44196
+0.34672,-6.2219
+0.34709,-6.591
+0.34748,-7.25803
+0.34785,-7.83545
+0.34834,-8.30949
+0.34873,-8.84438
+0.3491,-9.45181
+0.34947,-9.74376
+0.34985,-9.58336
+0.35034,-10.2654
+0.35085,-10.3542
+0.35111,-10.7748
+0.35148,-11.1009
+0.35184,-11.4959
+0.35235,-11.9393
+0.35273,-12.1427
+0.3531,-12.3236
+0.35347,-12.256
+0.35384,-12.566
+0.35435,-12.6062
+0.35473,-12.1729
+0.3551,-12.1426
+0.35547,-11.9534
+0.35585,-11.6312
+0.35635,-11.3234
+0.35674,-11.0876
+0.35711,-10.864
+0.35749,-10.4826
+0.35785,-10.1516
+0.35835,-9.73294
+0.35872,-9.68397
+0.3591,-9.42569
+0.35947,-8.86799
+0.35985,-8.1143
+0.36035,-7.6911
+0.36073,-7.09571
+0.3611,-6.17126
+0.36148,-5.68231
+0.36185,-4.85199
+0.36235,-3.86619
+0.36273,-2.97638
+0.3631,-1.92604
+0.36348,-1.28126
+0.36385,-0.869727
+0.36435,-0.00042189
+0.36473,+0.882169
+0.3651,+1.40562
+0.36548,+2.1572
+0.36584,+2.72053
+0.36635,+3.0869
+0.36673,+3.52565
+0.3671,+3.86285
+0.36759,+4.43144
+0.36798,+4.90213
+0.36835,+5.09508
+0.36873,+5.34531
+0.3691,+5.62825
+0.36948,+5.78829
+0.36985,+6.18108
+0.37035,+6.28654
+0.37072,+6.43902
+0.3711,+6.51289
+0.37147,+6.4926
+0.37185,+6.46555
+0.37235,+6.64093
+0.37272,+6.60401
+0.3731,+6.60302
+0.37348,+6.65897
+0.37385,+6.44942
+0.37435,+6.33653
+0.37473,+5.99937
+0.3751,+5.88108
+0.37547,+5.3387
+0.37584,+5.0505
+0.37635,+4.78024
+0.37673,+4.48506
+0.3771,+3.57182
+0.37747,+2.80724
+0.37785,+2.02609
+0.37835,+1.13361
+0.37873,+0.440731
+0.3791,-0.410709
+0.37947,-1.00434
+0.37985,-1.69212
+0.38035,-2.58014
+0.38073,-3.54477
+0.38111,-3.91347
+0.38148,-4.53194
+0.38185,-5.04294
+0.38235,-5.37503
+0.38273,-5.82012
+0.3831,-6.59425
+0.38348,-7.15054
+0.38385,-7.85616
+0.38435,-8.35339
+0.38528,-8.94447
+0.38552,-9.55895
+0.3858,-9.97297
+0.38609,-10.4499
+0.38636,-11.094
+0.38672,-11.8023
+0.3871,-12.0639
+0.38748,-12.2909
+0.38784,-12.5981
+0.38834,-13.0599
+0.38873,-13.3028
+0.3891,-13.6428
+0.38947,-13.9023
+0.38985,-14.3451
+0.39035,-14.5842
+0.39072,-14.6764
+0.3911,-14.9071
+0.39147,-15.1221
+0.39185,-15.3992
+0.39222,-15.5477
+0.39273,-15.6993
+0.39309,-15.7187
+0.39347,-15.7875
+0.39385,-15.6462
+0.39422,-15.6288
+0.39472,-15.6293
+0.3951,-15.6404
+0.39547,-15.5195
+0.39585,-15.3603
+0.39622,-15.2425
+0.39673,-15.0988
+0.3971,-14.8911
+0.39747,-14.5611
+0.39797,-14.4796
+0.39835,-14.2724
+0.39872,-13.9633
+0.39911,-13.685
+0.39948,-13.5381
+0.39998,-13.3112
+0.40035,-12.9616
+0.40073,-12.5902
+0.4011,-12.1909
+0.40147,-12.0028
+0.40184,-11.6627
+0.40235,-10.8454
+0.40273,-10.2922
+0.4031,-9.73367
+0.40348,-8.91757
+0.40386,-8.42463
+0.40434,-7.54929
+0.40472,-7.2687
+0.4051,-6.46204
+0.40548,-5.75139
+0.40586,-5.2214
+0.40635,-4.7777
+0.40673,-4.2547
+0.4071,-3.52441
+0.40748,-3.3168
+0.40785,-2.58167
+0.40835,-2.47931
+0.40873,-1.61453
+0.4091,-1.45602
+0.40947,-1.52831
+0.40985,-0.882595
+0.41035,-1.17061
+0.41072,-0.850517
+0.4111,-0.828455
+0.41148,-0.500292
+0.41184,-0.695569
+0.41236,-0.439946
+0.41273,-0.420094
+0.4131,-0.270272
+0.41348,+0.171665
+0.41386,+0.224538
+0.41435,+0.69761
+0.41473,+0.661043
+0.41511,+0.784396
+0.41548,+0.7607
+0.41585,+1.13022
+0.41635,+1.13411
+0.41673,+1.09954
+0.41711,+8.08589
+0.41748,+8.30365
+0.41797,+8.23738
+0.41835,+8.32806
+0.41873,+8.30551
+0.4191,+8.13286
+0.41947,+8.35259
+0.41985,+8.57769
+0.42035,+8.82575
+0.42073,+8.29482
+0.4211,+8.62885
+0.42148,+8.5014
+0.42186,+8.81219
+0.42235,+8.66192
+0.42272,+8.21513
+0.4231,+8.52351
+0.42347,+8.18624
+0.42385,+8.09573
+0.42422,+7.94808
+0.42473,+8.42061
+0.4251,+7.97298
+0.42547,+7.86776
+0.42586,+7.86971
+0.42623,+7.65061
+0.42674,+7.85165
+0.42711,+7.76493
+0.42748,+7.69676
+0.42787,+7.80692
+0.42836,+7.7488
+0.42873,+7.65674
+0.4291,+8.00492
+0.42947,+8.06711
+0.42985,+8.04523
+0.43035,+7.82978
+0.43073,+7.57179
+0.4311,+7.11557
+0.43148,+7.24126
+0.43186,+6.99596
+0.43235,+6.80074
+0.43276,+6.93569
+0.43314,+6.52654
+0.43351,+6.32508
+0.43389,+5.83841
+0.4344,+6.34261
+0.43476,+6.33051
+0.43515,+6.39907
+0.43551,+6.244
+0.4359,+5.71933
+0.43626,+5.72035
+0.43677,+5.26171
+0.43715,+5.28321
+0.43752,+5.79724
+0.43788,+6.11262
+0.43839,+6.19325
+0.43876,+6.48455
+0.43914,+6.23831
+0.43952,+6.49138
+0.43988,+6.88596
+0.44027,+6.60751
+0.44076,+6.35875
+0.44114,+6.14488
+0.44153,+5.63555
+0.4419,+5.62662
+0.44227,+5.3592
+0.4428,+5.08616
+0.44314,+5.30934
+0.44352,+4.77551
+0.4439,+4.54902
+0.44427,+4.88392
+0.44477,+5.42287
+0.44513,+6.00419
+0.44549,+6.43503
+0.44588,+6.20958
+0.44624,+6.35803
+0.44676,+6.5719
+0.44714,+6.76474
+0.44751,+7.31124
+0.4479,+7.67987
+0.44841,+7.81855
+0.44877,+7.74388
+0.44914,+7.29141
+0.44951,+7.3811
+0.44988,+7.85253
+0.45041,+7.88602
+0.45077,+7.45634
+0.45116,+7.70536
+0.45151,+7.4047
+0.45191,+7.62314
+0.4524,+7.52202
+0.45277,+7.52089
+0.45314,+7.70539
+0.45352,+7.4452
+0.4539,+7.36786
+0.45425,+7.12608
+0.45475,+7.49827
+0.45512,+7.21631
+0.4555,+7.20913
+0.45587,+7.02111
+0.45625,+7.18229
+0.45677,+7.1684
+0.45714,+7.28074
+0.45751,+7.2907
+0.45788,+7.07209
+0.45826,+7.06689
+0.45891,+7.06538
+0.45919,+7.1956
+0.45952,+6.92555
+0.4599,+6.41231
+0.46041,+6.36245
+0.46075,+6.18112
+0.46114,+6.06804
+0.46151,+5.84811
+0.4619,+5.91607
+0.46227,+6.22238
+0.46279,+5.826
+0.46315,+5.59786
+0.46352,+5.73892
+0.4639,+6.30147
+0.46427,+6.06613
+0.46478,+5.9782
+0.46514,+5.73058
+0.46553,+5.83895
+0.46589,+5.37578
+0.46625,+5.23654
+0.46676,+5.44729
+0.46712,+5.32592
+0.4675,+5.60409
+0.46789,+5.5002
+0.46827,+5.18399
+0.46877,+5.29844
+0.46915,+5.54736
+0.4695,+5.52828
+0.46989,+5.81028
+0.47026,+5.56498
+0.47078,+5.6325
+0.47114,+5.62517
+0.47152,+5.32855
+0.4719,+5.23601
+0.47226,+5.35232
+0.47277,+5.26274
+0.47313,+5.11007
+0.47353,+5.20828
+0.4739,+5.37482
+0.47427,+5.29093
+0.47477,+5.28724
+0.47515,+5.23922
+0.47552,+5.29155
+0.4759,+5.04696
+0.47627,+5.07937
+0.47678,+5.02064
+0.47715,+5.01445
+0.4775,+4.62591
+0.47787,+4.34271
+0.47824,+4.2121
+0.47876,+4.16781
+0.47914,+3.96021
+0.47952,+3.6161
+0.4799,+3.51531
+0.48026,+3.36062
+0.48078,+3.1776
+0.48114,+2.80575
+0.48151,+2.66545
+0.4819,+2.5316
+0.48226,+2.20365
+0.48278,+2.01273
+0.48314,+1.62124
+0.48351,+1.47498
+0.4839,+1.49598
+0.48426,+1.02354
+0.48479,+0.804439
+0.48515,+0.6285
+0.48552,+0.293139
+0.4859,-0.109704
+0.48627,-0.403357
+0.48678,-1.1079
+0.48768,-1.32202
+0.48786,-1.7547
+0.48805,-2.48622
+0.48825,-2.87036
+0.48889,-3.43983
+0.48916,-3.92258
+0.48949,-4.4871
+0.4899,-4.75982
+0.49026,-5.08587
+0.49075,-5.41321
+0.4911,-5.79261
+0.49148,-5.89949
+0.49186,-6.33711
+0.49223,-6.18241
+0.49273,-6.30063
+0.4931,-6.52681
+0.49348,-6.3864
+0.49397,-6.49126
+0.49426,-6.56133
+0.49474,-6.4755
+0.49511,-6.23741
+0.49548,-6.2765
+0.49586,-6.17079
+0.49635,-6.43928
+0.49673,-6.74828
+0.49711,-6.68745
+0.49748,-6.81174
+0.49785,-6.70642
+0.49823,-6.47353
+0.49874,-6.63976
+0.49923,-6.76853
+0.49949,-6.81975
+0.49985,-6.66603
+0.50036,-6.61595
+0.50074,-6.19678
+0.50111,-5.97175
+0.50148,-6.03762
+0.50186,-6.24966
+0.50223,-6.34586
+0.50273,-6.20717
+0.5031,-6.18871
+0.50348,-6.18818
+0.50386,-6.21418
+0.50423,-6.31043
+0.50473,-6.26451
+0.5051,-6.47496
+0.50548,-6.31416
+0.50586,-6.25057
+0.50623,-6.29416
+0.50673,-6.18717
+0.50711,-6.15093
+0.50748,-6.11012
+0.50786,-6.18622
+0.50823,-5.91066
+0.50874,-6.03943
+0.50911,-5.7366
+0.50948,-5.46446
+0.50985,-5.19719
+0.51023,-4.8836
+0.51073,-4.90465
+0.5111,-4.72748
+0.51149,-4.61613
+0.51186,-4.19669
+0.51223,-4.08153
+0.51274,-3.8548
+0.51311,-3.78276
+0.51348,-4.29588
+0.51385,-4.13248
+0.51424,-4.07398
+0.51473,-3.81988
+0.5151,-3.7217
+0.51548,-3.80773
+0.51586,-4.16205
+0.51623,-4.09632
+0.51673,-4.27741
+0.5171,-3.9831
+0.51748,-3.49109
+0.51785,-3.59783
+0.51824,-3.5888
+0.51874,-3.63574
+0.51911,-3.23396
+0.51961,-2.90556
+0.51988,-2.71979
+0.52022,-2.93874
+0.52074,-2.60688
+0.52111,-2.75106
+0.52148,-2.63576
+0.52185,-2.7089
+0.52223,-2.6664
+0.52273,-2.54118
+0.5231,-2.9109
+0.52349,-2.99425
+0.52385,-2.75572
+0.52423,-2.2963
+0.52474,-2.22298
+0.52511,-2.00071
+0.52548,-1.76146
+0.52586,-1.11102
+0.52624,-0.706441
+0.52673,-0.588166
+0.52711,-0.46557
+0.52749,-0.258674
+0.52787,-0.153086
+0.52823,-0.178668
+0.52873,+0.10957
+0.52911,-0.146241
+0.52949,-0.174898
+0.52986,-0.507669
+0.53023,-0.543191
+0.53073,-0.311403
+0.53111,-0.31482
+0.53149,-0.545452
+0.53186,-0.171683
+0.53223,-0.142212
+0.53274,-0.110092
+0.53311,+0.280826
+0.53348,+0.26947
+0.53386,+0.385578
+0.53424,+0.260457
+0.53473,-0.182188
+0.53511,-0.142238
+0.53548,+0.286581
+0.53586,-0.014609
+0.53624,+0.111598
+0.53673,-0.283045
+0.53712,-0.464189
+0.53749,-0.482011
+0.53786,-0.753431
+0.53823,-1.01714
+0.53873,-0.609395
+0.53911,-0.65468
+0.53949,-1.34205
+0.53985,-1.84805
+0.54024,-2.7557
+0.54074,-2.62777
+0.54111,-2.95529
+0.54148,-3.24573
+0.54186,-3.46714
+0.54224,-3.65834
+0.54273,-4.38943
+0.54311,-4.71868
+0.54348,-4.83907
+0.54386,-5.21958
+0.54423,-4.90776
+0.54473,-5.31464
+0.54516,-5.75844
+0.54549,-6.19275
+0.54586,-6.48598
+0.54623,-6.95394
+0.54662,-7.24487
+0.54711,-7.74999
+0.54748,-7.91041
+0.54786,-8.04195
+0.54823,-8.63941
+0.54874,-8.91272
+0.54911,-9.35419
+0.54949,-9.77165
+0.54999,-10.2909
+0.55036,-10.7474
+0.55073,-10.5735
+0.55113,-10.7793
+0.55149,-11.4487
+0.55187,-11.4232
+0.55223,-11.7896
+0.55274,-12.345
+0.55311,-12.5486
+0.55349,-12.7804
+0.55386,-12.6731
+0.55423,-12.1929
+0.55462,-12.458
+0.55513,-12.5453
+0.55549,-12.6185
+0.55586,-12.7902
+0.55623,-12.7092
+0.55674,-12.5288
+0.55711,-12.2706
+0.55749,-11.9154
+0.55787,-12.0878
+0.55824,-12.4464
+0.55874,-13.0164
+0.55911,-13.0246
+0.55948,-13.1959
+0.55986,-13.4722
+0.56023,-14.0068
+0.56075,-14.0721
+0.56112,-14.685
+0.56149,-15.2643
+0.56187,-15.6164
+0.56223,-16.2856
+0.56274,-16.4882
+0.56311,-17.021
+0.56348,-16.9938
+0.56387,-16.9338
+0.56424,-16.757
+0.56474,-16.5603
+0.56512,-15.9918
+0.56549,-15.5205
+0.56587,-15.3417
+0.56623,-15.2201
+0.56674,-14.6833
+0.56712,-14.1649
+0.56748,-13.6771
+0.56787,-14.1648
+0.56824,-13.7632
+0.56874,-14.3413
+0.56911,-14.4237
+0.56949,-14.844
+0.56999,-14.695
+0.57023,-14.7583
+0.57075,-14.6531
+0.57111,-15.1511
+0.57149,-15.2214
+0.57186,-14.4664
+0.57224,-14.9227
+0.57274,-14.5954
+0.57311,-14.4713
+0.57348,-14.1096
+0.57387,-14.1621
+0.57424,-13.7498
+0.57473,-14.1101
+0.57512,-14.168
+0.57549,-14.4895
+0.57586,-15.1587
+0.57624,-15.3547
+0.57674,-15.4839
+0.57711,-15.9611
+0.57749,-15.9619
+0.57786,-16.547
+0.57823,-16.8676
+0.57874,-16.6135
+0.57912,-15.935
+0.57949,-15.631
+0.57988,-15.4981
+0.58024,-14.9678
+0.58074,-14.8211
+0.58111,-14.7522
+0.58149,-14.8541
+0.58187,-14.5439
+0.58224,-14.1893
+0.58274,-14.6498
+0.58311,-14.8028
+0.58349,-14.8411
+0.58387,-14.6843
+0.58424,-14.5364
+0.58478,-14.424
+0.58512,-14.0696
+0.58549,-13.7024
+0.58586,-13.3708
+0.58625,-13.0535
+0.58661,-12.734
+0.58711,-12.4107
+0.58749,-12.3183
+0.58786,-11.9025
+0.58824,-11.6813
+0.58874,-11.4527
+0.58911,-11.3737
+0.59008,-11.3835
+0.59033,-11.0807
+0.59073,-10.9036
+0.59112,-10.6001
+0.59149,-10.6896
+0.59186,-10.3287
+0.59223,-10.2281
+0.59274,-10.002
+0.59311,-9.75566
+0.59349,-9.53656
+0.59386,-9.43625
+0.59424,-9.214
+0.59473,-9.01559
+0.59511,-8.69171
+0.59549,-8.81585
+0.59587,-8.6962
+0.59623,-8.93839
+0.59674,-8.7772
+0.59711,-8.80268
+0.59749,-8.49892
+0.59786,-8.35554
+0.59823,-8.37004
+0.59874,-8.86022
+0.59911,-8.78942
+0.59948,-8.26428
+0.59986,-8.21325
+0.60036,-7.6893
+0.60074,-7.98179
+0.60111,-8.23333
+0.60149,-8.47375
+0.60186,-8.41635
+0.60223,-8.36067
+0.60274,-7.95747
+0.60311,-8.06904
+0.60349,-8.31761
+0.60387,-8.33929
+0.60424,-8.4808
+0.60474,-8.3362
+0.60511,-8.54452
+0.60549,-8.64375
+0.60587,-8.94979
+0.60624,-9.05391
+0.60673,-9.1821
+0.60712,-9.1678
+0.60749,-9.37875
+0.60786,-9.83505
+0.60823,-10.1961
+0.60874,-10.6044
+0.60911,-10.5519
+0.60948,-10.6301
+0.60986,-10.7741
+0.61024,-10.9465
+0.61073,-11.1579
+0.61112,-11.5411
+0.61149,-11.6709
+0.61186,-11.7552
+0.61224,-11.4821
+0.61274,-11.1724
+0.61311,-11.272
+0.61349,-11.4325
+0.61387,-11.6023
+0.61424,-11.8226
+0.61474,-12.0771
+0.61512,-12.1435
+0.61549,-12.0021
+0.61586,-12.0738
+0.61623,-12.2603
+0.61674,-12.6013
+0.61711,-12.5092
+0.61748,+23.3042
+0.61787,+23.3405
+0.61824,+23.5949
+0.61862,+23.607
+0.61911,+23.6224
+0.61948,+23.7214
+0.61986,+23.6884
+0.62023,+23.9104
+0.62075,+24.0911
+0.62112,+24.1513
+0.62149,+24.2123
+0.62186,+24.2018
+0.62224,+24.3202
+0.62274,+24.1152
+0.62311,+24.329
+0.62348,+24.4947
+0.62387,+24.503
+0.62425,+24.6203
+0.62475,+24.5144
+0.62511,+24.4846
+0.62549,+24.6292
+0.62586,+24.8655
+0.62625,+24.8063
+0.62662,+25.1721
+0.62711,+25.0725
+0.62749,+25.1393
+0.62787,+25.1172
+0.62824,+24.8511
+0.62874,+25.0366
+0.62911,+25.272
+0.62949,+25.0976
+0.62987,+25.2255
+0.63024,+25.2203
+0.63075,+25.1812
+0.63112,+25.07
+0.63149,+24.8156
+0.63186,+24.8774
+0.63224,+24.7749
+0.63274,+24.6149
+0.63311,+24.4684
+0.63349,+24.199
+0.63387,+23.9498
+0.63424,+23.924
+0.63462,+23.8294
+0.63512,+23.8781
+0.63549,+24.1169
+0.63587,+23.7684
+0.63623,+23.8453
+0.63675,+23.8393
+0.63712,+23.7746
+0.63749,+24.0568
+0.63787,+23.8857
+0.63825,+23.2832
+0.63873,+23.3461
+0.63912,+23.2344
+0.63949,+22.8966
+0.63986,+22.9781
+0.64024,+22.9265
+0.64061,+22.6555
+0.64124,+22.2867
+0.64148,+22.0916
+0.64187,+21.9516
+0.64224,+21.9731
+0.64261,+20.9174
+0.64311,+20.8094
+0.64349,+20.9631
+0.64386,+20.6627
+0.64425,+19.9666
+0.64462,+19.6064
+0.64512,+18.9771
+0.64549,+18.3547
+0.64587,+17.6163
+0.64625,+17.7856
+0.64661,+18.4237
+0.64711,+18.222
+0.64756,+17.2843
+0.64787,+16.7855
+0.64824,+17.3332
+0.64862,+17.0543
+0.64912,+16.9942
+0.64949,+17.2753
+0.64999,+17.7336
+0.65037,+17.0628
+0.65063,+16.2512
+0.65112,+16.2028
+0.65149,+16.0386
+0.65186,+15.8761
+0.65225,+15.0696
+0.65276,+15.0131
+0.65312,+15.0628
+0.6535,+14.5022
+0.65387,+13.8792
+0.65424,+13.8552
+0.65474,+13.6893
+0.65512,+13.6912
+0.65549,+13.8045
+0.65586,+13.8917
+0.65624,+13.619
+0.65662,+13.5168
+0.65712,+13.8254
+0.6575,+14.3634
+0.65787,+14.1772
+0.65825,+13.9458
+0.65861,+14.1557
+0.65911,+13.3373
+0.6595,+13.1618
+0.65987,+13.0611
+0.66025,+13.1859
+0.66075,+13.0584
+0.66112,+13.1791
+0.66149,+12.3492
+0.66186,+12.2846
+0.66224,+12.457
+0.66274,+12.2027
+0.66311,+12.3082
+0.66349,+12.5002
+0.66387,+12.3165
+0.66425,+12.773
+0.66462,+12.5413
+0.66512,+11.6113
+0.66549,+11.5406
+0.66587,+11.4297
+0.66625,+11.1363
+0.66662,+11.0344
+0.66711,+10.7205
+0.6675,+10.192
+0.66787,+10.1377
+0.66825,+9.34683
+0.66875,+9.35208
+0.66912,+9.22643
+0.66949,+9.035
+0.66988,+8.98204
+0.67025,+8.77324
+0.67062,+8.55951
+0.67125,+8.47691
+0.67152,+9.03774
+0.67187,+8.63608
+0.67225,+9.14464
+0.67262,+8.7853
+0.67312,+8.84002
+0.6735,+8.62418
+0.67387,+8.19919
+0.67424,+8.00642
+0.67462,+7.83402
+0.67512,+7.73978
+0.67549,+7.0291
+0.67587,+6.99571
+0.67624,+6.32424
+0.67662,+6.28347
+0.67711,+5.98313
+0.6775,+6.00083
+0.67787,+6.84545
+0.67825,+6.75857
+0.67862,+6.67757
+0.67912,+6.88743
+0.67949,+6.68969
+0.67988,+7.09193
+0.68025,+6.9817
+0.68062,+7.54953
+0.68113,+7.80044
+0.6815,+8.12786
+0.68187,+7.32592
+0.68224,+6.98675
+0.68262,+7.40696
+0.68312,+7.51419
+0.68349,+7.69804
+0.68387,+7.90088
+0.68425,+8.00793
+0.68462,+7.53577
+0.68513,+7.83331
+0.68549,+7.98175
+0.68587,+8.47696
+0.68624,+9.1485
+0.68661,+9.11754
+0.68718,+9.01676
+0.6875,+9.65762
+0.68787,+9.79454
+0.68824,+10.0747
+0.68863,+10.618
+0.68927,+10.8991
+0.68952,+10.8175
+0.68987,+10.8457
+0.69025,+11.497
+0.69063,+11.9491
+0.69113,+12.2905
+0.6915,+12.474
+0.69249,+12.5976
+0.69266,+13.081
+0.69312,+12.9596
+0.69349,+13.2323
+0.69388,+13.779
+0.69425,+14.191
+0.69462,+14.2132
+0.69512,+14.424
+0.6955,+14.3689
+0.69587,+14.4381
+0.69625,+14.6314
+0.69662,+14.6864
+0.69712,+15.2349
+0.6975,+14.8743
+0.69787,+14.9582
+0.69825,+15.1155
+0.69863,+14.5868
+0.69912,+14.0142
+0.6995,+13.8065
+0.69987,+13.7749
+0.70026,+13.7862
+0.70062,+13.7875
+0.70112,+13.6581
+0.70149,+13.2784
+0.70201,+12.4064
+0.70227,+11.5062
+0.70261,+11.425
+0.70312,+11.2238
+0.7035,+10.9245
+0.70387,+10.1704
+0.70425,+9.30883
+0.70475,+8.63782
+0.70512,+7.71813
+0.7055,+7.61369
+0.70587,+7.57359
+0.70624,+8.11736
+0.70663,+7.89165
+0.70712,+7.50637
+0.70749,+7.40275
+0.70787,+7.49355
+0.70825,+7.27325
+0.70862,+6.87875
+0.70912,+6.6127
+0.7095,+6.22403
+0.70987,+5.78053
+0.71025,+4.64134
+0.71062,+4.16
+0.71112,+3.85942
+0.71149,+3.34448
+0.71187,+2.48982
+0.71225,+2.05074
+0.71262,+1.6135
+0.71313,+1.32221
+0.7135,+0.719023
+0.71388,+0.0840235
+0.71425,-0.0310981
+0.71462,-0.584387
+0.71512,-1.03214
+0.7155,-1.27824
+0.71587,-1.70832
+0.71624,-2.21424
+0.71662,-2.64482
+0.71712,-3.34633
+0.71749,-3.72749
+0.71788,-3.95281
+0.71825,-4.49425
+0.71862,-4.86834
+0.71913,-5.26412
+0.7195,-5.70449
+0.71987,-5.76042
+0.72024,-6.20569
+0.72062,-6.69754
+0.72113,-6.62357
+0.7215,-6.95804
+0.72187,-7.15252
+0.72226,-7.57861
+0.72262,-7.77386
+0.72312,-7.84441
+0.72349,-8.10818
+0.72387,-8.80964
+0.72424,-8.77231
+0.72462,-9.00677
+0.72513,-9.7567
+0.7255,-10.0532
+0.72587,-10.3521
+0.72626,-10.6806
+0.72662,-11.0073
+0.72712,-11.3049
+0.7275,-11.7778
+0.72788,-11.7874
+0.72825,-11.9972
+0.72862,-12.3063
+0.72912,-12.0556
+0.7295,-12.0904
+0.72987,-12.3642
+0.73025,-12.4584
+0.73063,-12.298
+0.73113,-12.567
+0.7315,-12.66
+0.73187,-12.609
+0.73237,-12.7568
+0.73276,-12.6164
+0.73312,-12.8447
+0.7335,-12.9328
+0.73387,-12.8024
+0.73424,-12.5905
+0.73462,-12.736
+0.73513,-12.6505
+0.7355,-12.3007
+0.73587,-12.4124
+0.73625,-12.2775
+0.73663,-11.9356
+0.73712,-11.7826
+0.7375,-11.1583
+0.73788,-11.0072
+0.73825,-10.6491
+0.73862,-10.4619
+0.73912,-10.1034
+0.7395,-9.64666
+0.73988,-9.13786
+0.74024,-8.93358
+0.74063,-8.76459
+0.74112,-8.40258
+0.7415,-8.6407
+0.74187,-8.42636
+0.74225,-8.46804
+0.74262,-8.08421
+0.74312,-7.8766
+0.74349,-8.05394
+0.74388,-8.12508
+0.74425,-7.79364
+0.74463,-7.77347
+0.74513,-7.66639
+0.7455,-7.42773
+0.74587,-7.24371
+0.74625,-6.90319
+0.74663,-6.99639
+0.74713,-6.84469
+0.7475,-6.69239
+0.74788,-6.4622
+0.74825,-6.64326
+0.74863,-6.57557
+0.74912,-6.54945
+0.7495,-6.18689
+0.74996,-6.12174
+0.75026,-6.37836
+0.75063,-6.34191
+0.75113,-6.38115
+0.7515,-6.39473
+0.75188,-6.30787
+0.75238,-6.07611
+0.75277,-5.72863
+0.75312,-5.55244
+0.7535,-5.55052
+0.75388,-5.66805
+0.75425,-5.76235
+0.75463,-5.80439
+0.75512,-5.87153
+0.75549,-5.68869
+0.75589,-6.07126
+0.75626,-6.41744
+0.75663,-6.44086
+0.75713,-6.40982
+0.7575,-6.79379
+0.75787,-6.66017
+0.75826,-6.42983
+0.75863,-5.99839
+0.75913,-6.13589
+0.75951,-6.45877
+0.75988,-6.48595
+0.76039,-6.57172
+0.76075,-7.11746
+0.76112,-7.33023
+0.76151,-7.35488
+0.76187,-7.71496
+0.76228,-7.81154
+0.76264,-8.30101
+0.76313,-8.41402
+0.7635,-8.73388
+0.76388,-8.70366
+0.76425,-8.63481
+0.76463,-8.55533
+0.76512,-8.6239
+0.7655,-8.79604
+0.76588,-8.24201
+0.76626,-8.10862
+0.76662,-7.93773
+0.76713,-7.86831
+0.7675,-7.51716
+0.76788,-6.96943
+0.76825,-7.03753
+0.76863,-6.52241
+0.76912,-6.25908
+0.76952,-5.93309
+0.76988,-5.91114
+0.77025,-5.77057
+0.77063,-5.75893
+0.77113,-5.54138
+0.7715,-5.44075
+0.77188,-5.51336
+0.77226,-5.15296
+0.77263,-5.17479
+0.77313,-5.11049
+0.77351,-4.92481
+0.77387,-4.87532
+0.77425,-4.85732
+0.77463,-4.56149
+0.77513,-4.26036
+0.7755,-3.32028
+0.77587,-3.3197
+0.77626,-3.08869
+0.77663,-2.37589
+0.77712,-2.1346
+0.77751,-1.88221
+0.77788,-1.48931
+0.77825,-1.27104
+0.77862,-1.02385
+0.77913,-0.240532
+0.7795,-0.452012
+0.77988,-0.268048
+0.78025,+0.142752
+0.78064,+0.121438
+0.78113,+0.588499
+0.7815,+1.1711
+0.78188,+1.27158
+0.78226,+1.84836
+0.78275,+2.04296
+0.78312,+2.17944
+0.78351,+2.58647
+0.78388,+3.10157
+0.78425,+3.14821
+0.78462,+3.51221
+0.78513,+3.78979
+0.7855,+3.92811
+0.78587,+4.55845
+0.78626,+4.91391
+0.78663,+5.62459
+0.78713,+5.67749
+0.7875,+5.79103
+0.78788,+6.27766
+0.78826,+6.77245
+0.78863,+6.70859
+0.78913,+7.00988
+0.78959,+6.6303
+0.78988,+6.32564
+0.79026,+6.06252
+0.79062,+5.61823
+0.79113,+5.15107
+0.7915,+5.05237
+0.79188,+4.98573
+0.79225,+4.95959
+0.79263,+4.5828
+0.79326,+4.32276
+0.79351,+4.25753
+0.79387,+4.25664
+0.79488,+3.90552
+0.79506,+3.65109
+0.79529,+3.5821
+0.79555,+3.21777
+0.79588,+2.57795
+0.79626,+2.09962
+0.79662,+1.93816
+0.79713,+1.26483
+0.7975,+1.05929
+0.79787,+0.56245
+0.79825,+0.415704
+0.79863,+0.377704
+0.79913,+0.0804415
+0.7995,-0.187323
+0.79988,-0.293517
+0.80026,-0.623381
+0.80064,-0.837271
+0.80112,-0.970867
+0.8015,-1.17846
+0.80187,-1.58985
+0.80226,-2.00773
+0.80262,-2.57509
+0.80312,-2.66992
+0.8035,-3.13695
+0.80388,-3.6652
+0.80425,-3.90191
+0.80463,-4.31463
+0.80513,-4.79549
+0.8055,-5.14468
+0.80587,-5.44592
+0.80626,-5.27057
+0.80663,-5.51747
+0.80712,-5.95465
+0.80751,-6.07492
+0.80788,-6.33735
+0.80825,-6.73298
+0.80863,-6.89768
+0.80913,-7.07616
+0.80951,-7.22557
+0.80988,-7.38014
+0.81026,-7.971
+0.81062,-8.27775
+0.81113,-8.46439
+0.81151,-8.71437
+0.81188,-8.95925
+0.81225,-9.16186
+0.81263,-9.45042
+0.81313,-9.84973
+0.8135,-10.0529
+0.81388,-10.1671
+0.81426,-10.303
+0.81463,-10.5262
+0.81513,-10.8727
+0.8155,-11.0191
+0.81587,-11.1109
+0.81627,-11.2625
+0.81663,-11.5416
+0.81713,-11.4578
+0.81751,-11.7124
+0.81788,-17.0647
+0.81826,-17.3414
+0.81863,-17.4594
+0.81913,-17.6216
+0.81951,-17.919
+0.81988,-18.0972
+0.82025,-18.3989
+0.82064,-18.5025
+0.82114,-18.8161
+0.8215,-19.0787
+0.82188,-19.3622
+0.82226,-19.5709
+0.82262,-19.7025
+0.82313,-19.9302
+0.82363,-19.9747
+0.8239,-20.167
+0.82426,-20.189
+0.82465,-20.3683
+0.82516,-20.4704
+0.82551,-20.5873
+0.82588,-20.6532
+0.82626,-20.7882
+0.82664,-20.9577
+0.82713,-21.0171
+0.8275,-21.0702
+0.82788,-21.0265
+0.82826,-20.9916
+0.82863,-20.9765
+0.82914,-20.954
+0.82951,-20.9993
+0.82988,-20.9969
+0.83025,-20.9613
+0.83064,-20.8214
+0.83113,-20.8255
+0.83151,-20.8309
+0.83188,-20.8824
+0.83225,-20.8215
+0.83263,-20.7358
+0.83313,-20.5571
+0.8335,-20.4126
+0.83388,-20.2094
+0.83425,-20.0712
+0.83464,-19.8962
+0.83513,-19.727
+0.83551,-19.384
+0.83589,-18.9503
+0.83626,-18.7031
+0.83664,-18.3122
+0.83713,-18.0479
+0.8375,-17.595
+0.83788,-17.2366
+0.83826,-16.8113
+0.83864,-16.3953
+0.83913,-15.8903
+0.8395,-15.5096
+0.84001,-15.2521
+0.84027,-14.7321
+0.84063,-14.2556
+0.84113,-13.6915
+0.84151,-13.2143
+0.84188,-12.7594
+0.84226,-12.3433
+0.84263,-11.9686
+0.84314,-11.5276
+0.84351,-11.0936
+0.84388,-10.6815
+0.84425,-10.1708
+0.84463,-9.8954
+0.84513,-9.55237
+0.84551,-9.08448
+0.84588,-8.60487
+0.84625,-7.95306
+0.84663,-7.52392
+0.84713,-6.94862
+0.8475,-6.47961
+0.84789,-5.94572
+0.84826,-5.5707
+0.84864,-5.17171
+0.84913,-4.86653
+0.84951,-4.53565
+0.84988,-4.22948
+0.85026,-4.05451
+0.85064,-3.6997
+0.85113,-3.4139
+0.85152,-3.10577
+0.85189,-2.91123
+0.85236,-2.83916
+0.85263,-2.61262
+0.85313,-2.35411
+0.85352,-2.35838
+0.85401,-2.23597
+0.85427,-2.32154
+0.85464,-2.26477
+0.85513,-2.43166
+0.8555,-2.56349
+0.85589,-2.40835
+0.85627,-2.43976
+0.85663,-2.73368
+0.85713,-2.95367
+0.8575,-3.22012
+0.85788,-3.60307
+0.85827,-3.70689
+0.85865,-4.06413
+0.85913,-4.29701
+0.85951,-4.46087
+0.85988,-5.11259
+0.86026,-5.52672
+0.86064,-5.6747
+0.86114,-5.88019
+0.86151,-6.04814
+0.86188,-6.16763
+0.86225,-6.4352
+0.86262,-6.61322
+0.86313,-6.8053
+0.86351,-7.25857
+0.86388,-7.39038
+0.86426,-7.52514
+0.86464,-7.92813
+0.86513,-8.18827
+0.86551,-8.4156
+0.86588,-8.72928
+0.86626,-9.0408
+0.86664,-9.3327
+0.86713,-9.49368
+0.8675,-9.63461
+0.86789,-9.73632
+0.86826,-9.9508
+0.86863,-9.91438
+0.86914,-10.1953
+0.86951,-10.3479
+0.86988,-10.5481
+0.87026,-10.7317
+0.87063,-10.8763
+0.87113,-11.2375
+0.8715,-11.426
+0.87189,-11.5644
+0.87226,-11.7545
+0.87263,-11.9089
+0.87313,-11.9371
+0.87351,-12.1555
+0.87388,-12.1666
+0.87426,-12.2196
+0.87463,-12.1851
+0.87514,-12.1252
+0.87551,-12.0397
+0.87588,-12.0193
+0.87625,-11.9842
+0.87664,-11.9544
+0.87713,-11.9648
+0.87751,-11.8682
+0.87788,-11.8246
+0.87826,-11.785
+0.87863,-11.7933
+0.87913,-11.8038
+0.8795,-11.8074
+0.87989,-11.867
+0.88026,-11.9986
+0.88064,-12.1077
+0.88114,-12.1683
+0.88151,-12.1539
+0.88188,-12.1131
+0.88226,-11.9835
+0.88264,-11.9441
+0.88314,-12.0811
+0.88351,-12.1152
+0.88388,-12.2354
+0.88564,-12.2431
+0.88587,-12.1766
+0.88615,-12.1394
+0.88636,-12.1186
+0.88664,-12.0798
+0.88713,-12.2322
+0.88751,-12.3637
+0.88789,-12.2553
+0.88826,-12.3113
+0.88863,-12.3087
+0.88914,-12.2645
+0.88951,-12.3013
+0.88988,-12.3326
+0.89026,-12.3899
+0.89065,-12.7284
+0.89114,-12.6679
+0.89152,-12.7751
+0.89198,-12.8755
+0.89227,-12.97
+0.89265,-13.0885
+0.89314,-13.1427
+0.89351,-13.2977
+0.8939,-13.4369
+0.89427,-13.4997
+0.89464,-13.4258
+0.89514,-13.5156
+0.89551,-13.4215
+0.89589,-13.4699
+0.89626,-13.416
+0.89729,-13.2686
+0.89753,-13.3393
+0.89773,-13.3605
+0.89799,-13.4169
+0.89826,-13.5551
+0.89865,-13.6404
+0.89913,-13.7708
+0.89951,-13.9041
+0.89989,-13.9526
+0.90026,-14.1477
+0.90064,-14.4437
+0.90114,-14.5664
+0.90151,-14.6154
+0.90189,-14.7006
+0.90227,-14.716
+0.90264,-14.7502
+0.90302,-14.7918
+0.90352,-14.8371
+0.90388,-14.9765
+0.90426,-14.9772
+0.90469,-14.7316
+0.90501,-14.6732
+0.90551,-14.6522
+0.90589,-14.5766
+0.90626,-14.4988
+0.90665,-14.3735
+0.90713,-14.2562
+0.90752,-14.1588
+0.90789,-14.0577
+0.90826,-13.8205
+0.90864,-13.8639
+0.909,-13.8666
+0.90951,-13.8301
+0.90989,-13.6621
+0.91026,-13.5775
+0.91064,-13.474
+0.91114,-13.4298
+0.91151,-13.4283
+0.91188,-13.2424
+0.91226,-13.1743
+0.91265,-13.1036
+0.91314,-12.8747
+0.91351,-12.6055
+0.91388,-12.5457
+0.91426,-12.322
+0.91465,-12.1522
+0.91501,-11.8141
+0.91551,-11.4072
+0.91601,-11.044
+0.91628,-10.8101
+0.91664,-10.4238
+0.91713,-10.1734
+0.91752,-9.79835
+0.91789,-9.42955
+0.91826,-9.12496
+0.91864,-8.77498
+0.91901,-8.60061
+0.91951,-8.40227
+0.91989,-8.28297
+0.92026,-8.00535
+0.92064,-7.75198
+0.92114,-7.29104
+0.92151,-7.04876
+0.92189,-6.73501
+0.92226,-6.41565
+0.92265,-6.24942
+0.923,-5.89783
+0.92351,-5.56827
+0.92389,-5.15337
+0.92426,-4.70227
+0.92464,-4.32487
+0.925,-4.01125
+0.92551,-3.70059
+0.92589,-3.34366
+0.92626,-3.02072
+0.92665,-2.71966
+0.92701,-2.33681
+0.92751,-1.86481
+0.92789,-1.42798
+0.92827,-1.13823
+0.92865,-0.87474
+0.92901,-0.570407
+0.92952,-0.173473
+0.92989,+0.128563
+0.93027,+0.500889
+0.93064,+0.94819
+0.931,+1.3006
+0.93152,+1.51417
+0.93189,+1.85197
+0.93226,+2.19003
+0.93265,+2.53307
+0.93301,+2.84976
+0.93351,+3.08268
+0.93389,+3.3804
+0.93426,+3.61318
+0.93464,+4.00825
+0.935,+4.16849
+0.93551,+4.48296
+0.93589,+4.77407
+0.93627,+4.96102
+0.93665,+5.26963
+0.93714,+5.61844
+0.93751,+6.1547
+0.93788,+6.5626
+0.93827,+6.7127
+0.93865,+7.05497
+0.93901,+7.54893
+0.93951,+7.8019
+0.93989,+7.91361
+0.94026,+8.34942
+0.94064,+8.65033
+0.94101,+8.95452
+0.94152,+8.98631
+0.94189,+9.21316
+0.94226,+9.47309
+0.94264,+9.63475
+0.94301,+9.83047
+0.94352,+9.96595
+0.94389,+10.2769
+0.94426,+10.3088
+0.94464,+10.4427
+0.94502,+10.5386
+0.94552,+10.7504
+0.94589,+10.8574
+0.94626,+11.0352
+0.94664,+11.2774
+0.94701,+11.3673
+0.94752,+11.7107
+0.94789,+11.8555
+0.94826,+12.0963
+0.94865,+12.3054
+0.94901,+12.4781
+0.94951,+12.4134
+0.94989,+12.5605
+0.95028,+12.7213
+0.95065,+12.6865
+0.95101,+12.8779
+0.95151,+12.8331
+0.9519,+12.9123
+0.95227,+12.7614
+0.95265,+12.6641
+0.95301,+12.5873
+0.95352,+12.6534
+0.95388,+12.5694
+0.95427,+12.591
+0.95474,+12.569
+0.95501,+12.4021
+0.95552,+12.3891
+0.95589,+12.3283
+0.95627,+12.4964
+0.95665,+12.7305
+0.95702,+12.6886
+0.95752,+12.7398
+0.95789,+12.7946
+0.95826,+12.754
+0.95863,+12.7565
+0.95901,+12.672
+0.95951,+12.5706
+0.95989,+12.4511
+0.96027,+12.4812
+0.96066,+12.2865
+0.96102,+12.2485
+0.96151,+12.1781
+0.9619,+12.044
+0.96227,+11.9989
+0.96265,+11.8712
+0.96301,+11.7521
+0.96352,+11.7758
+0.9639,+11.7267
+0.96427,+11.5151
+0.96465,+11.4004
+0.96501,+11.3445
+0.96552,+11.2434
+0.96736,+11.2267
+0.96762,+10.9897
+0.96789,+10.8872
+0.96827,+10.9398
+0.96864,+10.8687
+0.96901,+10.5042
+0.96952,+10.2044
+0.96989,+10.0899
+0.97027,+9.79805
+0.97065,+9.43462
+0.97102,+9.04275
+0.97152,+8.84205
+0.9719,+8.58958
+0.97227,+8.2604
+0.97265,+7.82678
+0.97302,+7.79519
+0.97352,+7.69637
+0.9739,+7.27402
+0.97426,+7.11891
+0.97465,+7.03402
+0.97502,+6.95412
+0.97552,+6.85981
+0.9759,+6.80441
+0.97626,+6.7193
+0.97666,+6.80692
+0.97715,+6.71766
+0.97752,+6.68237
+0.9779,+6.85322
+0.97826,+6.75936
+0.97864,+6.74507
+0.97901,+6.69119
+0.97951,+6.59706
+0.97989,+6.38561
+0.98026,+6.17618
+0.98064,+5.89761
+0.98101,+5.76429
+0.98152,+5.49834
+0.98189,+5.11573
+0.98227,+4.90629
+0.98264,+4.65025
+0.98302,+4.35337
+0.98352,+4.09512
+0.9839,+3.82813
+0.98427,+3.57435
+0.98465,+3.29646
+0.98501,+3.0971
+0.98552,+2.83954
+0.98589,+2.66334
+0.98627,+2.49978
+0.98666,+2.25674
+0.98715,+2.00242
+0.98752,+1.76013
+0.9879,+1.5717
+0.98827,+1.21571
+0.98864,+0.89748
+0.98902,+0.659548
+0.98952,+0.32215
+0.9899,-0.0135037
+0.99027,-0.451729
+0.99065,-0.85273
+0.99101,-1.08608
+0.99152,-1.4592
+0.99189,-1.81461
+0.99226,-2.11658
+0.99264,-2.3841
+0.99301,-2.9215
+0.99352,-3.20574
+0.99389,-3.50634
+0.99428,-3.78594
+0.99466,-4.05843
+0.99501,-4.48495
+0.99552,-4.6689
+0.9959,-4.87923
+0.99627,-5.07589
+0.99677,-5.31187
+0.99703,-5.66069
+0.99752,-5.96414
+0.9979,-6.24611
+0.99827,-6.46659
+0.99864,-6.723
+0.99968,-6.9775
+0.99992,-7.31652
+1.00009,-7.8116
+1.00031,-8.28271
+1.00065,-8.62805
+1.00101,-8.8037
+1.00151,-9.15435
+1.0019,-9.64453
+1.00227,-10.0011
+1.00265,-10.2972
+1.00301,-10.4977
+1.00351,-10.8685
+1.00389,-11.0796
+1.00426,-11.2213
+1.00465,-11.4049
+1.00501,-11.5622
+1.00552,-11.6528
+1.00589,-11.7837
+1.00626,-12.03
+1.00665,-12.2097
+1.00701,-12.4266
+1.00752,-12.5
+1.00789,-12.6114
+1.00827,-12.6697
+1.00864,-12.8635
+1.00901,-13.019
+1.00952,-13.2884
+1.00989,-13.4348
+1.01027,-13.4465
+1.01066,-13.6474
+1.01102,-13.8175
+1.01152,-13.9583
+1.01189,-14.0546
+1.01227,-14.1903
+1.01264,-14.3422
+1.01302,-14.4633
+1.01352,-14.442
+1.0139,-14.4507
+1.01427,-14.5754
+1.01465,-14.6124
+1.01501,-14.5006
+1.01552,-14.4936
+1.0159,-14.5083
+1.01626,-14.517
+1.01666,-14.3393
+1.01701,-14.2479
+1.01752,-14.1827
+1.01789,-14.2372
+1.01827,-14.0992
+1.01865,-14.0325
+1.01901,-13.9634
+1.01951,-13.9446
+1.0199,+13.9571
+1.02027,+13.7627
+1.02065,+13.7423
+1.02101,+13.5694
+1.02152,+13.4434
+1.02189,+13.0596
+1.02227,+12.907
+1.02265,+12.7012
+1.02302,+12.5403
+1.02352,+12.1325
+1.0239,+11.9874
+1.02427,+11.8333
+1.02465,+11.7182
+1.02502,+11.406
+1.02552,+11.1794
+1.02589,+11.0376
+1.02627,+10.8462
+1.02666,+10.5735
+1.02715,+10.2737
+1.02752,+10.0019
+1.0279,+9.30324
+1.02827,+9.01046
+1.02865,+8.54672
+1.02902,+8.31045
+1.02952,+7.788
+1.0299,+7.51104
+1.03026,+6.97013
+1.03065,+6.77449
+1.03102,+6.56394
+1.03153,+6.38707
+1.03189,+6.3953
+1.03228,+5.80218
+1.03266,+5.65244
+1.03301,+5.48875
+1.03352,+5.47432
+1.03389,+5.27171
+1.03427,+5.31548
+1.03465,+4.90963
+1.03502,+4.4756
+1.03552,+4.35738
+1.03589,+3.97132
+1.03627,+4.13693
+1.03666,+3.74034
+1.03702,+3.42372
+1.03777,+3.19831
+1.03805,+2.93465
+1.03852,+2.70291
+1.03881,+2.27098
+1.03941,+2.15389
+1.03964,+1.86874
+1.0399,+1.72492
+1.04027,+1.27828
+1.04065,+1.16938
+1.04102,+0.755905
+1.04152,+0.51025
+1.0419,+0.235075
+1.04227,-0.0198889
+1.04266,+0.114517
+1.04303,-0.162698
+1.04353,-0.462441
+1.0439,-0.563982
+1.04428,-0.580124
+1.04465,-0.741628
+1.04501,-0.61937
+1.04553,-0.757265
+1.04589,-0.913704
+1.04627,-1.08417
+1.04665,-1.43836
+1.04702,-1.46006
+1.04753,-1.51732
+1.04789,-1.73639
+1.04827,-1.96536
+1.04866,-2.18127
+1.04901,-2.50176
+1.04952,-2.70174
+1.04989,-2.84489
+1.05027,-2.88878
+1.05065,-2.90733
+1.05102,-3.09109
+1.05152,-3.42565
+1.05189,-3.59862
+1.05227,-3.6472
+1.05265,-3.65893
+1.05302,-3.69033
+1.05352,-3.82398
+1.05389,-3.97096
+1.05427,-4.14504
+1.05465,-4.24766
+1.05502,-4.25203
+1.05552,-4.17421
+1.05589,-4.06206
+1.05627,-4.23099
+1.05665,-4.26333
+1.05715,-4.21736
+1.05753,-4.22707
+1.0579,-4.22669
+1.05828,-4.30559
+1.05866,-4.36728
+1.05902,-4.3384
+1.05957,-4.36822
+1.05992,-4.59621
+1.06028,-4.44767
+1.06065,-4.51001
+1.06102,-4.59351
+1.06153,-4.65071
+1.0619,-4.60807
+1.06228,-4.61567
+1.06266,-4.52136
+1.06304,-4.53358
+1.06353,-4.34083
+1.0639,-4.36326
+1.06428,-4.33246
+1.06465,-4.29846
+1.06502,-4.31557
+1.06552,-4.19239
+1.0659,-4.42294
+1.06628,-4.48865
+1.06666,-4.5993
+1.06703,-4.59846
+1.06752,-4.76418
+1.06789,-5.11528
+1.06828,-5.25748
+1.06866,-5.70121
+1.06902,-5.68634
+1.06952,-6.03023
+1.0699,-5.83654
+1.07028,-5.70043
+1.07064,-6.04442
+1.07102,-6.12749
+1.07152,-6.43581
+1.0719,-6.4429
+1.07227,-6.25329
+1.07266,-5.89458
+1.07302,-5.89606
+1.07352,-5.47839
+1.0739,-5.33953
+1.07427,-5.31873
+1.07465,-5.08465
+1.07504,-5.40437
+1.07553,-5.54571
+1.0759,-5.48633
+1.07628,-5.77606
+1.07666,-5.94578
+1.07703,-6.202
+1.07753,-6.39055
+1.0779,-6.86675
+1.07828,-6.71452
+1.07865,-6.59708
+1.07903,-6.52771
+1.07953,-5.91725
+1.0799,-5.83742
+1.08027,-5.94655
+1.08065,-6.09259
+1.08103,-6.13074
+1.08152,-6.02612
+1.0819,-5.95229
+1.08227,-6.34988
+1.08265,-6.49362
+1.08303,-6.49279
+1.08352,-6.76836
+1.0839,-6.71062
+1.08428,-6.62572
+1.08465,-6.53584
+1.08503,-6.43295
+1.08553,-6.73229
+1.0859,-6.63481
+1.08628,-6.50538
+1.08665,-6.48556
+1.08703,-6.52003
+1.08752,-6.67564
+1.0879,-6.4362
+1.08828,-6.38422
+1.08865,-6.32482
+1.08903,-6.20127
+1.08939,-6.16671
+1.0899,-6.12527
+1.09027,-6.08671
+1.09066,-5.92416
+1.09103,-5.6472
+1.09152,-5.42578
+1.0919,-5.26656
+1.09228,-5.0461
+1.09266,-5.00104
+1.09303,-4.85941
+1.09352,-4.61961
+1.0939,-4.48159
+1.09428,-4.42329
+1.09465,-4.38975
+1.09502,-4.32085
+1.09553,-4.20134
+1.09591,-4.29109
+1.09628,-4.15302
+1.09665,-3.97245
+1.09703,-3.93766
+1.09753,-3.91469
+1.0979,-3.86534
+1.09828,-3.79395
+1.09866,-3.78157
+1.09903,-3.7258
+1.09952,-3.55771
+1.0999,-3.25328
+1.10028,-3.18716
+1.10065,-3.01495
+1.10103,-2.84915
+1.10209,-2.67258
+1.10227,-2.29936
+1.1025,-2.17946
+1.10269,-1.99359
+1.10303,-1.7172
+1.10352,-1.55495
+1.10389,-1.64475
+1.10428,-1.53001
+1.10465,-1.34962
+1.10503,-1.37583
+1.10552,-1.28062
+1.10589,-1.34567
+1.10627,-1.18341
+1.10665,-1.08107
+1.10702,-1.07792
+1.10752,-1.04319
+1.1079,-0.848885
+1.10827,-0.684327
+1.10865,-0.698306
+1.10902,-0.370368
+1.10952,-0.308595
+1.10989,-0.108269
+1.11027,+0.0162801
+1.11065,+0.301637
+1.11102,+0.454757
+1.11152,+0.470467
+1.1119,+0.478552
+1.11227,+0.425306
+1.11265,+0.539163
+1.11302,+0.56045
+1.11352,+0.713203
+1.1139,+0.834214
+1.11427,+0.902514
+1.11465,+0.776242
+1.11502,+0.787946
+1.11553,+0.832132
+1.11589,+1.10568
+1.11627,+1.2586
+1.11665,+1.51019
+1.11702,+1.51984
+1.11752,+1.60801
+1.11789,+1.64476
+1.11827,+1.73869
+1.11878,+1.79821
+1.11904,+1.9134
+1.11952,+2.10423
+1.1199,+2.24677
+1.12028,+2.32556
+1.12065,+2.28311
+1.12102,+2.51248
+1.1214,+2.69716
+1.1219,+2.82604
+1.12227,+2.96719
+1.12266,+3.35437
+1.12303,+3.65688
+1.12339,+3.91087
+1.12389,+3.84134
+1.12427,+3.93333
+1.12465,+4.18398
+1.12502,+4.09411
+1.1254,+4.18876
+1.12589,+4.3351
+1.12628,+4.6812
+1.12665,+4.72441
+1.12702,+4.7751
+1.1274,+4.83421
+1.1279,+4.95388
+1.12827,+5.10556
+1.12866,+5.22319
+1.12903,+5.43984
+1.12939,+5.63803
+1.1299,+5.81655
+1.13028,+5.74053
+1.13066,+5.82191
+1.13102,+6.02393
+1.13152,+6.15819
+1.1319,+6.40451
+1.13228,+6.6003
+1.13265,+6.90031
+1.13303,+7.13107
+1.13352,+7.37654
+1.1339,+7.54363
+1.13427,+7.92356
+1.13465,+8.20932
+1.13504,+8.28486
+1.13553,+8.57056
+1.1359,+8.74144
+1.13628,+8.84405
+1.13665,+8.77786
+1.13703,+8.94342
+1.13752,+8.8937
+1.1379,+8.83205
+1.13828,+8.73239
+1.13866,+8.80956
+1.13902,+8.90173
+1.13952,+8.92282
+1.1399,+9.06621
+1.14027,+9.26771
+1.14066,+9.58998
+1.14103,+9.61382
+1.14139,+9.97113
+1.1419,+10.2918
+1.14227,+10.4409
+1.14265,+10.5906
+1.14302,+10.8645
+1.1434,+11.1675
+1.1439,+11.3889
+1.14427,+11.6144
+1.14465,+11.6237
+1.14502,+11.8918
+1.14539,+12.0494
+1.1459,+12.1946
+1.14628,+12.3869
+1.14665,+12.3932
+1.14703,+12.4798
+1.1474,+12.5022
+1.1479,+12.5007
+1.14828,+12.6031
+1.14865,+12.7575
+1.14915,+12.9263
+1.14952,+12.8585
+1.14991,+12.8582
+1.15028,+13.0041
+1.15065,+13.3439
+1.15103,+13.4884
+1.15153,+13.7571
+1.1519,+13.8855
+1.15227,+14.0685
+1.15266,+14.1912
+1.15303,+14.2435
+1.15352,+14.5
+1.15391,+14.8601
+1.15428,+15.2129
+1.15465,+15.3423
+1.15503,+15.5101
+1.15553,+15.504
+1.1559,+15.6188
+1.15628,+15.6028
+1.15666,+15.7791
+1.15703,+15.9833
+1.1574,+15.9579
+1.15791,+15.8948
+1.15828,+15.8497
+1.15865,+16.0865
+1.15903,+16.062
+1.15955,+16.1791
+1.1599,+16.3404
+1.16028,+16.4767
+1.16066,+16.4788
+1.16103,+16.6354
+1.16153,+17.0054
+1.1619,+17.1004
+1.16227,+17.3107
+1.16266,+17.3582
+1.16303,+17.5835
+1.16353,+17.8426
+1.1639,+18.024
+1.16428,+18.1712
+1.16465,+18.5429
+1.16504,+18.6154
+1.16542,+18.6909
+1.16591,+18.856
+1.16627,+18.9911
+1.16666,+19.1556
+1.16703,+19.2973
+1.1674,+19.3496
+1.1679,+19.5038
+1.16828,+19.8273
+1.16866,+19.9331
+1.16915,+20.2627
+1.16952,+20.3322
+1.1699,+20.5368
+1.17028,+20.5731
+1.17066,+20.6513
+1.17102,+20.885
+1.17153,+21.0895
+1.1719,+21.2228
+1.17228,+21.2878
+1.17265,+21.3587
+1.17303,+21.2505
+1.1734,+21.472
+1.1739,+21.6267
+1.17427,+21.8175
+1.17466,+21.8971
+1.17503,+21.9186
+1.1754,+21.9574
+1.17591,+21.9973
+1.17628,+22.1942
+1.17665,+22.2021
+1.17703,+22.4106
+1.17752,+22.5466
+1.1779,+22.5924
+1.17828,+22.6061
+1.17865,+22.7401
+1.17903,+22.9109
+1.17965,+22.9632
+1.17991,+23.1758
+1.18028,+23.1393
+1.18068,+23.418
+1.18104,+23.3927
+1.1814,+23.4741
+1.18191,+23.7201
+1.18227,+23.8108
+1.18265,+23.9527
+1.18303,+23.9681
+1.18341,+24.0525
+1.1839,+24.2225
+1.18428,+24.3234
+1.18466,+24.3192
+1.18503,+24.581
+1.1854,+24.5547
+1.1859,+24.5149
+1.18627,+24.6595
+1.18665,+24.6891
+1.18703,+24.7368
+1.1874,+24.8685
+1.1879,+24.8306
+1.18828,+24.9096
+1.18866,+25.0506
+1.18903,+25.1008
+1.1894,+25.3092
+1.18991,+25.3818
+1.19028,+25.3209
+1.19065,+25.3935
+1.19104,+25.4204
+1.1914,+25.552
+1.1919,+25.6892
+1.19228,+25.6454
+1.19266,+25.6098
+1.19303,+25.5684
+1.1934,+25.454
+1.1939,+25.3639
+1.19428,+25.4184
+1.19466,+25.552
+1.19503,+25.7901
+1.19541,+25.7666
+1.1959,+25.6166
+1.19628,+25.688
+1.19666,+25.6751
+1.19703,+25.6906
+1.1974,+25.8368
+1.19791,+25.9455
+1.19828,+25.8758
+1.19866,+25.6712
+1.19903,+25.6689
+1.19954,+25.7046
+1.1999,+25.7938
+1.20028,+25.6787
+1.20065,+25.7041
+1.20103,+25.7965
+1.2014,+25.6841
+1.2019,+25.8113
+1.20227,+25.9477
+1.20266,+26.1289
+1.20304,+26.0224
+1.20341,+25.9307
+1.20448,+25.8805
+1.20476,+26.0139
+1.20498,+26.0696
+1.20519,+25.9834
+1.20541,+25.9711
+1.2059,+25.8946
+1.20628,+25.8909
+1.20665,+25.8655
+1.20703,+25.8084
+1.2074,+25.8822
+1.20791,+25.9285
+1.20828,+25.9127
+1.20865,+25.6636
+1.20903,+25.7598
+1.20939,+25.8613
+1.21003,+25.7968
+1.21029,+25.775
+1.21066,+25.7069
+1.21104,+25.852
+1.2114,+25.9286
+1.2119,+26.0103
+1.21227,+26.1203
+1.21266,+26.1658
+1.21303,+26.0271
+1.2134,+26.0392
+1.21391,+26.079
+1.21428,+26.0871
+1.21465,+26.0995
+1.21503,+25.9138
+1.2154,+25.8306
+1.21591,+25.5702
+1.21628,+25.4615
+1.21665,+25.5087
+1.21702,+25.4698
+1.21739,+25.2625
+1.21791,+25.2264
+1.21828,+25.1368
+1.21865,+25.016
+1.21903,+24.9796
+1.2194,+24.8722
+1.2199,+19.3019
+1.22028,+19.3599
+1.22066,+19.3721
+1.22103,+19.6164
+1.2214,+19.769
+1.22191,+19.8739
+1.22228,+19.8486
+1.22266,+19.9411
+1.22302,+20.2334
+1.2234,+20.459
+1.2239,+20.5822
+1.22428,+20.889
+1.22465,+20.9369
+1.22502,+21.0523
+1.2254,+21.1069
+1.2259,+21.0728
+1.22628,+21.3905
+1.22666,+21.5675
+1.22703,+21.6152
+1.2274,+21.5925
+1.2279,+21.847
+1.22829,+21.6539
+1.22866,+22.1096
+1.22903,+22.3127
+1.2294,+22.45
+1.22991,+22.6475
+1.23028,+22.6377
+1.23065,+22.8281
+1.23103,+22.876
+1.23141,+23.1869
+1.23191,+23.1651
+1.23228,+23.3932
+1.23266,+23.2806
+1.23304,+23.2047
+1.23341,+23.3135
+1.23391,+23.5169
+1.23428,+23.8107
+1.23466,+23.7679
+1.23503,+23.7465
+1.2354,+23.8029
+1.2359,+23.8901
+1.23629,+24.0906
+1.23666,+24.0348
+1.23703,+24.1454
+1.2374,+24.2678
+1.23791,+24.4734
+1.23828,+24.6033
+1.23866,+24.5608
+1.23903,+24.7903
+1.2394,+25.0527
+1.2399,+25.1394
+1.2404,+25.3428
+1.24066,+25.8164
+1.24104,+26.1325
+1.24141,+26.3802
+1.24191,+26.6763
+1.24228,+26.6416
+1.24266,+27.2467
+1.24303,+27.5036
+1.2434,+27.8205
+1.2439,+28.3432
+1.24428,+28.644
+1.24466,+28.6297
+1.24504,+28.7616
+1.2454,+28.9057
+1.2459,+28.854
+1.24628,+29.185
+1.24666,+29.1287
+1.24703,+29.3581
+1.2474,+29.22
+1.24791,+29.2389
+1.24828,+29.1309
+1.24866,+29.2897
+1.24903,+29.4216
+1.24941,+29.4712
+1.24991,+29.6286
+1.25028,+29.6753
+1.25066,+29.8162
+1.25103,+29.9175
+1.25141,+30.2033
+1.2519,+30.4685
+1.25228,+30.5561
+1.25266,+30.7908
+1.25303,+30.939
+1.2534,+31.1149
+1.25391,+31.3388
+1.25428,+31.5224
+1.25465,+31.6597
+1.25504,+31.6912
+1.2554,+31.6261
+1.2559,+31.6218
+1.25628,+31.5705
+1.25666,+31.4232
+1.25704,+31.4298
+1.2574,+31.5369
+1.25791,+31.5682
+1.25829,+31.6123
+1.25866,+31.6228
+1.25903,+31.6411
+1.2594,+31.7591
+1.25991,+31.7134
+1.26029,+32.0517
+1.26066,+32.1451
+1.26103,+32.2127
+1.26141,+32.4205
+1.26194,+32.3882
+1.26228,+32.5697
+1.26265,+32.5757
+1.26305,+32.8012
+1.2634,+32.9932
+1.26391,+33.1296
+1.26428,+33.139
+1.26466,+33.2296
+1.26504,+33.2978
+1.26541,+33.292
+1.26591,+33.4355
+1.26628,+33.2987
+1.26666,+33.2941
+1.26704,+33.1451
+1.26741,+32.9567
+1.26792,+32.9117
+1.26828,+32.8468
+1.26866,+32.8371
+1.26904,+32.8207
+1.2694,+32.8068
+1.26991,+32.7972
+1.27028,+32.7203
+1.27066,+32.8575
+1.27103,+32.979
+1.27141,+33.0367
+1.27191,+33.408
+1.27228,+33.5563
+1.27266,+33.6206
+1.27303,+33.5868
+1.27341,+33.5135
+1.27391,+33.582
+1.27428,+33.7149
+1.27467,+33.7813
+1.27504,+33.8005
+1.27541,+33.683
+1.2759,+33.1864
+1.27629,+33.122
+1.27666,+33.2073
+1.27704,+33.2792
+1.2774,+33.2008
+1.27791,+32.9429
+1.27828,+32.857
+1.27866,+32.8331
+1.27903,+32.6056
+1.27941,+32.649
+1.27991,+32.6402
+1.28029,+32.7281
+1.28066,+32.6454
+1.28104,+32.9112
+1.28141,+32.8694
+1.28191,+32.9967
+1.28228,+32.9784
+1.28266,+33.0386
+1.28303,+33.113
+1.2834,+33.0487
+1.28391,+33.0091
+1.28429,+32.8573
+1.28466,+32.801
+1.28504,+32.4469
+1.2854,+32.3744
+1.28591,+32.1303
+1.28629,+32.3236
+1.28666,+32.0494
+1.28703,+31.958
+1.2874,+31.7251
+1.28791,+31.7651
+1.28828,+31.5319
+1.28866,+31.5404
+1.28904,+31.5483
+1.28941,+31.8225
+1.28991,+31.9234
+1.29029,+31.7151
+1.29066,+31.807
+1.29116,+31.8715
+1.29142,+32.0457
+1.29191,+32.0547
+1.29229,+32.3725
+1.29266,+32.234
+1.29303,+32.1587
+1.29341,+31.8558
+1.29391,+31.8084
+1.29429,+31.8252
+1.29466,+31.7014
+1.29503,+31.5827
+1.29541,+31.6143
+1.29591,+31.3036
+1.29628,+31.0565
+1.29666,+31.1407
+1.29704,+30.9063
+1.29741,+30.5847
+1.29791,+30.3245
+1.29828,+29.9863
+1.29866,+29.8114
+1.29904,+29.6166
+1.29941,+29.2618
+1.29991,+29.0886
+1.30028,+28.8121
+1.30067,+28.3681
+1.30104,+28.2012
+1.30141,+28.2248
+1.30192,+28.1779
+1.30229,+27.9469
+1.30266,+27.861
+1.30304,+27.8092
+1.30341,+27.7532
+1.30391,+27.7383
+1.30429,+27.5212
+1.30467,+27.2778
+1.30504,+27.1793
+1.30541,+27.0526
+1.30591,+26.9011
+1.30688,+26.6555
+1.30707,+26.3147
+1.3074,+25.9567
+1.3079,+25.6743
+1.30829,+25.4492
+1.30866,+25.3444
+1.30903,+25.2454
+1.3094,+25.4797
+1.30991,+25.2107
+1.31028,+24.8648
+1.31065,+24.8431
+1.31104,+24.709
+1.31141,+24.5497
+1.31191,+24.5462
+1.31228,+24.4287
+1.31267,+24.1377
+1.31304,+23.9295
+1.31341,+23.464
+1.31391,+23.2557
+1.31429,+23.0311
+1.31466,+22.8756
+1.31504,+22.7682
+1.3154,+22.5559
+1.31591,+22.0549
+1.31629,+21.7614
+1.31666,+21.6299
+1.31703,+21.3301
+1.31741,+20.9919
+1.31791,+20.7872
+1.31828,+20.6131
+1.31866,+20.4929
+1.31904,+20.1112
+1.31941,+20.072
+1.31991,+20.0742
+1.32029,+19.9267
+1.32067,+19.7472
+1.32116,+20.0209
+1.32141,+19.916
+1.32191,+20.237
+1.32228,+20.1882
+1.32266,+19.896
+1.32303,+20.0633
+1.32341,+19.7845
+1.32391,+19.6849
+1.32428,+19.777
+1.32466,+19.4383
+1.32503,+19.0966
+1.32541,+18.9728
+1.32591,+18.2953
+1.32628,+17.9103
+1.32666,+17.5548
+1.32704,+17.2243
+1.32741,+17.0885
+1.32792,+16.8875
+1.32828,+16.6043
+1.32866,+16.6426
+1.32903,+16.5229
+1.32941,+16.1738
+1.32991,+16.1033
+1.33028,+16.0461
+1.33066,+16.1527
+1.33104,+16.0497
+1.33141,+15.892
+1.33191,+15.927
+1.33229,+15.6215
+1.33267,+15.5363
+1.33304,+15.2893
+1.33341,+15.2131
+1.33391,+15.2848
+1.33429,+15.2347
+1.33466,+15.0166
+1.33503,+14.851
+1.33541,+14.6172
+1.33591,+14.2407
+1.33628,+14.0872
+1.33667,+13.8868
+1.33716,+13.7061
+1.33742,+13.589
+1.33791,+13.229
+1.33829,+12.9189
+1.33867,+12.5934
+1.33903,+12.2518
+1.33942,+12.1785
+1.33991,+12.0747
+1.34029,+11.8396
+1.34067,+11.6565
+1.34104,+11.368
+1.34141,+11.1607
+1.34191,+10.7646
+1.34229,+10.7804
+1.34266,+10.9372
+1.34303,+10.8271
+1.34342,+10.5377
+1.34378,+10.1379
+1.34428,+10.0557
+1.34467,+9.87509
+1.34504,+9.6708
+1.34542,+9.30374
+1.34591,+9.23226
+1.34629,+8.77024
+1.34667,+8.26296
+1.34704,+7.80892
+1.34742,+7.66811
+1.34791,+7.50969
+1.34829,+7.24967
+1.34866,+6.94885
+1.34903,+6.87894
+1.34942,+6.71907
+1.34992,+6.35901
+1.35029,+6.2466
+1.35067,+6.20257
+1.35104,+6.29574
+1.35153,+5.93504
+1.35204,+5.78053
+1.3523,+5.53987
+1.35266,+5.33215
+1.35303,+4.91845
+1.35341,+4.72681
+1.35391,+4.72552
+1.35429,+4.41483
+1.35467,+4.13509
+1.35504,+3.69494
+1.35541,+3.37302
+1.35591,+3.07643
+1.35628,+2.78609
+1.35668,+2.49686
+1.35704,+2.38633
+1.35741,+2.05254
+1.35792,+1.64077
+1.35829,+1.33042
+1.35866,+0.983491
+1.35904,+0.691653
+1.35941,+0.510032
+1.35992,+0.179856
+1.36029,-0.0292016
+1.36066,-0.325804
+1.36104,-0.62773
+1.36142,-1.00861
+1.36191,-1.22722
+1.36229,-1.39014
+1.36267,-1.78878
+1.36304,-1.84902
+1.36341,-2.01826
+1.36391,-2.25059
+1.36434,-2.62118
+1.36467,-2.99899
+1.36504,-3.3616
+1.36541,-3.49311
+1.36592,-3.72364
+1.36628,-3.89424
+1.36666,-4.05916
+1.36703,-4.58363
+1.36741,-4.8149
+1.36791,-5.12488
+1.36829,-5.50211
+1.36866,-5.54716
+1.36904,-5.78196
+1.36942,-6.21409
+1.36991,-6.44697
+1.3703,-6.81072
+1.37067,-7.12997
+1.37104,-7.30674
+1.37141,-7.56693
+1.37191,-7.88818
+1.37229,-7.89527
+1.37267,-8.17727
+1.37304,-8.34202
+1.37341,-8.29828
+1.37392,-8.38327
+1.37429,-8.61818
+1.37466,-8.80759
+1.37504,-9.19158
+1.37542,-9.57055
+1.37592,-9.69144
+1.37629,-9.87939
+1.37667,-10.3529
+1.37704,-10.6691
+1.37742,-11.0587
+1.37792,-11.6779
+1.37828,-11.8957
+1.37867,-12.0321
+1.37904,-12.1403
+1.37942,-12.3341
+1.37991,-12.6031
+1.38029,-13.0066
+1.38067,-13.0199
+1.38104,-13.1584
+1.38142,-13.0963
+1.38192,-13.11
+1.38229,-13.3191
+1.38266,-13.6872
+1.38304,-13.6403
+1.38342,-13.9247
+1.38391,-14.184
+1.38429,-14.3935
+1.38467,-14.5442
+1.38504,-14.7519
+1.38542,-15.2706
+1.38591,-15.2833
+1.3863,-15.6426
+1.38667,-15.5743
+1.38704,-15.7015
+1.38741,-15.3881
+1.38791,-15.2776
+1.38829,-15.1576
+1.38867,-15.1682
+1.38904,-15.2999
+1.38942,-15.0953
+1.38992,-15.3036
+1.39029,-15.0014
+1.39066,-15.453
+1.39105,-15.6789
+1.39142,-16.138
+1.39179,-16.2604
+1.39242,-16.3561
+1.39269,-16.5254
+1.39304,-16.8528
+1.39342,-17.0671
+1.39379,-17.2119
+1.39429,-17.4191
+1.39468,-17.2326
+1.39504,-17.4282
+1.39541,-17.4987
+1.39579,-17.5676
+1.39629,-17.7823
+1.39668,-17.9151
+1.39704,-17.8236
+1.39741,-18.0494
+1.39779,-18.072
+1.39829,-18.3585
+1.39866,-18.4142
+1.39904,-18.4852
+1.39942,-18.512
+1.39992,-18.7356
+1.4003,-18.8432
+1.40067,-18.9367
+1.40104,-19.065
+1.40141,-19.0629
+1.40191,-19.2371
+1.40229,-19.2071
+1.40267,-19.2384
+1.40305,-19.2807
+1.40342,-19.3729
+1.40398,-19.3362
+1.4043,-19.5248
+1.40468,-19.7688
+1.40504,-19.7473
+1.40542,-19.8635
+1.40592,-19.9784
+1.4063,-20.0684
+1.40667,-20.3634
+1.40704,-20.448
+1.40742,-20.5108
+1.40791,-20.6277
+1.40829,-20.5235
+1.40928,-20.583
+1.40947,-20.7286
+1.40992,-20.9347
+1.41029,-21.1445
+1.41067,-21.2737
+1.41104,-21.4461
+1.41143,-21.6063
+1.41192,-21.7536
+1.41229,-22.0065
+1.41266,-22.1108
+1.41304,-22.1055
+1.41341,-22.1976
+1.41391,-22.2222
+1.41428,-22.0712
+1.41467,-22.2265
+1.41504,-22.1639
+1.41542,-22.2812
+1.41592,-22.2918
+1.41629,-21.9836
+1.41666,-22.1821
+1.41704,-22.3892
+1.41742,-22.2388
+1.41791,-22.2587
+1.41829,-22.0819
+1.41868,-21.9008
+1.41904,-21.4967
+1.41942,-21.2706
+1.41992,-20.9582
+1.42029,-20.9903
+1.42067,-20.9854
+1.42104,-20.4954
+1.42142,-20.7723
+1.42179,-20.7008
+1.42242,-20.6933
+1.4228,-20.5324
+1.42306,-20.8001
+1.42343,-20.7724
+1.42391,-20.9956
+1.42429,-21.0735
+1.42467,-20.7295
+1.42504,-20.8176
+1.42542,-20.5406
+1.42579,-20.4659
+1.4263,-20.594
+1.42667,-20.74
+1.42704,-20.6359
+1.42742,-20.446
+1.42792,-20.4666
+1.42829,-20.4852
+1.42867,-20.6477
+1.42904,-20.8002
+1.42943,-20.7171
+1.42992,-20.697
+1.43029,-20.7138
+1.43066,-20.7588
+1.43104,-20.6545
+1.43143,-20.7884
+1.43192,-20.686
+1.43229,-20.6121
+1.43268,-20.8862
+1.43304,-20.8356
+1.43342,-20.8682
+1.43392,-20.7383
+1.43429,-20.7007
+1.43467,-20.5785
+1.43504,-20.8226
+1.43542,-20.9621
+1.43592,-21.0033
+1.43629,-20.9778
+1.43667,-20.684
+1.43704,-20.6837
+1.43742,-20.5396
+1.43792,-20.5225
+1.43829,-20.5747
+1.43866,-20.6903
+1.43904,-20.6299
+1.43942,-20.4371
+1.43992,-20.3365
+1.44029,-20.6432
+1.44067,-20.714
+1.44104,-20.4884
+1.44142,-20.593
+1.44179,-20.9345
+1.44229,-20.8551
+1.44268,-20.6424
+1.44304,-20.5873
+1.44342,-20.6484
+1.44379,-20.6278
+1.44429,-20.3426
+1.44467,-20.2247
+1.44505,-20.4069
+1.44543,-20.4594
+1.44579,-20.4948
+1.44629,-20.431
+1.44667,-20.594
+1.44705,-20.655
+1.44742,-20.7813
+1.44779,-20.9633
+1.4483,-21.2517
+1.44867,-21.34
+1.44904,-21.3538
+1.44942,-21.3282
+1.44992,-21.0751
+1.4503,-21.0918
+1.45067,-21.034
+1.45104,-21.0529
+1.45143,-21.0477
+1.45179,-20.9918
+1.45229,-20.847
+1.45267,-20.8822
+1.45317,-20.8742
+1.45346,-20.7507
+1.45379,-20.6448
+1.45429,-20.7727
+1.45467,-20.7361
+1.45504,-20.7236
+1.45542,-20.5559
+1.4558,-20.6321
+1.4563,-20.5102
+1.45667,-20.5616
+1.45704,-20.5111
+1.45742,-20.6313
+1.45779,-20.6171
+1.45829,-20.5475
+1.45867,-20.5571
+1.45904,-20.6068
+1.45942,-20.7836
+1.45992,-20.8607
+1.46029,-20.9604
+1.46067,-20.8367
+1.46105,-20.9816
+1.46143,-21.0719
+1.46179,-21.2822
+1.46229,-21.2963
+1.46267,-21.3358
+1.46305,-21.4296
+1.46343,-21.4186
+1.46379,-21.3941
+1.4643,-21.3516
+1.46467,-21.4367
+1.46504,-21.3651
+1.46542,-21.3032
+1.46579,-21.1325
+1.46629,-21.1954
+1.46673,-21.2629
+1.46705,-21.2784
+1.46742,-21.233
+1.46779,-21.2788
+1.4683,-21.2804
+1.46867,-21.2141
+1.46904,-21.2528
+1.46942,-21.2011
+1.46992,-21.3667
+1.47029,-21.3844
+1.47067,-21.4643
+1.47105,-21.2631
+1.47142,-21.2876
+1.47179,-21.2678
+1.4723,-21.3439
+1.47268,-21.3449
+1.47305,-21.3052
+1.47342,-21.3945
+1.47379,-21.4719
+1.47429,-21.5257
+1.47468,-21.4731
+1.47505,-21.6086
+1.47542,-21.6748
+1.47579,-21.6423
+1.4763,-21.4951
+1.47667,-21.55
+1.47704,-21.7616
+1.47743,-21.814
+1.47779,-21.754
+1.4783,-21.8159
+1.47867,-21.7768
+1.47905,-21.6836
+1.47943,-21.6303
+1.47992,-21.4782
+1.48029,-21.6462
+1.48067,-21.7285
+1.48105,-21.6326
+1.48142,-21.6922
+1.48179,-21.6745
+1.48229,-21.5258
+1.48268,-21.5316
+1.48305,-21.5154
+1.48354,-21.5137
+1.48392,-21.6319
+1.48429,-21.6758
+1.48468,-21.5694
+1.48504,-21.6271
+1.48542,-21.6864
+1.4858,-21.5679
+1.4863,-21.8204
+1.48667,-21.7646
+1.48704,-21.9583
+1.48743,-21.9958
+1.4878,-21.9361
+1.4883,-21.9704
+1.48867,-21.98
+1.48905,-21.8934
+1.48942,-21.7593
+1.48992,-21.8302
+1.4903,-21.6933
+1.49068,-21.8559
+1.49105,-21.8425
+1.49142,-21.7468
+1.4918,-21.8132
+1.4923,-21.7951
+1.49269,-21.7659
+1.49309,-21.7906
+1.49346,-21.6531
+1.49382,-21.748
+1.49435,-21.7263
+1.4947,-21.6281
+1.49509,-19.3717
+1.49546,-17.3017
+1.49598,-15.1482
+1.49634,-12.8772
