+0,+0.2441
+0.0005,+0.360643
+0.0008,+0.475813
+0.0012,+0.398497
+0.0016,+0.468168
+0.002,+0.284076
+0.0025,+0.142815
+0.0028,+0.118742
+0.0032,-0.0292871
+0.0036,-0.0279509
+0.004,+0.61635
+0.0045,+0.495144
+0.0048,+0.325064
+0.0052,+0.507058
+0.0056,+0.43318
+0.006,+0.62325
+0.0065,+0.660113
+0.0068,+1.66581
+0.0073,+1.9188
+0.0076,+1.87346
+0.0081,+1.2373
+0.0085,+1.96776
+0.0088,+1.86315
+0.0092,+1.94452
+0.0096,+1.95586
+0.01,+1.83802
+0.0105,+1.50423
+0.0108,+0.484907
+0.0112,+0.454689
+0.0116,+0.697458
+0.012,+0.63828
+0.0125,+0.00502305
+0.0128,+0.19571
+0.0132,-0.0213871
+0.0136,+0.0129249
+0.014,+0.166865
+0.0145,+0.485977
+0.0148,+0.487074
+0.0152,+0.491245
+0.0156,+0.181178
+0.016,+0.308934
+0.0165,+0.0933633
+0.0168,+0.121755
+0.018,+1.00344
+0.0182,+1.12171
+0.0185,+1.15518
+0.0188,+0.995801
+0.0192,+1.03334
+0.0196,+0.905926
+0.02,+1.13149
+0.0205,+0.90234
+0.0208,+1.07371
+0.0212,+0.984449
+0.0216,+0.0664739
+0.0221,-0.139085
+0.0225,-0.136668
+0.0228,+0.757684
+0.0232,+0.780055
+0.0236,+0.855956
+0.024,+0.625517
+0.0245,+0.614075
+0.0248,+0.549669
+0.0252,+0.621953
+0.0256,+0.793751
+0.026,+0.917449
+0.0265,+0.911543
+0.0268,+0.197104
+0.0273,+0.124295
+0.0276,+0.127627
+0.028,+0.190199
+0.0285,+0.3253
+0.0288,+0.268102
+0.0292,+0.276858
+0.0296,+0.311577
+0.03,+0.183151
+0.0305,+0.0781704
+0.0308,+0.0185795
+0.0312,-0.038182
+0.0316,+0.0381875
+0.032,+0.252629
+0.0325,+0.304191
+0.0328,+0.302787
+0.0332,+0.312213
+0.0336,+0.314668
+0.034,+0.334368
+0.0345,+0.368599
+0.0348,+0.377144
+0.0352,+0.382273
+0.0356,+0.151173
+0.036,-0.0473407
+0.0365,+0.00756914
+0.0368,+0.308199
+0.0372,+0.24301
+0.0376,+1.0842
+0.038,+1.85304
+0.0385,+1.89274
+0.0389,+1.99774
+0.0392,+2.14683
+0.0396,+2.97987
+0.04,+3.01012
+0.0405,+2.98691
+0.0409,+2.83639
+0.0412,+2.99144
+0.0417,+1.91278
+0.042,+1.23215
+0.0425,+1.23233
+0.0428,+1.33504
+0.0433,+1.31293
+0.0436,+0.727544
+0.044,+0.767196
+0.0445,+0.607292
+0.0449,+0.582028
+0.0453,+0.286698
+0.0456,+0.467198
+0.046,+0.529627
+0.0465,+0.584147
+0.0469,+0.330823
+0.0473,+0.393935
+0.0476,+0.479324
+0.048,+0.536549
+0.0485,+0.903278
+0.0489,+0.840625
+0.0492,+1.05462
+0.0497,+1.03458
+0.05,+0.937588
+0.0505,+0.986112
+0.0509,+1.13054
+0.0512,+1.01922
+0.0516,+0.896272
+0.052,+0.932808
+0.0525,+0.547579
+0.0529,+0.570553
+0.0533,+1.51783
+0.0537,+1.55475
+0.054,+1.70874
+0.0545,+1.60497
+0.0549,+1.61737
+0.0552,+1.5168
+0.0556,+1.62735
+0.056,+1.59034
+0.0565,+1.76977
+0.0569,+1.83985
+0.0573,+0.888518
+0.0578,+1.0451
+0.0581,+0.980188
+0.0585,+1.11529
+0.0589,+1.26176
+0.0592,+1.39273
+0.0596,+1.24159
+0.06,+1.36039
+0.0605,+1.35405
+0.0609,+1.29382
+0.0612,+1.47166
+0.0617,+1.42784
+0.062,+2.19183
+0.0625,+2.04308
+0.0629,+2.03877
+0.0632,+2.03264
+0.0636,+1.99505
+0.064,+2.67411
+0.0645,+2.66972
+0.0649,+2.54915
+0.0653,+2.55066
+0.0657,+2.43333
+0.066,+1.51025
+0.0665,+1.6006
+0.0669,+1.46026
+0.0673,+1.63232
+0.0677,+1.70549
+0.068,+0.986492
+0.0685,+1.1203
+0.0689,+2.25844
+0.0693,+1.99818
+0.0697,+2.03771
+0.07,+3.08034
+0.0705,+3.0709
+0.0709,+3.18476
+0.0712,+3.25495
+0.0716,+3.37331
+0.072,+3.35187
+0.0725,+3.23301
+0.0729,+2.38805
+0.0732,+2.61011
+0.0737,+2.68362
+0.074,+1.83494
+0.0745,+1.72717
+0.0749,+1.76596
+0.0752,+1.71461
+0.0756,+1.52239
+0.076,+1.51116
+0.0765,+1.34266
+0.0769,+1.36032
+0.0772,+1.31975
+0.0777,+1.22291
+0.078,+1.09533
+0.0785,+1.08097
+0.0789,+1.05558
+0.0793,+1.05845
+0.0796,+1.34971
+0.08,+1.48615
+0.0805,+1.69901
+0.0809,+1.48347
+0.0813,+1.54634
+0.0817,+1.8489
+0.082,+2.91544
+0.0825,+3.05918
+0.0829,+3.08163
+0.0832,+3.10183
+0.0836,+3.0431
+0.084,+2.95371
+0.0845,+3.64647
+0.0849,+4.66226
+0.0853,+4.64658
+0.0857,+4.53484
+0.086,+3.53803
+0.0864,+3.76944
+0.0869,+3.69
+0.0872,+3.66822
+0.0876,+3.57298
+0.0881,+3.6634
+0.0886,+3.01987
+0.0889,+2.20497
+0.0893,+2.00877
+0.0897,+1.80215
+0.09,+2.0979
+0.0905,+2.66125
+0.0909,+2.67206
+0.0912,+2.77199
+0.0916,+2.80566
+0.092,+2.83871
+0.0925,+3.48937
+0.0929,+3.5917
+0.0932,+3.81239
+0.0936,+3.83719
+0.094,+3.65704
+0.0944,+3.01846
+0.0949,+3.07252
+0.0952,+3.07894
+0.0956,+3.13372
+0.096,+3.18628
+0.0965,+2.71746
+0.0968,+2.62941
+0.0972,+2.45361
+0.0976,+2.6164
+0.098,+2.74078
+0.0986,+2.73787
+0.0989,+2.66342
+0.0992,+2.62701
+0.0996,+2.61169
+0.1,+2.99359
+0.1005,+2.83631
+0.1008,+2.92357
+0.1012,+3.12422
+0.1016,+3.10036
+0.102,+3.13522
+0.1024,+3.16131
+0.1028,+3.18353
+0.1032,+3.09878
+0.1036,+3.21402
+0.104,+2.81775
+0.1045,+2.98854
+0.1048,+2.89153
+0.1052,+2.89116
+0.1056,+2.85329
+0.106,+2.83852
+0.1065,+2.92768
+0.1068,+3.09722
+0.1072,+3.64879
+0.1076,+3.66427
+0.108,+3.66906
+0.1085,+3.68589
+0.1088,+3.69411
+0.1092,+3.69156
+0.1096,+3.63094
+0.11,+3.60912
+0.1103,+3.54903
+0.1108,+3.52893
+0.1112,+3.202
+0.1116,+3.08435
+0.112,+3.22102
+0.1125,+3.05924
+0.1128,+3.20094
+0.1132,+4.06364
+0.1136,+4.17661
+0.114,+3.9676
+0.1145,+4.03149
+0.1148,+3.89243
+0.1152,+3.83549
+0.1156,+3.84393
+0.116,+3.68413
+0.1165,+3.80872
+0.1168,+3.84427
+0.1172,+3.11641
+0.1176,+3.19535
+0.118,+3.32788
+0.1185,+3.27537
+0.1188,+3.46058
+0.1192,+3.38571
+0.1204,+3.4259
+0.1206,+3.62139
+0.1208,+3.67992
+0.1212,+3.50337
+0.1216,+3.49098
+0.122,+3.46496
+0.1225,+3.47317
+0.1228,+3.66753
+0.1232,+3.70379
+0.1236,+3.93206
+0.124,+3.90437
+0.1245,+3.54526
+0.1248,+3.46597
+0.1252,+3.7636
+0.1256,+3.79197
+0.126,+3.88518
+0.1263,+4.04922
+0.1268,+4.0163
+0.1272,+3.77218
+0.1276,+4.28104
+0.128,+4.51102
+0.1285,+4.84054
+0.1288,+4.88763
+0.1292,+5.74301
+0.1296,+5.74953
+0.13,+5.79912
+0.1305,+5.84732
+0.1308,+5.90211
+0.1312,+6.00015
+0.1316,+5.23528
+0.132,+5.11512
+0.1325,+4.95602
+0.1328,+4.92114
+0.1332,+3.96758
+0.1336,+4.05378
+0.134,+3.8866
+0.1343,+3.90578
+0.1348,+3.95109
+0.1352,+4.24819
+0.1356,+4.58184
+0.136,+4.70341
+0.1365,+4.72784
+0.1368,+4.82543
+0.1372,+4.899
+0.1376,+5.83897
+0.138,+5.95584
+0.1385,+5.87177
+0.1388,+5.62125
+0.1392,+5.58638
+0.1396,+5.43008
+0.14,+5.32199
+0.1405,+5.31614
+0.1408,+5.24071
+0.1412,+5.30014
+0.1416,+4.20495
+0.142,+4.20708
+0.1423,+3.93999
+0.1428,+4.13175
+0.1432,+4.03264
+0.1436,+4.17602
+0.144,+4.25087
+0.1445,+4.49623
+0.1448,+4.59355
+0.1452,+4.49797
+0.1456,+4.56488
+0.146,+4.62986
+0.1465,+4.81049
+0.1468,+4.66352
+0.1472,+4.73884
+0.1476,+4.63782
+0.148,+4.44137
+0.1485,+4.34461
+0.1488,+4.30427
+0.1493,+4.09052
+0.1496,+4.01201
+0.15,+4.02004
+0.1503,+4.12362
+0.1508,+4.13053
+0.1512,+4.11927
+0.1516,+4.06529
+0.152,+4.17613
+0.1525,+4.3218
+0.1528,+4.41511
+0.1532,+4.58243
+0.1536,+4.75987
+0.154,+4.85173
+0.1545,+4.90887
+0.1548,+5.03826
+0.1552,+4.96048
+0.1556,+4.88587
+0.156,+5.06936
+0.1565,+4.93203
+0.1569,+4.70329
+0.1572,+4.81685
+0.1576,+4.7042
+0.158,+4.37761
+0.1585,+4.38398
+0.1588,+4.39678
+0.1592,+4.57074
+0.1596,+4.75332
+0.16,+4.65008
+0.1605,+4.70448
+0.1608,+4.97905
+0.1612,+5.84926
+0.1616,+5.9795
+0.162,+6.23668
+0.1623,+6.21851
+0.1628,+6.31008
+0.1632,+6.77428
+0.1636,+6.72893
+0.164,+6.78483
+0.1645,+6.7291
+0.1648,+6.55872
+0.1652,+5.48065
+0.1656,+5.57022
+0.166,+5.58249
+0.1663,+5.98164
+0.1668,+5.76349
+0.1672,+5.29358
+0.1676,+5.12747
+0.168,+5.10059
+0.1685,+5.19926
+0.1688,+5.39292
+0.1692,+5.88756
+0.1696,+5.93796
+0.17,+6.03278
+0.1705,+5.63117
+0.1708,+5.90017
+0.1712,+5.85259
+0.1717,+6.01056
+0.172,+6.12598
+0.1723,+6.07048
+0.1728,+6.04061
+0.1732,+5.66913
+0.1736,+5.71469
+0.174,+5.73951
+0.1743,+5.80891
+0.1748,+5.71417
+0.1752,+5.80971
+0.1756,+6.49481
+0.176,+6.50345
+0.1763,+6.57675
+0.1768,+6.71071
+0.1772,+6.8812
+0.1776,+6.75733
+0.178,+6.70198
+0.1785,+6.88856
+0.1788,+7.00451
+0.1792,+7.07553
+0.1797,+6.5928
+0.18,+6.57472
+0.1805,+6.62961
+0.1808,+6.44241
+0.1812,+6.52343
+0.1816,+6.48626
+0.182,+6.55141
+0.1823,+6.59279
+0.1828,+6.48006
+0.1832,+6.41147
+0.1836,+6.38598
+0.184,+6.30664
+0.1845,+6.2286
+0.1848,+6.59531
+0.1852,+6.61868
+0.1856,+6.85558
+0.186,+6.97085
+0.1865,+6.84114
+0.1868,+6.82161
+0.1872,+7.12759
+0.1876,+6.88662
+0.188,+7.20499
+0.1885,+8.22367
+0.1888,+7.91224
+0.1892,+8.06623
+0.1896,+7.86516
+0.19,+7.97504
+0.1903,+7.99495
+0.1908,+8.06507
+0.1912,+7.72495
+0.1916,+7.91855
+0.192,+8.2286
+0.1925,+7.42892
+0.1928,+7.5697
+0.1932,+7.16527
+0.1936,+7.25236
+0.194,+7.17613
+0.1945,+7.07554
+0.1948,+7.08652
+0.1952,+7.31901
+0.1956,+7.49582
+0.196,+6.98499
+0.1963,+6.84588
+0.1968,+6.44922
+0.1972,+6.45514
+0.1976,+6.51342
+0.198,+6.4494
+0.1985,+6.69103
+0.1988,+6.72494
+0.1992,+6.86941
+0.1996,+6.92443
+0.2,+7.00926
+0.2005,+7.00807
+0.2008,+2.0988
+0.2012,+2.29743
+0.2016,+2.43021
+0.202,+2.44514
+0.2023,+2.52151
+0.2028,+2.60318
+0.2032,+2.35627
+0.2036,+2.08748
+0.204,+2.13044
+0.2043,+2.15581
+0.2048,+1.95432
+0.2052,+1.90297
+0.2056,+1.68322
+0.206,+1.94978
+0.2063,+1.85375
+0.2068,+1.76133
+0.2072,+1.91453
+0.2076,+2.42536
+0.208,+2.37458
+0.2085,+2.34063
+0.2088,+2.54736
+0.2092,+2.65183
+0.2096,+3.01056
+0.2101,+2.8718
+0.2105,+2.85997
+0.2108,+2.85963
+0.2112,+2.9202
+0.2116,+2.47297
+0.212,+2.64106
+0.2123,+2.70408
+0.2128,+2.57256
+0.2132,+2.55613
+0.2136,+2.39876
+0.214,+2.87957
+0.2143,+2.97756
+0.2148,+3.02153
+0.2152,+2.83692
+0.2156,+2.74916
+0.216,+2.63763
+0.2163,+2.74377
+0.2168,+2.9798
+0.2172,+3.11698
+0.2176,+3.09795
+0.218,+2.68484
+0.2185,+2.61747
+0.2188,+2.74204
+0.2192,+2.84621
+0.2196,+3.12351
+0.22,+3.11225
+0.2205,+3.14151
+0.2208,+3.04703
+0.2212,+2.91297
+0.2216,+2.82453
+0.2228,+2.92756
+0.223,+2.87032
+0.2233,+2.83209
+0.2236,+2.87763
+0.224,+2.83486
+0.2243,+2.87142
+0.2248,+2.60907
+0.2252,+2.72301
+0.2256,+3.13818
+0.226,+3.22175
+0.2263,+2.86496
+0.2268,+2.97535
+0.2272,+2.89425
+0.2276,+2.88615
+0.228,+2.94138
+0.2285,+2.98436
+0.2288,+3.14478
+0.2292,+3.20063
+0.2296,+2.90281
+0.2301,+2.83846
+0.2303,+3.10052
+0.2308,+2.86786
+0.2312,+3.05154
+0.2316,+3.06772
+0.232,+2.99881
+0.2323,+3.13473
+0.2328,+3.24697
+0.2332,+3.87294
+0.2336,+3.72234
+0.234,+3.67493
+0.2343,+3.68988
+0.2348,+4.0533
+0.2352,+4.0796
+0.2356,+4.00101
+0.236,+3.97398
+0.2363,+3.90164
+0.2368,+3.95982
+0.2372,+3.37916
+0.2376,+3.5383
+0.238,+3.69791
+0.2385,+3.66358
+0.2388,+3.78382
+0.2392,+3.84346
+0.2396,+3.91431
+0.24,+4.10253
+0.2403,+4.19844
+0.2408,+4.05385
+0.2412,+3.90034
+0.2416,+3.94118
+0.242,+3.78822
+0.2423,+3.87284
+0.2428,+3.67935
+0.2432,+3.55645
+0.2436,+3.35412
+0.244,+3.30097
+0.2443,+3.43527
+0.2448,+3.74334
+0.2452,+3.98558
+0.2456,+3.88727
+0.246,+3.9845
+0.2463,+4.0521
+0.2468,+4.06365
+0.2472,+4.22902
+0.2476,+4.41688
+0.248,+4.46458
+0.2485,+4.39353
+0.2488,+4.17139
+0.2492,+4.03798
+0.2496,+4.23789
+0.25,+4.51614
+0.2503,+4.30975
+0.2508,+4.50426
+0.2512,+4.6011
+0.2516,+4.72009
+0.252,+4.70043
+0.2523,+4.62051
+0.2528,+4.77369
+0.2532,+4.76412
+0.2536,+4.72514
+0.254,+4.46296
+0.2543,+4.41594
+0.2548,+4.09492
+0.2552,+4.00253
+0.2556,+3.85508
+0.256,+3.78618
+0.2563,+3.80653
+0.2568,+3.8367
+0.2572,+3.92486
+0.2576,+4.21
+0.258,+4.37695
+0.2585,+4.47231
+0.2588,+4.91663
+0.2593,+4.9947
+0.2596,+5.20044
+0.26,+5.4774
+0.2605,+5.49634
+0.2608,+5.65562
+0.2612,+5.74789
+0.2616,+5.37928
+0.262,+5.27356
+0.2623,+5.30033
+0.2628,+5.13553
+0.2632,+4.86415
+0.2636,+4.96909
+0.264,+4.80533
+0.2643,+4.42099
+0.2648,+4.07003
+0.2652,+3.84712
+0.2656,+3.91953
+0.266,+3.99139
+0.2663,+4.16176
+0.2668,+4.16695
+0.2672,+4.48693
+0.2676,+4.36809
+0.268,+4.58986
+0.2685,+5.00764
+0.2688,+5.25541
+0.2692,+5.50402
+0.2696,+5.539
+0.27,+5.73855
+0.2703,+5.74789
+0.271,+5.64685
+0.2712,+5.62844
+0.2716,+5.61054
+0.272,+5.48016
+0.2724,+5.56141
+0.2728,+5.63524
+0.2732,+5.68521
+0.2736,+5.70683
+0.274,+5.60126
+0.2743,+5.66113
+0.2748,+5.8252
+0.2752,+5.63447
+0.2756,+5.56737
+0.276,+5.87901
+0.2763,+5.82995
+0.2768,+5.88685
+0.2772,+5.85584
+0.2776,+6.02997
+0.278,+6.28056
+0.2785,+6.31531
+0.2788,+6.30415
+0.2792,+6.50249
+0.2796,+6.77469
+0.28,+6.66241
+0.2803,+6.83864
+0.2808,+6.5661
+0.2812,+6.58068
+0.2816,+6.29952
+0.282,+6.04092
+0.2823,+6.23096
+0.2828,+6.21386
+0.2832,+6.19269
+0.2836,+5.86289
+0.284,+5.81848
+0.2843,+5.51058
+0.2848,+5.63379
+0.2852,+5.69759
+0.2856,+6.00746
+0.286,+5.89535
+0.2863,+5.76914
+0.2868,+5.72998
+0.2872,+5.78092
+0.2876,+6.06269
+0.288,+5.96722
+0.2885,+6.08541
+0.2888,+6.25604
+0.2892,+6.22991
+0.2896,+6.19683
+0.29,+6.31495
+0.2903,+6.21851
+0.2908,+6.08037
+0.2912,+6.29958
+0.2916,+6.30492
+0.292,+6.45156
+0.2923,+6.57129
+0.2928,+6.58569
+0.2932,+6.49453
+0.2936,+6.49924
+0.294,+6.6969
+0.2943,+6.77538
+0.2948,+7.02301
+0.2952,+6.86977
+0.2956,+6.86397
+0.296,+6.7845
+0.2963,+6.76806
+0.2968,+6.80504
+0.2972,+6.68139
+0.2976,+6.63148
+0.298,+6.23644
+0.2985,+5.91252
+0.2988,+5.97297
+0.2992,+5.7335
+0.2996,+5.68877
+0.3,+5.50446
+0.3003,+5.21269
+0.3008,+5.06098
+0.3012,+5.35963
+0.3016,+5.01955
+0.302,+5.35443
+0.3023,+5.82542
+0.3028,+5.8972
+0.3032,+5.91094
+0.3036,+6.03974
+0.304,+6.25958
+0.3043,+6.47352
+0.3048,+6.69153
+0.3052,+6.96231
+0.3056,+7.32519
+0.306,+7.33466
+0.3063,+7.02522
+0.3068,+7.03321
+0.3072,+7.40203
+0.3076,+7.35357
+0.308,+7.58534
+0.3086,+7.95615
+0.309,+7.70237
+0.3093,+7.41735
+0.3096,+7.61519
+0.31,+7.43229
+0.3103,+7.38691
+0.3108,+7.33159
+0.3112,+7.1547
+0.3116,+7.31462
+0.312,+7.04916
+0.3123,+6.81197
+0.3128,+6.82621
+0.3132,+6.70207
+0.3136,+6.45102
+0.314,+6.53444
+0.3143,+6.75931
+0.3149,+6.65644
+0.3152,+6.58405
+0.3156,+6.62489
+0.316,+7.23363
+0.3164,+7.27255
+0.3168,+7.54436
+0.3172,+7.27155
+0.3176,+7.49093
+0.318,+7.54502
+0.3185,+7.61366
+0.3188,+7.80852
+0.3192,+7.94829
+0.3196,+7.78878
+0.32,+7.51015
+0.3203,+7.67929
+0.3208,+7.69976
+0.3212,+8.19032
+0.3216,+8.263
+0.322,+8.06494
+0.3223,+8.09182
+0.3229,+8.31849
+0.3232,+8.21212
+0.3236,+8.23109
+0.324,+7.99449
+0.3252,+7.99585
+0.3254,+7.99159
+0.3256,+7.93456
+0.326,+7.95718
+0.3263,+8.20134
+0.3268,+8.11174
+0.3272,+7.95095
+0.3276,+7.98881
+0.328,+8.10653
+0.3285,+8.63212
+0.3288,+8.58908
+0.3292,+8.15203
+0.3296,+7.97276
+0.33,+8.00357
+0.3303,+8.07058
+0.3308,+8.39893
+0.3312,+8.59975
+0.3316,+8.39179
+0.332,+8.37317
+0.3323,+7.97319
+0.3328,+7.96967
+0.3332,+8.1858
+0.3336,+8.34067
+0.334,+8.12972
+0.3343,+8.15573
+0.3348,+7.95054
+0.3352,+7.57847
+0.3357,+7.87337
+0.336,+7.5583
+0.3363,+7.48826
+0.3368,+7.54818
+0.3372,+7.83891
+0.3376,+7.93983
+0.338,+8.00836
+0.3385,+8.10577
+0.3388,+8.00991
+0.3392,+8.13258
+0.3396,+7.96098
+0.34,+8.55744
+0.3403,+9.09062
+0.3408,+9.0309
+0.3412,+8.77966
+0.3416,+8.76274
+0.342,+8.72465
+0.3423,+9.13929
+0.3428,+9.31825
+0.3432,+9.04042
+0.3436,+9.15205
+0.344,+8.93524
+0.3443,+8.29929
+0.3448,+8.30963
+0.3452,+8.38511
+0.3456,+8.44925
+0.346,+8.64329
+0.3463,+8.37462
+0.3468,+8.05412
+0.3472,+8.47733
+0.3476,+8.72622
+0.348,+8.61544
+0.3485,+8.76904
+0.3488,+8.98174
+0.3492,+8.98564
+0.3496,+8.64302
+0.35,+8.68184
+0.3503,+8.76324
+0.3509,+8.79781
+0.3512,+8.72831
+0.3516,+8.61112
+0.352,+8.70313
+0.3523,+8.85756
+0.3528,+8.5743
+0.3532,+8.71082
+0.3536,+9.19405
+0.354,+8.98051
+0.3544,+8.52766
+0.3548,+8.7896
+0.3552,+8.61794
+0.3556,+8.66623
+0.356,+9.129
+0.3563,+9.0393
+0.3568,+9.68009
+0.3572,+9.63933
+0.3576,+10.121
+0.358,+10.6212
+0.3584,+10.7848
+0.3588,+10.9519
+0.3592,+10.827
+0.3596,+10.9344
+0.36,+10.2899
+0.3603,+10.3569
+0.3608,+9.83722
+0.3612,+9.88533
+0.3617,+9.35808
+0.362,+9.602
+0.3623,+9.92932
+0.3628,+10.0773
+0.3632,+10.3333
+0.3636,+10.1371
+0.364,+10.2942
+0.3644,+10.4143
+0.3648,+10.2366
+0.3652,+10.3651
+0.3656,+10.3133
+0.366,+9.55985
+0.3663,+9.10904
+0.3668,+9.3826
+0.3672,+9.59454
+0.3676,+9.71552
+0.368,+10.0947
+0.3685,+9.84524
+0.3688,+9.80436
+0.3692,+9.45621
+0.3696,+9.61978
+0.37,+9.55646
+0.3703,+9.85448
+0.3708,+9.32382
+0.3712,+8.83143
+0.3716,+8.91961
+0.372,+8.41986
+0.3724,+8.17878
+0.3728,+8.48702
+0.3732,+8.53923
+0.3736,+8.45054
+0.374,+9.00277
+0.3743,+8.88804
+0.3748,+9.02419
+0.3752,+9.28162
+0.3756,+9.39071
+0.376,+9.46753
+0.3764,+9.87784
+0.3768,+9.88012
+0.3772,+9.97731
+0.3776,+9.7053
+0.378,+9.11953
+0.3785,+9.33001
+0.3788,+9.04577
+0.3792,+9.43484
+0.3796,+9.79752
+0.38,+9.70593
+0.3804,+9.77775
+0.3808,+9.81984
+0.3812,+10.2254
+0.3816,+10.5935
+0.3821,+11.117
+0.3824,+10.8669
+0.3829,+10.8164
+0.3832,+10.3224
+0.3836,+9.6001
+0.384,+9.99719
+0.3843,+9.68428
+0.3848,+9.67527
+0.3852,+9.63897
+0.3856,+9.59669
+0.386,+9.76703
+0.3863,+9.85556
+0.3868,+10.5822
+0.3872,+10.5442
+0.3876,+10.7663
+0.388,+10.6653
+0.3885,+10.81
+0.3889,+11.0479
+0.3892,+10.976
+0.3896,+11.0187
+0.39,+10.6622
+0.3903,+11.0796
+0.3909,+10.7283
+0.3912,+10.8917
+0.3916,+10.7756
+0.392,+11.1145
+0.3923,+11.1294
+0.3928,+11.0293
+0.3932,+11.0291
+0.3936,+11.0351
+0.394,+11.1174
+0.3944,+10.9191
+0.3949,+10.8996
+0.3952,+11.0674
+0.3956,+11.5967
+0.396,+11.3376
+0.3964,+11.6261
+0.3968,+11.2752
+0.3972,+11.5293
+0.3977,+11.4337
+0.398,+11.3188
+0.3984,+11.5723
+0.3988,+11.9355
+0.3992,+11.9055
+0.3996,+12.1445
+0.4,+12.6753
+0.4004,+12.2211
+0.4009,+12.2165
+0.4012,+11.7211
+0.4016,+12.2836
+0.402,+12.1395
+0.4023,+12.0724
+0.4029,+12.1426
+0.4032,+11.9801
+0.4036,+11.907
+0.404,+11.8635
+0.4044,+11.9738
+0.4049,+11.9933
+0.4052,+12.0713
+0.4056,+12.1141
+0.406,+12.1085
+0.4064,+11.9518
+0.4069,+11.9236
+0.4072,+12.1074
+0.4076,+11.9879
+0.408,+11.8723
+0.4085,+11.8598
+0.4088,+11.812
+0.4092,+11.9649
+0.4096,+11.9586
+0.41,+11.9355
+0.4104,+12.1905
+0.4108,+12.039
+0.4112,+11.9589
+0.4116,+12.0754
+0.412,+12.0689
+0.4125,+11.9672
+0.4128,+12.0552
+0.4132,+11.9483
+0.4136,+11.8763
+0.414,+11.8795
+0.4143,+11.9147
+0.4148,+11.7173
+0.4152,+11.7172
+0.4156,+11.639
+0.416,+11.5794
+0.4164,+11.4221
+0.4169,+11.3028
+0.4172,+11.1773
+0.4176,+11.2229
+0.418,+11.204
+0.4185,+10.8615
+0.4189,+11.0526
+0.4192,+11.0844
+0.4196,+11.0115
+0.42,+10.9691
+0.4204,+11.026
+0.4207,+10.9753
+0.4212,+11.0899
+0.4216,+10.9822
+0.422,+10.9078
+0.4224,+11.0358
+0.4228,+11.0538
+0.4232,+10.9609
+0.4237,+10.9745
+0.424,+10.9927
+0.4244,+11.0316
+0.4248,+11.0314
+0.4252,+10.9276
+0.4256,+10.9584
+0.426,+10.954
+0.4264,+10.9152
+0.4267,+10.9797
+0.4276,+10.9404
+0.4278,+10.8585
+0.428,+10.701
+0.4285,+10.5845
+0.4288,+10.7583
+0.4292,+10.6499
+0.4296,+10.5305
+0.43,+10.6114
+0.4303,+10.67
+0.4308,+10.5791
+0.4312,+10.5467
+0.4316,+10.5843
+0.432,+10.662
+0.4324,+10.66
+0.4329,+10.501
+0.4332,+10.4423
+0.4336,+10.5695
+0.434,+10.6652
+0.4344,+10.6112
+0.4349,+10.6376
+0.4352,+10.5631
+0.4356,+10.5286
+0.436,+10.5044
+0.4364,+10.5658
+0.4368,+10.5557
+0.4372,+10.6064
+0.4376,+10.4972
+0.438,+10.3224
+0.4384,+10.3238
+0.4388,+10.11
+0.4392,+10.1579
+0.4396,+10.1081
+0.44,+10.2168
+0.4404,+10.2086
+0.4408,+10.0481
+0.4412,+9.95872
+0.4416,+9.84242
+0.442,+9.90685
+0.4424,+9.78793
+0.4428,+9.81685
+0.4432,+9.81315
+0.4436,+9.70797
+0.444,+9.47079
+0.4444,+9.35165
+0.4447,+9.39352
+0.4452,+9.45701
+0.4456,+9.40951
+0.446,+9.20238
+0.4463,+9.24944
+0.4468,+9.26188
+0.4472,+9.12501
+0.4476,+9.17612
+0.448,+9.11166
+0.4485,+9.13853
+0.4489,+9.16205
+0.4492,+9.16909
+0.4496,+9.23823
+0.45,+9.17637
+0.4504,+9.10489
+0.4509,+8.8654
+0.4512,+8.89036
+0.4516,+9.02726
+0.452,+9.12506
+0.4524,+9.05808
+0.4528,+9.02579
+0.4532,+8.82295
+0.4536,+8.73885
+0.454,+8.83589
+0.4543,+8.73955
+0.4548,+8.83424
+0.4552,+8.80413
+0.4556,+8.53752
+0.456,+8.52363
+0.4564,+8.54707
+0.4567,+8.46712
+0.4572,+8.48234
+0.4576,+8.41839
+0.458,+8.38223
+0.4585,+8.44827
+0.4589,+8.4794
+0.4592,+8.41947
+0.4596,+8.36968
+0.46,+8.2418
+0.4604,+8.18028
+0.4607,+8.14902
+0.4612,+8.11662
+0.4616,+8.12456
+0.462,+8.06787
+0.4624,+7.94132
+0.4629,+7.80883
+0.4632,+7.76176
+0.4636,+7.78081
+0.464,+7.78526
+0.4644,+7.65599
+0.4647,+7.67999
+0.4652,+7.67585
+0.4656,+7.59042
+0.466,+7.68459
+0.4664,+7.59102
+0.4667,+7.75231
+0.4672,+7.82637
+0.4676,+7.827
+0.468,+7.79367
+0.4685,+7.91052
+0.4689,+7.78975
+0.4692,+7.77783
+0.4696,+7.76424
+0.47,+7.52869
+0.4704,+7.55925
+0.4709,+7.52797
+0.4712,+7.20826
+0.4716,+7.24779
+0.472,+7.18934
+0.4724,+7.10623
+0.4727,+7.1345
+0.4745,+6.94119
+0.4747,+6.94927
+0.4749,+6.94663
+0.4752,+7.01464
+0.4756,+6.75603
+0.476,+6.83073
+0.4764,+6.70319
+0.4767,+6.59827
+0.4772,+6.49293
+0.4776,+6.26216
+0.478,+6.28211
+0.4784,+6.02767
+0.4789,+5.92003
+0.4792,+5.76515
+0.4796,+5.66984
+0.48,+5.65274
+0.4804,+5.6161
+0.4807,+5.51112
+0.4812,+5.44068
+0.4816,+5.46937
+0.482,+5.54417
+0.4825,+5.64162
+0.4829,+5.66681
+0.4832,+5.63198
+0.4836,+5.66068
+0.484,+5.68186
+0.4844,+5.53588
+0.485,+5.56172
+0.4852,+5.58753
+0.4856,+5.52849
+0.486,+5.37928
+0.4863,+5.31265
+0.4869,+5.30838
+0.4872,+5.17417
+0.4876,+5.08871
+0.488,+4.93989
+0.4885,+4.94338
+0.4887,+4.92861
+0.4892,+4.84081
+0.4896,+4.81519
+0.49,+4.75716
+0.4904,+4.74463
+0.4907,+4.65339
+0.4912,+4.65314
+0.4916,+4.61135
+0.492,+4.48393
+0.4924,+4.24564
+0.4927,+4.07028
+0.4932,+3.98278
+0.4936,+3.91794
+0.494,+3.86341
+0.4944,+3.74379
+0.4947,+3.60656
+0.4952,+3.46305
+0.4956,+3.38443
+0.496,+3.50956
+0.4964,+3.57018
+0.4967,+3.613
+0.4972,+3.45782
+0.4976,+3.29128
+0.498,+3.1168
+0.4985,+3.0116
+0.4989,+2.91822
+0.4992,+2.7477
+0.4996,+2.74817
+0.5,+2.539
+0.5004,+2.49548
+0.5007,+2.27307
+0.5012,+2.19249
+0.5016,+2.06777
+0.502,+2.04414
+0.5024,+1.96178
+0.5027,+1.91954
+0.5032,+1.90098
+0.5036,+1.74018
+0.504,+1.77183
+0.5044,+1.6702
+0.5049,+1.75194
+0.5052,+1.82255
+0.5056,+1.85497
+0.506,+1.93824
+0.5064,+2.09065
+0.5067,+2.03992
+0.5072,+2.01188
+0.5076,+2.02949
+0.508,+1.8753
+0.5085,+1.88329
+0.5089,+1.81245
+0.5092,+1.55019
+0.5096,+1.60776
+0.51,+1.33275
+0.5104,+1.11242
+0.5107,+0.926418
+0.5112,+0.808252
+0.5116,+0.682056
+0.512,+0.600914
+0.5124,+0.256458
+0.5127,+0.223007
+0.5132,+0.264253
+0.5136,-0.000539358
+0.514,-0.0369439
+0.5144,-0.201802
+0.5147,-0.237185
+0.5154,-0.244987
+0.5156,-0.344365
+0.516,-0.375584
+0.5164,-0.288254
+0.5167,-0.380203
+0.5172,-0.478862
+0.5176,-0.578319
+0.518,-0.503532
+0.5184,-0.389787
+0.5189,-0.376807
+0.5192,-0.461094
+0.5196,-0.628315
+0.52,-0.785583
+0.5204,-0.894761
+0.5207,-1.23654
+0.5212,-1.43754
+0.5216,-1.34866
+0.522,-1.53779
+0.5224,-1.66343
+0.5227,-1.8041
+0.5232,-1.94493
+0.5236,-1.91169
+0.524,-2.00898
+0.5244,-2.04538
+0.5247,-1.97492
+0.5252,-1.98787
+0.5256,-2.1392
+0.526,-2.32454
+0.5264,-2.32239
+0.5267,-2.49035
+0.5272,-2.51666
+0.5276,-2.68275
+0.528,-2.69156
+0.5285,-2.7249
+0.5288,-2.81502
+0.53,-2.83067
+0.5302,-2.98186
+0.5304,-2.95705
+0.5307,-3.22934
+0.5312,-3.20113
+0.5316,-3.33376
+0.532,-3.45791
+0.5324,-3.63274
+0.5327,-3.80328
+0.5332,-3.78281
+0.5336,-3.87023
+0.534,-3.96324
+0.5343,-4.03396
+0.5348,-4.09349
+0.5352,-4.16828
+0.5356,-4.20439
+0.536,-4.08782
+0.5364,-4.11186
+0.5367,-4.11617
+0.5372,-4.25804
+0.5376,-4.33015
+0.538,-4.3249
+0.5385,-4.41846
+0.5387,-4.54341
+0.5392,-4.60198
+0.5396,-4.89323
+0.54,-5.11969
+0.5404,-5.30938
+0.5407,-5.44763
+0.5412,-5.44818
+0.5416,-5.54871
+0.542,-5.65747
+0.5424,-5.75466
+0.5427,-5.80624
+0.5432,-5.96618
+0.5436,-5.80726
+0.544,-5.97334
+0.5444,-6.10576
+0.5447,-6.2462
+0.5452,-6.5068
+0.5457,-6.69793
+0.546,-6.66731
+0.5464,-6.74838
+0.5467,-6.82402
+0.5472,-6.89606
+0.5476,-6.95504
+0.548,-6.90042
+0.5485,-6.79202
+0.5487,-6.72559
+0.5492,-6.73153
+0.5496,-6.70715
+0.55,-6.94456
+0.5503,-7.0025
+0.5509,-7.15084
+0.5512,-7.28973
+0.5516,-7.51816
+0.552,-7.61025
+0.5524,-7.72342
+0.5527,-7.86428
+0.5532,-7.93321
+0.5536,-8.06417
+0.554,-8.03967
+0.5544,-8.13482
+0.5547,-8.00646
+0.5552,-8.01062
+0.5556,-7.99356
+0.556,-7.96771
+0.5564,-7.9504
+0.5567,-7.9858
+0.5572,-8.04142
+0.5576,-8.15974
+0.558,-8.20771
+0.5584,-8.39044
+0.5589,-8.53561
+0.5592,-8.48396
+0.5596,-8.59776
+0.56,-8.80705
+0.5604,-8.94007
+0.5607,-9.07864
+0.5612,-9.18479
+0.5616,-9.05935
+0.562,-9.13155
+0.5624,-9.12469
+0.5627,-9.29705
+0.5632,-9.5238
+0.5636,-9.40664
+0.564,-9.50166
+0.5644,-9.57302
+0.5647,-9.71702
+0.5652,-9.69043
+0.5656,-9.74509
+0.566,-9.80978
+0.5664,-9.87259
+0.5669,-9.80635
+0.5672,-9.76669
+0.5676,-9.82443
+0.568,-9.68231
+0.5685,-9.83431
+0.5688,-9.71066
+0.5692,-9.7442
+0.5696,-9.75517
+0.5703,-9.79344
+0.5705,-9.74955
+0.5707,-9.95494
+0.5712,-10.1617
+0.5716,-10.238
+0.572,-10.3133
+0.5724,-10.2233
+0.5727,-10.3515
+0.5732,-10.3586
+0.5736,-10.4803
+0.574,-10.5697
+0.5744,-10.6019
+0.5747,-10.4466
+0.5752,-10.3441
+0.5756,-10.5229
+0.576,-10.5818
+0.5764,-10.5448
+0.5767,-10.538
+0.5772,-10.6096
+0.5776,-10.6019
+0.578,-10.5452
+0.5784,-10.5457
+0.5789,-10.5406
+0.5792,-10.5634
+0.5796,-10.4588
+0.58,-10.4515
+0.5804,-10.5239
+0.5807,-10.6678
+0.5812,-10.5892
+0.5816,-10.5567
+0.582,-10.634
+0.5824,-10.6522
+0.5827,-10.5812
+0.5832,-10.5597
+0.5836,-10.6286
+0.584,-10.7005
+0.5844,-10.6075
+0.5847,-10.4694
+0.5852,-10.6151
+0.5856,-10.7715
+0.586,-10.6436
+0.5864,-10.5742
+0.5867,-10.7856
+0.5872,-10.8368
+0.5876,-10.7323
+0.588,-10.6992
+0.5883,-10.8806
+0.5889,-10.8451
+0.5892,-10.7543
+0.5896,-10.7126
+0.59,-10.8307
+0.5904,-10.7901
+0.5907,-10.7317
+0.5912,-10.5852
+0.5916,-10.7541
+0.592,-10.7266
+0.5924,-10.6203
+0.5927,-10.5993
+0.5932,-10.7132
+0.5936,-10.5661
+0.594,-10.3992
+0.5944,-10.5524
+0.5947,-10.4752
+0.5952,-10.6068
+0.5956,-10.4859
+0.596,-10.4163
+0.5964,-10.285
+0.5967,-10.3135
+0.5972,-10.1673
+0.5976,-10.1754
+0.598,-10.2022
+0.5984,-10.1607
+0.5989,-10.1327
+0.5992,-10.0303
+0.5996,-10.0518
+0.6,-10.0902
+0.6004,-10.1154
+0.6007,-10.0203
+0.6012,-9.96732
+0.6016,-10.007
+0.602,-9.90861
+0.6024,-9.75386
+0.6027,-9.6495
+0.6032,-9.60903
+0.6036,-9.39604
+0.604,-9.32665
+0.6044,-9.45583
+0.6047,-9.30741
+0.6052,-9.20208
+0.6056,-9.09566
+0.606,-9.12232
+0.6064,-9.17717
+0.6069,-9.17994
+0.6072,-9.2406
+0.6076,-9.03078
+0.608,-8.94671
+0.6084,-8.73307
+0.6087,-8.73473
+0.6092,-8.69268
+0.6096,-8.62604
+0.61,-8.54718
+0.6104,-8.33789
+0.6107,-8.15683
+0.6112,-7.98917
+0.6116,-8.02678
+0.612,-7.887
+0.6124,-7.81914
+0.6127,-7.72977
+0.6132,-7.69674
+0.6136,-7.61724
+0.614,-7.6762
+0.6144,-7.58431
+0.6147,-7.60931
+0.6152,-7.42263
+0.6156,-7.3574
+0.616,-7.27067
+0.6164,-7.20576
+0.6167,-7.1885
+0.6172,-6.96511
+0.6176,-6.87816
+0.618,-6.6205
+0.6184,-6.64594
+0.6189,-6.59412
+0.6192,-6.58542
+0.6196,-6.49918
+0.62,-6.44921
+0.6204,-6.38054
+0.6207,-6.21745
+0.6212,-6.24798
+0.6216,-6.20335
+0.622,-6.1373
+0.6224,-6.03783
+0.6227,-5.85981
+0.6232,-5.674
+0.6236,-5.58748
+0.624,-5.29087
+0.6244,-5.15483
+0.6247,-5.04406
+0.6252,-4.98446
+0.6256,-4.68806
+0.626,-4.58372
+0.6265,-4.37932
+0.6268,-4.21926
+0.6272,-4.07329
+0.6276,-3.96038
+0.628,-4.00908
+0.6284,-3.80073
+0.6289,-3.70127
+0.6292,-3.51522
+0.6296,-3.5724
+0.63,-3.45967
+0.6304,-3.45086
+0.6307,-3.31454
+0.6312,-3.29559
+0.6324,-3.18141
+0.6327,-3.04413
+0.6329,-3.01112
+0.6332,-2.8845
+0.6336,-2.87761
+0.634,-2.67993
+0.6344,-2.49538
+0.6347,-2.53156
+0.6352,-2.58638
+0.6356,-2.48113
+0.636,-2.44091
+0.6364,-2.43051
+0.6367,-2.31969
+0.6372,-2.24563
+0.6376,-1.97193
+0.638,-1.90522
+0.6384,-1.85606
+0.6389,-1.59874
+0.6392,-1.37527
+0.6396,-1.32677
+0.64,-1.21647
+0.6404,-1.10574
+0.6407,-0.894726
+0.6412,-0.806193
+0.6416,-0.903538
+0.642,-0.911217
+0.6424,-0.835599
+0.6427,-0.701298
+0.6432,-0.738977
+0.6436,-0.558079
+0.644,-0.483579
+0.6444,-0.421856
+0.6447,-0.425209
+0.6452,-0.344829
+0.6456,-0.0731966
+0.646,+0.108865
+0.6464,+0.149619
+0.6467,+0.258818
+0.6472,+0.428847
+0.6476,+0.434654
+0.648,+0.562687
+0.6484,+0.708461
+0.6487,+0.81478
+0.6492,+0.965468
+0.6496,+0.858761
+0.65,+0.948712
+0.6504,+1.06254
+0.6507,+1.1411
+0.6512,+1.2267
+0.6516,+1.28958
+0.652,+1.32311
+0.6524,+1.47081
+0.6527,+1.42953
+0.6532,+1.3925
+0.6536,+1.47345
+0.654,+1.45458
+0.6544,+1.5098
+0.6547,+1.53983
+0.6552,+1.52353
+0.6556,+1.60654
+0.656,+1.5987
+0.6564,+1.57242
+0.6569,+1.62861
+0.6572,+1.67525
+0.6576,+1.86968
+0.658,+1.97528
+0.6584,+1.91915
+0.6587,+1.85814
+0.6592,+1.91439
+0.6596,+2.04313
+0.66,+2.26261
+0.6604,+2.31077
+0.6607,+2.39287
+0.6612,+2.36481
+0.6616,+2.35325
+0.662,+2.29075
+0.6624,+2.3788
+0.6627,+2.40299
+0.6632,+2.4056
+0.6636,+2.30038
+0.664,+2.21853
+0.6644,+2.29303
+0.6647,+2.27484
+0.6652,+2.40968
+0.6656,+2.46726
+0.666,+2.61308
+0.6664,+2.53362
+0.6668,+2.59133
+0.6672,+2.69063
+0.6676,+2.76126
+0.668,+2.77579
+0.6684,+2.69906
+0.6689,+2.67725
+0.6692,+2.66792
+0.6696,+2.55896
+0.67,+2.36501
+0.6704,+2.38984
+0.6707,+2.44057
+0.6712,+2.37794
+0.6716,+2.30886
+0.672,+2.18756
+0.6724,+2.1561
+0.6727,+2.08449
+0.6732,+2.007
+0.6736,+2.00985
+0.674,+2.13329
+0.6744,+2.24682
+0.6747,+2.22462
+0.6752,+2.1228
+0.6756,+2.12111
+0.676,+2.18378
+0.6764,+2.12942
+0.6767,+2.16347
+0.6772,+2.09999
+0.6776,+2.00172
+0.678,+1.98335
+0.6784,+1.93547
+0.6787,+1.81763
+0.6791,+1.76488
+0.6796,+1.54068
+0.68,+1.39269
+0.6804,+1.25864
+0.6807,+1.15631
+0.6812,+1.08206
+0.6816,+1.07848
+0.682,+1.03417
+0.6824,+0.887492
+0.6827,+0.783993
+0.6832,+0.729684
+0.6836,+0.875943
+0.684,+0.77718
+0.6844,+0.834882
+0.6847,+0.816467
+0.6851,+0.803725
+0.6856,+0.667803
+0.686,+0.513288
+0.6864,+0.389974
+0.6867,+0.266915
+0.6872,+0.162767
+0.6876,+0.0182995
+0.688,+0.0831209
+0.6884,-0.0491021
+0.6889,-0.0824928
+0.6891,-0.191858
+0.6896,-0.337522
+0.69,-0.477821
+0.6904,-0.637473
+0.6907,-0.75095
+0.6912,-0.871612
+0.6916,-0.903452
+0.692,-1.09727
+0.6924,-1.38766
+0.6927,-1.47174
+0.6931,-1.62983
+0.6936,-1.53832
+0.694,-1.56786
+0.6944,-1.62416
+0.6947,-1.72232
+0.6951,-1.71831
+0.6956,-1.8977
+0.696,-1.99342
+0.6964,-1.97333
+0.6967,-2.38648
+0.6972,-2.34165
+0.6976,-2.51811
+0.698,-2.65607
+0.6984,-2.76858
+0.6989,-2.78026
+0.6992,-2.87137
+0.6996,-2.95347
+0.7,-2.85821
+0.7004,-2.98217
+0.7007,-2.84159
+0.7011,-2.95898
+0.7016,-3.23488
+0.702,-3.26677
+0.7024,-3.31325
+0.7027,-3.3869
+0.7032,-3.61581
+0.7036,-3.71975
+0.704,-3.93037
+0.7044,-4.06388
+0.7048,-4.10481
+0.7051,-4.17248
+0.7056,-4.16981
+0.706,-4.23158
+0.7064,-4.26286
+0.7067,-4.25301
+0.7072,-4.30167
+0.7076,-4.31687
+0.708,-4.51371
+0.7084,-4.55293
+0.7087,-4.71337
+0.7091,-4.96395
+0.7096,-5.04781
+0.71,-5.18437
+0.7104,-5.14304
+0.7107,-5.34247
+0.7111,-5.30878
+0.7116,-5.51721
+0.712,-5.4428
+0.7124,-5.51873
+0.7127,-5.56319
+0.7131,-5.46013
+0.7136,-5.50158
+0.714,-5.48816
+0.7144,-5.64087
+0.7147,-5.6802
+0.7151,-5.69848
+0.7156,-5.61986
+0.716,-5.72023
+0.7164,-5.73272
+0.7167,-5.6491
+0.7171,-5.78443
+0.7176,-5.73976
+0.718,-5.78631
+0.7185,-5.76428
+0.7189,-5.6896
+0.7192,-5.70854
+0.7196,-5.71597
+0.72,-5.74845
+0.7204,-5.65378
+0.7207,-5.79295
+0.7211,-5.86572
+0.7216,-5.98742
+0.722,-6.0984
+0.7224,-6.05763
+0.7227,-6.09608
+0.7231,-6.12841
+0.7236,-6.06111
+0.724,-6.0382
+0.7244,-6.00483
+0.7247,-5.99431
+0.7251,-5.83175
+0.7256,-5.80979
+0.726,-5.57711
+0.7264,-5.57174
+0.7267,-5.54695
+0.7271,-5.37688
+0.7276,-5.32073
+0.7281,-5.1378
+0.7284,-5.0442
+0.7287,-4.93424
+0.7291,-4.81285
+0.7296,-4.73018
+0.73,-4.8435
+0.7304,-4.80995
+0.7307,-4.72825
+0.7311,-4.79973
+0.7316,-4.80093
+0.732,-4.76545
+0.7324,-4.65597
+0.7327,-4.55044
+0.7332,-4.56173
+0.7336,-4.39336
+0.7348,-4.27699
+0.735,-4.27786
+0.7352,-4.20901
+0.7356,-4.12774
+0.736,-3.95713
+0.7364,-3.92429
+0.7367,-3.80641
+0.7371,-3.68779
+0.7376,-3.41176
+0.738,-3.28636
+0.7384,-3.13428
+0.7387,-3.01634
+0.7391,-2.97835
+0.7396,-2.89948
+0.74,-2.91675
+0.7404,-2.82273
+0.7407,-2.89071
+0.7411,-2.97206
+0.7416,-3.08106
+0.742,-3.04186
+0.7424,-2.99559
+0.7427,-2.94351
+0.7431,-2.76638
+0.7436,-2.64771
+0.744,-2.625
+0.7444,-2.70488
+0.7447,-2.62334
+0.7451,-2.46844
+0.7456,-2.41087
+0.746,-2.22704
+0.7464,-2.2108
+0.7467,-2.10013
+0.7471,-2.13377
+0.7476,-2.16546
+0.748,-2.08719
+0.7484,-1.8336
+0.7489,-1.66837
+0.7491,-1.58771
+0.7496,-1.60507
+0.75,-1.64887
+0.7504,-1.57242
+0.7507,-1.66267
+0.7511,-1.50648
+0.7516,-1.48293
+0.752,-1.32045
+0.7524,-1.33805
+0.7527,-1.45788
+0.7531,-1.52043
+0.7536,-1.47436
+0.754,-1.44371
+0.7544,-1.40894
+0.7547,-1.21319
+0.7551,-1.22401
+0.7556,-1.13264
+0.756,-1.20428
+0.7564,-1.27445
+0.7567,-1.26868
+0.7571,-1.13426
+0.7576,-1.08005
+0.758,-1.12193
+0.7584,-1.23397
+0.7589,-1.21761
+0.7591,-1.25452
+0.7596,-1.13532
+0.76,-1.19523
+0.7604,-1.12422
+0.7607,-1.06374
+0.7611,-1.14514
+0.7616,-1.15272
+0.762,-1.22766
+0.7624,-1.16523
+0.7628,-1.27131
+0.7631,-1.28144
+0.7636,-1.55098
+0.764,-1.50774
+0.7644,-1.54321
+0.7647,-1.75208
+0.7651,-1.82526
+0.7656,-1.94899
+0.766,-1.90764
+0.7664,-2.01363
+0.7667,-1.97483
+0.7671,-2.11167
+0.7676,-2.05652
+0.768,-2.17068
+0.7684,-2.32092
+0.7689,-2.32133
+0.7691,-2.24913
+0.7696,-2.10649
+0.77,-2.21511
+0.7704,-2.30947
+0.7707,-2.48288
+0.7711,-2.47657
+0.7716,-2.72277
+0.772,-2.69531
+0.7724,-2.67912
+0.7727,-2.6601
+0.7731,-2.87038
+0.7736,-3.16553
+0.774,-3.30381
+0.7744,-3.34734
+0.7747,-3.48947
+0.7751,-3.58963
+0.7756,-3.53059
+0.776,-3.61734
+0.7764,-3.8489
+0.7767,-3.8533
+0.7771,-3.81659
+0.7776,-3.82642
+0.778,-3.91692
+0.7785,-3.84535
+0.7788,-3.86959
+0.7791,-4.09823
+0.7796,-4.09421
+0.78,-4.26624
+0.7804,-4.27107
+0.7807,-4.48317
+0.7811,-4.69009
+0.7816,-4.83222
+0.782,-4.74149
+0.7824,-5.11533
+0.7827,-5.27884
+0.7831,-5.27817
+0.7836,-5.53504
+0.784,-5.69557
+0.7844,-5.75873
+0.7848,-5.90247
+0.7851,-6.00281
+0.7856,-6.08603
+0.786,-6.3201
+0.7864,-6.3437
+0.7867,-6.35924
+0.7871,-6.50109
+0.7876,-6.50826
+0.788,-6.68105
+0.7884,-6.76011
+0.7887,-6.78415
+0.7892,-7.01908
+0.7896,-7.05375
+0.79,-7.16955
+0.7904,-7.22527
+0.7907,-7.36421
+0.7911,-7.30362
+0.7916,-7.47362
+0.792,-7.48059
+0.7924,-7.67191
+0.7928,-7.91722
+0.7931,-8.00106
+0.7936,-8.14706
+0.794,-8.2386
+0.7944,-8.34278
+0.7947,-8.44432
+0.7951,-8.66736
+0.7956,-8.7611
+0.796,-8.82661
+0.7964,-8.72373
+0.7967,-8.78924
+0.7971,-8.73133
+0.7976,-8.84163
+0.798,-9.01821
+0.7985,-9.21587
+0.7987,-9.29763
+0.7993,-9.39424
+0.7996,-9.32468
+0.8,-9.44199
+0.8004,-9.63525
+0.8008,-9.62207
+0.8011,-9.8008
+0.8016,-9.82301
+0.802,-9.69738
+0.8024,-9.5651
+0.8027,-9.62763
+0.8031,-9.72008
+0.8036,-9.65406
+0.804,-9.64147
+0.8044,-9.6169
+0.8048,-9.58207
+0.8051,-9.34198
+0.8056,-9.28191
+0.806,-9.27866
+0.8064,-9.27818
+0.8067,-9.13358
+0.8071,-8.99832
+0.8076,-8.77017
+0.808,-8.56208
+0.8084,-8.64704
+0.8087,-8.62801
+0.8094,-8.69985
+0.8096,-8.62412
+0.81,-8.5664
+0.8104,-8.48368
+0.8107,-8.50457
+0.8111,-8.45146
+0.8116,-8.47814
+0.812,-8.66586
+0.8124,-8.49998
+0.8128,-8.39404
+0.8131,-8.27304
+0.8136,-8.17117
+0.814,-8.02022
+0.8144,-8.01899
+0.8148,-7.77387
+0.8151,-7.44995
+0.8156,-7.2426
+0.816,-6.87587
+0.8164,-6.73403
+0.8167,-6.47717
+0.8171,-6.33085
+0.8176,-6.15855
+0.818,-5.93345
+0.8184,-5.54828
+0.8187,-5.49703
+0.8191,-5.3721
+0.8196,-5.10003
+0.82,-4.9392
+0.8204,-4.61992
+0.8208,-4.54279
+0.8211,-4.2697
+0.8216,-4.11862
+0.822,-3.87157
+0.8224,-3.76625
+0.8228,-3.49667
+0.8231,-3.31413
+0.8236,-3.1732
+0.824,-3.01136
+0.8244,-2.7784
+0.8248,-2.45692
+0.8251,-2.26726
+0.8256,-1.9506
+0.826,-1.83499
+0.8264,-1.59804
+0.8267,-1.39703
+0.8271,-1.26878
+0.8276,-1.0551
+0.828,-0.800018
+0.8284,-0.714317
+0.8288,-0.568608
+0.8293,-0.369855
+0.8296,-0.127718
+0.83,+0.140065
+0.8304,+0.365625
+0.8308,+0.658053
+0.8311,+0.896855
+0.8316,+1.12283
+0.832,+1.23312
+0.8324,+1.46533
+0.8328,+1.66011
+0.8331,+1.78915
+0.8336,+1.83251
+0.834,+1.98512
+0.8344,+2.09791
+0.8348,+2.19066
+0.8351,+2.44352
+0.8356,+2.66011
+0.836,+2.84063
+0.8372,+2.86434
+0.8374,+3.07091
+0.8377,+3.13802
+0.838,+3.29027
+0.8384,+3.39179
+0.8389,+3.47808
+0.8392,+3.47221
+0.8397,+3.37903
+0.84,+3.24995
+0.8404,+3.29724
+0.8407,+3.51834
+0.8411,+3.44051
+0.8416,+3.54896
+0.842,+3.66581
+0.8424,+3.68292
+0.8427,+3.6968
+0.8431,+3.73332
+0.8436,+3.8183
+0.844,+4.0708
+0.8444,+4.0485
+0.8448,+3.98921
+0.8451,+3.96581
+0.8456,+4.01596
+0.846,+3.98237
+0.8464,+3.86665
+0.8467,+3.74238
+0.8471,+3.67965
+0.8476,+3.60954
+0.848,+3.35745
+0.8484,+3.37825
+0.8487,+3.20839
+0.8491,+3.04544
+0.8496,+2.78715
+0.85,+2.57323
+0.8504,+2.53629
+0.8507,+2.55193
+0.8511,+2.43037
+0.8516,+2.26406
+0.852,+2.06399
+0.8524,+1.764
+0.8527,+1.65529
+0.8531,+1.57843
+0.8536,+1.47208
+0.854,+1.28154
+0.8544,+1.06027
+0.8547,+0.735008
+0.8551,+0.495938
+0.8556,+0.202377
+0.856,-0.00562126
+0.8564,-0.21506
+0.8567,-0.545156
+0.8571,-0.703469
+0.8576,-1.03946
+0.858,-1.2458
+0.8584,-1.48806
+0.8587,-1.8361
+0.8591,-2.07446
+0.8596,-2.22117
+0.86,-2.49369
+0.8604,-2.6363
+0.8607,-2.82846
+0.8611,-3.27293
+0.8616,-3.47882
+0.862,-3.76401
+0.8624,-4.00955
+0.8627,-4.12854
+0.8631,-4.30372
+0.8636,-4.6381
+0.864,-4.88334
+0.8644,-5.29595
+0.8648,-5.51307
+0.8651,-5.6822
+0.8656,-6.03972
+0.866,-6.14169
+0.8664,-6.35156
+0.8667,-6.50611
+0.8671,-6.73219
+0.8676,-6.98035
+0.868,-7.10292
+0.8684,-7.11809
+0.8688,-7.36906
+0.8691,-7.54221
+0.8696,-7.43822
+0.87,-7.80879
+0.8704,-8.0274
+0.8707,-8.26907
+0.8711,-8.58212
+0.8716,-8.73907
+0.872,-8.86207
+0.8724,-9.15769
+0.8728,-9.24911
+0.8731,-9.36768
+0.8737,-9.63617
+0.874,-9.75373
+0.8744,-9.8377
+0.8747,-9.86534
+0.8751,-9.77856
+0.8756,-9.68569
+0.876,-9.8761
+0.8764,-9.93234
+0.877,-9.84815
+0.8773,-9.80976
+0.8778,-9.84765
+0.878,-9.80427
+0.8786,-9.83871
+0.879,-9.92958
+0.8793,-9.90652
+0.8796,-10.0359
+0.88,-10.0533
+0.8804,-9.91922
+0.8808,-9.9796
+0.8811,-9.93819
+0.8816,-9.92642
+0.882,-9.83433
+0.8824,-9.71956
+0.8827,-9.52549
+0.8831,-9.5149
+0.8836,-9.41689
+0.884,-9.2776
+0.8844,-9.18038
+0.8848,-9.03518
+0.8851,-9.0609
+0.8856,-8.91432
+0.886,-8.86405
+0.8864,-8.72109
+0.8867,-8.71342
+0.8871,-8.54261
+0.8876,-8.43583
+0.888,-8.18208
+0.8884,-8.14078
+0.8888,-8.12554
+0.8891,-7.88509
+0.8896,-7.77483
+0.89,-7.61575
+0.8904,-7.61857
+0.8908,-7.4639
+0.8911,-7.35285
+0.8916,-7.11935
+0.892,-7.01445
+0.8924,-6.84372
+0.8927,-6.54607
+0.8931,-6.36119
+0.8936,-5.96613
+0.894,-5.61382
+0.8944,-5.22627
+0.8947,-4.9319
+0.8951,-4.65651
+0.8956,-4.43566
+0.896,-4.16743
+0.8964,-3.91558
+0.8967,-3.63936
+0.8971,-3.35582
+0.8976,-3.2693
+0.898,-3.16943
+0.8984,-3.06852
+0.8988,-2.90597
+0.8991,-2.67328
+0.8996,-2.47906
+0.9,-2.29728
+0.9004,-2.07017
+0.9008,-1.98637
+0.9011,-1.89322
+0.9016,-1.73019
+0.902,-1.69827
+0.9024,-1.34114
+0.9027,-1.18348
+0.9031,-1.04945
+0.9036,-0.869351
+0.904,-0.82805
+0.9044,-0.706551
+0.9048,-0.521578
+0.9051,-0.361716
+0.9056,-0.0645788
+0.906,+0.273619
+0.9064,+0.221228
+0.9068,+0.46318
+0.9071,+0.691508
+0.9076,+0.741942
+0.908,+0.97748
+0.9084,+1.14427
+0.9088,+1.17363
+0.9092,+1.16627
+0.9096,+1.20599
+0.91,+1.30973
+0.9104,+1.46993
+0.9107,+1.62241
+0.9111,+1.53237
+0.9115,+1.63549
+0.912,+1.61976
+0.9124,+1.60837
+0.9127,+1.61518
+0.9131,+1.7717
+0.9136,+1.68055
+0.914,+1.68255
+0.9144,+1.58539
+0.9148,+1.38374
+0.9151,+1.34277
+0.9156,+1.37253
+0.916,+1.29093
+0.9164,+1.18092
+0.9168,+1.20166
+0.9171,+0.974483
+0.9175,+0.837074
+0.918,+0.691224
+0.9184,+0.658933
+0.9189,+0.614451
+0.9191,+0.434989
+0.9196,+0.231671
+0.92,+0.23476
+0.9204,+0.177105
+0.9208,-0.164555
+0.9211,-0.319674
+0.9216,-0.314878
+0.922,-0.515431
+0.9224,-0.799671
+0.9228,-1.00488
+0.9231,-1.17907
+0.9235,-1.45081
+0.924,-1.73683
+0.9244,-2.04423
+0.9248,-2.16892
+0.9251,-2.32937
+0.9256,-2.61718
+0.926,-2.86064
+0.9264,-2.98698
+0.9268,-3.3168
+0.9271,-3.57572
+0.9275,-3.82287
+0.928,-4.12042
+0.9284,-4.29977
+0.9288,-4.47335
+0.9293,-4.69522
+0.9295,-4.95463
+0.93,-5.20679
+0.9304,-5.39024
+0.9309,-5.5608
+0.9312,-5.74414
+0.9316,-5.8391
+0.932,-5.98736
+0.9324,-6.18069
+0.9328,-6.3456
+0.9331,-6.55476
+0.9335,-6.7562
+0.934,-6.90796
+0.9344,-7.31249
+0.9348,-7.49747
+0.9351,-7.60472
+0.9355,-7.77116
+0.936,-7.91587
+0.9364,-8.11558
+0.9368,-8.3327
+0.9371,-8.40294
+0.9375,-8.57656
+0.938,-8.75451
+0.9384,-8.6674
+0.9396,-8.69211
+0.9398,-8.84821
+0.9401,-8.92949
+0.9404,-9.14849
+0.9408,-9.16949
+0.9411,-9.21456
+0.9416,-9.25453
+0.942,-9.21078
+0.9424,-9.29584
+0.9428,-9.29206
+0.9431,-9.35497
+0.9435,-9.22075
+0.944,-9.22497
+0.9444,-9.06725
+0.9447,-8.93278
+0.9451,-8.84425
+0.9455,-8.90774
+0.946,-8.86654
+0.9464,-8.75976
+0.9468,-8.77464
+0.9471,-8.71143
+0.9475,-8.83041
+0.948,-8.77473
+0.9484,-8.75516
+0.9487,-8.77033
+0.9491,-8.66678
+0.9496,-8.54963
+0.95,-8.53392
+0.9504,-8.37949
+0.9508,-8.22326
+0.9511,-8.09048
+0.9516,-7.9228
+0.952,-7.79516
+0.9524,-7.6166
+0.9528,-7.42684
+0.9531,-7.38583
+0.9536,-7.27133
+0.954,-7.0192
+0.9544,-6.93089
+0.9548,-6.82479
+0.9551,-6.76221
+0.9555,-6.43742
+0.956,-6.28268
+0.9564,-6.0672
+0.9568,-5.8655
+0.9571,-5.68705
+0.9575,-5.52157
+0.958,-5.35256
+0.9584,-5.18796
+0.9589,-5.06741
+0.9591,-4.77804
+0.9595,-4.66563
+0.96,-4.52244
+0.9604,-4.44713
+0.9608,-4.24856
+0.9613,-3.94639
+0.9616,-3.71919
+0.962,-3.46252
+0.9624,-3.13485
+0.9628,-2.81958
+0.9631,-2.60973
+0.9635,-2.32167
+0.964,-2.03784
+0.9644,-1.82863
+0.9648,-1.79117
+0.9651,-1.55687
+0.9655,-1.25074
+0.966,-1.15456
+0.9664,-1.04665
+0.9668,-0.892471
+0.9671,-0.597817
+0.9675,-0.539944
+0.968,-0.340391
+0.9684,-0.0700976
+0.9688,+0.124143
+0.9691,+0.272417
+0.9696,+0.295823
+0.97,+0.593238
+0.9704,+0.814507
+0.9708,+1.07414
+0.9711,+1.21717
+0.9716,+1.36192
+0.972,+1.41886
+0.9724,+1.49299
+0.9728,+1.64361
+0.9731,+1.73355
+0.9735,+1.84603
+0.974,+1.98846
+0.9744,+2.05949
+0.9748,+2.01873
+0.9751,+1.99812
+0.9755,+2.17998
+0.976,+2.42235
+0.9764,+2.52596
+0.9768,+2.77184
+0.9771,+2.71686
+0.9775,+2.87115
+0.978,+2.72864
+0.9784,+2.80318
+0.9788,+2.91459
+0.9791,+3.01867
+0.9795,+3.03195
+0.98,+3.087
+0.9804,+3.1666
+0.9808,+3.16059
+0.9812,+3.36364
+0.9816,+3.44692
+0.982,+3.53852
+0.9824,+3.51372
+0.9828,+3.35863
+0.9831,+3.29111
+0.9835,+3.20991
+0.984,+3.02342
+0.9844,+3.13161
+0.9848,+2.97421
+0.9851,+3.03836
+0.9855,+2.90929
+0.986,+2.80055
+0.9864,+2.87923
+0.9868,+3.11175
+0.9871,+3.08697
+0.9875,+3.09711
+0.988,+3.16734
+0.9884,+3.03501
+0.9888,+3.10574
+0.9892,+2.96636
+0.9895,+3.04061
+0.99,+3.0222
+0.9904,+2.91752
+0.9908,+2.79453
+0.9911,+2.76698
+0.9915,+2.66706
+0.992,+2.63077
+0.9924,+2.43498
+0.9927,+2.27355
+0.9931,+2.09929
+0.9935,+2.04274
+0.994,+2.05699
+0.9944,+2.02654
+0.9948,+1.83424
+0.9951,+1.66406
+0.9955,+1.58687
+0.9973,+1.38207
+0.9975,+1.25137
+0.998,+1.13832
+0.9984,+1.02457
+0.9988,+0.775543
+0.9991,+0.441839
+0.9995,+0.259989
+1,+0.20835
+1.0004,+0.0268513
+1.0008,-0.109816
+1.0011,-0.128992
+1.0015,-0.146462
+1.002,-0.122195
+1.0024,-0.130209
+1.0028,-0.186606
+1.0031,-0.127929
+1.0035,-0.186867
+1.004,-0.344868
+1.0044,-0.427353
+1.0048,-0.427486
+1.0051,-0.545035
+1.0055,+13.4017
+1.006,+13.2845
+1.0064,+13.0008
+1.0068,+12.9047
+1.0071,+12.9375
+1.0075,+12.8271
+1.0081,+12.7462
+1.0084,+12.6241
+1.0088,+12.5165
+1.0091,+12.3829
+1.0095,+12.4166
+1.01,+12.2428
+1.0104,+12.2104
+1.0108,+11.996
+1.0111,+11.7777
+1.0116,+11.5031
+1.012,+11.3698
+1.0124,+11.1688
+1.0128,+10.9515
+1.0131,+10.7359
+1.0135,+10.6136
+1.014,+10.4322
+1.0144,+10.1453
+1.0148,+9.95177
+1.0151,+9.91225
+1.0155,+9.75397
+1.016,+9.48848
+1.0164,+9.28455
+1.0168,+9.05155
+1.0171,+8.74008
+1.0175,+8.52977
+1.018,+8.19925
+1.0184,+7.84764
+1.0188,+7.68461
+1.0191,+7.28162
+1.0195,+6.85345
+1.02,+6.47888
+1.0204,+6.08484
+1.0208,+5.67861
+1.0212,+5.33841
+1.0216,+4.8972
+1.0221,+4.60473
+1.0224,+4.30594
+1.0228,+3.83432
+1.0231,+3.40477
+1.0235,+3.0359
+1.024,+2.67622
+1.0244,+2.37757
+1.0248,+2.18995
+1.0251,+1.81002
+1.0255,+1.58507
+1.026,+1.17796
+1.0264,+0.927515
+1.0268,+0.496736
+1.0271,+0.277887
+1.0275,+0.0452109
+1.028,-0.235031
+1.0284,-0.575834
+1.0288,-1.00465
+1.0291,-1.24444
+1.0296,-1.66997
+1.03,-1.89983
+1.0304,-2.26125
+1.0308,-2.49431
+1.0311,-2.77175
+1.0315,-3.18896
+1.032,-3.55066
+1.0324,-3.80641
+1.0328,-4.05544
+1.0331,-4.44681
+1.0335,-4.72905
+1.034,-4.97891
+1.0344,-5.19681
+1.0348,-5.47116
+1.0351,-5.74146
+1.0355,-5.94572
+1.036,-6.17511
+1.0364,-6.56359
+1.0368,-6.75319
+1.0371,-7.03711
+1.0375,-7.29749
+1.038,-7.75215
+1.0384,-8.09024
+1.0388,-8.31934
+1.0391,-8.61296
+1.0395,-8.97525
+1.04,-9.36034
+1.0404,-9.67908
+1.0408,-10.0033
+1.042,-10.1583
+1.0422,-10.5683
+1.0424,-10.8077
+1.0428,-11.085
+1.0431,-11.4511
+1.0435,-11.843
+1.044,-11.9267
+1.0444,-11.9763
+1.0448,-12.2018
+1.0451,-12.59
+1.0455,-12.937
+1.046,-13.1114
+1.0464,-13.3446
+1.0468,-13.4688
+1.0471,-13.5749
+1.0475,-13.603
+1.048,-13.9953
+1.0484,-14.2037
+1.0488,-14.4198
+1.0491,-14.4669
+1.0495,-14.603
+1.05,-14.6597
+1.0504,-14.8511
+1.0508,-15.0954
+1.0511,-15.2438
+1.0515,-15.5665
+1.052,-15.571
+1.0525,-15.8861
+1.0528,-15.9011
+1.0531,-16.0025
+1.0535,-16.1072
+1.054,-16.2875
+1.0544,-16.3547
+1.0548,-16.4644
+1.0551,-16.5237
+1.0555,-16.4457
+1.056,-16.6595
+1.0564,-16.612
+1.0568,-16.6835
+1.0571,-16.7583
+1.0575,-16.8043
+1.058,-16.8077
+1.0584,-16.8065
+1.0588,-16.893
+1.0591,-16.9973
+1.0595,-17.1661
+1.06,-17.053
+1.0604,-17.3578
+1.0608,-17.5375
+1.0611,-17.5942
+1.0615,-17.7148
+1.062,-17.7234
+1.0624,-17.776
+1.0628,-17.7096
+1.0631,-17.7016
+1.0635,-17.6005
+1.064,-17.7096
+1.0644,-17.4679
+1.0648,-17.3472
+1.0651,-17.3158
+1.0655,-17.1556
+1.066,-17.0876
+1.0664,-16.982
+1.0668,-16.8761
+1.0671,-16.9367
+1.0675,-16.9128
+1.068,-16.8352
+1.0684,-16.7821
+1.0688,-16.6129
+1.0691,-16.4632
+1.0695,-16.4402
+1.07,-16.3302
+1.0704,-16.2943
+1.0708,-16.3016
+1.0711,-16.0957
+1.0715,-15.9475
+1.072,-15.8066
+1.0724,-15.6296
+1.0728,-15.5048
+1.0731,-15.4659
+1.0735,-15.3249
+1.074,-15.2585
+1.0744,-15.0044
+1.0748,-14.6831
+1.0751,-14.5124
+1.0755,-14.3057
+1.076,-14.1698
+1.0764,-13.962
+1.0768,-13.8236
+1.0771,-13.711
+1.0775,-13.5341
+1.078,-13.3063
+1.0784,-13.1237
+1.0788,-13.0172
+1.0791,-12.851
+1.0795,-12.7235
+1.08,-12.3506
+1.0804,-12.1338
+1.0808,-12.0667
+1.0811,-11.7377
+1.0815,-11.4463
+1.082,-11.1734
+1.0824,-10.827
+1.0828,-10.6277
+1.0831,-10.2777
+1.0835,-10.0716
+1.084,-9.96588
+1.0844,-9.7887
+1.0848,-9.52666
+1.0851,-9.34187
+1.0855,-9.11677
+1.086,-8.92326
+1.0864,-8.84441
+1.0868,-8.58237
+1.0871,-8.48251
+1.0875,-8.09999
+1.088,-7.73624
+1.0885,-7.43824
+1.0888,-7.109
+1.0891,-6.869
+1.0895,-6.74957
+1.09,-6.53445
+1.0904,-6.29224
+1.0908,-6.08848
+1.0911,-5.74942
+1.0915,-5.58627
+1.092,-5.48733
+1.0924,-5.33565
+1.0928,-5.08358
+1.0931,-4.84031
+1.0935,-4.61499
+1.094,-4.34051
+1.0944,-4.11775
+1.0948,-3.87597
+1.0951,-3.62486
+1.0955,-3.51708
+1.096,-3.20598
+1.0964,-3.00008
+1.0968,-2.81312
+1.0971,-2.616
+1.0975,-2.38103
+1.0981,-2.15119
+1.0984,-1.82924
+1.0988,-1.57269
+1.0992,-1.47816
+1.0995,-1.13004
+1.1001,-1.0006
+1.1004,-0.730151
+1.1008,-0.485444
+1.1012,-0.306787
+1.1016,-0.0190747
+1.1021,+0.108107
+1.1024,+0.128991
+1.1028,+0.259704
+1.1032,+0.6028
+1.1035,+0.770405
+1.104,+1.0772
+1.1044,+1.30574
+1.1048,+1.66039
+1.1052,+1.88216
+1.1056,+2.09961
+1.1061,+2.27324
+1.1064,+2.55316
+1.1068,+2.68038
+1.1072,+2.80404
+1.1076,+3.09833
+1.1081,+3.16764
+1.1084,+3.31504
+1.1088,+3.31506
+1.1092,+3.51921
+1.1096,+3.61678
+1.11,+3.68529
+1.1104,+3.81479
+1.1108,+4.06409
+1.1112,+4.11578
+1.1116,+4.08343
+1.1121,+4.14152
+1.1124,+4.1459
+1.1128,+4.29098
+1.1132,+4.38891
+1.1136,+4.569
+1.1141,+4.68529
+1.1144,+4.78707
+1.1148,+4.83051
+1.1152,+4.92381
+1.1156,+5.07248
+1.1161,+5.37877
+1.1164,+5.3696
+1.1168,+5.42459
+1.1172,+5.45748
+1.1176,+5.55332
+1.1181,+5.6578
+1.1184,+5.78668
+1.1188,+5.92641
+1.1192,+6.00543
+1.1195,+6.06033
+1.12,+5.83823
+1.1204,+5.97079
+1.1208,+5.93135
+1.1212,+5.92963
+1.1216,+5.87646
+1.1221,+5.93044
+1.1224,+5.82849
+1.1228,+5.78993
+1.1232,+5.77273
+1.1236,+5.82237
+1.1241,+6.118
+1.1244,+6.06754
+1.1248,+6.16391
+1.1252,+6.2734
+1.1256,+6.49685
+1.126,+6.54145
+1.1264,+6.44479
+1.1268,+6.38203
+1.1272,+6.38881
+1.1276,+6.29888
+1.1281,+6.03521
+1.1284,+6.19777
+1.1288,+6.05176
+1.1292,+5.87348
+1.1296,+5.6227
+1.1301,+5.49236
+1.1304,+5.53279
+1.1308,+5.46551
+1.1312,+5.37722
+1.1315,+5.31487
+1.1321,+5.32815
+1.1324,+5.05793
+1.1328,+5.14987
+1.1333,+5.08444
+1.1336,+5.07907
+1.1341,+5.10697
+1.1344,+5.06365
+1.1348,+5.02364
+1.1352,+4.94797
+1.1356,+4.97508
+1.1361,+4.84367
+1.1364,+4.91269
+1.1368,+4.65191
+1.1372,+4.62849
+1.1376,+4.48966
+1.1381,+4.47288
+1.1384,+4.43685
+1.1388,+4.32442
+1.1392,+4.20289
+1.1396,+3.98698
+1.1401,+3.8791
+1.1404,+3.8427
+1.1408,+3.78752
+1.1412,+3.70766
+1.1416,+3.56428
+1.142,+3.3263
+1.1424,+3.18639
+1.1428,+3.15269
+1.1432,+3.06343
+1.1444,+3.00298
+1.1446,+2.91267
+1.1448,+2.68881
+1.1452,+2.64014
+1.1456,+2.5524
+1.1461,+2.42501
+1.1464,+2.35123
+1.1468,+2.22821
+1.1472,+2.01071
+1.1476,+2.02589
+1.1481,+1.96847
+1.1484,+1.98302
+1.1488,+1.98421
+1.1492,+1.89394
+1.1496,+1.71956
+1.1501,+1.77467
+1.1504,+1.76255
+1.1508,+1.74076
+1.1512,+1.88103
+1.1516,+1.82869
+1.1521,+1.75624
+1.1524,+1.69972
+1.1528,+1.79079
+1.1532,+1.81559
+1.1536,+1.94806
+1.1541,+1.87786
+1.1544,+1.87317
+1.1548,+1.879
+1.1551,+1.80352
+1.1555,+1.82919
+1.156,+1.82939
+1.1564,+1.88263
+1.1568,+1.73755
+1.1571,+1.68963
+1.1575,+1.56721
+1.158,+1.59548
+1.1584,+1.62872
+1.1588,+1.65771
+1.1591,+1.71642
+1.1595,+1.58412
+1.16,+1.58728
+1.1604,+1.52439
+1.1608,+1.60412
+1.1611,+1.66005
+1.1615,+1.89606
+1.1619,+1.92963
+1.1624,+1.97723
+1.1628,+1.9986
+1.1631,+2.05849
+1.1637,+2.29037
+1.164,+2.48998
+1.1644,+2.59012
+1.1648,+2.63029
+1.1651,+2.70332
+1.1655,+2.66828
+1.166,+2.72682
+1.1664,+2.7088
+1.1668,+2.78909
+1.1671,+2.78939
+1.1675,+2.86366
+1.168,+2.79982
+1.1684,+2.82388
+1.1688,+2.8539
+1.1691,+2.76744
+1.1695,+2.85887
+1.1699,+2.81215
+1.1704,+3.01341
+1.1708,+3.05742
+1.1711,+3.10682
+1.1715,+3.07568
+1.172,+3.15686
+1.1724,+3.17333
+1.1728,+3.26294
+1.1731,+3.35718
+1.1735,+3.32755
+1.174,+3.45508
+1.1744,+3.32898
+1.1748,+3.30509
+1.1751,+3.24868
+1.1755,+3.28203
+1.176,+3.20786
+1.1764,+3.18988
+1.1768,+3.15012
+1.1771,+3.22468
+1.1775,+3.16987
+1.1779,+3.21907
+1.1784,+3.17765
+1.1788,+3.20106
+1.1791,+3.14888
+1.1795,+2.99606
+1.1799,+3.04591
+1.1804,+3.15054
+1.1808,+3.11595
+1.1811,+3.08473
+1.1815,+3.06641
+1.1819,+2.88038
+1.1824,+2.90192
+1.1828,+2.79751
+1.1831,+2.80464
+1.1835,+2.80623
+1.184,+2.75689
+1.1844,+2.54541
+1.1848,+2.52485
+1.1851,+2.57171
+1.1855,+2.42346
+1.1859,+2.31453
+1.1864,+2.04653
+1.1868,+2.02173
+1.1871,+1.88205
+1.1875,+1.73029
+1.1879,+1.43992
+1.1884,+1.35727
+1.1888,+1.16255
+1.1891,+0.877444
+1.1895,+0.737941
+1.1899,+0.679795
+1.1904,+0.609542
+1.1908,+0.538015
+1.1911,+0.395396
+1.1915,+0.278592
+1.1919,+0.326181
+1.1924,+0.19842
+1.1928,+0.073089
+1.1931,-0.07443
+1.1935,-0.188592
+1.194,-0.403528
+1.1944,-0.544779
+1.1948,-0.797425
+1.1952,-0.96176
+1.1955,-1.11349
+1.1959,-1.30074
+1.1964,-1.40854
+1.1968,-1.57134
+1.1972,-1.67844
+1.1975,-1.76654
+1.1979,-1.90824
+1.1984,-2.0378
+1.1988,-2.23333
+1.1991,-2.15737
+1.1995,-2.29209
+1.2,-2.51866
+1.2004,-2.78415
+1.2008,-3.11616
+1.2011,-3.39966
+1.2015,-3.63031
+1.2019,-3.85802
+1.2024,-3.98787
+1.2028,-4.17801
+1.2031,-4.64226
+1.2035,-4.8239
+1.2039,-5.00318
+1.2045,-5.16441
+1.2048,-5.21457
+1.2051,-5.34575
+1.2055,-5.51842
+1.2059,-5.72378
+1.2064,-11.5533
+1.2068,-11.8616
+1.2071,-11.9739
+1.2075,-12.2056
+1.2079,-12.4135
+1.2084,-12.591
+1.2088,-12.6926
+1.2091,-12.9258
+1.2095,-13.1462
+1.2099,-13.2875
+1.2104,-13.3716
+1.2108,-13.4227
+1.2111,-13.5309
+1.2115,-13.7359
+1.2119,-13.8683
+1.2124,-13.9491
+1.2128,-14.1609
+1.2131,-14.1878
+1.2135,-14.2417
+1.2139,-14.2765
+1.2144,-14.379
+1.2148,-14.3651
+1.2151,-14.4336
+1.2155,-14.5332
+1.2159,-14.6136
+1.2164,-14.8497
+1.2168,-14.7872
+1.2171,-15.0591
+1.2175,-15.0714
+1.2179,-15.1443
+1.2184,-15.2977
+1.2188,-15.4586
+1.2191,-15.5367
+1.2195,-15.5703
+1.2199,-15.5131
+1.2204,-15.3162
+1.2208,-15.4693
+1.2211,-15.2823
+1.2215,-15.2613
+1.2219,-15.1579
+1.2224,-15.1266
+1.2228,-15.1021
+1.2231,-14.988
+1.2235,-14.7979
+1.2239,-14.7847
+1.2244,-14.7344
+1.2248,-14.624
+1.2251,-14.5384
+1.2255,-14.4347
+1.2259,-14.3791
+1.2264,-14.0961
+1.2268,-13.9518
+1.2271,-13.8531
+1.2275,-13.7732
+1.2279,-13.6863
+1.2284,-13.7329
+1.2288,-13.5732
+1.2292,-13.4606
+1.2295,-13.3112
+1.2299,-13.0935
+1.2304,-13.0409
+1.2308,-12.7675
+1.2312,-12.6822
+1.2315,-12.5338
+1.2319,-12.3095
+1.2324,-12.0257
+1.2328,-11.7643
+1.2331,-11.5324
+1.2335,-11.4165
+1.2339,-11.2778
+1.2344,-11.0533
+1.2349,-10.9844
+1.2352,-10.6888
+1.2355,-10.4318
+1.2359,-10.2044
+1.2364,-10.022
+1.2368,-9.76436
+1.2371,-9.73455
+1.2375,-9.53329
+1.2379,-9.45605
+1.2384,-9.35112
+1.2388,-9.08628
+1.2391,-8.8828
+1.2395,-8.74201
+1.2399,-8.58607
+1.2404,-8.38164
+1.2408,-8.17774
+1.2412,-7.85371
+1.2415,-7.61746
+1.2419,-7.44047
+1.2424,-7.15296
+1.2428,-6.86
+1.2431,-6.72681
+1.2435,-6.46937
+1.2439,-6.21206
+1.2444,-5.92874
+1.2448,-5.71651
+1.2451,-5.47269
+1.2455,-5.19903
+1.2459,-4.87296
+1.2468,-4.67456
+1.247,-4.46246
+1.2472,-4.30956
+1.2475,-4.22154
+1.2479,-4.14337
+1.2484,-4.07637
+1.2488,-3.93094
+1.2491,-3.65176
+1.2495,-3.49389
+1.2499,-3.39879
+1.2504,-3.25892
+1.2508,-2.97532
+1.2511,-2.71065
+1.2515,-2.38413
+1.2519,-2.13079
+1.2524,-1.97592
+1.2528,-1.63945
+1.2531,-1.54814
+1.2535,-1.45985
+1.2539,-1.25389
+1.2544,-1.13065
+1.2548,-1.05815
+1.2553,-1.003
+1.2555,-0.793679
+1.2559,-0.518626
+1.2564,-0.225682
+1.2568,-0.190986
+1.2571,-0.0229978
+1.2575,+0.349607
+1.2579,+0.583001
+1.2584,+0.774024
+1.2588,+0.849637
+1.2591,+1.0284
+1.2595,+1.08514
+1.2599,+1.15241
+1.2604,+1.40845
+1.2608,+1.52947
+1.2611,+1.61036
+1.2615,+1.64921
+1.2619,+1.75254
+1.2624,+1.94945
+1.2628,+2.17659
+1.2631,+2.33804
+1.2635,+2.60413
+1.2639,+2.79546
+1.2644,+2.91072
+1.2648,+3.07179
+1.2651,+3.36794
+1.2655,+3.5449
+1.2659,+3.84389
+1.2664,+4.04156
+1.2668,+4.15415
+1.2671,+4.3742
+1.2675,+4.55376
+1.2679,+4.70785
+1.2684,+4.7389
+1.2688,+4.92874
+1.2691,+5.09258
+1.2695,+5.50118
+1.2699,+5.41439
+1.2704,+5.75709
+1.2708,+5.81171
+1.2711,+5.87689
+1.2715,+5.85402
+1.2719,+5.87876
+1.2724,+6.03951
+1.2728,+6.17495
+1.2731,+6.2686
+1.2735,+6.09392
+1.2739,+6.38663
+1.2744,+6.27918
+1.2748,+6.4973
+1.2751,+6.90369
+1.2755,+6.9906
+1.2759,+7.19525
+1.2764,+7.27324
+1.2768,+7.41861
+1.2771,+7.4418
+1.2775,+7.51767
+1.2779,+7.53626
+1.2784,+7.64025
+1.2788,+7.69459
+1.2791,+7.5267
+1.2795,+7.64141
+1.2799,+7.69423
+1.2804,+7.83927
+1.2808,+7.93993
+1.2811,+8.09254
+1.2815,+8.17562
+1.2819,+8.24833
+1.2824,+8.26616
+1.2828,+8.31242
+1.2832,+8.25179
+1.2835,+8.39715
+1.2839,+8.35485
+1.2844,+8.44276
+1.2848,+8.48289
+1.2853,+8.6767
+1.2856,+8.65661
+1.2859,+9.02199
+1.2864,+9.14582
+1.2868,+9.2501
+1.2871,+9.40481
+1.2875,+9.39427
+1.2879,+9.49327
+1.2884,+9.37486
+1.2888,+9.27855
+1.2891,+9.07517
+1.2895,+9.16556
+1.2899,+8.94482
+1.2904,+8.90232
+1.2908,+9.17321
+1.2912,+9.21235
+1.2915,+9.11943
+1.2919,+9.25289
+1.2924,+9.6116
+1.2928,+9.90423
+1.2931,+9.96598
+1.2935,+9.81566
+1.2939,+9.90529
+1.2944,+9.82006
+1.2948,+9.50519
+1.2951,+9.40911
+1.2955,+9.38133
+1.2959,+9.42128
+1.2964,+8.97506
+1.2968,+8.83021
+1.2971,+8.73582
+1.2976,+8.76117
+1.2979,+8.43349
+1.2984,+8.64975
+1.2988,+8.80081
+1.2991,+8.86602
+1.2995,+9.09313
+1.2999,+8.73126
+1.3004,+8.65501
+1.3008,+8.42965
+1.3011,+8.31673
+1.3015,+8.47406
+1.3019,+8.58836
+1.3023,+8.19929
+1.3028,+7.87912
+1.3032,+7.75447
+1.3035,+7.35975
+1.3039,+7.24992
+1.3044,+7.40798
+1.3048,+7.16535
+1.3051,+6.98922
+1.3055,+6.84968
+1.3059,+6.67992
+1.3064,+6.55702
+1.3068,+6.24843
+1.3072,+5.97246
+1.3075,+5.74674
+1.3079,+5.53269
+1.3085,+5.1274
+1.3089,+4.94425
+1.3092,+4.84881
+1.3095,+4.34118
+1.3099,+3.933
+1.3104,+3.74275
+1.3108,+3.57008
+1.3112,+3.43524
+1.3115,+3.19857
+1.3119,+3.18899
+1.3124,+2.95317
+1.3128,+2.90479
+1.3131,+2.64416
+1.3135,+2.50847
+1.3139,+2.4129
+1.3144,+2.03855
+1.3148,+1.90992
+1.3151,+1.59644
+1.3157,+1.37983
+1.3159,+0.933408
+1.3164,+0.669182
+1.3168,+0.415421
+1.3172,+0.196778
+1.3176,-0.0484218
+1.3179,-0.283404
+1.3184,-0.434629
+1.3188,-0.593845
+1.3192,-0.828375
+1.3195,-1.11528
+1.3199,-1.3853
+1.3204,-1.57587
+1.3208,-2.1238
+1.3211,-2.46374
+1.3215,-2.79436
+1.3219,-2.99105
+1.3224,-3.20442
+1.3228,-3.72441
+1.3231,-3.98096
+1.3235,-4.26326
+1.3239,-4.51433
+1.3244,-4.74041
+1.3248,-4.81155
+1.3251,-5.07928
+1.3255,-5.18089
+1.3259,-5.56113
+1.3264,-5.74501
+1.3268,-5.80228
+1.3272,-5.98621
+1.3275,-6.17005
+1.3279,-6.27814
+1.3284,-6.57402
+1.3288,-6.81378
+1.3292,-6.99224
+1.3295,-7.26333
+1.3299,-7.41813
+1.3304,-7.66916
+1.3308,-7.86546
+1.3311,-8.11001
+1.3315,-8.22841
+1.3319,-8.3937
+1.3324,-8.4742
+1.3328,-8.5363
+1.3331,-8.7459
+1.3335,-8.86889
+1.3339,-9.06496
+1.3343,-9.12849
+1.3348,-9.2681
+1.3351,-9.44363
+1.3355,-9.65687
+1.336,-9.77904
+1.3364,-9.92528
+1.3368,-10.0984
+1.3372,-10.1292
+1.3375,-10.2774
+1.3379,-10.3278
+1.3384,-10.4255
+1.3388,-10.4876
+1.3392,-10.4875
+1.3395,-10.4468
+1.3399,-10.4193
+1.3404,-10.4498
+1.3408,-10.4929
+1.3412,-10.5281
+1.3415,-10.5756
+1.3419,-10.7027
+1.3424,-10.7944
+1.3428,-10.9399
+1.3432,-10.9006
+1.3435,-10.9047
+1.3439,-11.0073
+1.3444,-10.9992
+1.3448,-10.9488
+1.3452,-10.8096
+1.3455,-10.8315
+1.346,-10.7305
+1.3464,-10.6799
+1.3468,-10.487
+1.3472,-10.4718
+1.3475,-10.4537
+1.3479,-10.3247
+1.3492,-10.3456
+1.3494,-10.4169
+1.3497,-10.4755
+1.3499,-10.3222
+1.3504,-10.2485
+1.3508,-10.1554
+1.3511,-10.1297
+1.3515,-9.99983
+1.3519,-9.88986
+1.3524,-9.82752
+1.3528,-9.60165
+1.3531,-9.39025
+1.3535,-9.25328
+1.3539,-9.2125
+1.3544,-9.02298
+1.3548,-8.89614
+1.3551,-8.82208
+1.3555,-8.74537
+1.3559,-8.52664
+1.3564,-8.45018
+1.3568,-8.37089
+1.3572,-8.24457
+1.3575,-8.16365
+1.3579,-7.96547
+1.3584,-7.84997
+1.3588,-7.69073
+1.3592,-7.45418
+1.3595,-7.19228
+1.3599,-7.15146
+1.3604,-7.03877
+1.3608,-6.87214
+1.3612,-6.71013
+1.3615,-6.53141
+1.3619,-6.34351
+1.3624,-6.16614
+1.3628,-5.89371
+1.3631,-5.60963
+1.3635,-5.43472
+1.3639,-5.29007
+1.3644,-5.03364
+1.3648,-4.73299
+1.3651,-4.56513
+1.3655,-4.2512
+1.3659,-4.04573
+1.3664,-3.73905
+1.3668,-3.59721
+1.3672,-3.43033
+1.3675,-3.30629
+1.3679,-3.08881
+1.3684,-2.86812
+1.3688,-2.73673
+1.3692,-2.38084
+1.3695,-2.15108
+1.3699,-1.91479
+1.3704,-1.85025
+1.3708,-1.63986
+1.3712,-1.43582
+1.3715,-1.15307
+1.3719,-0.720471
+1.3724,-0.441885
+1.3728,-0.156248
+1.3732,-0.0615749
+1.3735,+0.0958577
+1.3739,+0.251346
+1.3743,+0.422002
+1.3748,+0.690558
+1.3752,+0.825232
+1.3755,+0.99829
+1.3759,+1.05456
+1.3764,+1.14846
+1.3768,+1.4367
+1.3771,+1.61267
+1.3775,+1.93775
+1.3779,+2.18965
+1.3784,+2.55029
+1.3788,+2.6662
+1.3791,+2.93162
+1.3795,+3.16675
+1.3799,+3.40185
+1.3804,+3.77503
+1.3808,+3.87142
+1.3811,+4.15434
+1.3815,+4.14627
+1.3819,+4.3532
+1.3823,+4.44517
+1.3828,+4.6118
+1.3832,+4.67981
+1.3835,+4.88538
+1.3839,+4.953
+1.3844,+5.11252
+1.3848,+5.21296
+1.3852,+5.23818
+1.3856,+5.66149
+1.3859,+5.78801
+1.3864,+6.18987
+1.3868,+6.38969
+1.3871,+6.51797
+1.3875,+6.66241
+1.3879,+6.77273
+1.3884,+6.91738
+1.3888,+7.12445
+1.3891,+7.43657
+1.3895,+7.19835
+1.3899,+7.21208
+1.3903,+7.06198
+1.3908,+7.00382
+1.3912,+7.09883
+1.3915,+6.98721
+1.3919,+7.37479
+1.3924,+7.28042
+1.3928,+7.24356
+1.3932,+7.08417
+1.3935,+7.19828
+1.3939,+7.39742
+1.3944,+7.45183
+1.3948,+7.52989
+1.3952,+7.55888
+1.3955,+7.57662
+1.3959,+7.39062
+1.3964,+7.32079
+1.3968,+7.32996
+1.3972,+7.4586
+1.3975,+7.51282
+1.398,+7.29349
+1.3984,+7.16121
+1.3988,+7.12148
+1.3992,+6.98308
+1.3995,+6.88411
+1.3999,+6.77078
+1.4004,+6.80094
+1.4008,+6.6563
+1.4012,+6.62511
+1.4015,+6.42659
+1.4019,+6.5183
+1.4024,+6.74708
+1.4028,+6.64934
+1.4032,+6.49206
+1.4035,+6.46697
+1.4039,+6.50142
+1.4043,+6.33155
+1.4048,+6.17522
+1.4052,+6.04457
+1.4055,+5.85836
+1.4059,+5.42029
+1.4063,+5.13661
+1.4068,+5.47333
+1.4072,+5.39475
+1.4075,+5.14504
+1.4079,+4.84161
+1.4084,+4.61183
+1.4088,+4.3778
+1.4092,+3.91792
+1.4095,+3.75793
+1.4099,+3.6278
+1.4103,+3.20706
+1.4108,+3.05931
+1.4112,+2.92668
+1.4115,+2.75055
+1.4119,+2.46933
+1.4124,+2.2173
+1.4128,+1.962
+1.4132,+1.86639
+1.4135,+1.56935
+1.4139,+1.33903
+1.4143,+1.14526
+1.4148,+0.971762
+1.4152,+0.662558
+1.4155,+0.468035
+1.4159,+0.284376
+1.4164,+0.112371
+1.4168,-0.177114
+1.4172,-0.465876
+1.4176,-0.512278
+1.4179,-0.722772
+1.4184,-0.863464
+1.4188,-1.00151
+1.4192,-1.16133
+1.4195,-1.33038
+1.4199,-1.39262
+1.4204,-1.64177
+1.4208,-1.6172
+1.4212,-1.72314
+1.4216,-1.95713
+1.4219,-2.00243
+1.4223,-2.0398
+1.4228,-2.18427
+1.4232,-2.24647
+1.4235,-2.33471
+1.4239,-2.47046
+1.4243,-2.38895
+1.4248,-2.47297
+1.4252,-2.52706
+1.4255,-2.51823
+1.4259,-2.57463
+1.4263,-2.81719
+1.4268,-3.00504
+1.4272,-3.17222
+1.4275,-3.12792
+1.4279,-3.3217
+1.4284,-3.53524
+1.4288,-3.69869
+1.4292,-3.88068
+1.4295,-4.0845
+1.4299,-4.1265
+1.4303,-4.10435
+1.4308,-4.17092
+1.4312,-4.26371
+1.4315,-4.5069
+1.4319,-4.59683
+1.4324,-4.64238
+1.4328,-4.59188
+1.4332,-4.52103
+1.4335,-4.34174
+1.4339,-4.43199
+1.4344,-4.38738
+1.4348,-4.40613
+1.4352,-4.45422
+1.4355,-4.5573
+1.4359,-4.57517
+1.4363,-4.59941
+1.4368,-4.75077
+1.4372,-4.77571
+1.4376,-4.99623
+1.4379,-4.91672
+1.4394,-5.01093
+1.4396,-5.03295
+1.4399,-5.12322
+1.44,-5.12134
+1.4404,-5.10555
+1.4408,-5.0039
+1.4412,-5.04027
+1.4415,-5.15784
+1.4419,-5.06225
+1.4424,-5.20134
+1.4428,-5.27384
+1.4432,-5.34212
+1.4435,-5.17763
+1.4439,-5.14894
+1.4443,-5.08326
+1.4448,-5.18433
+1.4452,-5.02821
+1.4456,-5.07893
+1.4459,-5.06207
+1.4463,-5.09287
+1.4468,-4.99726
+1.4472,-4.82055
+1.4475,-4.9621
+1.4479,-4.8865
+1.4484,-4.8986
+1.4488,-4.89566
+1.4492,-4.84135
+1.4496,-4.71228
+1.4499,-4.68349
+1.4503,-4.55053
+1.4516,-4.50723
+1.4518,-4.39134
+1.452,-4.24127
+1.4524,-4.15041
+1.4528,-4.14996
+1.4532,-4.10122
+1.4535,-4.1272
+1.4539,-4.05641
+1.4543,-4.12897
+1.4548,-4.0617
+1.4551,-4.08305
+1.4555,-4.19556
+1.4559,-4.22094
+1.4563,-4.18254
+1.4568,-3.95592
+1.4572,-3.88596
+1.4575,-3.94756
+1.4579,-3.82456
+1.4584,-3.70602
+1.4588,-3.7402
+1.4592,-3.66046
+1.4595,-3.70717
+1.4599,-3.63581
+1.4603,-3.67355
+1.4608,-3.74947
+1.4611,-3.72834
+1.4615,-3.56907
+1.4619,-3.56645
+1.4623,-3.48777
+1.4628,-3.35758
+1.4632,-3.3092
+1.4635,-3.10672
+1.4639,-2.94876
+1.4643,-2.8474
+1.4648,-2.76342
+1.4651,-2.65502
+1.4655,-2.55896
+1.4659,-2.45671
+1.4663,-2.461
+1.4668,-2.51031
+1.4672,-2.41469
+1.4676,-2.43659
+1.4679,-2.35949
+1.4684,-2.32355
+1.4688,-2.29822
+1.4691,-2.14834
+1.4695,-2.15158
+1.4699,-2.02535
+1.4703,-1.90439
+1.4708,-1.66759
+1.4711,-1.61584
+1.4715,-1.53857
+1.4719,-1.43653
+1.4723,-1.35475
+1.4728,-1.09953
+1.4732,-1.06307
+1.4735,-0.970502
+1.4739,-0.905882
+1.4743,-0.868776
+1.4748,-0.884629
+1.4751,-0.60931
+1.4755,-0.411937
+1.4759,-0.186083
+1.4763,+0.0404406
+1.4768,+0.141901
+1.4772,+0.274843
+1.4775,+0.492965
+1.4792,+0.56604
+1.4794,+0.854977
+1.4796,+1.10982
+1.4799,+1.15199
+1.4801,+1.31167
+1.4804,+1.25509
+1.4808,+1.29499
+1.4812,+1.30174
+1.4816,+1.43894
+1.4819,+1.63633
+1.4824,+1.84515
+1.4828,+1.91361
+1.4832,+1.96879
+1.4835,+1.95801
+1.4839,+2.11819
+1.4843,+2.20621
+1.4848,+2.30094
+1.4852,+2.50093
+1.4855,+2.55997
+1.4859,+2.46737
+1.4863,+2.53642
+1.4868,+2.63821
+1.4871,+2.79363
+1.4875,+3.02011
+1.4879,+3.0144
+1.4884,+3.17617
+1.4888,+3.39286
+1.4892,+3.44106
+1.4895,+3.57336
+1.4899,+3.73745
+1.4903,+3.77977
+1.4908,+3.88034
+1.4912,+3.97677
+1.4915,+4.03051
+1.4919,+4.25074
+1.4923,+4.34755
+1.4928,+4.42343
+1.4932,+4.57785
+1.4935,+4.71731
+1.4939,+4.81827
+1.4943,+4.92857
+1.4948,+4.98636
+1.4952,+5.10067
+1.4955,+5.16328
+1.4959,+5.23825
+1.4963,+5.35717
+1.4968,+5.34232
+1.4971,+5.34061
+1.4975,+5.31856
+1.4979,+5.50514
+1.4985,+5.50215
+1.4989,+5.49509
+1.4992,+5.67463
+1.4995,+5.61577
+1.4999,+5.60764
+1.5003,+5.56163
+1.5008,+5.55476
+1.5012,+5.51194
+1.5015,+5.49783
+1.5019,+5.33734
+1.5023,+5.41586
+1.5028,+5.43232
+1.5032,+5.23776
+1.5035,+5.24053
+1.5039,+5.12216
+1.5043,+5.08491
+1.5048,+5.00011
+1.5052,+4.89312
+1.5056,+4.93684
+1.5059,+4.9835
+1.5063,+4.96412
+1.5068,+4.82237
+1.5072,+4.72132
+1.5075,+4.69459
+1.5079,+4.62005
+1.5084,+4.56648
+1.5089,+4.50332
+1.5092,+4.48485
+1.5095,+4.31055
+1.5099,+4.17955
+1.5103,+3.99317
+1.5108,+4.01953
+1.5112,+3.85861
+1.5115,+3.73719
+1.5119,+3.69633
+1.5123,+3.47304
+1.5128,+3.42944
+1.5132,+3.25324
+1.5135,+3.19082
+1.5139,+3.07884
+1.5143,+2.96848
+1.5148,+2.77793
+1.5152,+2.75842
+1.5155,+2.73291
+1.5159,+2.57199
+1.5163,+2.62541
+1.5168,+2.53801
+1.5172,+2.40238
+1.5175,+2.24905
+1.5179,+2.02559
+1.5184,+1.95713
+1.5188,+1.73782
+1.5192,+1.53605
+1.5197,+1.28334
+1.5199,+0.98992
+1.5203,+0.735906
+1.5208,+0.556879
+1.5212,+0.43271
+1.5215,+0.269863
+1.5219,+0.134585
+1.5223,-0.0268065
+1.5228,-0.090046
+1.5232,-0.177878
+1.5235,-0.292605
+1.5239,-0.278632
+1.5243,-0.462264
+1.5248,-0.571981
+1.5252,-0.565415
+1.5255,-0.719181
+1.5259,-0.850478
+1.5263,-1.08369
+1.5268,-1.21771
+1.5272,-1.38805
+1.5275,-1.65627
+1.5279,-1.81537
+1.5284,-1.88242
+1.5288,-2.10047
+1.5292,-2.34255
+1.5295,-2.45481
+1.5299,-2.45791
+1.5303,-2.63493
+1.5308,-2.75479
+1.5312,-2.83686
+1.5315,-2.76559
+1.5319,-2.82598
+1.5323,-3.02057
+1.5328,-2.95999
+1.5332,-3.03691
+1.5335,-3.18594
+1.5339,-3.41365
+1.5343,-3.41938
+1.5348,-3.40482
+1.5352,-3.5008
+1.5355,-3.73717
+1.5359,-3.85985
+1.5363,-3.91394
+1.5368,-4.08478
+1.5372,-4.28271
+1.5375,-4.40451
+1.5379,-4.51733
+1.5384,-4.70621
+1.5388,-4.87991
+1.5392,-5.10461
+1.5395,-5.06582
+1.5399,-5.30438
+1.5404,-5.42101
+1.5408,-5.56135
+1.5412,-5.58892
+1.5416,-5.60381
+1.5419,-5.64293
+1.5423,-5.55374
+1.5428,-5.61724
+1.5432,-5.5449
+1.5435,-5.71798
+1.5439,-5.6335
+1.5443,-5.758
+1.5448,-5.75315
+1.5452,-5.79566
+1.5455,-5.93695
+1.5459,-6.05063
+1.5463,-6.16577
+1.5468,-6.2499
+1.5472,-6.38553
+1.5475,-6.34603
+1.5479,-6.45329
+1.5484,-6.40007
+1.5488,-6.50369
+1.5492,-6.42571
+1.5496,-6.43735
+1.55,-6.47206
+1.5503,-6.60644
+1.5508,-6.7341
+1.5512,-6.78327
+1.5515,-6.86325
+1.5519,-6.95415
+1.5523,-7.01822
+1.5528,-7.09063
+1.554,-7.35398
+1.5543,-7.36874
+1.5546,-7.48644
+1.5548,-7.54178
+1.5552,-7.62277
+1.5555,-7.65262
+1.5559,-7.67195
+1.5563,-7.67711
+1.5568,-7.72386
+1.5572,-7.89862
+1.5575,-7.88548
+1.5579,-8.00641
+1.5584,-8.0483
+1.5588,-8.13073
+1.5592,-8.15252
+1.5595,-8.29484
+1.5599,-8.44187
+1.5603,-8.57105
+1.5608,-8.66072
+1.5612,-8.60853
+1.5615,-8.70589
+1.5619,-8.62894
+1.5623,-8.63161
+1.5628,-8.52244
+1.5632,-8.48533
+1.5635,-8.51214
+1.5639,-8.56338
+1.5643,-8.50579
+1.5648,-8.45388
+1.5652,-8.40613
+1.5655,-8.27438
+1.5659,-8.39139
+1.5663,-8.35839
+1.5668,-8.46439
+1.5672,-8.5408
+1.5675,-8.41075
+1.5679,-8.40169
+1.5684,-8.37546
+1.5688,-8.42693
+1.5692,-8.45108
+1.5695,-8.51927
+1.5699,-8.50697
+1.5703,-8.54445
+1.5708,-8.54075
+1.5712,-8.49318
+1.5715,-8.68905
+1.5719,-8.67722
+1.5723,-8.74939
+1.5728,-8.80632
+1.5732,-8.95526
+1.5735,-9.05693
+1.5739,-9.14873
+1.5743,-9.09376
+1.5748,-9.12032
+1.5752,-9.25728
+1.5755,-9.33696
+1.5759,-9.40186
+1.5763,-9.44815
+1.5768,-9.45307
+1.5772,-9.5226
+1.5775,-9.53942
+1.5779,-9.52838
+1.5784,-9.49128
+1.5788,-9.44385
+1.5792,-9.30933
+1.5795,-9.12014
+1.5799,-9.02949
+1.5804,-8.97909
+1.5808,-8.85838
+1.5812,-8.58106
+1.5815,-8.57595
+1.5819,-8.53216
+1.5823,-8.49847
+1.5828,-8.44173
+1.5832,-8.53777
+1.5835,-8.70296
+1.5839,-8.68615
+1.5843,-8.67665
+1.5848,-8.76503
+1.5852,-8.80475
+1.5855,-8.66994
+1.5859,-8.54489
+1.5863,-8.7684
+1.5868,-8.83312
+1.5872,-8.72117
+1.5875,-8.55853
+1.5879,-8.54015
+1.5884,-8.38516
+1.5888,-8.1315
+1.5892,-8.06475
+1.5895,-8.01341
+1.5899,-7.96213
+1.5903,-7.64347
+1.5909,-7.4981
+1.5912,-7.35999
+1.5915,-7.21405
+1.5919,-7.06538
+1.5923,-6.99578
+1.5928,-7.06047
+1.5932,-6.96398
+1.5935,-6.87216
+1.5939,-6.92221
+1.5943,-6.92691
+1.5948,-6.82989
+1.5952,-6.7437
+1.5955,-6.69538
+1.5959,-6.70221
+1.5963,-6.70842
+1.5968,-6.61677
+1.5972,-6.533
+1.5975,-6.47412
+1.5979,-6.30301
+1.5983,-6.22722
+1.5988,-6.22025
+1.5992,-6.23964
+1.5995,-6.12623
+1.5999,-5.92908
+1.6003,-5.72925
+1.6008,-5.5294
+1.6012,-5.44253
+1.6015,-5.34782
+1.6019,-5.2089
+1.6023,-5.05518
+1.6028,-4.83541
+1.6032,-4.58314
+1.6035,-4.47033
+1.6039,-4.4092
+1.6043,-4.39729
+1.6048,-4.31362
+1.6052,-4.33916
+1.6055,-4.12405
+1.6059,-3.99528
+1.6063,-3.93201
+1.6068,-3.825
+1.6072,-3.64093
+1.6075,-3.56299
+1.6079,-3.39247
+1.6084,+0.65671
+1.6088,+0.735102
+1.6092,+0.999146
+1.6095,+1.07265
+1.6099,+1.22444
+1.6103,+1.4853
+1.6108,+1.62117
+1.6112,+1.67579
+1.6115,+1.97413
+1.6119,+2.12197
+1.6123,+2.33712
+1.6128,+2.50385
+1.6132,+2.64749
+1.6135,+2.82451
+1.6139,+2.94877
+1.6143,+2.93527
+1.6148,+3.03768
+1.6152,+3.13763
+1.6155,+3.11925
+1.6159,+3.19903
+1.6163,+3.35231
+1.6168,+3.33704
+1.6172,+3.39522
+1.6175,+3.49509
+1.6179,+3.62716
+1.6184,+3.87736
+1.6188,+4.05903
+1.6192,+4.19383
+1.6195,+4.36588
+1.6199,+4.47264
+1.6203,+4.49568
+1.6208,+4.70328
+1.6212,+4.72948
+1.6215,+4.86261
+1.6219,+5.0261
+1.6223,+5.14735
+1.6228,+5.27422
+1.6232,+5.27683
+1.6235,+5.38338
+1.6239,+5.5169
+1.6243,+5.48343
+1.6248,+5.58475
+1.6252,+5.76006
+1.6255,+5.79287
+1.6259,+5.73512
+1.6263,+5.67934
+1.6268,+5.75868
+1.6272,+5.9274
+1.6275,+6.02629
+1.6279,+5.95941
+1.6284,+6.08588
+1.6288,+6.21123
+1.6292,+6.29083
+1.6295,+6.28039
+1.6299,+6.42828
+1.6303,+6.729
+1.6308,+6.65879
+1.6312,+6.66751
+1.6315,+6.77583
+1.6319,+6.82652
+1.6323,+6.92151
+1.6328,+6.97321
+1.6332,+7.07605
+1.6335,+7.17798
+1.6339,+7.15178
+1.6343,+6.93332
+1.6348,+6.97084
+1.6352,+6.98288
+1.6355,+7.04326
+1.6359,+7.20723
+1.6363,+7.27563
+1.6368,+7.27128
+1.6372,+7.21248
+1.6375,+7.19938
+1.6379,+7.30783
+1.6383,+7.28723
+1.6388,+7.32123
+1.6392,+7.39829
+1.6395,+7.3452
+1.6399,+7.25554
+1.6403,+7.13517
+1.6408,+7.05443
+1.6412,+7.10429
+1.6415,+7.06734
+1.6419,+6.97482
+1.6423,+7.06551
+1.6428,+6.86431
+1.6432,+6.85335
+1.6435,+6.73256
+1.6439,+6.59695
+1.6443,+6.64727
+1.6448,+6.45225
+1.6452,+6.32938
+1.6455,+6.20199
+1.6459,+6.10459
+1.6463,+5.96677
+1.6468,+5.98841
+1.6472,+5.76335
+1.6475,+5.53208
+1.6479,+5.44179
+1.6484,+5.22371
+1.6488,+5.23749
+1.6492,+5.09677
+1.6495,+5.00156
+1.6499,+4.87758
+1.6503,+4.76814
+1.6508,+4.64769
+1.6512,+4.46763
+1.6515,+4.35957
+1.6519,+4.22552
+1.6523,+3.96715
+1.6528,+3.77848
+1.6532,+3.61296
+1.6535,+3.39988
+1.6539,+3.14337
+1.6543,+2.77509
+1.6548,+2.39683
+1.6552,+2.23344
+1.6564,+1.97767
+1.6567,+1.86682
+1.6569,+1.76768
+1.6572,+1.51009
+1.6575,+1.1464
+1.6579,+1.02472
+1.6583,+0.874653
+1.6588,+0.7624
+1.6592,+0.605602
+1.6595,+0.481425
+1.6599,+0.465038
+1.6603,+0.201441
+1.6608,-0.0169137
+1.6612,-0.10425
+1.6615,-0.340079
+1.6619,-0.584638
+1.6623,-0.913046
+1.6628,-1.19419
+1.6632,-1.29194
+1.6635,-1.55086
+1.6639,-2.0104
+1.6643,-2.22059
+1.6648,-2.39607
+1.6652,-2.80658
+1.6655,-3.0139
+1.6659,-3.25513
+1.6663,-3.34513
+1.6668,-3.58388
+1.6672,-3.75366
+1.6675,-3.93791
+1.6679,-4.02689
+1.6684,-4.33802
+1.6688,-4.6097
+1.6692,-4.67775
+1.6695,-4.80587
+1.6699,-5.00676
+1.6703,-5.24325
+1.6708,-5.29626
+1.6712,-5.6219
+1.6715,-5.85058
+1.6719,-6.05462
+1.6723,-6.21761
+1.6728,-6.41025
+1.6732,-6.73908
+1.6735,-6.9192
+1.6739,-7.18905
+1.6743,-7.48453
+1.6748,-7.63622
+1.6752,-7.75247
+1.6756,-8.03736
+1.6759,-8.24963
+1.6763,-8.39012
+1.6768,-8.5037
+1.6772,-8.63502
+1.6775,-8.72384
+1.6779,-8.89009
+1.6784,-9.06134
+1.6788,-9.36762
+1.6792,-9.49789
+1.6795,-9.55909
+1.6799,-9.758
+1.6803,-9.86299
+1.6808,-10.1354
+1.6812,-10.2006
+1.6815,-10.4688
+1.6819,-10.5599
+1.6823,-10.5282
+1.6828,-10.5642
+1.6832,-10.655
+1.6835,-10.851
+1.6839,-10.8108
+1.6843,-10.8752
+1.6848,-10.8727
+1.6852,-10.9507
+1.6855,-10.9758
+1.6859,-11.1497
+1.6863,-11.2977
+1.6868,-11.4796
+1.6872,-11.7478
+1.6875,-11.8502
+1.6879,-11.9195
+1.6883,-12.0887
+1.6888,-12.1694
+1.6892,-12.3847
+1.6896,-12.3908
+1.6899,-12.3684
+1.6903,-12.4586
+1.6908,-12.429
+1.6912,-12.5035
+1.6915,-12.5294
+1.6919,-12.6002
+1.6923,-12.6074
+1.6928,-12.6321
+1.6932,-12.5789
+1.6935,-12.8657
+1.6939,-12.9193
+1.6943,-12.9386
+1.6948,-13.1545
+1.6952,-13.2141
+1.6955,-13.3591
+1.6959,-13.5063
+1.6963,-13.6484
+1.6967,-13.8411
+1.6972,-13.8726
+1.6976,-13.8561
+1.6979,-13.7752
+1.6984,-14.0435
+1.6988,-14.068
+1.6992,-13.999
+1.6995,-13.8735
+1.6999,-13.851
+1.7003,-13.8745
+1.7008,-13.8404
+1.7012,-13.8343
+1.7016,-13.7096
+1.702,-13.7813
+1.7023,-13.6942
+1.7028,-13.5489
+1.7032,-13.3966
+1.7035,-13.3759
+1.7039,-13.3627
+1.7043,-13.3395
+1.7048,-13.2342
+1.7052,-13.4111
+1.7055,-13.5653
+1.7059,-13.6014
+1.7063,-13.5944
+1.7068,-13.6179
+1.7072,-13.8082
+1.7075,-13.9125
+1.7079,-13.9682
+1.7084,-13.9394
+1.7087,-13.9865
+1.7092,-14.0203
+1.7095,-13.9945
+1.7099,-13.951
+1.7103,-13.9201
+1.7107,-13.9016
+1.7112,-13.8321
+1.7115,-13.7388
+1.7119,-13.6285
+1.7123,-13.6362
+1.7127,-13.6689
+1.7132,-13.4098
+1.7135,-13.2941
+1.7139,-13.3227
+1.7143,-13.2378
+1.7147,-13.2686
+1.7152,-13.1567
+1.7155,-13.0919
+1.7159,-13.2577
+1.7163,-13.32
+1.7167,-13.3684
+1.7172,-13.2843
+1.7176,-13.1168
+1.7179,-12.9356
+1.7184,-13.0053
+1.7188,-12.8481
+1.7192,-12.8929
+1.7195,-12.8531
+1.7199,-12.6081
+1.7203,-12.3874
+1.7207,-12.2896
+1.7212,-12.3723
+1.7215,-12.3363
+1.7219,-12.3627
+1.7223,-12.1858
+1.7228,-12.2171
+1.7232,-12.0907
+1.7235,-12.018
+1.7239,-11.9306
+1.7243,-11.9327
+1.7247,-11.8225
+1.7252,-11.6868
+1.7256,-11.779
+1.7259,-11.6745
+1.7263,-11.593
+1.7268,-11.5901
+1.7272,-11.624
+1.7275,-11.5214
+1.7279,-11.4735
+1.7284,-11.4671
+1.7287,-11.363
+1.7292,-11.2854
+1.7296,-11.0703
+1.7299,-11.0648
+1.7303,-10.9812
+1.7307,-10.8128
+1.7312,-10.6393
+1.7315,-10.6656
+1.7319,-10.5572
+1.7324,-10.4792
+1.7328,-10.3148
+1.7332,-10.2799
+1.7336,-10.2729
+1.7339,-10.137
+1.7343,-9.98918
+1.7348,-9.96261
+1.7352,-10.0731
+1.7355,-9.97849
+1.7359,-10.0394
+1.7363,-9.88646
+1.7367,-9.81429
+1.7372,-9.73682
+1.7375,-9.7412
+1.7379,-9.72796
+1.7384,-9.6167
+1.7387,-9.47897
+1.7392,-9.20245
+1.7395,-9.11981
+1.7399,-8.88868
+1.7403,-8.72505
+1.7407,-8.68215
+1.7412,-8.52526
+1.7416,-8.34906
+1.7419,-8.16882
+1.7423,-8.06415
+1.7427,-7.89758
+1.7432,-7.79215
+1.7435,-7.66708
+1.7439,-7.63914
+1.7443,-7.5595
+1.7447,-7.42345
+1.7452,-7.294
+1.7455,-7.24501
+1.7459,-7.19222
+1.7463,-7.0984
+1.7467,-7.01736
+1.7472,-6.92825
+1.7476,-6.84292
+1.7479,-6.73853
+1.7484,-6.56906
+1.7488,-6.48568
+1.7492,-6.25841
+1.7496,-5.99179
+1.7499,-5.91375
+1.7503,-5.82179
+1.7507,-5.80567
+1.7512,-5.69207
+1.7515,-5.51482
+1.7519,-5.28449
+1.7523,-5.25117
+1.7527,-5.17481
+1.7532,-5.09668
+1.7536,-4.98655
+1.7539,-4.79974
+1.7543,-4.6744
+1.7547,-4.4056
+1.7552,-4.31238
+1.7555,-4.13921
+1.7559,-4.17072
+1.7563,-4.07709
+1.7567,-3.81379
+1.7572,-3.90733
+1.7575,-3.82188
+1.7579,-3.75047
+1.7588,-3.70659
+1.759,-3.64186
+1.7592,-3.45846
+1.7595,-3.39899
+1.7599,-3.29729
+1.7603,-3.24866
+1.7607,-3.2845
+1.7612,-3.06607
+1.7615,-3.01188
+1.7619,-2.9467
+1.7623,-2.78155
+1.7628,-2.67659
+1.7632,-2.60568
+1.7635,-2.54229
+1.7639,-2.36926
+1.7643,-2.11058
+1.7647,-1.93637
+1.7652,-1.82517
+1.7656,-1.66165
+1.7659,-1.53783
+1.7663,-1.49621
+1.7667,-1.40808
+1.7672,-1.35924
+1.7675,-1.25622
+1.7679,-1.27231
+1.7684,-1.22663
+1.7687,-1.23323
+1.7692,-1.20749
+1.7696,-1.1383
+1.7699,-0.961787
+1.7703,-0.893992
+1.7707,-0.805659
+1.7712,-0.700358
+1.7715,-0.564093
+1.7719,-0.364857
+1.7723,-0.199629
+1.7727,-0.0250497
+1.7733,+0.021793
+1.7736,+0.0401722
+1.7739,+0.142402
+1.7743,+0.273069
+1.7747,+0.325166
+1.7752,+0.357644
+1.7755,+0.492472
+1.7759,+0.584184
+1.7763,+0.549229
+1.7767,+0.561734
+1.7772,+0.689261
+1.7776,+0.730402
+1.7779,+0.754856
+1.7784,+0.7739
+1.7787,+0.948557
+1.7792,+1.04631
+1.7795,+1.016
+1.7799,+0.99571
+1.7803,+1.07798
+1.7807,+1.11551
+1.7812,+1.11666
+1.7815,+1.28383
+1.7819,+1.28573
+1.7823,+1.40365
+1.7827,+1.37431
+1.7832,+1.48444
+1.7835,+1.52107
+1.7839,+1.62137
+1.7843,+1.6744
+1.7847,+1.90514
+1.7852,+1.94743
+1.7855,+2.01807
+1.7859,+2.15253
+1.7863,+2.29966
+1.7867,+2.32846
+1.7872,+2.33346
+1.7875,+2.48733
+1.7879,+2.51567
+1.7884,+2.59911
+1.7887,+2.51836
+1.7892,+2.62805
+1.7895,+2.57754
+1.7899,+2.52404
+1.7903,+2.45312
+1.7907,+2.49099
+1.7912,+2.5859
+1.7915,+2.43358
+1.7919,+2.49023
+1.7923,+2.44885
+1.7927,+2.44926
+1.7932,+2.40288
+1.7935,+2.37155
+1.7939,+2.38675
+1.7943,+2.24704
+1.7947,+2.22852
+1.7952,+2.11028
+1.7955,+2.09264
+1.7959,+2.03419
+1.7963,+2.08684
+1.7967,+2.02908
+1.7972,+1.94755
+1.7975,+2.09834
+1.7979,+2.01682
+1.7983,+2.083
+1.7988,+2.10439
+1.7992,+2.12201
+1.7995,+2.2614
+1.7999,+2.34878
+1.8003,+2.32009
+1.8007,+2.3965
+1.8012,+2.54751
+1.8016,+2.40329
+1.8019,+2.49393
+1.8023,+2.5291
+1.8027,+2.49801
+1.8032,+2.47007
+1.8037,+2.40167
+1.8039,+2.30321
+1.8043,+2.17242
+1.8047,+2.09618
+1.8052,+1.99363
+1.8056,+2.06099
+1.8059,+2.06728
+1.8063,+1.98776
+1.8067,+1.92667
+1.8072,+1.86164
+1.8075,+1.82941
+1.8079,+1.7882
+1.8083,+1.84265
+1.8088,-8.37454
+1.8092,-8.61249
+1.8096,-8.72156
+1.8099,-8.7427
+1.8103,-8.86675
+1.8107,-8.90547
+1.8112,-9.13486
+1.8115,-9.12439
+1.8119,-9.28071
+1.8123,-8.90261
+1.8127,-9.00889
+1.8132,-8.8258
+1.8136,-8.78215
+1.8139,-8.68255
+1.8143,-8.74609
+1.8147,-8.58711
+1.8152,-8.42358
+1.8155,-8.46128
+1.8159,-8.37268
+1.8163,-8.40977
+1.8167,-8.39309
+1.8172,-8.61721
+1.8175,-8.62278
+1.8179,-8.6482
+1.8183,-8.4919
+1.8188,-8.60743
+1.8192,-8.66187
+1.8195,-8.60809
+1.8199,-8.44985
+1.8203,-8.43212
+1.8207,-8.27705
+1.8212,-8.07753
+1.8216,-8.12439
+1.8219,-8.10162
+1.8223,-8.02435
+1.8227,-7.9136
+1.8232,-7.84045
+1.8235,-7.85818
+1.8239,-7.90676
+1.8243,-7.90641
+1.8247,-8.0625
+1.8252,-7.99568
+1.8255,-7.95109
+1.8259,-7.83819
+1.8263,-7.79593
+1.8267,-7.87516
+1.8272,-7.80472
+1.8275,-7.72388
+1.8279,-7.74809
+1.8283,-7.60959
+1.8288,-7.46567
+1.8292,-7.30183
+1.8296,-7.16513
+1.8299,-7.15772
+1.8303,-7.17548
+1.8307,-7.02084
+1.8312,-6.92722
+1.8315,-6.9093
+1.8319,-6.72728
+1.8323,-6.80109
+1.8327,-6.75809
+1.8332,-6.80276
+1.8336,-6.82429
+1.8339,-6.74246
+1.8343,-6.63664
+1.8347,-6.62962
+1.8352,-6.55072
+1.8355,-6.47908
+1.8359,-6.52905
+1.8363,-6.35696
+1.8367,-6.22561
+1.8372,-6.15884
+1.8376,-6.22367
+1.8379,-6.17953
+1.8383,-6.13975
+1.8388,-6.12778
+1.8392,-6.16969
+1.8395,-6.11709
+1.8399,-5.96972
+1.8403,-5.92226
+1.8407,-5.90811
+1.8412,-5.79553
+1.8416,-5.48173
+1.8419,-5.37518
+1.8423,-5.25193
+1.8427,-5.07812
+1.8432,-5.01485
+1.8435,-4.93595
+1.8439,-4.92649
+1.8443,-4.87664
+1.8447,-4.82422
+1.8452,-4.89224
+1.8456,-4.79087
+1.8459,-4.83481
+1.8463,-4.71187
+1.8467,-4.66837
+1.8472,-4.4859
+1.8476,-4.44361
+1.8479,-4.33006
+1.8483,-4.45456
+1.8487,-4.32116
+1.8492,-4.10681
+1.8496,-4.13685
+1.8499,-4.20916
+1.8503,-4.19605
+1.8507,-4.14806
+1.8512,-4.14171
+1.8515,-3.9834
+1.8519,-4.03288
+1.8523,-3.69012
+1.8527,-3.64594
+1.8532,-3.51251
+1.8536,-3.30365
+1.8539,-2.89839
+1.8543,-2.89321
+1.8547,-2.74224
+1.8552,-2.62197
+1.8555,-2.54754
+1.8559,-2.22377
+1.8563,-2.21767
+1.8567,-2.14886
+1.8572,-2.02019
+1.8576,-2.08614
+1.8579,-2.10266
+1.8583,-1.95501
+1.8588,-1.90281
+1.8592,-1.83498
+1.8595,-1.70755
+1.8599,-1.7298
+1.8603,-1.66201
+1.8612,-1.5518
+1.8614,-1.69304
+1.8616,-1.59076
+1.8619,-1.52782
+1.8623,-1.67945
+1.8627,-1.57126
+1.8632,-1.47181
+1.8635,-1.38984
+1.8639,-1.27558
+1.8646,-1.12203
+1.8648,-1.00702
+1.8652,-0.771861
+1.8655,-0.619602
+1.8659,-0.543616
+1.8663,-0.20943
+1.8667,-0.165649
+1.8672,-0.0833967
+1.8675,-0.305422
+1.8679,-0.307653
+1.8683,-0.238795
+1.8688,-0.181437
+1.8692,-0.102088
+1.8696,-0.0588459
+1.8699,+0.0613059
+1.8703,+0.0995417
+1.8707,+0.265036
+1.8712,+0.261826
+1.8715,+0.664904
+1.8719,+0.849628
+1.8723,+1.08717
+1.8727,+1.26886
+1.8732,+1.41013
+1.8736,+1.47336
+1.8739,+1.58966
+1.8743,+1.67536
+1.8747,+1.52898
+1.8752,+1.71141
+1.8755,+1.77256
+1.8759,+1.90211
+1.8763,+1.86677
+1.8767,+1.8697
+1.8772,+1.72455
+1.8776,+1.78564
+1.8779,+1.87838
+1.8783,+1.79618
+1.8788,+2.00358
+1.8792,+2.0677
+1.8797,+2.04103
+1.8802,+2.06105
+1.8805,+2.18631
+1.8809,+2.26747
+1.8813,+2.60883
+1.8816,+2.81092
+1.8819,+2.72876
+1.8823,+2.90815
+1.8827,+2.9825
+1.8832,+3.08968
+1.8835,+3.29679
+1.8839,+3.33913
+1.8843,+3.31072
+1.8849,+3.25437
+1.8852,+3.31194
+1.8855,+3.28808
+1.8859,+3.51685
+1.8863,+3.67323
+1.8867,+3.78244
+1.8872,+3.78123
+1.8876,+3.82118
+1.8879,+3.95228
+1.8883,+4.05361
+1.8888,+4.33814
+1.8892,+4.3221
+1.8896,+4.45843
+1.8899,+4.47611
+1.8903,+4.5892
+1.8907,+4.72467
+1.8912,+4.73286
+1.8915,+4.86096
+1.8919,+4.9725
+1.8923,+4.98468
+1.8927,+4.94473
+1.8932,+4.98055
+1.8936,+5.13448
+1.8939,+5.25721
+1.8943,+5.28499
+1.8947,+5.35164
+1.8952,+5.47858
+1.8956,+5.60254
+1.8959,+5.57622
+1.8963,+5.73184
+1.8967,+5.816
+1.8972,+6.04543
+1.8976,+6.0632
+1.8979,+6.09836
+1.8983,+6.2001
+1.8988,+6.25421
+1.8992,+6.31861
+1.8996,+6.15408
+1.8999,+6.26275
+1.9003,+6.34585
+1.9007,+6.40387
+1.9012,+6.39793
+1.9016,+6.45844
+1.9019,+6.59694
+1.9023,+6.6072
+1.9027,+6.69093
+1.9032,+6.77313
+1.9036,+6.99794
+1.9039,+7.14369
+1.9043,+7.27249
+1.9048,+7.36295
+1.9052,+7.3106
+1.9056,+7.46236
+1.9059,+7.49293
+1.9063,+7.60467
+1.9067,+7.7267
+1.9072,+7.82968
+1.9075,+7.93133
+1.9079,+8.02634
+1.9083,+8.08505
+1.9088,+8.046
+1.9092,+8.30672
+1.9096,+8.18551
+1.9099,+8.17447
+1.9103,+8.2688
+1.9107,+8.19425
+1.9112,+8.43779
+1.9116,+8.56627
+1.9119,+8.56688
+1.9123,+8.61441
+1.9127,+8.80741
+1.9132,+8.74046
+1.9136,+8.93382
+1.9139,+9.09177
+1.9143,+9.05472
+1.9147,+9.15742
+1.9152,+9.09285
+1.9155,+9.07692
+1.9159,+9.14937
+1.9163,+9.12776
+1.9167,+9.20578
+1.9172,+9.32629
+1.9176,+9.3254
+1.9179,+9.3622
+1.9183,+9.42998
+1.9188,+9.53147
+1.9192,+9.55168
+1.9196,+9.63594
+1.9199,+9.70929
+1.9203,+9.77281
+1.9207,+9.85911
+1.9212,+9.95037
+1.9216,+10.0238
+1.9219,+10.0734
+1.9223,+10.3138
+1.9227,+10.3484
+1.9232,+10.4356
+1.9236,+10.4189
+1.9239,+10.4301
+1.9243,+10.55
+1.9247,+10.649
+1.9252,+10.7386
+1.9256,+10.8288
+1.9259,+10.9168
+1.9263,+10.9662
+1.9267,+11.0363
+1.9272,+11.0886
+1.9276,+11.1691
+1.9279,+11.2384
+1.9283,+11.3133
+1.9288,+11.2985
+1.9292,+11.2531
+1.9296,+11.3372
+1.9299,+11.3208
+1.9303,+11.2523
+1.9307,+11.266
+1.9312,+11.3021
+1.9316,+11.4299
+1.9319,+11.313
+1.9323,+11.3673
+1.9327,+11.3984
+1.9332,+11.5254
+1.9336,+11.5375
+1.9339,+11.7066
+1.9343,+11.8366
+1.9347,+11.984
+1.9352,+12.1036
+1.9355,+12.0805
+1.9359,+12.3446
+1.9363,+12.391
+1.9367,+12.4325
+1.9372,+12.4866
+1.9376,+12.5674
+1.9379,+12.5926
+1.9383,+12.5352
+1.9388,+12.5407
+1.9392,+12.4879
+1.9396,+12.6526
+1.9399,+12.567
+1.9403,+12.5487
+1.9407,+12.6767
+1.9411,+12.7149
+1.9416,+12.7665
+1.9419,+12.8681
+1.9423,+13.0305
+1.9427,+13.0745
+1.9432,+13.1971
+1.9435,+13.1777
+1.9439,+13.3106
+1.9443,+13.3451
+1.9447,+13.3931
+1.9451,+13.4375
+1.9457,+13.5561
+1.9459,+13.455
+1.9463,+13.4435
+1.9467,+13.5167
+1.9471,+13.5113
+1.9476,+13.4343
+1.9479,+13.594
+1.9483,+13.7503
+1.9488,+13.8385
+1.9492,+13.8251
+1.9496,+13.7496
+1.9499,+13.8296
+1.9503,+13.8728
+1.9507,+13.8959
+1.9511,+13.9388
+1.9515,+14.0502
+1.9519,+13.9997
+1.9523,+13.9804
+1.9527,+13.9345
+1.953,+14.0827
+1.9536,+14.1304
+1.9539,+14.262
+1.9543,+14.3589
+1.9547,+14.4353
+1.9551,+14.521
+1.9556,+14.5758
+1.9559,+14.5171
+1.9563,+14.5636
+1.9567,+14.5979
+1.9572,+14.6354
+1.9576,+14.654
+1.9579,+14.648
+1.9583,+14.6649
+1.9587,+14.5965
+1.9592,+14.5563
+1.9596,+14.562
+1.9599,+14.7183
+1.9603,+14.6898
+1.9607,+14.7295
+1.9612,+14.7407
+1.9616,+14.7893
+1.9619,+14.8603
+1.9623,+14.8431
+1.9627,+14.9293
+1.9636,+15.0624
+1.9638,+15.0365
+1.964,+15.0276
+1.9643,+15.131
+1.9647,+14.9531
+1.9651,+14.8898
+1.9656,+14.9841
+1.9659,+14.9199
+1.9663,+14.8778
+1.9667,+15.0058
+1.9672,+14.9304
+1.9676,+15.0629
+1.9679,+15.0913
+1.9683,+15.0385
+1.9687,+15.2298
+1.9692,+15.3284
+1.9696,+15.3416
+1.9699,+15.3764
+1.9703,+15.3963
+1.9707,+15.344
+1.971,+15.3168
+1.9716,+15.2726
+1.9719,+15.2516
+1.9723,+15.3446
+1.9727,+15.4276
+1.9731,+15.3901
+1.9736,+15.3217
+1.9739,+15.3607
+1.9743,+15.4685
+1.9747,+15.4861
+1.9751,+15.6717
+1.9756,+15.7192
+1.9761,+15.7975
+1.9763,+15.7572
+1.9767,+15.7703
+1.9772,+15.7588
+1.9776,+15.8157
+1.9779,+15.8092
+1.9783,+15.8031
+1.9787,+15.8308
+1.9791,+15.7354
+1.9796,+15.6211
+1.9799,+15.5853
+1.9803,+15.5591
+1.9807,+15.5187
+1.9811,+15.5652
+1.9816,+15.514
+1.9819,+15.4249
+1.9823,+15.3898
+1.9827,+15.2811
+1.9831,+15.258
+1.9836,+15.2996
+1.9839,+15.2777
+1.9843,+15.3117
+1.9847,+15.4501
+1.9851,+15.4299
+1.9856,+15.5054
+1.9859,+15.5181
+1.9863,+15.5757
+1.9867,+15.5919
+1.9871,+15.6345
+1.9876,+15.7838
+1.9879,+15.8759
+1.9883,+15.8369
+1.9887,+15.7392
+1.9891,+15.7541
+1.9896,+15.6853
+1.9899,+15.661
+1.9903,+15.6214
+1.9907,+15.7119
+1.9911,+15.6673
+1.9916,+15.4962
+1.9919,+15.4706
+1.9923,+15.5299
+1.9927,+15.4795
+1.9931,+15.4999
+1.9936,+15.4747
+1.9939,+15.5523
+1.9943,+15.4769
+1.9947,+15.3547
+1.9951,+15.3107
+1.9956,+15.4144
+1.9959,+15.3657
+1.9963,+15.3481
+1.9967,+15.3232
+1.9971,+15.3303
+1.9976,+15.4037
+1.9979,+15.4574
+1.9983,+15.4554
+1.9988,+13.9613
+1.9991,+12.479
+1.9996,+10.8964
+2,+9.33084
